CORES 1,0,4,0,4;-1,0,4,2,2;2,1,3,4,0;-2,3,1,0,4;1,4,0,2,2;-1,4,0,4,0 | im | -1,0,4,0,2;-2,0,4,2,0;-2,4,0,0,2;-1,4,0,2,0 | re || LEAF 5 || STEP 0 3 8 | 24,0,4,0,1,3;-24,0,4,0,3,1;-8,1,3,0,0,4;-16,1,3,0,2,2;-8,1,3,0,4,0;-48,2,2,0,1,3;48,2,2,0,3,1;-8,3,1,0,0,4;112,3,1,0,2,2;-8,3,1,0,4,0;-8,4,0,0,1,3;8,4,0,0,3,1 | 1,0,0,0,0,2;1,0,0,0,2,0;-1,0,0,2,0,0 | 24,0,4,0,1,1;-8,1,3,0,0,2;-8,1,3,0,2,0;-8,1,3,2,0,0;-48,2,2,0,1,1;-8,3,1,0,0,2;120,3,1,0,2,0;-8,3,1,2,0,0;-8,4,0,0,1,1 | -6,0,4,0,3,1;3,0,4,2,1,1;-1,1,3,4,0,0;12,2,2,0,3,1;-6,2,2,2,1,1;-16,3,1,0,4,0;16,3,1,2,2,0;-1,3,1,4,0,0;2,4,0,0,3,1;-1,4,0,2,1,1 ## STEP 0 2 1 | 1,0,0,0,0,2;1,0,0,0,2,0;-1,0,0,2,0,0 | -6,0,4,0,3,1;3,0,4,2,1,1;-1,1,3,4,0,0;12,2,2,0,3,1;-6,2,2,2,1,1;-16,3,1,0,4,0;16,3,1,2,2,0;-1,3,1,4,0,0;2,4,0,0,3,1;-1,4,0,2,1,1 | -6,0,4,0,3,1;3,0,4,2,1,1;1,1,3,4,0,0;12,2,2,0,3,1;-6,2,2,2,1,1;16,3,1,0,4,0;-16,3,1,2,2,0;1,3,1,4,0,0;2,4,0,0,3,1;-1,4,0,2,1,1 | 36,0,8,0,8,0;-72,0,8,2,6,0;45,0,8,4,4,0;-9,0,8,6,2,0;-144,2,6,0,8,0;288,2,6,2,6,0;-180,2,6,4,4,0;36,2,6,6,2,0;1,2,6,8,0,0;120,4,4,0,8,0;-240,4,4,2,6,0;182,4,4,4,4,0;-62,4,4,6,2,0;2,4,4,8,0,0;304,6,2,0,8,0;-608,6,2,2,6,0;348,6,2,4,4,0;-44,6,2,6,2,0;1,6,2,8,0,0;4,8,0,0,8,0;-8,8,0,2,6,0;5,8,0,4,4,0;-1,8,0,6,2,0 ## STEP 0 1 2 | 6,0,4,0,0,2;-6,0,4,0,2,0;16,1,3,0,1,1;-36,2,2,0,0,2;36,2,2,0,2,0;-16,3,1,0,1,1;6,4,0,0,0,2;-6,4,0,0,2,0 | 1,0,0,0,0,2;1,0,0,0,2,0;-1,0,0,2,0,0 | 6,0,4,0,0,0;-36,2,2,0,0,0;6,4,0,0,0,0 | -6,0,4,0,2,0;3,0,4,2,0,0;8,1,3,0,1,1;36,2,2,0,2,0;-18,2,2,2,0,0;-8,3,1,0,1,1;-6,4,0,0,2,0;3,4,0,2,0,0 ## STEP 0 2 1 | 1,0,0,0,0,2;1,0,0,0,2,0;-1,0,0,2,0,0 | -6,0,4,0,2,0;3,0,4,2,0,0;8,1,3,0,1,1;36,2,2,0,2,0;-18,2,2,2,0,0;-8,3,1,0,1,1;-6,4,0,0,2,0;3,4,0,2,0,0 | 6,0,4,0,2,0;-3,0,4,2,0,0;8,1,3,0,1,1;-36,2,2,0,2,0;18,2,2,2,0,0;-8,3,1,0,1,1;6,4,0,0,2,0;-3,4,0,2,0,0 | 36,0,8,0,4,0;-36,0,8,2,2,0;9,0,8,4,0,0;-368,2,6,0,4,0;368,2,6,2,2,0;-108,2,6,4,0,0;1240,4,4,0,4,0;-1240,4,4,2,2,0;342,4,4,4,0,0;-368,6,2,0,4,0;368,6,2,2,2,0;-108,6,2,4,0,0;36,8,0,0,4,0;-36,8,0,2,2,0;9,8,0,4,0,0 ## STEP 1 3 64 | 36,0,8,0,8,0;-72,0,8,2,6,0;45,0,8,4,4,0;-9,0,8,6,2,0;-144,2,6,0,8,0;288,2,6,2,6,0;-180,2,6,4,4,0;36,2,6,6,2,0;1,2,6,8,0,0;120,4,4,0,8,0;-240,4,4,2,6,0;182,4,4,4,4,0;-62,4,4,6,2,0;2,4,4,8,0,0;304,6,2,0,8,0;-608,6,2,2,6,0;348,6,2,4,4,0;-44,6,2,6,2,0;1,6,2,8,0,0;4,8,0,0,8,0;-8,8,0,2,6,0;5,8,0,4,4,0;-1,8,0,6,2,0 | 36,0,8,0,4,0;-36,0,8,2,2,0;9,0,8,4,0,0;-368,2,6,0,4,0;368,2,6,2,2,0;-108,2,6,4,0,0;1240,4,4,0,4,0;-1240,4,4,2,2,0;342,4,4,4,0,0;-368,6,2,0,4,0;368,6,2,2,2,0;-108,6,2,4,0,0;36,8,0,0,4,0;-36,8,0,2,2,0;9,8,0,4,0,0 | 46656,0,24,0,4,0;-46656,0,24,2,2,0;-1140480,2,22,0,4,0;1140480,2,22,2,2,0;20736,2,22,4,0,0;12060288,4,20,0,4,0;-12060288,4,20,2,2,0;-294912,4,20,4,0,0;-68951808,6,18,0,4,0;68951808,6,18,2,2,0;1352448,6,18,4,0,0;219347904,8,16,0,4,0;-219347904,8,16,2,2,0;880640,8,16,4,0,0;-339090944,10,14,0,4,0;339090944,10,14,2,2,0;-26949120,10,14,4,0,0;76051200,12,12,0,4,0;-76051200,12,12,2,2,0;86700032,12,12,4,0,0;400792064,14,10,0,4,0;-400792064,14,10,2,2,0;-98621952,14,10,4,0,0;-247426624,16,8,0,4,0;247426624,16,8,2,2,0;45895680,16,8,4,0,0;61187328,18,6,0,4,0;-61187328,18,6,2,2,0;-9980672,18,6,4,0,0;-7000448,20,4,0,4,0;7000448,20,4,2,2,0;1036288,20,4,4,0,0;288000,22,2,0,4,0;-288000,22,2,2,2,0;-39168,22,2,4,0,0;5184,24,0,0,4,0;-5184,24,0,2,2,0 | -2187,2,30,8,0,0;55566,4,28,8,0,0;-538785,6,26,8,0,0;2013580,8,24,8,0,0;4095149,10,22,8,0,0;-70985678,12,20,8,0,0;301658575,14,18,8,0,0;-650387800,16,16,8,0,0;752137879,18,14,8,0,0;-451794542,20,12,8,0,0;152953205,22,10,8,0,0;-30655988,24,8,8,0,0;3621447,26,6,8,0,0;-232722,28,4,8,0,0;6237,30,2,8,0,0 || END -2187,2,30,8,0,0;55566,4,28,8,0,0;-538785,6,26,8,0,0;2013580,8,24,8,0,0;4095149,10,22,8,0,0;-70985678,12,20,8,0,0;301658575,14,18,8,0,0;-650387800,16,16,8,0,0;752137879,18,14,8,0,0;-451794542,20,12,8,0,0;152953205,22,10,8,0,0;-30655988,24,8,8,0,0;3621447,26,6,8,0,0;-232722,28,4,8,0,0;6237,30,2,8,0,0
CORES -1,0,4,0,2;-1,0,4,2,0;-2,2,2,1,1;-1,4,0,0,2;-1,4,0,2,0 | re | 1,0,2,0,4;1,0,2,4,0;-2,1,1,2,2;1,2,0,0,4;1,2,0,4,0 | re || LEAF 3 || STEP 0 1 2 | 2,0,4,0,0,2;-6,0,4,0,2,0;-28,2,2,0,0,2;20,2,2,0,2,0;2,4,0,0,0,2;-6,4,0,0,2,0 | 1,0,0,0,0,2;1,0,0,0,2,0;-1,0,0,2,0,0 | 2,0,4,0,0,0;-28,2,2,0,0,0;2,4,0,0,0,0 | -4,0,4,0,2,0;1,0,4,2,0,0;24,2,2,0,2,0;-14,2,2,2,0,0;-4,4,0,0,2,0;1,4,0,2,0,0 ## STEP 0 2 2 | -6,0,2,0,0,4;20,0,2,0,2,2;-6,0,2,0,4,0;2,2,0,0,0,4;-28,2,0,0,2,2;2,2,0,0,4,0 | 1,0,0,0,0,2;1,0,0,0,2,0;-1,0,0,2,0,0 | -6,0,2,0,0,2;26,0,2,0,2,0;-6,0,2,2,0,0;2,2,0,0,0,2;-30,2,0,0,2,0;2,2,0,2,0,0 | -16,0,2,0,4,0;16,0,2,2,2,0;-3,0,2,4,0,0;16,2,0,0,4,0;-16,2,0,2,2,0;1,2,0,4,0,0 ## STEP 1 2 32 | -16,0,2,0,4,0;16,0,2,2,2,0;-3,0,2,4,0,0;16,2,0,0,4,0;-16,2,0,2,2,0;1,2,0,4,0,0 | -4,0,4,0,2,0;1,0,4,2,0,0;24,2,2,0,2,0;-14,2,2,2,0,0;-4,4,0,0,2,0;1,4,0,2,0,0 | 64,0,6,0,2,0;-48,0,6,2,0,0;-448,2,4,0,2,0;208,2,4,2,0,0;448,4,2,0,2,0;-208,4,2,2,0,0;-64,6,0,0,2,0;48,6,0,2,0,0 | -9,2,8,4,0,0;36,4,6,4,0,0;-62,6,4,4,0,0;20,8,2,4,0,0;-1,10,0,4,0,0 || END -9,2,8,4,0,0;36,4,6,4,0,0;-62,6,4,4,0,0;20,8,2,4,0,0;-1,10,0,4,0,0
CORES 1,0,4,0,4;1,0,4,2,2;2,1,3,0,4;-2,3,1,4,0;-1,4,0,2,2;-1,4,0,4,0 | im | -1,0,4,0,2;2,0,4,2,0;-2,4,0,0,2;1,4,0,2,0 | im || LEAF 5 || STEP 0 3 8 | -8,0,4,0,1,3;8,0,4,0,3,1;8,1,3,0,0,4;16,1,3,0,2,2;8,1,3,0,4,0;-48,2,2,0,1,3;48,2,2,0,3,1;-24,3,1,0,0,4;80,3,1,0,2,2;-24,3,1,0,4,0;24,4,0,0,1,3;-24,4,0,0,3,1 | 1,0,0,0,0,2;1,0,0,0,2,0;-1,0,0,2,0,0 | -8,0,4,0,1,1;8,1,3,0,0,2;8,1,3,0,2,0;8,1,3,2,0,0;-48,2,2,0,1,1;-24,3,1,0,0,2;104,3,1,0,2,0;-24,3,1,2,0,0;24,4,0,0,1,1 | 2,0,4,0,3,1;-1,0,4,2,1,1;1,1,3,4,0,0;12,2,2,0,3,1;-6,2,2,2,1,1;-16,3,1,0,4,0;16,3,1,2,2,0;-3,3,1,4,0,0;-6,4,0,0,3,1;3,4,0,2,1,1 ## STEP 0 2 1 | 1,0,0,0,0,2;1,0,0,0,2,0;-1,0,0,2,0,0 | 2,0,4,0,3,1;-1,0,4,2,1,1;1,1,3,4,0,0;12,2,2,0,3,1;-6,2,2,2,1,1;-16,3,1,0,4,0;16,3,1,2,2,0;-3,3,1,4,0,0;-6,4,0,0,3,1;3,4,0,2,1,1 | 2,0,4,0,3,1;-1,0,4,2,1,1;-1,1,3,4,0,0;12,2,2,0,3,1;-6,2,2,2,1,1;16,3,1,0,4,0;-16,3,1,2,2,0;3,3,1,4,0,0;-6,4,0,0,3,1;3,4,0,2,1,1 | 4,0,8,0,8,0;-8,0,8,2,6,0;5,0,8,4,4,0;-1,0,8,6,2,0;48,2,6,0,8,0;-96,2,6,2,6,0;60,2,6,4,4,0;-12,2,6,6,2,0;1,2,6,8,0,0;120,4,4,0,8,0;-240,4,4,2,6,0;118,4,4,4,4,0;2,4,4,6,2,0;-6,4,4,8,0,0;112,6,2,0,8,0;-224,6,2,2,6,0;172,6,2,4,4,0;-60,6,2,6,2,0;9,6,2,8,0,0;36,8,0,0,8,0;-72,8,0,2,6,0;45,8,0,4,4,0;-9,8,0,6,2,0 ## STEP 0 1 4 | 12,0,4,0,1,1;-8,1,3,0,0,2;8,1,3,0,2,0;-72,2,2,0,1,1;8,3,1,0,0,2;-8,3,1,0,2,0;12,4,0,0,1,1 | 1,0,0,0,0,2;1,0,0,0,2,0;-1,0,0,2,0,0 | -8,1,3,0,0,0;8,3,1,0,0,0 | 3,0,4,0,1,1;4,1,3,0,2,0;-2,1,3,2,0,0;-18,2,2,0,1,1;-4,3,1,0,2,0;2,3,1,2,0,0;3,4,0,0,1,1 ## STEP 0 2 1 | 1,0,0,0,0,2;1,0,0,0,2,0;-1,0,0,2,0,0 | 3,0,4,0,1,1;4,1,3,0,2,0;-2,1,3,2,0,0;-18,2,2,0,1,1;-4,3,1,0,2,0;2,3,1,2,0,0;3,4,0,0,1,1 | 3,0,4,0,1,1;-4,1,3,0,2,0;2,1,3,2,0,0;-18,2,2,0,1,1;4,3,1,0,2,0;-2,3,1,2,0,0;3,4,0,0,1,1 | 9,0,8,0,4,0;-9,0,8,2,2,0;-92,2,6,0,4,0;92,2,6,2,2,0;4,2,6,4,0,0;310,4,4,0,4,0;-310,4,4,2,2,0;-8,4,4,4,0,0;-92,6,2,0,4,0;92,6,2,2,2,0;4,6,2,4,0,0;9,8,0,0,4,0;-9,8,0,2,2,0 ## STEP 1 3 1 | 4,0,8,0,8,0;-8,0,8,2,6,0;5,0,8,4,4,0;-1,0,8,6,2,0;48,2,6,0,8,0;-96,2,6,2,6,0;60,2,6,4,4,0;-12,2,6,6,2,0;1,2,6,8,0,0;120,4,4,0,8,0;-240,4,4,2,6,0;118,4,4,4,4,0;2,4,4,6,2,0;-6,4,4,8,0,0;112,6,2,0,8,0;-224,6,2,2,6,0;172,6,2,4,4,0;-60,6,2,6,2,0;9,6,2,8,0,0;36,8,0,0,8,0;-72,8,0,2,6,0;45,8,0,4,4,0;-9,8,0,6,2,0 | 9,0,8,0,4,0;-9,0,8,2,2,0;-92,2,6,0,4,0;92,2,6,2,2,0;4,2,6,4,0,0;310,4,4,0,4,0;-310,4,4,2,2,0;-8,4,4,4,0,0;-92,6,2,0,4,0;92,6,2,2,2,0;4,6,2,4,0,0;9,8,0,0,4,0;-9,8,0,2,2,0 | 324,0,24,0,4,0;-324,0,24,2,2,0;81,0,24,4,0,0;-2736,2,22,0,4,0;2736,2,22,2,2,0;-828,2,22,4,0,0;-13592,4,20,0,4,0;13592,4,20,2,2,0;-5958,4,20,4,0,0;249680,6,18,0,4,0;-249680,6,18,2,2,0;126756,6,18,4,0,0;-861924,8,16,0,4,0;861924,8,16,2,2,0;-752825,8,16,4,0,0;-331872,10,14,0,4,0;331872,10,14,2,2,0;2197576,10,14,4,0,0;4753200,12,12,0,4,0;-4753200,12,12,2,2,0;-4230452,12,12,4,0,0;4188192,14,10,0,4,0;-4188192,14,10,2,2,0;6614696,14,10,4,0,0;-892996,16,8,0,4,0;892996,16,8,2,2,0;-2609425,16,8,4,0,0;-734960,18,6,0,4,0;734960,18,6,2,2,0;291188,18,6,4,0,0;329832,20,4,0,4,0;-329832,20,4,2,2,0;38682,20,4,4,0,0;-50544,22,2,0,4,0;50544,22,2,2,2,0;-11340,22,2,4,0,0;2916,24,0,0,4,0;-2916,24,0,2,2,0;729,24,0,4,0,0 | 405,2,30,8,0,0;-22770,4,28,8,0,0;461439,6,26,8,0,0;-4916852,8,24,8,0,0;31756109,10,22,8,0,0;-132387278,12,20,8,0,0;364651375,14,18,8,0,0;-650387800,16,16,8,0,0;689145079,18,14,8,0,0;-390392942,20,12,8,0,0;125292245,22,10,8,0,0;-23725556,24,8,8,0,0;2621223,26,6,8,0,0;-154386,28,4,8,0,0;3645,30,2,8,0,0 || END 405,2,30,8,0,0;-22770,4,28,8,0,0;461439,6,26,8,0,0;-4916852,8,24,8,0,0;31756109,10,22,8,0,0;-132387278,12,20,8,0,0;364651375,14,18,8,0,0;-650387800,16,16,8,0,0;689145079,18,14,8,0,0;-390392942,20,12,8,0,0;125292245,22,10,8,0,0;-23725556,24,8,8,0,0;2621223,26,6,8,0,0;-154386,28,4,8,0,0;3645,30,2,8,0,0
CORES 2,0,4,0,2;-1,0,4,2,0;1,4,0,0,2;-2,4,0,2,0 | im | -1,0,4,2,2;-1,0,4,4,0;2,1,3,0,4;-2,3,1,4,0;1,4,0,0,4;1,4,0,2,2 | im || LEAF 5 || STEP 0 1 4 | -12,0,4,0,1,1;-8,1,3,0,0,2;8,1,3,0,2,0;72,2,2,0,1,1;8,3,1,0,0,2;-8,3,1,0,2,0;-12,4,0,0,1,1 | 1,0,0,0,0,2;1,0,0,0,2,0;-1,0,0,2,0,0 | -8,1,3,0,0,0;8,3,1,0,0,0 | -3,0,4,0,1,1;4,1,3,0,2,0;-2,1,3,2,0,0;18,2,2,0,1,1;-4,3,1,0,2,0;2,3,1,2,0,0;-3,4,0,0,1,1 ## STEP 0 2 1 | 1,0,0,0,0,2;1,0,0,0,2,0;-1,0,0,2,0,0 | -3,0,4,0,1,1;4,1,3,0,2,0;-2,1,3,2,0,0;18,2,2,0,1,1;-4,3,1,0,2,0;2,3,1,2,0,0;-3,4,0,0,1,1 | -3,0,4,0,1,1;-4,1,3,0,2,0;2,1,3,2,0,0;18,2,2,0,1,1;4,3,1,0,2,0;-2,3,1,2,0,0;-3,4,0,0,1,1 | 9,0,8,0,4,0;-9,0,8,2,2,0;-92,2,6,0,4,0;92,2,6,2,2,0;4,2,6,4,0,0;310,4,4,0,4,0;-310,4,4,2,2,0;-8,4,4,4,0,0;-92,6,2,0,4,0;92,6,2,2,2,0;4,6,2,4,0,0;9,8,0,0,4,0;-9,8,0,2,2,0 ## STEP 0 3 8 | -8,0,4,0,1,3;8,0,4,0,3,1;-24,1,3,0,0,4;80,1,3,0,2,2;-24,1,3,0,4,0;-48,2,2,0,1,3;48,2,2,0,3,1;8,3,1,0,0,4;16,3,1,0,2,2;8,3,1,0,4,0;24,4,0,0,1,3;-24,4,0,0,3,1 | 1,0,0,0,0,2;1,0,0,0,2,0;-1,0,0,2,0,0 | -8,0,4,0,1,1;-24,1,3,0,0,2;104,1,3,0,2,0;-24,1,3,2,0,0;-48,2,2,0,1,1;8,3,1,0,0,2;8,3,1,0,2,0;8,3,1,2,0,0;24,4,0,0,1,1 | 2,0,4,0,3,1;-1,0,4,2,1,1;-16,1,3,0,4,0;16,1,3,2,2,0;-3,1,3,4,0,0;12,2,2,0,3,1;-6,2,2,2,1,1;1,3,1,4,0,0;-6,4,0,0,3,1;3,4,0,2,1,1 ## STEP 0 2 1 | 1,0,0,0,0,2;1,0,0,0,2,0;-1,0,0,2,0,0 | 2,0,4,0,3,1;-1,0,4,2,1,1;-16,1,3,0,4,0;16,1,3,2,2,0;-3,1,3,4,0,0;12,2,2,0,3,1;-6,2,2,2,1,1;1,3,1,4,0,0;-6,4,0,0,3,1;3,4,0,2,1,1 | 2,0,4,0,3,1;-1,0,4,2,1,1;16,1,3,0,4,0;-16,1,3,2,2,0;3,1,3,4,0,0;12,2,2,0,3,1;-6,2,2,2,1,1;-1,3,1,4,0,0;-6,4,0,0,3,1;3,4,0,2,1,1 | 4,0,8,0,8,0;-8,0,8,2,6,0;5,0,8,4,4,0;-1,0,8,6,2,0;304,2,6,0,8,0;-608,2,6,2,6,0;412,2,6,4,4,0;-108,2,6,6,2,0;9,2,6,8,0,0;120,4,4,0,8,0;-240,4,4,2,6,0;118,4,4,4,4,0;2,4,4,6,2,0;-6,4,4,8,0,0;-144,6,2,0,8,0;288,6,2,2,6,0;-180,6,2,4,4,0;36,6,2,6,2,0;1,6,2,8,0,0;36,8,0,0,8,0;-72,8,0,2,6,0;45,8,0,4,4,0;-9,8,0,6,2,0 ## STEP 1 3 1 | 4,0,8,0,8,0;-8,0,8,2,6,0;5,0,8,4,4,0;-1,0,8,6,2,0;304,2,6,0,8,0;-608,2,6,2,6,0;412,2,6,4,4,0;-108,2,6,6,2,0;9,2,6,8,0,0;120,4,4,0,8,0;-240,4,4,2,6,0;118,4,4,4,4,0;2,4,4,6,2,0;-6,4,4,8,0,0;-144,6,2,0,8,0;288,6,2,2,6,0;-180,6,2,4,4,0;36,6,2,6,2,0;1,6,2,8,0,0;36,8,0,0,8,0;-72,8,0,2,6,0;45,8,0,4,4,0;-9,8,0,6,2,0 | 9,0,8,0,4,0;-9,0,8,2,2,0;-92,2,6,0,4,0;92,2,6,2,2,0;4,2,6,4,0,0;310,4,4,0,4,0;-310,4,4,2,2,0;-8,4,4,4,0,0;-92,6,2,0,4,0;92,6,2,2,2,0;4,6,2,4,0,0;9,8,0,0,4,0;-9,8,0,2,2,0 | 324,0,24,0,4,0;-324,0,24,2,2,0;81,0,24,4,0,0;18000,2,22,0,4,0;-18000,2,22,2,2,0;6948,2,22,4,0,0;-437528,4,20,0,4,0;437528,4,20,2,2,0;-174150,4,20,4,0,0;3824208,6,18,0,4,0;-3824208,6,18,2,2,0;1579844,6,18,4,0,0;-15464164,8,16,0,4,0;15464164,8,16,2,2,0;-6734521,8,16,4,0,0;25049504,10,14,0,4,0;-25049504,10,14,2,2,0;12426248,10,14,4,0,0;4753200,12,12,0,4,0;-4753200,12,12,2,2,0;-4230452,12,12,4,0,0;-21193184,14,10,0,4,0;21193184,14,10,2,2,0;-3613976,14,10,4,0,0;13709244,16,8,0,4,0;-13709244,16,8,2,2,0;3372271,16,8,4,0,0;-4309488,18,6,0,4,0;4309488,18,6,2,2,0;-1161900,18,6,4,0,0;753768,20,4,0,4,0;-753768,20,4,2,2,0;206874,20,4,4,0,0;-71280,22,2,0,4,0;71280,22,2,2,2,0;-19116,22,2,4,0,0;2916,24,0,0,4,0;-2916,24,0,2,2,0;729,24,0,4,0,0 | 6237,2,30,8,0,0;-232722,4,28,8,0,0;3621447,6,26,8,0,0;-30655988,8,24,8,0,0;152953205,10,22,8,0,0;-451794542,12,20,8,0,0;752137879,14,18,8,0,0;-650387800,16,16,8,0,0;301658575,18,14,8,0,0;-70985678,20,12,8,0,0;4095149,22,10,8,0,0;2013580,24,8,8,0,0;-538785,26,6,8,0,0;55566,28,4,8,0,0;-2187,30,2,8,0,0 || END 6237,2,30,8,0,0;-232722,4,28,8,0,0;3621447,6,26,8,0,0;-30655988,8,24,8,0,0;152953205,10,22,8,0,0;-451794542,12,20,8,0,0;752137879,14,18,8,0,0;-650387800,16,16,8,0,0;301658575,18,14,8,0,0;-70985678,20,12,8,0,0;4095149,22,10,8,0,0;2013580,24,8,8,0,0;-538785,26,6,8,0,0;55566,28,4,8,0,0;-2187,30,2,8,0,0
CORES 1,0,4,0,2;1,0,4,2,0;-2,2,2,1,1;1,4,0,0,2;1,4,0,2,0 | re | 1,0,4,0,4;1,0,4,4,0;2,2,2,0,4;-2,2,2,4,0;-1,4,0,0,4;-1,4,0,4,0 | im || LEAF 4 || STEP 0 1 2 | -6,0,4,0,0,2;2,0,4,0,2,0;20,2,2,0,0,2;-28,2,2,0,2,0;-6,4,0,0,0,2;2,4,0,0,2,0 | 1,0,0,0,0,2;1,0,0,0,2,0;-1,0,0,2,0,0 | -6,0,4,0,0,0;20,2,2,0,0,0;-6,4,0,0,0,0 | 4,0,4,0,2,0;-3,0,4,2,0,0;-24,2,2,0,2,0;10,2,2,2,0,0;4,4,0,0,2,0;-3,4,0,2,0,0 ## STEP 0 3 16 | 16,0,4,0,1,3;-16,0,4,0,3,1;16,1,3,0,0,4;-96,1,3,0,2,2;16,1,3,0,4,0;32,2,2,0,1,3;-32,2,2,0,3,1;-16,3,1,0,0,4;96,3,1,0,2,2;-16,3,1,0,4,0;16,4,0,0,1,3;-16,4,0,0,3,1 | 1,0,0,0,0,2;1,0,0,0,2,0;-1,0,0,2,0,0 | 16,0,4,0,1,1;16,1,3,0,0,2;-112,1,3,0,2,0;16,1,3,2,0,0;32,2,2,0,1,1;-16,3,1,0,0,2;112,3,1,0,2,0;-16,3,1,2,0,0;16,4,0,0,1,1 | -2,0,4,0,3,1;1,0,4,2,1,1;8,1,3,0,4,0;-8,1,3,2,2,0;1,1,3,4,0,0;-4,2,2,0,3,1;2,2,2,2,1,1;-8,3,1,0,4,0;8,3,1,2,2,0;-1,3,1,4,0,0;-2,4,0,0,3,1;1,4,0,2,1,1 ## STEP 0 2 1 | 1,0,0,0,0,2;1,0,0,0,2,0;-1,0,0,2,0,0 | -2,0,4,0,3,1;1,0,4,2,1,1;8,1,3,0,4,0;-8,1,3,2,2,0;1,1,3,4,0,0;-4,2,2,0,3,1;2,2,2,2,1,1;-8,3,1,0,4,0;8,3,1,2,2,0;-1,3,1,4,0,0;-2,4,0,0,3,1;1,4,0,2,1,1 | -2,0,4,0,3,1;1,0,4,2,1,1;-8,1,3,0,4,0;8,1,3,2,2,0;-1,1,3,4,0,0;-4,2,2,0,3,1;2,2,2,2,1,1;8,3,1,0,4,0;-8,3,1,2,2,0;1,3,1,4,0,0;-2,4,0,0,3,1;1,4,0,2,1,1 | 4,0,8,0,8,0;-8,0,8,2,6,0;5,0,8,4,4,0;-1,0,8,6,2,0;80,2,6,0,8,0;-160,2,6,2,6,0;100,2,6,4,4,0;-20,2,6,6,2,0;1,2,6,8,0,0;-104,4,4,0,8,0;208,4,4,2,6,0;-130,4,4,4,4,0;26,4,4,6,2,0;-2,4,4,8,0,0;80,6,2,0,8,0;-160,6,2,2,6,0;100,6,2,4,4,0;-20,6,2,6,2,0;1,6,2,8,0,0;4,8,0,0,8,0;-8,8,0,2,6,0;5,8,0,4,4,0;-1,8,0,6,2,0 ## STEP 1 4 4 | 4,0,8,0,8,0;-8,0,8,2,6,0;5,0,8,4,4,0;-1,0,8,6,2,0;80,2,6,0,8,0;-160,2,6,2,6,0;100,2,6,4,4,0;-20,2,6,6,2,0;1,2,6,8,0,0;-104,4,4,0,8,0;208,4,4,2,6,0;-130,4,4,4,4,0;26,4,4,6,2,0;-2,4,4,8,0,0;80,6,2,0,8,0;-160,6,2,2,6,0;100,6,2,4,4,0;-20,6,2,6,2,0;1,6,2,8,0,0;4,8,0,0,8,0;-8,8,0,2,6,0;5,8,0,4,4,0;-1,8,0,6,2,0 | 4,0,4,0,2,0;-3,0,4,2,0,0;-24,2,2,0,2,0;10,2,2,2,0,0;4,4,0,0,2,0;-3,4,0,2,0,0 | 256,0,20,0,6,0;-320,0,20,2,4,0;80,0,20,4,2,0;-4,0,20,6,0,0;512,2,18,0,6,0;-128,2,18,2,4,0;-96,2,18,4,2,0;-40,2,18,6,0,0;-70400,4,16,0,6,0;92096,4,16,2,4,0;-23024,4,16,4,2,0;1100,4,16,6,0,0;628736,6,14,0,6,0;-902656,6,14,2,4,0;269184,6,14,4,2,0;3104,6,14,6,0,0;-2092544,8,12,0,6,0;3168640,8,12,2,4,0;-1078880,8,12,4,2,0;1976,8,12,6,0,0;2804736,10,10,0,6,0;-4256512,10,10,2,4,0;1452480,10,10,4,2,0;16,10,10,6,0,0;-2092544,12,8,0,6,0;3168640,12,8,2,4,0;-1078880,12,8,4,2,0;1976,12,8,6,0,0;628736,14,6,0,6,0;-902656,14,6,2,4,0;269184,14,6,4,2,0;3104,14,6,6,0,0;-70400,16,4,0,6,0;92096,16,4,2,4,0;-23024,16,4,4,2,0;1100,16,4,6,0,0;512,18,2,0,6,0;-128,18,2,2,4,0;-96,18,2,4,2,0;-40,18,2,6,0,0;256,20,0,0,6,0;-320,20,0,2,4,0;80,20,0,4,2,0;-4,20,0,6,0,0 | -3,0,24,8,0,0;44,2,22,8,0,0;-742,4,20,8,0,0;16764,6,18,8,0,0;-95053,8,16,8,0,0;242264,10,14,8,0,0;-338836,12,12,8,0,0;242264,14,10,8,0,0;-95053,16,8,8,0,0;16764,18,6,8,0,0;-742,20,4,8,0,0;44,22,2,8,0,0;-3,24,0,8,0,0 || END -3,0,24,8,0,0;44,2,22,8,0,0;-742,4,20,8,0,0;16764,6,18,8,0,0;-95053,8,16,8,0,0;242264,10,14,8,0,0;-338836,12,12,8,0,0;242264,14,10,8,0,0;-95053,16,8,8,0,0;16764,18,6,8,0,0;-742,20,4,8,0,0;44,22,2,8,0,0;-3,24,0,8,0,0
CORES -1,0,4,0,1;2,0,4,1,0;-2,4,0,0,1;1,4,0,1,0 | im | 1,0,4,0,2;1,0,4,1,1;2,1,3,0,2;-2,3,1,2,0;-1,4,0,1,1;-1,4,0,2,0 | im || LEAF 4 || STEP 0 2 4 | 1,0,0,0,0,2;1,0,0,0,2,0;-1,0,0,2,0,0 | 6,0,4,0,0,1;8,1,3,0,1,0;-36,2,2,0,0,1;-8,3,1,0,1,0;6,4,0,0,0,1 | 6,0,4,0,0,1;-8,1,3,0,1,0;-36,2,2,0,0,1;8,3,1,0,1,0;6,4,0,0,0,1 | 9,0,8,0,2,0;-9,0,8,2,0,0;-92,2,6,0,2,0;108,2,6,2,0,0;310,4,4,0,2,0;-342,4,4,2,0,0;-92,6,2,0,2,0;108,6,2,2,0,0;9,8,0,0,2,0;-9,8,0,2,0,0 ## STEP 0 1 4 | 4,0,4,0,1,1;8,1,3,0,0,2;8,1,3,0,2,0;24,2,2,0,1,1;8,3,1,0,0,2;-24,3,1,0,2,0;-12,4,0,0,1,1 | 1,0,0,0,0,2;1,0,0,0,2,0;-1,0,0,2,0,0 | 8,1,3,0,0,0;8,3,1,0,0,0 | 1,0,4,0,1,1;2,1,3,2,0,0;6,2,2,0,1,1;-8,3,1,0,2,0;2,3,1,2,0,0;-3,4,0,0,1,1 ## STEP 0 2 1 | 1,0,0,0,0,2;1,0,0,0,2,0;-1,0,0,2,0,0 | 1,0,4,0,1,1;2,1,3,2,0,0;6,2,2,0,1,1;-8,3,1,0,2,0;2,3,1,2,0,0;-3,4,0,0,1,1 | 1,0,4,0,1,1;-2,1,3,2,0,0;6,2,2,0,1,1;8,3,1,0,2,0;-2,3,1,2,0,0;-3,4,0,0,1,1 | 1,0,8,0,4,0;-1,0,8,2,2,0;12,2,6,0,4,0;-12,2,6,2,2,0;4,2,6,4,0,0;30,4,4,0,4,0;-62,4,4,2,2,0;8,4,4,4,0,0;28,6,2,0,4,0;4,6,2,2,2,0;4,6,2,4,0,0;9,8,0,0,4,0;-9,8,0,2,2,0 ## STEP 1 2 4 | 1,0,8,0,4,0;-1,0,8,2,2,0;12,2,6,0,4,0;-12,2,6,2,2,0;4,2,6,4,0,0;30,4,4,0,4,0;-62,4,4,2,2,0;8,4,4,4,0,0;28,6,2,0,4,0;4,6,2,2,2,0;4,6,2,4,0,0;9,8,0,0,4,0;-9,8,0,2,2,0 | 9,0,8,0,2,0;-9,0,8,2,0,0;-92,2,6,0,2,0;108,2,6,2,0,0;310,4,4,0,2,0;-342,4,4,2,0,0;-92,6,2,0,2,0;108,6,2,2,0,0;9,8,0,0,2,0;-9,8,0,2,0,0 | 9,0,16,0,2,0;16,2,14,0,2,0;-16,2,14,2,0,0;-524,4,12,0,2,0;-448,4,12,2,0,0;1120,6,10,0,2,0;3120,6,10,2,0,0;5710,8,8,0,2,0;-12544,8,8,2,0,0;5200,10,6,0,2,0;13136,10,6,2,0,0;484,12,4,0,2,0;-3392,12,4,2,0,0;-576,14,2,0,2,0;144,14,2,2,0,0;81,16,0,0,2,0 | 45,2,22,4,0,0;-2070,4,20,4,0,0;28561,6,18,4,0,0;-182600,8,16,4,0,0;656906,10,14,4,0,0;-1411076,12,12,4,0,0;1570586,14,10,4,0,0;-709064,16,8,4,0,0;144265,18,6,4,0,0;-13014,20,4,4,0,0;405,22,2,4,0,0 || END 45,2,22,4,0,0;-2070,4,20,4,0,0;28561,6,18,4,0,0;-182600,8,16,4,0,0;656906,10,14,4,0,0;-1411076,12,12,4,0,0;1570586,14,10,4,0,0;-709064,16,8,4,0,0;144265,18,6,4,0,0;-13014,20,4,4,0,0;405,22,2,4,0,0
CORES 2,0,4,0,2;1,0,4,2,0;1,4,0,0,2;2,4,0,2,0 | re | 1,0,4,2,2;-1,0,4,4,0;2,1,3,4,0;-2,3,1,0,4;1,4,0,0,4;-1,4,0,2,2 | im || LEAF 5 || STEP 0 1 2 | -6,0,4,0,0,2;6,0,4,0,2,0;16,1,3,0,1,1;36,2,2,0,0,2;-36,2,2,0,2,0;-16,3,1,0,1,1;-6,4,0,0,0,2;6,4,0,0,2,0 | 1,0,0,0,0,2;1,0,0,0,2,0;-1,0,0,2,0,0 | -6,0,4,0,0,0;36,2,2,0,0,0;-6,4,0,0,0,0 | 6,0,4,0,2,0;-3,0,4,2,0,0;8,1,3,0,1,1;-36,2,2,0,2,0;18,2,2,2,0,0;-8,3,1,0,1,1;6,4,0,0,2,0;-3,4,0,2,0,0 ## STEP 0 2 1 | 1,0,0,0,0,2;1,0,0,0,2,0;-1,0,0,2,0,0 | 6,0,4,0,2,0;-3,0,4,2,0,0;8,1,3,0,1,1;-36,2,2,0,2,0;18,2,2,2,0,0;-8,3,1,0,1,1;6,4,0,0,2,0;-3,4,0,2,0,0 | -6,0,4,0,2,0;3,0,4,2,0,0;8,1,3,0,1,1;36,2,2,0,2,0;-18,2,2,2,0,0;-8,3,1,0,1,1;-6,4,0,0,2,0;3,4,0,2,0,0 | 36,0,8,0,4,0;-36,0,8,2,2,0;9,0,8,4,0,0;-368,2,6,0,4,0;368,2,6,2,2,0;-108,2,6,4,0,0;1240,4,4,0,4,0;-1240,4,4,2,2,0;342,4,4,4,0,0;-368,6,2,0,4,0;368,6,2,2,2,0;-108,6,2,4,0,0;36,8,0,0,4,0;-36,8,0,2,2,0;9,8,0,4,0,0 ## STEP 0 3 8 | 24,0,4,0,1,3;-24,0,4,0,3,1;-8,1,3,0,0,4;112,1,3,0,2,2;-8,1,3,0,4,0;-48,2,2,0,1,3;48,2,2,0,3,1;-8,3,1,0,0,4;-16,3,1,0,2,2;-8,3,1,0,4,0;-8,4,0,0,1,3;8,4,0,0,3,1 | 1,0,0,0,0,2;1,0,0,0,2,0;-1,0,0,2,0,0 | 24,0,4,0,1,1;-8,1,3,0,0,2;120,1,3,0,2,0;-8,1,3,2,0,0;-48,2,2,0,1,1;-8,3,1,0,0,2;-8,3,1,0,2,0;-8,3,1,2,0,0;-8,4,0,0,1,1 | -6,0,4,0,3,1;3,0,4,2,1,1;-16,1,3,0,4,0;16,1,3,2,2,0;-1,1,3,4,0,0;12,2,2,0,3,1;-6,2,2,2,1,1;-1,3,1,4,0,0;2,4,0,0,3,1;-1,4,0,2,1,1 ## STEP 0 2 1 | 1,0,0,0,0,2;1,0,0,0,2,0;-1,0,0,2,0,0 | -6,0,4,0,3,1;3,0,4,2,1,1;-16,1,3,0,4,0;16,1,3,2,2,0;-1,1,3,4,0,0;12,2,2,0,3,1;-6,2,2,2,1,1;-1,3,1,4,0,0;2,4,0,0,3,1;-1,4,0,2,1,1 | -6,0,4,0,3,1;3,0,4,2,1,1;16,1,3,0,4,0;-16,1,3,2,2,0;1,1,3,4,0,0;12,2,2,0,3,1;-6,2,2,2,1,1;1,3,1,4,0,0;2,4,0,0,3,1;-1,4,0,2,1,1 | 36,0,8,0,8,0;-72,0,8,2,6,0;45,0,8,4,4,0;-9,0,8,6,2,0;112,2,6,0,8,0;-224,2,6,2,6,0;108,2,6,4,4,0;4,2,6,6,2,0;1,2,6,8,0,0;120,4,4,0,8,0;-240,4,4,2,6,0;182,4,4,4,4,0;-62,4,4,6,2,0;2,4,4,8,0,0;48,6,2,0,8,0;-96,6,2,2,6,0;60,6,2,4,4,0;-12,6,2,6,2,0;1,6,2,8,0,0;4,8,0,0,8,0;-8,8,0,2,6,0;5,8,0,4,4,0;-1,8,0,6,2,0 ## STEP 1 3 64 | 36,0,8,0,8,0;-72,0,8,2,6,0;45,0,8,4,4,0;-9,0,8,6,2,0;112,2,6,0,8,0;-224,2,6,2,6,0;108,2,6,4,4,0;4,2,6,6,2,0;1,2,6,8,0,0;120,4,4,0,8,0;-240,4,4,2,6,0;182,4,4,4,4,0;-62,4,4,6,2,0;2,4,4,8,0,0;48,6,2,0,8,0;-96,6,2,2,6,0;60,6,2,4,4,0;-12,6,2,6,2,0;1,6,2,8,0,0;4,8,0,0,8,0;-8,8,0,2,6,0;5,8,0,4,4,0;-1,8,0,6,2,0 | 36,0,8,0,4,0;-36,0,8,2,2,0;9,0,8,4,0,0;-368,2,6,0,4,0;368,2,6,2,2,0;-108,2,6,4,0,0;1240,4,4,0,4,0;-1240,4,4,2,2,0;342,4,4,4,0,0;-368,6,2,0,4,0;368,6,2,2,2,0;-108,6,2,4,0,0;36,8,0,0,4,0;-36,8,0,2,2,0;9,8,0,4,0,0 | 46656,0,24,0,4,0;-46656,0,24,2,2,0;-808704,2,22,0,4,0;808704,2,22,2,2,0;-20736,2,22,4,0,0;5277312,4,20,0,4,0;-5277312,4,20,2,2,0;700416,4,20,4,0,0;-11759360,6,18,0,4,0;11759360,6,18,2,2,0;-7598848,6,18,4,0,0;-14287936,8,16,0,4,0;14287936,8,16,2,2,0;38178816,8,16,4,0,0;67011072,10,14,0,4,0;-67011072,10,14,2,2,0;-89082368,10,14,4,0,0;76051200,12,12,0,4,0;-76051200,12,12,2,2,0;86700032,12,12,4,0,0;-5309952,14,10,0,4,0;5309952,14,10,2,2,0;-36488704,14,10,4,0,0;-13790784,16,8,0,4,0;13790784,16,8,2,2,0;8597504,16,8,4,0,0;3994880,18,6,0,4,0;-3994880,18,6,2,2,0;-1029376,18,6,4,0,0;-217472,20,4,0,4,0;217472,20,4,2,2,0;40960,20,4,4,0,0;-43776,22,2,0,4,0;43776,22,2,2,2,0;2304,22,2,4,0,0;5184,24,0,0,4,0;-5184,24,0,2,2,0 | 3645,2,30,8,0,0;-154386,4,28,8,0,0;2621223,6,26,8,0,0;-23725556,8,24,8,0,0;125292245,10,22,8,0,0;-390392942,12,20,8,0,0;689145079,14,18,8,0,0;-650387800,16,16,8,0,0;364651375,18,14,8,0,0;-132387278,20,12,8,0,0;31756109,22,10,8,0,0;-4916852,24,8,8,0,0;461439,26,6,8,0,0;-22770,28,4,8,0,0;405,30,2,8,0,0 || END 3645,2,30,8,0,0;-154386,4,28,8,0,0;2621223,6,26,8,0,0;-23725556,8,24,8,0,0;125292245,10,22,8,0,0;-390392942,12,20,8,0,0;689145079,14,18,8,0,0;-650387800,16,16,8,0,0;364651375,18,14,8,0,0;-132387278,20,12,8,0,0;31756109,22,10,8,0,0;-4916852,24,8,8,0,0;461439,26,6,8,0,0;-22770,28,4,8,0,0;405,30,2,8,0,0
CORES -1,0,4,0,4;-1,0,4,4,0;2,1,3,0,4;-2,3,1,4,0;1,4,0,0,4;1,4,0,4,0 | im | 1,0,4,0,2;1,0,4,2,0;-2,2,2,1,1;1,4,0,0,2;1,4,0,2,0 | re || LEAF 4 || STEP 0 3 8 | -16,0,4,0,1,3;16,0,4,0,3,1;-24,1,3,0,0,4;144,1,3,0,2,2;-24,1,3,0,4,0;8,3,1,0,0,4;-48,3,1,0,2,2;8,3,1,0,4,0;16,4,0,0,1,3;-16,4,0,0,3,1 | 1,0,0,0,0,2;1,0,0,0,2,0;-1,0,0,2,0,0 | -16,0,4,0,1,1;-24,1,3,0,0,2;168,1,3,0,2,0;-24,1,3,2,0,0;8,3,1,0,0,2;-56,3,1,0,2,0;8,3,1,2,0,0;16,4,0,0,1,1 | 4,0,4,0,3,1;-2,0,4,2,1,1;-24,1,3,0,4,0;24,1,3,2,2,0;-3,1,3,4,0,0;8,3,1,0,4,0;-8,3,1,2,2,0;1,3,1,4,0,0;-4,4,0,0,3,1;2,4,0,2,1,1 ## STEP 0 2 1 | 1,0,0,0,0,2;1,0,0,0,2,0;-1,0,0,2,0,0 | 4,0,4,0,3,1;-2,0,4,2,1,1;-24,1,3,0,4,0;24,1,3,2,2,0;-3,1,3,4,0,0;8,3,1,0,4,0;-8,3,1,2,2,0;1,3,1,4,0,0;-4,4,0,0,3,1;2,4,0,2,1,1 | 4,0,4,0,3,1;-2,0,4,2,1,1;24,1,3,0,4,0;-24,1,3,2,2,0;3,1,3,4,0,0;-8,3,1,0,4,0;8,3,1,2,2,0;-1,3,1,4,0,0;-4,4,0,0,3,1;2,4,0,2,1,1 | 16,0,8,0,8,0;-32,0,8,2,6,0;20,0,8,4,4,0;-4,0,8,6,2,0;576,2,6,0,8,0;-1152,2,6,2,6,0;720,2,6,4,4,0;-144,2,6,6,2,0;9,2,6,8,0,0;-416,4,4,0,8,0;832,4,4,2,6,0;-520,4,4,4,4,0;104,4,4,6,2,0;-6,4,4,8,0,0;64,6,2,0,8,0;-128,6,2,2,6,0;80,6,2,4,4,0;-16,6,2,6,2,0;1,6,2,8,0,0;16,8,0,0,8,0;-32,8,0,2,6,0;20,8,0,4,4,0;-4,8,0,6,2,0 ## STEP 0 1 2 | -6,0,4,0,0,2;2,0,4,0,2,0;20,2,2,0,0,2;-28,2,2,0,2,0;-6,4,0,0,0,2;2,4,0,0,2,0 | 1,0,0,0,0,2;1,0,0,0,2,0;-1,0,0,2,0,0 | -6,0,4,0,0,0;20,2,2,0,0,0;-6,4,0,0,0,0 | 4,0,4,0,2,0;-3,0,4,2,0,0;-24,2,2,0,2,0;10,2,2,2,0,0;4,4,0,0,2,0;-3,4,0,2,0,0 ## STEP 1 4 16 | 16,0,8,0,8,0;-32,0,8,2,6,0;20,0,8,4,4,0;-4,0,8,6,2,0;576,2,6,0,8,0;-1152,2,6,2,6,0;720,2,6,4,4,0;-144,2,6,6,2,0;9,2,6,8,0,0;-416,4,4,0,8,0;832,4,4,2,6,0;-520,4,4,4,4,0;104,4,4,6,2,0;-6,4,4,8,0,0;64,6,2,0,8,0;-128,6,2,2,6,0;80,6,2,4,4,0;-16,6,2,6,2,0;1,6,2,8,0,0;16,8,0,0,8,0;-32,8,0,2,6,0;20,8,0,4,4,0;-4,8,0,6,2,0 | 4,0,4,0,2,0;-3,0,4,2,0,0;-24,2,2,0,2,0;10,2,2,2,0,0;4,4,0,0,2,0;-3,4,0,2,0,0 | 1024,0,20,0,6,0;-1280,0,20,2,4,0;320,0,20,4,2,0;-16,0,20,6,0,0;18432,2,18,0,6,0;-20992,2,18,2,4,0;4736,2,18,4,2,0;-416,2,18,6,0,0;-576512,4,16,0,6,0;769792,4,16,2,4,0;-200640,4,16,4,2,0;6960,4,16,6,0,0;4317184,6,14,0,6,0;-6256640,6,14,2,4,0;1902080,6,14,4,2,0;25216,6,14,6,0,0;-12204032,8,12,0,6,0;18679296,8,12,2,4,0;-6513024,8,12,4,2,0;24800,8,12,6,0,0;11218944,10,10,0,6,0;-17026048,10,10,2,4,0;5809920,10,10,4,2,0;64,10,10,6,0,0;-4536320,12,8,0,6,0;6669824,12,8,2,4,0;-2118016,12,8,4,2,0;-8992,12,8,6,0,0;712704,14,6,0,6,0;-964608,14,6,2,4,0;251392,14,6,4,2,0;-384,14,6,6,0,0;13312,16,4,0,6,0;-33024,16,4,2,4,0;16448,16,4,4,2,0;1840,16,4,6,0,0;-14336,18,2,0,6,0;19968,18,2,2,4,0;-5504,18,2,4,2,0;96,18,2,6,0,0;1024,20,0,0,6,0;-1280,20,0,2,4,0;320,20,0,4,2,0;-16,20,0,6,0,0 | -3,0,24,8,0,0;76,2,22,8,0,0;-1990,4,20,8,0,0;34300,6,18,8,0,0;-166093,8,16,8,0,0;332312,10,14,8,0,0;-313300,12,12,8,0,0;154840,14,10,8,0,0;-40653,16,8,8,0,0;4764,18,6,8,0,0;-198,20,4,8,0,0;44,22,2,8,0,0;-3,24,0,8,0,0 || END -3,0,24,8,0,0;76,2,22,8,0,0;-1990,4,20,8,0,0;34300,6,18,8,0,0;-166093,8,16,8,0,0;332312,10,14,8,0,0;-313300,12,12,8,0,0;154840,14,10,8,0,0;-40653,16,8,8,0,0;4764,18,6,8,0,0;-198,20,4,8,0,0;44,22,2,8,0,0;-3,24,0,8,0,0
CORES 1,0,2,0,4;1,0,2,4,0;-2,1,1,2,2;1,2,0,0,4;1,2,0,4,0 | re | 1,0,4,0,2;1,0,4,2,0;-2,2,2,1,1;1,4,0,0,2;1,4,0,2,0 | re || LEAF 3 || STEP 0 2 2 | -6,0,2,0,0,4;20,0,2,0,2,2;-6,0,2,0,4,0;2,2,0,0,0,4;-28,2,0,0,2,2;2,2,0,0,4,0 | 1,0,0,0,0,2;1,0,0,0,2,0;-1,0,0,2,0,0 | -6,0,2,0,0,2;26,0,2,0,2,0;-6,0,2,2,0,0;2,2,0,0,0,2;-30,2,0,0,2,0;2,2,0,2,0,0 | -16,0,2,0,4,0;16,0,2,2,2,0;-3,0,2,4,0,0;16,2,0,0,4,0;-16,2,0,2,2,0;1,2,0,4,0,0 ## STEP 0 1 2 | -6,0,4,0,0,2;2,0,4,0,2,0;20,2,2,0,0,2;-28,2,2,0,2,0;-6,4,0,0,0,2;2,4,0,0,2,0 | 1,0,0,0,0,2;1,0,0,0,2,0;-1,0,0,2,0,0 | -6,0,4,0,0,0;20,2,2,0,0,0;-6,4,0,0,0,0 | 4,0,4,0,2,0;-3,0,4,2,0,0;-24,2,2,0,2,0;10,2,2,2,0,0;4,4,0,0,2,0;-3,4,0,2,0,0 ## STEP 1 2 32 | -16,0,2,0,4,0;16,0,2,2,2,0;-3,0,2,4,0,0;16,2,0,0,4,0;-16,2,0,2,2,0;1,2,0,4,0,0 | 4,0,4,0,2,0;-3,0,4,2,0,0;-24,2,2,0,2,0;10,2,2,2,0,0;4,4,0,0,2,0;-3,4,0,2,0,0 | -64,0,6,0,2,0;16,0,6,2,0,0;448,2,4,0,2,0;-240,2,4,2,0,0;-448,4,2,0,2,0;240,4,2,2,0,0;64,6,0,0,2,0;-16,6,0,2,0,0 | -9,2,8,4,0,0;36,4,6,4,0,0;-62,6,4,4,0,0;20,8,2,4,0,0;-1,10,0,4,0,0 || END -9,2,8,4,0,0;36,4,6,4,0,0;-62,6,4,4,0,0;20,8,2,4,0,0;-1,10,0,4,0,0
CORES -1,0,4,0,2;-1,0,4,2,0;-2,2,2,1,1;-1,4,0,0,2;-1,4,0,2,0 | re | -1,0,4,0,4;-1,0,4,4,0;2,1,3,0,4;-2,3,1,4,0;1,4,0,0,4;1,4,0,4,0 | im || LEAF 4 || STEP 0 1 2 | 2,0,4,0,0,2;-6,0,4,0,2,0;-28,2,2,0,0,2;20,2,2,0,2,0;2,4,0,0,0,2;-6,4,0,0,2,0 | 1,0,0,0,0,2;1,0,0,0,2,0;-1,0,0,2,0,0 | 2,0,4,0,0,0;-28,2,2,0,0,0;2,4,0,0,0,0 | -4,0,4,0,2,0;1,0,4,2,0,0;24,2,2,0,2,0;-14,2,2,2,0,0;-4,4,0,0,2,0;1,4,0,2,0,0 ## STEP 0 3 8 | -16,0,4,0,1,3;16,0,4,0,3,1;-24,1,3,0,0,4;144,1,3,0,2,2;-24,1,3,0,4,0;8,3,1,0,0,4;-48,3,1,0,2,2;8,3,1,0,4,0;16,4,0,0,1,3;-16,4,0,0,3,1 | 1,0,0,0,0,2;1,0,0,0,2,0;-1,0,0,2,0,0 | -16,0,4,0,1,1;-24,1,3,0,0,2;168,1,3,0,2,0;-24,1,3,2,0,0;8,3,1,0,0,2;-56,3,1,0,2,0;8,3,1,2,0,0;16,4,0,0,1,1 | 4,0,4,0,3,1;-2,0,4,2,1,1;-24,1,3,0,4,0;24,1,3,2,2,0;-3,1,3,4,0,0;8,3,1,0,4,0;-8,3,1,2,2,0;1,3,1,4,0,0;-4,4,0,0,3,1;2,4,0,2,1,1 ## STEP 0 2 1 | 1,0,0,0,0,2;1,0,0,0,2,0;-1,0,0,2,0,0 | 4,0,4,0,3,1;-2,0,4,2,1,1;-24,1,3,0,4,0;24,1,3,2,2,0;-3,1,3,4,0,0;8,3,1,0,4,0;-8,3,1,2,2,0;1,3,1,4,0,0;-4,4,0,0,3,1;2,4,0,2,1,1 | 4,0,4,0,3,1;-2,0,4,2,1,1;24,1,3,0,4,0;-24,1,3,2,2,0;3,1,3,4,0,0;-8,3,1,0,4,0;8,3,1,2,2,0;-1,3,1,4,0,0;-4,4,0,0,3,1;2,4,0,2,1,1 | 16,0,8,0,8,0;-32,0,8,2,6,0;20,0,8,4,4,0;-4,0,8,6,2,0;576,2,6,0,8,0;-1152,2,6,2,6,0;720,2,6,4,4,0;-144,2,6,6,2,0;9,2,6,8,0,0;-416,4,4,0,8,0;832,4,4,2,6,0;-520,4,4,4,4,0;104,4,4,6,2,0;-6,4,4,8,0,0;64,6,2,0,8,0;-128,6,2,2,6,0;80,6,2,4,4,0;-16,6,2,6,2,0;1,6,2,8,0,0;16,8,0,0,8,0;-32,8,0,2,6,0;20,8,0,4,4,0;-4,8,0,6,2,0 ## STEP 1 4 16 | 16,0,8,0,8,0;-32,0,8,2,6,0;20,0,8,4,4,0;-4,0,8,6,2,0;576,2,6,0,8,0;-1152,2,6,2,6,0;720,2,6,4,4,0;-144,2,6,6,2,0;9,2,6,8,0,0;-416,4,4,0,8,0;832,4,4,2,6,0;-520,4,4,4,4,0;104,4,4,6,2,0;-6,4,4,8,0,0;64,6,2,0,8,0;-128,6,2,2,6,0;80,6,2,4,4,0;-16,6,2,6,2,0;1,6,2,8,0,0;16,8,0,0,8,0;-32,8,0,2,6,0;20,8,0,4,4,0;-4,8,0,6,2,0 | -4,0,4,0,2,0;1,0,4,2,0,0;24,2,2,0,2,0;-14,2,2,2,0,0;-4,4,0,0,2,0;1,4,0,2,0,0 | -1024,0,20,0,6,0;1792,0,20,2,4,0;-832,0,20,4,2,0;48,0,20,6,0,0;-18432,2,18,0,6,0;34304,2,18,2,4,0;-18048,2,18,4,2,0;1760,2,18,6,0,0;576512,4,16,0,6,0;-959744,4,16,2,4,0;390592,4,16,4,2,0;-400,4,16,6,0,0;-4317184,6,14,0,6,0;6694912,6,14,2,4,0;-2340352,6,14,4,2,0;-12160,6,14,6,0,0;12204032,8,12,0,6,0;-17932800,8,12,2,4,0;5766528,8,12,4,2,0;-12960,8,12,6,0,0;-11218944,10,10,0,6,0;16630784,10,10,2,4,0;-5414656,10,10,4,2,0;2880,10,10,6,0,0;4536320,12,8,0,6,0;-6939136,12,8,2,4,0;2387328,12,8,4,2,0;6496,12,8,6,0,0;-712704,14,6,0,6,0;1173504,14,6,2,4,0;-460288,14,6,4,2,0;-896,14,6,6,0,0;-13312,16,4,0,6,0;6912,16,4,2,4,0;9664,16,4,4,2,0;-1424,16,4,6,0,0;14336,18,2,0,6,0;-23040,18,2,2,4,0;8576,18,2,4,2,0;224,18,2,6,0,0;-1024,20,0,0,6,0;1792,20,0,2,4,0;-832,20,0,4,2,0;48,20,0,6,0,0 | -3,0,24,8,0,0;76,2,22,8,0,0;-1990,4,20,8,0,0;34300,6,18,8,0,0;-166093,8,16,8,0,0;332312,10,14,8,0,0;-313300,12,12,8,0,0;154840,14,10,8,0,0;-40653,16,8,8,0,0;4764,18,6,8,0,0;-198,20,4,8,0,0;44,22,2,8,0,0;-3,24,0,8,0,0 || END -3,0,24,8,0,0;76,2,22,8,0,0;-1990,4,20,8,0,0;34300,6,18,8,0,0;-166093,8,16,8,0,0;332312,10,14,8,0,0;-313300,12,12,8,0,0;154840,14,10,8,0,0;-40653,16,8,8,0,0;4764,18,6,8,0,0;-198,20,4,8,0,0;44,22,2,8,0,0;-3,24,0,8,0,0
CORES 1,0,4,0,2;1,0,4,2,0;-2,2,2,1,1;1,4,0,0,2;1,4,0,2,0 | re | 1,0,2,0,4;1,0,2,4,0;-2,1,1,2,2;1,2,0,0,4;1,2,0,4,0 | re || LEAF 3 || STEP 0 1 2 | -6,0,4,0,0,2;2,0,4,0,2,0;20,2,2,0,0,2;-28,2,2,0,2,0;-6,4,0,0,0,2;2,4,0,0,2,0 | 1,0,0,0,0,2;1,0,0,0,2,0;-1,0,0,2,0,0 | -6,0,4,0,0,0;20,2,2,0,0,0;-6,4,0,0,0,0 | 4,0,4,0,2,0;-3,0,4,2,0,0;-24,2,2,0,2,0;10,2,2,2,0,0;4,4,0,0,2,0;-3,4,0,2,0,0 ## STEP 0 2 2 | -6,0,2,0,0,4;20,0,2,0,2,2;-6,0,2,0,4,0;2,2,0,0,0,4;-28,2,0,0,2,2;2,2,0,0,4,0 | 1,0,0,0,0,2;1,0,0,0,2,0;-1,0,0,2,0,0 | -6,0,2,0,0,2;26,0,2,0,2,0;-6,0,2,2,0,0;2,2,0,0,0,2;-30,2,0,0,2,0;2,2,0,2,0,0 | -16,0,2,0,4,0;16,0,2,2,2,0;-3,0,2,4,0,0;16,2,0,0,4,0;-16,2,0,2,2,0;1,2,0,4,0,0 ## STEP 1 2 32 | -16,0,2,0,4,0;16,0,2,2,2,0;-3,0,2,4,0,0;16,2,0,0,4,0;-16,2,0,2,2,0;1,2,0,4,0,0 | 4,0,4,0,2,0;-3,0,4,2,0,0;-24,2,2,0,2,0;10,2,2,2,0,0;4,4,0,0,2,0;-3,4,0,2,0,0 | -64,0,6,0,2,0;16,0,6,2,0,0;448,2,4,0,2,0;-240,2,4,2,0,0;-448,4,2,0,2,0;240,4,2,2,0,0;64,6,0,0,2,0;-16,6,0,2,0,0 | -9,2,8,4,0,0;36,4,6,4,0,0;-62,6,4,4,0,0;20,8,2,4,0,0;-1,10,0,4,0,0 || END -9,2,8,4,0,0;36,4,6,4,0,0;-62,6,4,4,0,0;20,8,2,4,0,0;-1,10,0,4,0,0
CORES -1,0,4,0,2;-1,0,4,2,0;-2,2,2,1,1;-1,4,0,0,2;-1,4,0,2,0 | re | 1,0,4,0,4;1,0,4,4,0;2,1,3,4,0;-2,3,1,0,4;-1,4,0,0,4;-1,4,0,4,0 | im || LEAF 4 || STEP 0 1 2 | 2,0,4,0,0,2;-6,0,4,0,2,0;-28,2,2,0,0,2;20,2,2,0,2,0;2,4,0,0,0,2;-6,4,0,0,2,0 | 1,0,0,0,0,2;1,0,0,0,2,0;-1,0,0,2,0,0 | 2,0,4,0,0,0;-28,2,2,0,0,0;2,4,0,0,0,0 | -4,0,4,0,2,0;1,0,4,2,0,0;24,2,2,0,2,0;-14,2,2,2,0,0;-4,4,0,0,2,0;1,4,0,2,0,0 ## STEP 0 3 8 | 16,0,4,0,1,3;-16,0,4,0,3,1;8,1,3,0,0,4;-48,1,3,0,2,2;8,1,3,0,4,0;-24,3,1,0,0,4;144,3,1,0,2,2;-24,3,1,0,4,0;-16,4,0,0,1,3;16,4,0,0,3,1 | 1,0,0,0,0,2;1,0,0,0,2,0;-1,0,0,2,0,0 | 16,0,4,0,1,1;8,1,3,0,0,2;-56,1,3,0,2,0;8,1,3,2,0,0;-24,3,1,0,0,2;168,3,1,0,2,0;-24,3,1,2,0,0;-16,4,0,0,1,1 | -4,0,4,0,3,1;2,0,4,2,1,1;8,1,3,0,4,0;-8,1,3,2,2,0;1,1,3,4,0,0;-24,3,1,0,4,0;24,3,1,2,2,0;-3,3,1,4,0,0;4,4,0,0,3,1;-2,4,0,2,1,1 ## STEP 0 2 1 | 1,0,0,0,0,2;1,0,0,0,2,0;-1,0,0,2,0,0 | -4,0,4,0,3,1;2,0,4,2,1,1;8,1,3,0,4,0;-8,1,3,2,2,0;1,1,3,4,0,0;-24,3,1,0,4,0;24,3,1,2,2,0;-3,3,1,4,0,0;4,4,0,0,3,1;-2,4,0,2,1,1 | -4,0,4,0,3,1;2,0,4,2,1,1;-8,1,3,0,4,0;8,1,3,2,2,0;-1,1,3,4,0,0;24,3,1,0,4,0;-24,3,1,2,2,0;3,3,1,4,0,0;4,4,0,0,3,1;-2,4,0,2,1,1 | 16,0,8,0,8,0;-32,0,8,2,6,0;20,0,8,4,4,0;-4,0,8,6,2,0;64,2,6,0,8,0;-128,2,6,2,6,0;80,2,6,4,4,0;-16,2,6,6,2,0;1,2,6,8,0,0;-416,4,4,0,8,0;832,4,4,2,6,0;-520,4,4,4,4,0;104,4,4,6,2,0;-6,4,4,8,0,0;576,6,2,0,8,0;-1152,6,2,2,6,0;720,6,2,4,4,0;-144,6,2,6,2,0;9,6,2,8,0,0;16,8,0,0,8,0;-32,8,0,2,6,0;20,8,0,4,4,0;-4,8,0,6,2,0 ## STEP 1 4 16 | 16,0,8,0,8,0;-32,0,8,2,6,0;20,0,8,4,4,0;-4,0,8,6,2,0;64,2,6,0,8,0;-128,2,6,2,6,0;80,2,6,4,4,0;-16,2,6,6,2,0;1,2,6,8,0,0;-416,4,4,0,8,0;832,4,4,2,6,0;-520,4,4,4,4,0;104,4,4,6,2,0;-6,4,4,8,0,0;576,6,2,0,8,0;-1152,6,2,2,6,0;720,6,2,4,4,0;-144,6,2,6,2,0;9,6,2,8,0,0;16,8,0,0,8,0;-32,8,0,2,6,0;20,8,0,4,4,0;-4,8,0,6,2,0 | -4,0,4,0,2,0;1,0,4,2,0,0;24,2,2,0,2,0;-14,2,2,2,0,0;-4,4,0,0,2,0;1,4,0,2,0,0 | -1024,0,20,0,6,0;1792,0,20,2,4,0;-832,0,20,4,2,0;48,0,20,6,0,0;14336,2,18,0,6,0;-23040,2,18,2,4,0;8576,2,18,4,2,0;224,2,18,6,0,0;-13312,4,16,0,6,0;6912,4,16,2,4,0;9664,4,16,4,2,0;-1424,4,16,6,0,0;-712704,6,14,0,6,0;1173504,6,14,2,4,0;-460288,6,14,4,2,0;-896,6,14,6,0,0;4536320,8,12,0,6,0;-6939136,8,12,2,4,0;2387328,8,12,4,2,0;6496,8,12,6,0,0;-11218944,10,10,0,6,0;16630784,10,10,2,4,0;-5414656,10,10,4,2,0;2880,10,10,6,0,0;12204032,12,8,0,6,0;-17932800,12,8,2,4,0;5766528,12,8,4,2,0;-12960,12,8,6,0,0;-4317184,14,6,0,6,0;6694912,14,6,2,4,0;-2340352,14,6,4,2,0;-12160,14,6,6,0,0;576512,16,4,0,6,0;-959744,16,4,2,4,0;390592,16,4,4,2,0;-400,16,4,6,0,0;-18432,18,2,0,6,0;34304,18,2,2,4,0;-18048,18,2,4,2,0;1760,18,2,6,0,0;-1024,20,0,0,6,0;1792,20,0,2,4,0;-832,20,0,4,2,0;48,20,0,6,0,0 | -3,0,24,8,0,0;44,2,22,8,0,0;-198,4,20,8,0,0;4764,6,18,8,0,0;-40653,8,16,8,0,0;154840,10,14,8,0,0;-313300,12,12,8,0,0;332312,14,10,8,0,0;-166093,16,8,8,0,0;34300,18,6,8,0,0;-1990,20,4,8,0,0;76,22,2,8,0,0;-3,24,0,8,0,0 || END -3,0,24,8,0,0;44,2,22,8,0,0;-198,4,20,8,0,0;4764,6,18,8,0,0;-40653,8,16,8,0,0;154840,10,14,8,0,0;-313300,12,12,8,0,0;332312,14,10,8,0,0;-166093,16,8,8,0,0;34300,18,6,8,0,0;-1990,20,4,8,0,0;76,22,2,8,0,0;-3,24,0,8,0,0
CORES 1,0,2,0,2;1,0,2,2,0;-2,1,1,1,1;1,2,0,0,2;1,2,0,2,0 | re | -1,0,2,0,4;-1,0,2,4,0;2,1,1,0,4;-2,1,1,4,0;1,2,0,0,4;1,2,0,4,0 | im || LEAF 4 || STEP 0 1 2 | 2,0,2,0,0,2;-6,0,2,0,2,0;-6,2,0,0,0,2;2,2,0,0,2,0 | 1,0,0,0,0,2;1,0,0,0,2,0;-1,0,0,2,0,0 | 2,0,2,0,0,0;-6,2,0,0,0,0 | -4,0,2,0,2,0;1,0,2,2,0,0;4,2,0,0,2,0;-3,2,0,2,0,0 ## STEP 0 3 8 | 16,0,2,0,1,3;-16,0,2,0,3,1;8,1,1,0,0,4;-48,1,1,0,2,2;8,1,1,0,4,0;16,2,0,0,1,3;-16,2,0,0,3,1 | 1,0,0,0,0,2;1,0,0,0,2,0;-1,0,0,2,0,0 | 16,0,2,0,1,1;8,1,1,0,0,2;-56,1,1,0,2,0;8,1,1,2,0,0;16,2,0,0,1,1 | -4,0,2,0,3,1;2,0,2,2,1,1;8,1,1,0,4,0;-8,1,1,2,2,0;1,1,1,4,0,0;-4,2,0,0,3,1;2,2,0,2,1,1 ## STEP 0 2 1 | 1,0,0,0,0,2;1,0,0,0,2,0;-1,0,0,2,0,0 | -4,0,2,0,3,1;2,0,2,2,1,1;8,1,1,0,4,0;-8,1,1,2,2,0;1,1,1,4,0,0;-4,2,0,0,3,1;2,2,0,2,1,1 | -4,0,2,0,3,1;2,0,2,2,1,1;-8,1,1,0,4,0;8,1,1,2,2,0;-1,1,1,4,0,0;-4,2,0,0,3,1;2,2,0,2,1,1 | 16,0,4,0,8,0;-32,0,4,2,6,0;20,0,4,4,4,0;-4,0,4,6,2,0;96,2,2,0,8,0;-192,2,2,2,6,0;120,2,2,4,4,0;-24,2,2,6,2,0;1,2,2,8,0,0;16,4,0,0,8,0;-32,4,0,2,6,0;20,4,0,4,4,0;-4,4,0,6,2,0 ## STEP 1 4 16 | 16,0,4,0,8,0;-32,0,4,2,6,0;20,0,4,4,4,0;-4,0,4,6,2,0;96,2,2,0,8,0;-192,2,2,2,6,0;120,2,2,4,4,0;-24,2,2,6,2,0;1,2,2,8,0,0;16,4,0,0,8,0;-32,4,0,2,6,0;20,4,0,4,4,0;-4,4,0,6,2,0 | -4,0,2,0,2,0;1,0,2,2,0,0;4,2,0,0,2,0;-3,2,0,2,0,0 | -1024,0,10,0,6,0;1792,0,10,2,4,0;-832,0,10,4,2,0;48,0,10,6,0,0;-3072,2,8,0,6,0;5888,2,8,2,4,0;-3264,2,8,4,2,0;368,2,8,6,0,0;14336,4,6,0,6,0;-23040,4,6,2,4,0;8320,4,6,4,2,0;544,4,6,6,0,0;-14336,6,4,0,6,0;19968,6,4,2,4,0;-5248,6,4,4,2,0;160,6,4,6,0,0;3072,8,2,0,6,0;-3328,8,2,2,4,0;704,8,2,4,2,0;-80,8,2,6,0,0;1024,10,0,0,6,0;-1280,10,0,2,4,0;320,10,0,4,2,0;-16,10,0,6,0,0 | -3,0,12,8,0,0;2,2,10,8,0,0;-29,4,8,8,0,0;188,6,6,8,0,0;-29,8,4,8,0,0;2,10,2,8,0,0;-3,12,0,8,0,0 || END -3,0,12,8,0,0;2,2,10,8,0,0;-29,4,8,8,0,0;188,6,6,8,0,0;-29,8,4,8,0,0;2,10,2,8,0,0;-3,12,0,8,0,0
CORES -1,0,4,0,2;-1,0,4,2,0;-2,2,2,1,1;-1,4,0,0,2;-1,4,0,2,0 | re | -1,0,4,0,4;-1,0,4,4,0;2,1,3,4,0;-2,3,1,0,4;1,4,0,0,4;1,4,0,4,0 | im || LEAF 4 || STEP 0 1 2 | 2,0,4,0,0,2;-6,0,4,0,2,0;-28,2,2,0,0,2;20,2,2,0,2,0;2,4,0,0,0,2;-6,4,0,0,2,0 | 1,0,0,0,0,2;1,0,0,0,2,0;-1,0,0,2,0,0 | 2,0,4,0,0,0;-28,2,2,0,0,0;2,4,0,0,0,0 | -4,0,4,0,2,0;1,0,4,2,0,0;24,2,2,0,2,0;-14,2,2,2,0,0;-4,4,0,0,2,0;1,4,0,2,0,0 ## STEP 0 3 8 | 16,0,4,0,1,3;-16,0,4,0,3,1;-24,1,3,0,0,4;144,1,3,0,2,2;-24,1,3,0,4,0;8,3,1,0,0,4;-48,3,1,0,2,2;8,3,1,0,4,0;-16,4,0,0,1,3;16,4,0,0,3,1 | 1,0,0,0,0,2;1,0,0,0,2,0;-1,0,0,2,0,0 | 16,0,4,0,1,1;-24,1,3,0,0,2;168,1,3,0,2,0;-24,1,3,2,0,0;8,3,1,0,0,2;-56,3,1,0,2,0;8,3,1,2,0,0;-16,4,0,0,1,1 | -4,0,4,0,3,1;2,0,4,2,1,1;-24,1,3,0,4,0;24,1,3,2,2,0;-3,1,3,4,0,0;8,3,1,0,4,0;-8,3,1,2,2,0;1,3,1,4,0,0;4,4,0,0,3,1;-2,4,0,2,1,1 ## STEP 0 2 1 | 1,0,0,0,0,2;1,0,0,0,2,0;-1,0,0,2,0,0 | -4,0,4,0,3,1;2,0,4,2,1,1;-24,1,3,0,4,0;24,1,3,2,2,0;-3,1,3,4,0,0;8,3,1,0,4,0;-8,3,1,2,2,0;1,3,1,4,0,0;4,4,0,0,3,1;-2,4,0,2,1,1 | -4,0,4,0,3,1;2,0,4,2,1,1;24,1,3,0,4,0;-24,1,3,2,2,0;3,1,3,4,0,0;-8,3,1,0,4,0;8,3,1,2,2,0;-1,3,1,4,0,0;4,4,0,0,3,1;-2,4,0,2,1,1 | 16,0,8,0,8,0;-32,0,8,2,6,0;20,0,8,4,4,0;-4,0,8,6,2,0;576,2,6,0,8,0;-1152,2,6,2,6,0;720,2,6,4,4,0;-144,2,6,6,2,0;9,2,6,8,0,0;-416,4,4,0,8,0;832,4,4,2,6,0;-520,4,4,4,4,0;104,4,4,6,2,0;-6,4,4,8,0,0;64,6,2,0,8,0;-128,6,2,2,6,0;80,6,2,4,4,0;-16,6,2,6,2,0;1,6,2,8,0,0;16,8,0,0,8,0;-32,8,0,2,6,0;20,8,0,4,4,0;-4,8,0,6,2,0 ## STEP 1 4 16 | 16,0,8,0,8,0;-32,0,8,2,6,0;20,0,8,4,4,0;-4,0,8,6,2,0;576,2,6,0,8,0;-1152,2,6,2,6,0;720,2,6,4,4,0;-144,2,6,6,2,0;9,2,6,8,0,0;-416,4,4,0,8,0;832,4,4,2,6,0;-520,4,4,4,4,0;104,4,4,6,2,0;-6,4,4,8,0,0;64,6,2,0,8,0;-128,6,2,2,6,0;80,6,2,4,4,0;-16,6,2,6,2,0;1,6,2,8,0,0;16,8,0,0,8,0;-32,8,0,2,6,0;20,8,0,4,4,0;-4,8,0,6,2,0 | -4,0,4,0,2,0;1,0,4,2,0,0;24,2,2,0,2,0;-14,2,2,2,0,0;-4,4,0,0,2,0;1,4,0,2,0,0 | -1024,0,20,0,6,0;1792,0,20,2,4,0;-832,0,20,4,2,0;48,0,20,6,0,0;-18432,2,18,0,6,0;34304,2,18,2,4,0;-18048,2,18,4,2,0;1760,2,18,6,0,0;576512,4,16,0,6,0;-959744,4,16,2,4,0;390592,4,16,4,2,0;-400,4,16,6,0,0;-4317184,6,14,0,6,0;6694912,6,14,2,4,0;-2340352,6,14,4,2,0;-12160,6,14,6,0,0;12204032,8,12,0,6,0;-17932800,8,12,2,4,0;5766528,8,12,4,2,0;-12960,8,12,6,0,0;-11218944,10,10,0,6,0;16630784,10,10,2,4,0;-5414656,10,10,4,2,0;2880,10,10,6,0,0;4536320,12,8,0,6,0;-6939136,12,8,2,4,0;2387328,12,8,4,2,0;6496,12,8,6,0,0;-712704,14,6,0,6,0;1173504,14,6,2,4,0;-460288,14,6,4,2,0;-896,14,6,6,0,0;-13312,16,4,0,6,0;6912,16,4,2,4,0;9664,16,4,4,2,0;-1424,16,4,6,0,0;14336,18,2,0,6,0;-23040,18,2,2,4,0;8576,18,2,4,2,0;224,18,2,6,0,0;-1024,20,0,0,6,0;1792,20,0,2,4,0;-832,20,0,4,2,0;48,20,0,6,0,0 | -3,0,24,8,0,0;76,2,22,8,0,0;-1990,4,20,8,0,0;34300,6,18,8,0,0;-166093,8,16,8,0,0;332312,10,14,8,0,0;-313300,12,12,8,0,0;154840,14,10,8,0,0;-40653,16,8,8,0,0;4764,18,6,8,0,0;-198,20,4,8,0,0;44,22,2,8,0,0;-3,24,0,8,0,0 || END -3,0,24,8,0,0;76,2,22,8,0,0;-1990,4,20,8,0,0;34300,6,18,8,0,0;-166093,8,16,8,0,0;332312,10,14,8,0,0;-313300,12,12,8,0,0;154840,14,10,8,0,0;-40653,16,8,8,0,0;4764,18,6,8,0,0;-198,20,4,8,0,0;44,22,2,8,0,0;-3,24,0,8,0,0
CORES -1,0,2,0,4;-1,0,2,4,0;-2,1,1,2,2;-1,2,0,0,4;-1,2,0,4,0 | re | 1,0,4,0,2;1,0,4,2,0;-2,2,2,1,1;1,4,0,0,2;1,4,0,2,0 | re || LEAF 3 || STEP 0 2 2 | 2,0,2,0,0,4;-28,0,2,0,2,2;2,0,2,0,4,0;-6,2,0,0,0,4;20,2,0,0,2,2;-6,2,0,0,4,0 | 1,0,0,0,0,2;1,0,0,0,2,0;-1,0,0,2,0,0 | 2,0,2,0,0,2;-30,0,2,0,2,0;2,0,2,2,0,0;-6,2,0,0,0,2;26,2,0,0,2,0;-6,2,0,2,0,0 | 16,0,2,0,4,0;-16,0,2,2,2,0;1,0,2,4,0,0;-16,2,0,0,4,0;16,2,0,2,2,0;-3,2,0,4,0,0 ## STEP 0 1 2 | -6,0,4,0,0,2;2,0,4,0,2,0;20,2,2,0,0,2;-28,2,2,0,2,0;-6,4,0,0,0,2;2,4,0,0,2,0 | 1,0,0,0,0,2;1,0,0,0,2,0;-1,0,0,2,0,0 | -6,0,4,0,0,0;20,2,2,0,0,0;-6,4,0,0,0,0 | 4,0,4,0,2,0;-3,0,4,2,0,0;-24,2,2,0,2,0;10,2,2,2,0,0;4,4,0,0,2,0;-3,4,0,2,0,0 ## STEP 1 2 32 | 16,0,2,0,4,0;-16,0,2,2,2,0;1,0,2,4,0,0;-16,2,0,0,4,0;16,2,0,2,2,0;-3,2,0,4,0,0 | 4,0,4,0,2,0;-3,0,4,2,0,0;-24,2,2,0,2,0;10,2,2,2,0,0;4,4,0,0,2,0;-3,4,0,2,0,0 | 64,0,6,0,2,0;-16,0,6,2,0,0;-448,2,4,0,2,0;240,2,4,2,0,0;448,4,2,0,2,0;-240,4,2,2,0,0;-64,6,0,0,2,0;16,6,0,2,0,0 | -1,0,10,4,0,0;20,2,8,4,0,0;-62,4,6,4,0,0;36,6,4,4,0,0;-9,8,2,4,0,0 || END -1,0,10,4,0,0;20,2,8,4,0,0;-62,4,6,4,0,0;36,6,4,4,0,0;-9,8,2,4,0,0
CORES 2,0,4,0,1;1,0,4,1,0;1,4,0,0,1;2,4,0,1,0 | re | 1,0,4,1,1;-1,0,4,2,0;2,1,3,2,0;-2,3,1,0,2;1,4,0,0,2;-1,4,0,1,1 | im || LEAF 4 || STEP 0 2 4 | 1,0,0,0,0,2;1,0,0,0,2,0;-1,0,0,2,0,0 | 6,0,4,0,1,0;8,1,3,0,0,1;-36,2,2,0,1,0;-8,3,1,0,0,1;6,4,0,0,1,0 | -6,0,4,0,1,0;8,1,3,0,0,1;36,2,2,0,1,0;-8,3,1,0,0,1;-6,4,0,0,1,0 | 9,0,8,0,2,0;-92,2,6,0,2,0;-16,2,6,2,0,0;310,4,4,0,2,0;32,4,4,2,0,0;-92,6,2,0,2,0;-16,6,2,2,0,0;9,8,0,0,2,0 ## STEP 0 1 4 | -12,0,4,0,1,1;24,1,3,0,0,2;-8,1,3,0,2,0;24,2,2,0,1,1;-8,3,1,0,0,2;-8,3,1,0,2,0;4,4,0,0,1,1 | 1,0,0,0,0,2;1,0,0,0,2,0;-1,0,0,2,0,0 | 24,1,3,0,0,0;-8,3,1,0,0,0 | -3,0,4,0,1,1;-8,1,3,0,2,0;6,1,3,2,0,0;6,2,2,0,1,1;-2,3,1,2,0,0;1,4,0,0,1,1 ## STEP 0 2 1 | 1,0,0,0,0,2;1,0,0,0,2,0;-1,0,0,2,0,0 | -3,0,4,0,1,1;-8,1,3,0,2,0;6,1,3,2,0,0;6,2,2,0,1,1;-2,3,1,2,0,0;1,4,0,0,1,1 | -3,0,4,0,1,1;8,1,3,0,2,0;-6,1,3,2,0,0;6,2,2,0,1,1;2,3,1,2,0,0;1,4,0,0,1,1 | 9,0,8,0,4,0;-9,0,8,2,2,0;28,2,6,0,4,0;-60,2,6,2,2,0;36,2,6,4,0,0;30,4,4,0,4,0;2,4,4,2,2,0;-24,4,4,4,0,0;12,6,2,0,4,0;-12,6,2,2,2,0;4,6,2,4,0,0;1,8,0,0,4,0;-1,8,0,2,2,0 ## STEP 1 2 4 | 9,0,8,0,4,0;-9,0,8,2,2,0;28,2,6,0,4,0;-60,2,6,2,2,0;36,2,6,4,0,0;30,4,4,0,4,0;2,4,4,2,2,0;-24,4,4,4,0,0;12,6,2,0,4,0;-12,6,2,2,2,0;4,6,2,4,0,0;1,8,0,0,4,0;-1,8,0,2,2,0 | 9,0,8,0,2,0;-92,2,6,0,2,0;-16,2,6,2,0,0;310,4,4,0,2,0;32,4,4,2,0,0;-92,6,2,0,2,0;-16,6,2,2,0,0;9,8,0,0,2,0 | 81,0,16,0,2,0;-81,0,16,2,0,0;-576,2,14,0,2,0;432,2,14,2,0,0;484,4,12,0,2,0;2908,4,12,2,0,0;5200,6,10,0,2,0;-18336,6,10,2,0,0;5710,8,8,0,2,0;6834,8,8,2,0,0;1120,10,6,0,2,0;-4240,10,6,2,0,0;-524,12,4,0,2,0;972,12,4,2,0,0;16,14,2,0,2,0;9,16,0,0,2,0;-9,16,0,2,0,0 | 405,2,22,4,0,0;-13014,4,20,4,0,0;144265,6,18,4,0,0;-709064,8,16,4,0,0;1570586,10,14,4,0,0;-1411076,12,12,4,0,0;656906,14,10,4,0,0;-182600,16,8,4,0,0;28561,18,6,4,0,0;-2070,20,4,4,0,0;45,22,2,4,0,0 || END 405,2,22,4,0,0;-13014,4,20,4,0,0;144265,6,18,4,0,0;-709064,8,16,4,0,0;1570586,10,14,4,0,0;-1411076,12,12,4,0,0;656906,14,10,4,0,0;-182600,16,8,4,0,0;28561,18,6,4,0,0;-2070,20,4,4,0,0;45,22,2,4,0,0
CORES -1,0,4,0,4;-1,0,4,2,2;2,1,3,4,0;-2,3,1,0,4;1,4,0,2,2;1,4,0,4,0 | im | -1,0,4,0,2;2,0,4,2,0;-2,4,0,0,2;1,4,0,2,0 | im || LEAF 5 || STEP 0 3 8 | 8,0,4,0,1,3;-8,0,4,0,3,1;-24,1,3,0,0,4;80,1,3,0,2,2;-24,1,3,0,4,0;48,2,2,0,1,3;-48,2,2,0,3,1;8,3,1,0,0,4;16,3,1,0,2,2;8,3,1,0,4,0;-24,4,0,0,1,3;24,4,0,0,3,1 | 1,0,0,0,0,2;1,0,0,0,2,0;-1,0,0,2,0,0 | 8,0,4,0,1,1;-24,1,3,0,0,2;104,1,3,0,2,0;-24,1,3,2,0,0;48,2,2,0,1,1;8,3,1,0,0,2;8,3,1,0,2,0;8,3,1,2,0,0;-24,4,0,0,1,1 | -2,0,4,0,3,1;1,0,4,2,1,1;-16,1,3,0,4,0;16,1,3,2,2,0;-3,1,3,4,0,0;-12,2,2,0,3,1;6,2,2,2,1,1;1,3,1,4,0,0;6,4,0,0,3,1;-3,4,0,2,1,1 ## STEP 0 2 1 | 1,0,0,0,0,2;1,0,0,0,2,0;-1,0,0,2,0,0 | -2,0,4,0,3,1;1,0,4,2,1,1;-16,1,3,0,4,0;16,1,3,2,2,0;-3,1,3,4,0,0;-12,2,2,0,3,1;6,2,2,2,1,1;1,3,1,4,0,0;6,4,0,0,3,1;-3,4,0,2,1,1 | -2,0,4,0,3,1;1,0,4,2,1,1;16,1,3,0,4,0;-16,1,3,2,2,0;3,1,3,4,0,0;-12,2,2,0,3,1;6,2,2,2,1,1;-1,3,1,4,0,0;6,4,0,0,3,1;-3,4,0,2,1,1 | 4,0,8,0,8,0;-8,0,8,2,6,0;5,0,8,4,4,0;-1,0,8,6,2,0;304,2,6,0,8,0;-608,2,6,2,6,0;412,2,6,4,4,0;-108,2,6,6,2,0;9,2,6,8,0,0;120,4,4,0,8,0;-240,4,4,2,6,0;118,4,4,4,4,0;2,4,4,6,2,0;-6,4,4,8,0,0;-144,6,2,0,8,0;288,6,2,2,6,0;-180,6,2,4,4,0;36,6,2,6,2,0;1,6,2,8,0,0;36,8,0,0,8,0;-72,8,0,2,6,0;45,8,0,4,4,0;-9,8,0,6,2,0 ## STEP 0 1 4 | 12,0,4,0,1,1;-8,1,3,0,0,2;8,1,3,0,2,0;-72,2,2,0,1,1;8,3,1,0,0,2;-8,3,1,0,2,0;12,4,0,0,1,1 | 1,0,0,0,0,2;1,0,0,0,2,0;-1,0,0,2,0,0 | -8,1,3,0,0,0;8,3,1,0,0,0 | 3,0,4,0,1,1;4,1,3,0,2,0;-2,1,3,2,0,0;-18,2,2,0,1,1;-4,3,1,0,2,0;2,3,1,2,0,0;3,4,0,0,1,1 ## STEP 0 2 1 | 1,0,0,0,0,2;1,0,0,0,2,0;-1,0,0,2,0,0 | 3,0,4,0,1,1;4,1,3,0,2,0;-2,1,3,2,0,0;-18,2,2,0,1,1;-4,3,1,0,2,0;2,3,1,2,0,0;3,4,0,0,1,1 | 3,0,4,0,1,1;-4,1,3,0,2,0;2,1,3,2,0,0;-18,2,2,0,1,1;4,3,1,0,2,0;-2,3,1,2,0,0;3,4,0,0,1,1 | 9,0,8,0,4,0;-9,0,8,2,2,0;-92,2,6,0,4,0;92,2,6,2,2,0;4,2,6,4,0,0;310,4,4,0,4,0;-310,4,4,2,2,0;-8,4,4,4,0,0;-92,6,2,0,4,0;92,6,2,2,2,0;4,6,2,4,0,0;9,8,0,0,4,0;-9,8,0,2,2,0 ## STEP 1 3 1 | 4,0,8,0,8,0;-8,0,8,2,6,0;5,0,8,4,4,0;-1,0,8,6,2,0;304,2,6,0,8,0;-608,2,6,2,6,0;412,2,6,4,4,0;-108,2,6,6,2,0;9,2,6,8,0,0;120,4,4,0,8,0;-240,4,4,2,6,0;118,4,4,4,4,0;2,4,4,6,2,0;-6,4,4,8,0,0;-144,6,2,0,8,0;288,6,2,2,6,0;-180,6,2,4,4,0;36,6,2,6,2,0;1,6,2,8,0,0;36,8,0,0,8,0;-72,8,0,2,6,0;45,8,0,4,4,0;-9,8,0,6,2,0 | 9,0,8,0,4,0;-9,0,8,2,2,0;-92,2,6,0,4,0;92,2,6,2,2,0;4,2,6,4,0,0;310,4,4,0,4,0;-310,4,4,2,2,0;-8,4,4,4,0,0;-92,6,2,0,4,0;92,6,2,2,2,0;4,6,2,4,0,0;9,8,0,0,4,0;-9,8,0,2,2,0 | 324,0,24,0,4,0;-324,0,24,2,2,0;81,0,24,4,0,0;18000,2,22,0,4,0;-18000,2,22,2,2,0;6948,2,22,4,0,0;-437528,4,20,0,4,0;437528,4,20,2,2,0;-174150,4,20,4,0,0;3824208,6,18,0,4,0;-3824208,6,18,2,2,0;1579844,6,18,4,0,0;-15464164,8,16,0,4,0;15464164,8,16,2,2,0;-6734521,8,16,4,0,0;25049504,10,14,0,4,0;-25049504,10,14,2,2,0;12426248,10,14,4,0,0;4753200,12,12,0,4,0;-4753200,12,12,2,2,0;-4230452,12,12,4,0,0;-21193184,14,10,0,4,0;21193184,14,10,2,2,0;-3613976,14,10,4,0,0;13709244,16,8,0,4,0;-13709244,16,8,2,2,0;3372271,16,8,4,0,0;-4309488,18,6,0,4,0;4309488,18,6,2,2,0;-1161900,18,6,4,0,0;753768,20,4,0,4,0;-753768,20,4,2,2,0;206874,20,4,4,0,0;-71280,22,2,0,4,0;71280,22,2,2,2,0;-19116,22,2,4,0,0;2916,24,0,0,4,0;-2916,24,0,2,2,0;729,24,0,4,0,0 | 6237,2,30,8,0,0;-232722,4,28,8,0,0;3621447,6,26,8,0,0;-30655988,8,24,8,0,0;152953205,10,22,8,0,0;-451794542,12,20,8,0,0;752137879,14,18,8,0,0;-650387800,16,16,8,0,0;301658575,18,14,8,0,0;-70985678,20,12,8,0,0;4095149,22,10,8,0,0;2013580,24,8,8,0,0;-538785,26,6,8,0,0;55566,28,4,8,0,0;-2187,30,2,8,0,0 || END 6237,2,30,8,0,0;-232722,4,28,8,0,0;3621447,6,26,8,0,0;-30655988,8,24,8,0,0;152953205,10,22,8,0,0;-451794542,12,20,8,0,0;752137879,14,18,8,0,0;-650387800,16,16,8,0,0;301658575,18,14,8,0,0;-70985678,20,12,8,0,0;4095149,22,10,8,0,0;2013580,24,8,8,0,0;-538785,26,6,8,0,0;55566,28,4,8,0,0;-2187,30,2,8,0,0
CORES -1,0,4,0,2;1,0,4,1,1;2,1,3,2,0;-2,3,1,0,2;-1,4,0,1,1;1,4,0,2,0 | im | -1,0,4,0,1;-2,0,4,1,0;-2,4,0,0,1;-1,4,0,1,0 | re || LEAF 4 || STEP 0 1 4 | -4,0,4,0,1,1;24,1,3,0,0,2;-8,1,3,0,2,0;-24,2,2,0,1,1;-8,3,1,0,0,2;-8,3,1,0,2,0;12,4,0,0,1,1 | 1,0,0,0,0,2;1,0,0,0,2,0;-1,0,0,2,0,0 | 24,1,3,0,0,0;-8,3,1,0,0,0 | -1,0,4,0,1,1;-8,1,3,0,2,0;6,1,3,2,0,0;-6,2,2,0,1,1;-2,3,1,2,0,0;3,4,0,0,1,1 ## STEP 0 2 1 | 1,0,0,0,0,2;1,0,0,0,2,0;-1,0,0,2,0,0 | -1,0,4,0,1,1;-8,1,3,0,2,0;6,1,3,2,0,0;-6,2,2,0,1,1;-2,3,1,2,0,0;3,4,0,0,1,1 | -1,0,4,0,1,1;8,1,3,0,2,0;-6,1,3,2,0,0;-6,2,2,0,1,1;2,3,1,2,0,0;3,4,0,0,1,1 | 1,0,8,0,4,0;-1,0,8,2,2,0;76,2,6,0,4,0;-108,2,6,2,2,0;36,2,6,4,0,0;30,4,4,0,4,0;2,4,4,2,2,0;-24,4,4,4,0,0;-36,6,2,0,4,0;36,6,2,2,2,0;4,6,2,4,0,0;9,8,0,0,4,0;-9,8,0,2,2,0 ## STEP 0 2 4 | 1,0,0,0,0,2;1,0,0,0,2,0;-1,0,0,2,0,0 | -6,0,4,0,1,0;8,1,3,0,0,1;36,2,2,0,1,0;-8,3,1,0,0,1;-6,4,0,0,1,0 | 6,0,4,0,1,0;8,1,3,0,0,1;-36,2,2,0,1,0;-8,3,1,0,0,1;6,4,0,0,1,0 | 9,0,8,0,2,0;-92,2,6,0,2,0;-16,2,6,2,0,0;310,4,4,0,2,0;32,4,4,2,0,0;-92,6,2,0,2,0;-16,6,2,2,0,0;9,8,0,0,2,0 ## STEP 1 2 4 | 1,0,8,0,4,0;-1,0,8,2,2,0;76,2,6,0,4,0;-108,2,6,2,2,0;36,2,6,4,0,0;30,4,4,0,4,0;2,4,4,2,2,0;-24,4,4,4,0,0;-36,6,2,0,4,0;36,6,2,2,2,0;4,6,2,4,0,0;9,8,0,0,4,0;-9,8,0,2,2,0 | 9,0,8,0,2,0;-92,2,6,0,2,0;-16,2,6,2,0,0;310,4,4,0,2,0;32,4,4,2,0,0;-92,6,2,0,2,0;-16,6,2,2,0,0;9,8,0,0,2,0 | 9,0,16,0,2,0;-9,0,16,2,0,0;592,2,14,0,2,0;-864,2,14,2,0,0;-6412,4,12,0,2,0;10828,4,12,2,0,0;20384,6,10,0,2,0;-35184,6,10,2,0,0;5710,8,8,0,2,0;6834,8,8,2,0,0;-14064,10,6,0,2,0;12608,10,6,2,0,0;6372,12,4,0,2,0;-6948,12,4,2,0,0;-1152,14,2,0,2,0;1296,14,2,2,0,0;81,16,0,0,2,0;-81,16,0,2,0,0 | 693,2,22,4,0,0;-18774,4,20,4,0,0;186601,6,18,4,0,0;-845000,8,16,4,0,0;1737050,10,14,4,0,0;-1411076,12,12,4,0,0;490442,14,10,4,0,0;-46664,16,8,4,0,0;-13775,18,6,4,0,0;3690,20,4,4,0,0;-243,22,2,4,0,0 || END 693,2,22,4,0,0;-18774,4,20,4,0,0;186601,6,18,4,0,0;-845000,8,16,4,0,0;1737050,10,14,4,0,0;-1411076,12,12,4,0,0;490442,14,10,4,0,0;-46664,16,8,4,0,0;-13775,18,6,4,0,0;3690,20,4,4,0,0;-243,22,2,4,0,0
CORES 1,0,4,0,2;1,0,4,2,0;-2,2,2,1,1;1,4,0,0,2;1,4,0,2,0 | re | 1,0,4,0,4;1,0,4,4,0;2,1,3,4,0;-2,3,1,0,4;-1,4,0,0,4;-1,4,0,4,0 | im || LEAF 4 || STEP 0 1 2 | -6,0,4,0,0,2;2,0,4,0,2,0;20,2,2,0,0,2;-28,2,2,0,2,0;-6,4,0,0,0,2;2,4,0,0,2,0 | 1,0,0,0,0,2;1,0,0,0,2,0;-1,0,0,2,0,0 | -6,0,4,0,0,0;20,2,2,0,0,0;-6,4,0,0,0,0 | 4,0,4,0,2,0;-3,0,4,2,0,0;-24,2,2,0,2,0;10,2,2,2,0,0;4,4,0,0,2,0;-3,4,0,2,0,0 ## STEP 0 3 8 | 16,0,4,0,1,3;-16,0,4,0,3,1;8,1,3,0,0,4;-48,1,3,0,2,2;8,1,3,0,4,0;-24,3,1,0,0,4;144,3,1,0,2,2;-24,3,1,0,4,0;-16,4,0,0,1,3;16,4,0,0,3,1 | 1,0,0,0,0,2;1,0,0,0,2,0;-1,0,0,2,0,0 | 16,0,4,0,1,1;8,1,3,0,0,2;-56,1,3,0,2,0;8,1,3,2,0,0;-24,3,1,0,0,2;168,3,1,0,2,0;-24,3,1,2,0,0;-16,4,0,0,1,1 | -4,0,4,0,3,1;2,0,4,2,1,1;8,1,3,0,4,0;-8,1,3,2,2,0;1,1,3,4,0,0;-24,3,1,0,4,0;24,3,1,2,2,0;-3,3,1,4,0,0;4,4,0,0,3,1;-2,4,0,2,1,1 ## STEP 0 2 1 | 1,0,0,0,0,2;1,0,0,0,2,0;-1,0,0,2,0,0 | -4,0,4,0,3,1;2,0,4,2,1,1;8,1,3,0,4,0;-8,1,3,2,2,0;1,1,3,4,0,0;-24,3,1,0,4,0;24,3,1,2,2,0;-3,3,1,4,0,0;4,4,0,0,3,1;-2,4,0,2,1,1 | -4,0,4,0,3,1;2,0,4,2,1,1;-8,1,3,0,4,0;8,1,3,2,2,0;-1,1,3,4,0,0;24,3,1,0,4,0;-24,3,1,2,2,0;3,3,1,4,0,0;4,4,0,0,3,1;-2,4,0,2,1,1 | 16,0,8,0,8,0;-32,0,8,2,6,0;20,0,8,4,4,0;-4,0,8,6,2,0;64,2,6,0,8,0;-128,2,6,2,6,0;80,2,6,4,4,0;-16,2,6,6,2,0;1,2,6,8,0,0;-416,4,4,0,8,0;832,4,4,2,6,0;-520,4,4,4,4,0;104,4,4,6,2,0;-6,4,4,8,0,0;576,6,2,0,8,0;-1152,6,2,2,6,0;720,6,2,4,4,0;-144,6,2,6,2,0;9,6,2,8,0,0;16,8,0,0,8,0;-32,8,0,2,6,0;20,8,0,4,4,0;-4,8,0,6,2,0 ## STEP 1 4 16 | 16,0,8,0,8,0;-32,0,8,2,6,0;20,0,8,4,4,0;-4,0,8,6,2,0;64,2,6,0,8,0;-128,2,6,2,6,0;80,2,6,4,4,0;-16,2,6,6,2,0;1,2,6,8,0,0;-416,4,4,0,8,0;832,4,4,2,6,0;-520,4,4,4,4,0;104,4,4,6,2,0;-6,4,4,8,0,0;576,6,2,0,8,0;-1152,6,2,2,6,0;720,6,2,4,4,0;-144,6,2,6,2,0;9,6,2,8,0,0;16,8,0,0,8,0;-32,8,0,2,6,0;20,8,0,4,4,0;-4,8,0,6,2,0 | 4,0,4,0,2,0;-3,0,4,2,0,0;-24,2,2,0,2,0;10,2,2,2,0,0;4,4,0,0,2,0;-3,4,0,2,0,0 | 1024,0,20,0,6,0;-1280,0,20,2,4,0;320,0,20,4,2,0;-16,0,20,6,0,0;-14336,2,18,0,6,0;19968,2,18,2,4,0;-5504,2,18,4,2,0;96,2,18,6,0,0;13312,4,16,0,6,0;-33024,4,16,2,4,0;16448,4,16,4,2,0;1840,4,16,6,0,0;712704,6,14,0,6,0;-964608,6,14,2,4,0;251392,6,14,4,2,0;-384,6,14,6,0,0;-4536320,8,12,0,6,0;6669824,8,12,2,4,0;-2118016,8,12,4,2,0;-8992,8,12,6,0,0;11218944,10,10,0,6,0;-17026048,10,10,2,4,0;5809920,10,10,4,2,0;64,10,10,6,0,0;-12204032,12,8,0,6,0;18679296,12,8,2,4,0;-6513024,12,8,4,2,0;24800,12,8,6,0,0;4317184,14,6,0,6,0;-6256640,14,6,2,4,0;1902080,14,6,4,2,0;25216,14,6,6,0,0;-576512,16,4,0,6,0;769792,16,4,2,4,0;-200640,16,4,4,2,0;6960,16,4,6,0,0;18432,18,2,0,6,0;-20992,18,2,2,4,0;4736,18,2,4,2,0;-416,18,2,6,0,0;1024,20,0,0,6,0;-1280,20,0,2,4,0;320,20,0,4,2,0;-16,20,0,6,0,0 | -3,0,24,8,0,0;44,2,22,8,0,0;-198,4,20,8,0,0;4764,6,18,8,0,0;-40653,8,16,8,0,0;154840,10,14,8,0,0;-313300,12,12,8,0,0;332312,14,10,8,0,0;-166093,16,8,8,0,0;34300,18,6,8,0,0;-1990,20,4,8,0,0;76,22,2,8,0,0;-3,24,0,8,0,0 || END -3,0,24,8,0,0;44,2,22,8,0,0;-198,4,20,8,0,0;4764,6,18,8,0,0;-40653,8,16,8,0,0;154840,10,14,8,0,0;-313300,12,12,8,0,0;332312,14,10,8,0,0;-166093,16,8,8,0,0;34300,18,6,8,0,0;-1990,20,4,8,0,0;76,22,2,8,0,0;-3,24,0,8,0,0
CORES 1,0,4,0,2;1,0,4,2,0;-2,2,2,1,1;1,4,0,0,2;1,4,0,2,0 | re | 1,0,4,0,4;1,0,4,4,0;2,1,3,0,4;-2,3,1,4,0;-1,4,0,0,4;-1,4,0,4,0 | im || LEAF 4 || STEP 0 1 2 | -6,0,4,0,0,2;2,0,4,0,2,0;20,2,2,0,0,2;-28,2,2,0,2,0;-6,4,0,0,0,2;2,4,0,0,2,0 | 1,0,0,0,0,2;1,0,0,0,2,0;-1,0,0,2,0,0 | -6,0,4,0,0,0;20,2,2,0,0,0;-6,4,0,0,0,0 | 4,0,4,0,2,0;-3,0,4,2,0,0;-24,2,2,0,2,0;10,2,2,2,0,0;4,4,0,0,2,0;-3,4,0,2,0,0 ## STEP 0 3 8 | -16,0,4,0,1,3;16,0,4,0,3,1;8,1,3,0,0,4;-48,1,3,0,2,2;8,1,3,0,4,0;-24,3,1,0,0,4;144,3,1,0,2,2;-24,3,1,0,4,0;16,4,0,0,1,3;-16,4,0,0,3,1 | 1,0,0,0,0,2;1,0,0,0,2,0;-1,0,0,2,0,0 | -16,0,4,0,1,1;8,1,3,0,0,2;-56,1,3,0,2,0;8,1,3,2,0,0;-24,3,1,0,0,2;168,3,1,0,2,0;-24,3,1,2,0,0;16,4,0,0,1,1 | 4,0,4,0,3,1;-2,0,4,2,1,1;8,1,3,0,4,0;-8,1,3,2,2,0;1,1,3,4,0,0;-24,3,1,0,4,0;24,3,1,2,2,0;-3,3,1,4,0,0;-4,4,0,0,3,1;2,4,0,2,1,1 ## STEP 0 2 1 | 1,0,0,0,0,2;1,0,0,0,2,0;-1,0,0,2,0,0 | 4,0,4,0,3,1;-2,0,4,2,1,1;8,1,3,0,4,0;-8,1,3,2,2,0;1,1,3,4,0,0;-24,3,1,0,4,0;24,3,1,2,2,0;-3,3,1,4,0,0;-4,4,0,0,3,1;2,4,0,2,1,1 | 4,0,4,0,3,1;-2,0,4,2,1,1;-8,1,3,0,4,0;8,1,3,2,2,0;-1,1,3,4,0,0;24,3,1,0,4,0;-24,3,1,2,2,0;3,3,1,4,0,0;-4,4,0,0,3,1;2,4,0,2,1,1 | 16,0,8,0,8,0;-32,0,8,2,6,0;20,0,8,4,4,0;-4,0,8,6,2,0;64,2,6,0,8,0;-128,2,6,2,6,0;80,2,6,4,4,0;-16,2,6,6,2,0;1,2,6,8,0,0;-416,4,4,0,8,0;832,4,4,2,6,0;-520,4,4,4,4,0;104,4,4,6,2,0;-6,4,4,8,0,0;576,6,2,0,8,0;-1152,6,2,2,6,0;720,6,2,4,4,0;-144,6,2,6,2,0;9,6,2,8,0,0;16,8,0,0,8,0;-32,8,0,2,6,0;20,8,0,4,4,0;-4,8,0,6,2,0 ## STEP 1 4 16 | 16,0,8,0,8,0;-32,0,8,2,6,0;20,0,8,4,4,0;-4,0,8,6,2,0;64,2,6,0,8,0;-128,2,6,2,6,0;80,2,6,4,4,0;-16,2,6,6,2,0;1,2,6,8,0,0;-416,4,4,0,8,0;832,4,4,2,6,0;-520,4,4,4,4,0;104,4,4,6,2,0;-6,4,4,8,0,0;576,6,2,0,8,0;-1152,6,2,2,6,0;720,6,2,4,4,0;-144,6,2,6,2,0;9,6,2,8,0,0;16,8,0,0,8,0;-32,8,0,2,6,0;20,8,0,4,4,0;-4,8,0,6,2,0 | 4,0,4,0,2,0;-3,0,4,2,0,0;-24,2,2,0,2,0;10,2,2,2,0,0;4,4,0,0,2,0;-3,4,0,2,0,0 | 1024,0,20,0,6,0;-1280,0,20,2,4,0;320,0,20,4,2,0;-16,0,20,6,0,0;-14336,2,18,0,6,0;19968,2,18,2,4,0;-5504,2,18,4,2,0;96,2,18,6,0,0;13312,4,16,0,6,0;-33024,4,16,2,4,0;16448,4,16,4,2,0;1840,4,16,6,0,0;712704,6,14,0,6,0;-964608,6,14,2,4,0;251392,6,14,4,2,0;-384,6,14,6,0,0;-4536320,8,12,0,6,0;6669824,8,12,2,4,0;-2118016,8,12,4,2,0;-8992,8,12,6,0,0;11218944,10,10,0,6,0;-17026048,10,10,2,4,0;5809920,10,10,4,2,0;64,10,10,6,0,0;-12204032,12,8,0,6,0;18679296,12,8,2,4,0;-6513024,12,8,4,2,0;24800,12,8,6,0,0;4317184,14,6,0,6,0;-6256640,14,6,2,4,0;1902080,14,6,4,2,0;25216,14,6,6,0,0;-576512,16,4,0,6,0;769792,16,4,2,4,0;-200640,16,4,4,2,0;6960,16,4,6,0,0;18432,18,2,0,6,0;-20992,18,2,2,4,0;4736,18,2,4,2,0;-416,18,2,6,0,0;1024,20,0,0,6,0;-1280,20,0,2,4,0;320,20,0,4,2,0;-16,20,0,6,0,0 | -3,0,24,8,0,0;44,2,22,8,0,0;-198,4,20,8,0,0;4764,6,18,8,0,0;-40653,8,16,8,0,0;154840,10,14,8,0,0;-313300,12,12,8,0,0;332312,14,10,8,0,0;-166093,16,8,8,0,0;34300,18,6,8,0,0;-1990,20,4,8,0,0;76,22,2,8,0,0;-3,24,0,8,0,0 || END -3,0,24,8,0,0;44,2,22,8,0,0;-198,4,20,8,0,0;4764,6,18,8,0,0;-40653,8,16,8,0,0;154840,10,14,8,0,0;-313300,12,12,8,0,0;332312,14,10,8,0,0;-166093,16,8,8,0,0;34300,18,6,8,0,0;-1990,20,4,8,0,0;76,22,2,8,0,0;-3,24,0,8,0,0
CORES 1,0,4,0,4;1,0,4,2,2;2,1,3,4,0;-2,3,1,0,4;-1,4,0,2,2;-1,4,0,4,0 | im | -1,0,4,0,2;2,0,4,2,0;-2,4,0,0,2;1,4,0,2,0 | im || LEAF 5 || STEP 0 3 8 | 24,0,4,0,1,3;-24,0,4,0,3,1;8,1,3,0,0,4;16,1,3,0,2,2;8,1,3,0,4,0;-48,2,2,0,1,3;48,2,2,0,3,1;-24,3,1,0,0,4;80,3,1,0,2,2;-24,3,1,0,4,0;-8,4,0,0,1,3;8,4,0,0,3,1 | 1,0,0,0,0,2;1,0,0,0,2,0;-1,0,0,2,0,0 | 24,0,4,0,1,1;8,1,3,0,0,2;8,1,3,0,2,0;8,1,3,2,0,0;-48,2,2,0,1,1;-24,3,1,0,0,2;104,3,1,0,2,0;-24,3,1,2,0,0;-8,4,0,0,1,1 | -6,0,4,0,3,1;3,0,4,2,1,1;1,1,3,4,0,0;12,2,2,0,3,1;-6,2,2,2,1,1;-16,3,1,0,4,0;16,3,1,2,2,0;-3,3,1,4,0,0;2,4,0,0,3,1;-1,4,0,2,1,1 ## STEP 0 2 1 | 1,0,0,0,0,2;1,0,0,0,2,0;-1,0,0,2,0,0 | -6,0,4,0,3,1;3,0,4,2,1,1;1,1,3,4,0,0;12,2,2,0,3,1;-6,2,2,2,1,1;-16,3,1,0,4,0;16,3,1,2,2,0;-3,3,1,4,0,0;2,4,0,0,3,1;-1,4,0,2,1,1 | -6,0,4,0,3,1;3,0,4,2,1,1;-1,1,3,4,0,0;12,2,2,0,3,1;-6,2,2,2,1,1;16,3,1,0,4,0;-16,3,1,2,2,0;3,3,1,4,0,0;2,4,0,0,3,1;-1,4,0,2,1,1 | 36,0,8,0,8,0;-72,0,8,2,6,0;45,0,8,4,4,0;-9,0,8,6,2,0;-144,2,6,0,8,0;288,2,6,2,6,0;-180,2,6,4,4,0;36,2,6,6,2,0;1,2,6,8,0,0;120,4,4,0,8,0;-240,4,4,2,6,0;118,4,4,4,4,0;2,4,4,6,2,0;-6,4,4,8,0,0;304,6,2,0,8,0;-608,6,2,2,6,0;412,6,2,4,4,0;-108,6,2,6,2,0;9,6,2,8,0,0;4,8,0,0,8,0;-8,8,0,2,6,0;5,8,0,4,4,0;-1,8,0,6,2,0 ## STEP 0 1 4 | 12,0,4,0,1,1;-8,1,3,0,0,2;8,1,3,0,2,0;-72,2,2,0,1,1;8,3,1,0,0,2;-8,3,1,0,2,0;12,4,0,0,1,1 | 1,0,0,0,0,2;1,0,0,0,2,0;-1,0,0,2,0,0 | -8,1,3,0,0,0;8,3,1,0,0,0 | 3,0,4,0,1,1;4,1,3,0,2,0;-2,1,3,2,0,0;-18,2,2,0,1,1;-4,3,1,0,2,0;2,3,1,2,0,0;3,4,0,0,1,1 ## STEP 0 2 1 | 1,0,0,0,0,2;1,0,0,0,2,0;-1,0,0,2,0,0 | 3,0,4,0,1,1;4,1,3,0,2,0;-2,1,3,2,0,0;-18,2,2,0,1,1;-4,3,1,0,2,0;2,3,1,2,0,0;3,4,0,0,1,1 | 3,0,4,0,1,1;-4,1,3,0,2,0;2,1,3,2,0,0;-18,2,2,0,1,1;4,3,1,0,2,0;-2,3,1,2,0,0;3,4,0,0,1,1 | 9,0,8,0,4,0;-9,0,8,2,2,0;-92,2,6,0,4,0;92,2,6,2,2,0;4,2,6,4,0,0;310,4,4,0,4,0;-310,4,4,2,2,0;-8,4,4,4,0,0;-92,6,2,0,4,0;92,6,2,2,2,0;4,6,2,4,0,0;9,8,0,0,4,0;-9,8,0,2,2,0 ## STEP 1 3 1 | 36,0,8,0,8,0;-72,0,8,2,6,0;45,0,8,4,4,0;-9,0,8,6,2,0;-144,2,6,0,8,0;288,2,6,2,6,0;-180,2,6,4,4,0;36,2,6,6,2,0;1,2,6,8,0,0;120,4,4,0,8,0;-240,4,4,2,6,0;118,4,4,4,4,0;2,4,4,6,2,0;-6,4,4,8,0,0;304,6,2,0,8,0;-608,6,2,2,6,0;412,6,2,4,4,0;-108,6,2,6,2,0;9,6,2,8,0,0;4,8,0,0,8,0;-8,8,0,2,6,0;5,8,0,4,4,0;-1,8,0,6,2,0 | 9,0,8,0,4,0;-9,0,8,2,2,0;-92,2,6,0,4,0;92,2,6,2,2,0;4,2,6,4,0,0;310,4,4,0,4,0;-310,4,4,2,2,0;-8,4,4,4,0,0;-92,6,2,0,4,0;92,6,2,2,2,0;4,6,2,4,0,0;9,8,0,0,4,0;-9,8,0,2,2,0 | 2916,0,24,0,4,0;-2916,0,24,2,2,0;729,0,24,4,0,0;-71280,2,22,0,4,0;71280,2,22,2,2,0;-19116,2,22,4,0,0;753768,4,20,0,4,0;-753768,4,20,2,2,0;206874,4,20,4,0,0;-4309488,6,18,0,4,0;4309488,6,18,2,2,0;-1161900,6,18,4,0,0;13709244,8,16,0,4,0;-13709244,8,16,2,2,0;3372271,8,16,4,0,0;-21193184,10,14,0,4,0;21193184,10,14,2,2,0;-3613976,10,14,4,0,0;4753200,12,12,0,4,0;-4753200,12,12,2,2,0;-4230452,12,12,4,0,0;25049504,14,10,0,4,0;-25049504,14,10,2,2,0;12426248,14,10,4,0,0;-15464164,16,8,0,4,0;15464164,16,8,2,2,0;-6734521,16,8,4,0,0;3824208,18,6,0,4,0;-3824208,18,6,2,2,0;1579844,18,6,4,0,0;-437528,20,4,0,4,0;437528,20,4,2,2,0;-174150,20,4,4,0,0;18000,22,2,0,4,0;-18000,22,2,2,2,0;6948,22,2,4,0,0;324,24,0,0,4,0;-324,24,0,2,2,0;81,24,0,4,0,0 | -2187,2,30,8,0,0;55566,4,28,8,0,0;-538785,6,26,8,0,0;2013580,8,24,8,0,0;4095149,10,22,8,0,0;-70985678,12,20,8,0,0;301658575,14,18,8,0,0;-650387800,16,16,8,0,0;752137879,18,14,8,0,0;-451794542,20,12,8,0,0;152953205,22,10,8,0,0;-30655988,24,8,8,0,0;3621447,26,6,8,0,0;-232722,28,4,8,0,0;6237,30,2,8,0,0 || END -2187,2,30,8,0,0;55566,4,28,8,0,0;-538785,6,26,8,0,0;2013580,8,24,8,0,0;4095149,10,22,8,0,0;-70985678,12,20,8,0,0;301658575,14,18,8,0,0;-650387800,16,16,8,0,0;752137879,18,14,8,0,0;-451794542,20,12,8,0,0;152953205,22,10,8,0,0;-30655988,24,8,8,0,0;3621447,26,6,8,0,0;-232722,28,4,8,0,0;6237,30,2,8,0,0
CORES -1,0,4,1,1;-1,0,4,2,0;2,1,3,2,0;-2,3,1,0,2;1,4,0,0,2;1,4,0,1,1 | im | 2,0,4,0,1;-1,0,4,1,0;1,4,0,0,1;-2,4,0,1,0 | im || LEAF 4 || STEP 0 1 4 | -12,0,4,0,1,1;8,1,3,0,0,2;-24,1,3,0,2,0;24,2,2,0,1,1;8,3,1,0,0,2;8,3,1,0,2,0;4,4,0,0,1,1 | 1,0,0,0,0,2;1,0,0,0,2,0;-1,0,0,2,0,0 | 8,1,3,0,0,0;8,3,1,0,0,0 | -3,0,4,0,1,1;-8,1,3,0,2,0;2,1,3,2,0,0;6,2,2,0,1,1;2,3,1,2,0,0;1,4,0,0,1,1 ## STEP 0 2 1 | 1,0,0,0,0,2;1,0,0,0,2,0;-1,0,0,2,0,0 | -3,0,4,0,1,1;-8,1,3,0,2,0;2,1,3,2,0,0;6,2,2,0,1,1;2,3,1,2,0,0;1,4,0,0,1,1 | -3,0,4,0,1,1;8,1,3,0,2,0;-2,1,3,2,0,0;6,2,2,0,1,1;-2,3,1,2,0,0;1,4,0,0,1,1 | 9,0,8,0,4,0;-9,0,8,2,2,0;28,2,6,0,4,0;4,2,6,2,2,0;4,2,6,4,0,0;30,4,4,0,4,0;-62,4,4,2,2,0;8,4,4,4,0,0;12,6,2,0,4,0;-12,6,2,2,2,0;4,6,2,4,0,0;1,8,0,0,4,0;-1,8,0,2,2,0 ## STEP 0 2 4 | 1,0,0,0,0,2;1,0,0,0,2,0;-1,0,0,2,0,0 | -6,0,4,0,0,1;8,1,3,0,1,0;36,2,2,0,0,1;-8,3,1,0,1,0;-6,4,0,0,0,1 | -6,0,4,0,0,1;-8,1,3,0,1,0;36,2,2,0,0,1;8,3,1,0,1,0;-6,4,0,0,0,1 | 9,0,8,0,2,0;-9,0,8,2,0,0;-92,2,6,0,2,0;108,2,6,2,0,0;310,4,4,0,2,0;-342,4,4,2,0,0;-92,6,2,0,2,0;108,6,2,2,0,0;9,8,0,0,2,0;-9,8,0,2,0,0 ## STEP 1 2 4 | 9,0,8,0,4,0;-9,0,8,2,2,0;28,2,6,0,4,0;4,2,6,2,2,0;4,2,6,4,0,0;30,4,4,0,4,0;-62,4,4,2,2,0;8,4,4,4,0,0;12,6,2,0,4,0;-12,6,2,2,2,0;4,6,2,4,0,0;1,8,0,0,4,0;-1,8,0,2,2,0 | 9,0,8,0,2,0;-9,0,8,2,0,0;-92,2,6,0,2,0;108,2,6,2,0,0;310,4,4,0,2,0;-342,4,4,2,0,0;-92,6,2,0,2,0;108,6,2,2,0,0;9,8,0,0,2,0;-9,8,0,2,0,0 | 81,0,16,0,2,0;-576,2,14,0,2,0;144,2,14,2,0,0;484,4,12,0,2,0;-3392,4,12,2,0,0;5200,6,10,0,2,0;13136,6,10,2,0,0;5710,8,8,0,2,0;-12544,8,8,2,0,0;1120,10,6,0,2,0;3120,10,6,2,0,0;-524,12,4,0,2,0;-448,12,4,2,0,0;16,14,2,0,2,0;-16,14,2,2,0,0;9,16,0,0,2,0 | 405,2,22,4,0,0;-13014,4,20,4,0,0;144265,6,18,4,0,0;-709064,8,16,4,0,0;1570586,10,14,4,0,0;-1411076,12,12,4,0,0;656906,14,10,4,0,0;-182600,16,8,4,0,0;28561,18,6,4,0,0;-2070,20,4,4,0,0;45,22,2,4,0,0 || END 405,2,22,4,0,0;-13014,4,20,4,0,0;144265,6,18,4,0,0;-709064,8,16,4,0,0;1570586,10,14,4,0,0;-1411076,12,12,4,0,0;656906,14,10,4,0,0;-182600,16,8,4,0,0;28561,18,6,4,0,0;-2070,20,4,4,0,0;45,22,2,4,0,0
CORES -1,0,4,2,2;-1,0,4,4,0;2,1,3,4,0;-2,3,1,0,4;1,4,0,0,4;1,4,0,2,2 | im | 2,0,4,0,2;-1,0,4,2,0;1,4,0,0,2;-2,4,0,2,0 | im || LEAF 5 || STEP 0 3 8 | 24,0,4,0,1,3;-24,0,4,0,3,1;-24,1,3,0,0,4;80,1,3,0,2,2;-24,1,3,0,4,0;-48,2,2,0,1,3;48,2,2,0,3,1;8,3,1,0,0,4;16,3,1,0,2,2;8,3,1,0,4,0;-8,4,0,0,1,3;8,4,0,0,3,1 | 1,0,0,0,0,2;1,0,0,0,2,0;-1,0,0,2,0,0 | 24,0,4,0,1,1;-24,1,3,0,0,2;104,1,3,0,2,0;-24,1,3,2,0,0;-48,2,2,0,1,1;8,3,1,0,0,2;8,3,1,0,2,0;8,3,1,2,0,0;-8,4,0,0,1,1 | -6,0,4,0,3,1;3,0,4,2,1,1;-16,1,3,0,4,0;16,1,3,2,2,0;-3,1,3,4,0,0;12,2,2,0,3,1;-6,2,2,2,1,1;1,3,1,4,0,0;2,4,0,0,3,1;-1,4,0,2,1,1 ## STEP 0 2 1 | 1,0,0,0,0,2;1,0,0,0,2,0;-1,0,0,2,0,0 | -6,0,4,0,3,1;3,0,4,2,1,1;-16,1,3,0,4,0;16,1,3,2,2,0;-3,1,3,4,0,0;12,2,2,0,3,1;-6,2,2,2,1,1;1,3,1,4,0,0;2,4,0,0,3,1;-1,4,0,2,1,1 | -6,0,4,0,3,1;3,0,4,2,1,1;16,1,3,0,4,0;-16,1,3,2,2,0;3,1,3,4,0,0;12,2,2,0,3,1;-6,2,2,2,1,1;-1,3,1,4,0,0;2,4,0,0,3,1;-1,4,0,2,1,1 | 36,0,8,0,8,0;-72,0,8,2,6,0;45,0,8,4,4,0;-9,0,8,6,2,0;112,2,6,0,8,0;-224,2,6,2,6,0;172,2,6,4,4,0;-60,2,6,6,2,0;9,2,6,8,0,0;120,4,4,0,8,0;-240,4,4,2,6,0;118,4,4,4,4,0;2,4,4,6,2,0;-6,4,4,8,0,0;48,6,2,0,8,0;-96,6,2,2,6,0;60,6,2,4,4,0;-12,6,2,6,2,0;1,6,2,8,0,0;4,8,0,0,8,0;-8,8,0,2,6,0;5,8,0,4,4,0;-1,8,0,6,2,0 ## STEP 0 1 4 | -12,0,4,0,1,1;-8,1,3,0,0,2;8,1,3,0,2,0;72,2,2,0,1,1;8,3,1,0,0,2;-8,3,1,0,2,0;-12,4,0,0,1,1 | 1,0,0,0,0,2;1,0,0,0,2,0;-1,0,0,2,0,0 | -8,1,3,0,0,0;8,3,1,0,0,0 | -3,0,4,0,1,1;4,1,3,0,2,0;-2,1,3,2,0,0;18,2,2,0,1,1;-4,3,1,0,2,0;2,3,1,2,0,0;-3,4,0,0,1,1 ## STEP 0 2 1 | 1,0,0,0,0,2;1,0,0,0,2,0;-1,0,0,2,0,0 | -3,0,4,0,1,1;4,1,3,0,2,0;-2,1,3,2,0,0;18,2,2,0,1,1;-4,3,1,0,2,0;2,3,1,2,0,0;-3,4,0,0,1,1 | -3,0,4,0,1,1;-4,1,3,0,2,0;2,1,3,2,0,0;18,2,2,0,1,1;4,3,1,0,2,0;-2,3,1,2,0,0;-3,4,0,0,1,1 | 9,0,8,0,4,0;-9,0,8,2,2,0;-92,2,6,0,4,0;92,2,6,2,2,0;4,2,6,4,0,0;310,4,4,0,4,0;-310,4,4,2,2,0;-8,4,4,4,0,0;-92,6,2,0,4,0;92,6,2,2,2,0;4,6,2,4,0,0;9,8,0,0,4,0;-9,8,0,2,2,0 ## STEP 1 3 1 | 36,0,8,0,8,0;-72,0,8,2,6,0;45,0,8,4,4,0;-9,0,8,6,2,0;112,2,6,0,8,0;-224,2,6,2,6,0;172,2,6,4,4,0;-60,2,6,6,2,0;9,2,6,8,0,0;120,4,4,0,8,0;-240,4,4,2,6,0;118,4,4,4,4,0;2,4,4,6,2,0;-6,4,4,8,0,0;48,6,2,0,8,0;-96,6,2,2,6,0;60,6,2,4,4,0;-12,6,2,6,2,0;1,6,2,8,0,0;4,8,0,0,8,0;-8,8,0,2,6,0;5,8,0,4,4,0;-1,8,0,6,2,0 | 9,0,8,0,4,0;-9,0,8,2,2,0;-92,2,6,0,4,0;92,2,6,2,2,0;4,2,6,4,0,0;310,4,4,0,4,0;-310,4,4,2,2,0;-8,4,4,4,0,0;-92,6,2,0,4,0;92,6,2,2,2,0;4,6,2,4,0,0;9,8,0,0,4,0;-9,8,0,2,2,0 | 2916,0,24,0,4,0;-2916,0,24,2,2,0;729,0,24,4,0,0;-50544,2,22,0,4,0;50544,2,22,2,2,0;-11340,2,22,4,0,0;329832,4,20,0,4,0;-329832,4,20,2,2,0;38682,4,20,4,0,0;-734960,6,18,0,4,0;734960,6,18,2,2,0;291188,6,18,4,0,0;-892996,8,16,0,4,0;892996,8,16,2,2,0;-2609425,8,16,4,0,0;4188192,10,14,0,4,0;-4188192,10,14,2,2,0;6614696,10,14,4,0,0;4753200,12,12,0,4,0;-4753200,12,12,2,2,0;-4230452,12,12,4,0,0;-331872,14,10,0,4,0;331872,14,10,2,2,0;2197576,14,10,4,0,0;-861924,16,8,0,4,0;861924,16,8,2,2,0;-752825,16,8,4,0,0;249680,18,6,0,4,0;-249680,18,6,2,2,0;126756,18,6,4,0,0;-13592,20,4,0,4,0;13592,20,4,2,2,0;-5958,20,4,4,0,0;-2736,22,2,0,4,0;2736,22,2,2,2,0;-828,22,2,4,0,0;324,24,0,0,4,0;-324,24,0,2,2,0;81,24,0,4,0,0 | 3645,2,30,8,0,0;-154386,4,28,8,0,0;2621223,6,26,8,0,0;-23725556,8,24,8,0,0;125292245,10,22,8,0,0;-390392942,12,20,8,0,0;689145079,14,18,8,0,0;-650387800,16,16,8,0,0;364651375,18,14,8,0,0;-132387278,20,12,8,0,0;31756109,22,10,8,0,0;-4916852,24,8,8,0,0;461439,26,6,8,0,0;-22770,28,4,8,0,0;405,30,2,8,0,0 || END 3645,2,30,8,0,0;-154386,4,28,8,0,0;2621223,6,26,8,0,0;-23725556,8,24,8,0,0;125292245,10,22,8,0,0;-390392942,12,20,8,0,0;689145079,14,18,8,0,0;-650387800,16,16,8,0,0;364651375,18,14,8,0,0;-132387278,20,12,8,0,0;31756109,22,10,8,0,0;-4916852,24,8,8,0,0;461439,26,6,8,0,0;-22770,28,4,8,0,0;405,30,2,8,0,0
CORES 1,0,4,0,4;-1,0,4,2,2;2,1,3,0,4;-2,3,1,4,0;1,4,0,2,2;-1,4,0,4,0 | im | -1,0,4,0,2;-2,0,4,2,0;-2,4,0,0,2;-1,4,0,2,0 | re || LEAF 5 || STEP 0 3 8 | -8,0,4,0,1,3;8,0,4,0,3,1;-8,1,3,0,0,4;-16,1,3,0,2,2;-8,1,3,0,4,0;-48,2,2,0,1,3;48,2,2,0,3,1;-8,3,1,0,0,4;112,3,1,0,2,2;-8,3,1,0,4,0;24,4,0,0,1,3;-24,4,0,0,3,1 | 1,0,0,0,0,2;1,0,0,0,2,0;-1,0,0,2,0,0 | -8,0,4,0,1,1;-8,1,3,0,0,2;-8,1,3,0,2,0;-8,1,3,2,0,0;-48,2,2,0,1,1;-8,3,1,0,0,2;120,3,1,0,2,0;-8,3,1,2,0,0;24,4,0,0,1,1 | 2,0,4,0,3,1;-1,0,4,2,1,1;-1,1,3,4,0,0;12,2,2,0,3,1;-6,2,2,2,1,1;-16,3,1,0,4,0;16,3,1,2,2,0;-1,3,1,4,0,0;-6,4,0,0,3,1;3,4,0,2,1,1 ## STEP 0 2 1 | 1,0,0,0,0,2;1,0,0,0,2,0;-1,0,0,2,0,0 | 2,0,4,0,3,1;-1,0,4,2,1,1;-1,1,3,4,0,0;12,2,2,0,3,1;-6,2,2,2,1,1;-16,3,1,0,4,0;16,3,1,2,2,0;-1,3,1,4,0,0;-6,4,0,0,3,1;3,4,0,2,1,1 | 2,0,4,0,3,1;-1,0,4,2,1,1;1,1,3,4,0,0;12,2,2,0,3,1;-6,2,2,2,1,1;16,3,1,0,4,0;-16,3,1,2,2,0;1,3,1,4,0,0;-6,4,0,0,3,1;3,4,0,2,1,1 | 4,0,8,0,8,0;-8,0,8,2,6,0;5,0,8,4,4,0;-1,0,8,6,2,0;48,2,6,0,8,0;-96,2,6,2,6,0;60,2,6,4,4,0;-12,2,6,6,2,0;1,2,6,8,0,0;120,4,4,0,8,0;-240,4,4,2,6,0;182,4,4,4,4,0;-62,4,4,6,2,0;2,4,4,8,0,0;112,6,2,0,8,0;-224,6,2,2,6,0;108,6,2,4,4,0;4,6,2,6,2,0;1,6,2,8,0,0;36,8,0,0,8,0;-72,8,0,2,6,0;45,8,0,4,4,0;-9,8,0,6,2,0 ## STEP 0 1 2 | 6,0,4,0,0,2;-6,0,4,0,2,0;16,1,3,0,1,1;-36,2,2,0,0,2;36,2,2,0,2,0;-16,3,1,0,1,1;6,4,0,0,0,2;-6,4,0,0,2,0 | 1,0,0,0,0,2;1,0,0,0,2,0;-1,0,0,2,0,0 | 6,0,4,0,0,0;-36,2,2,0,0,0;6,4,0,0,0,0 | -6,0,4,0,2,0;3,0,4,2,0,0;8,1,3,0,1,1;36,2,2,0,2,0;-18,2,2,2,0,0;-8,3,1,0,1,1;-6,4,0,0,2,0;3,4,0,2,0,0 ## STEP 0 2 1 | 1,0,0,0,0,2;1,0,0,0,2,0;-1,0,0,2,0,0 | -6,0,4,0,2,0;3,0,4,2,0,0;8,1,3,0,1,1;36,2,2,0,2,0;-18,2,2,2,0,0;-8,3,1,0,1,1;-6,4,0,0,2,0;3,4,0,2,0,0 | 6,0,4,0,2,0;-3,0,4,2,0,0;8,1,3,0,1,1;-36,2,2,0,2,0;18,2,2,2,0,0;-8,3,1,0,1,1;6,4,0,0,2,0;-3,4,0,2,0,0 | 36,0,8,0,4,0;-36,0,8,2,2,0;9,0,8,4,0,0;-368,2,6,0,4,0;368,2,6,2,2,0;-108,2,6,4,0,0;1240,4,4,0,4,0;-1240,4,4,2,2,0;342,4,4,4,0,0;-368,6,2,0,4,0;368,6,2,2,2,0;-108,6,2,4,0,0;36,8,0,0,4,0;-36,8,0,2,2,0;9,8,0,4,0,0 ## STEP 1 3 64 | 4,0,8,0,8,0;-8,0,8,2,6,0;5,0,8,4,4,0;-1,0,8,6,2,0;48,2,6,0,8,0;-96,2,6,2,6,0;60,2,6,4,4,0;-12,2,6,6,2,0;1,2,6,8,0,0;120,4,4,0,8,0;-240,4,4,2,6,0;182,4,4,4,4,0;-62,4,4,6,2,0;2,4,4,8,0,0;112,6,2,0,8,0;-224,6,2,2,6,0;108,6,2,4,4,0;4,6,2,6,2,0;1,6,2,8,0,0;36,8,0,0,8,0;-72,8,0,2,6,0;45,8,0,4,4,0;-9,8,0,6,2,0 | 36,0,8,0,4,0;-36,0,8,2,2,0;9,0,8,4,0,0;-368,2,6,0,4,0;368,2,6,2,2,0;-108,2,6,4,0,0;1240,4,4,0,4,0;-1240,4,4,2,2,0;342,4,4,4,0,0;-368,6,2,0,4,0;368,6,2,2,2,0;-108,6,2,4,0,0;36,8,0,0,4,0;-36,8,0,2,2,0;9,8,0,4,0,0 | 5184,0,24,0,4,0;-5184,0,24,2,2,0;-43776,2,22,0,4,0;43776,2,22,2,2,0;2304,2,22,4,0,0;-217472,4,20,0,4,0;217472,4,20,2,2,0;40960,4,20,4,0,0;3994880,6,18,0,4,0;-3994880,6,18,2,2,0;-1029376,6,18,4,0,0;-13790784,8,16,0,4,0;13790784,8,16,2,2,0;8597504,8,16,4,0,0;-5309952,10,14,0,4,0;5309952,10,14,2,2,0;-36488704,10,14,4,0,0;76051200,12,12,0,4,0;-76051200,12,12,2,2,0;86700032,12,12,4,0,0;67011072,14,10,0,4,0;-67011072,14,10,2,2,0;-89082368,14,10,4,0,0;-14287936,16,8,0,4,0;14287936,16,8,2,2,0;38178816,16,8,4,0,0;-11759360,18,6,0,4,0;11759360,18,6,2,2,0;-7598848,18,6,4,0,0;5277312,20,4,0,4,0;-5277312,20,4,2,2,0;700416,20,4,4,0,0;-808704,22,2,0,4,0;808704,22,2,2,2,0;-20736,22,2,4,0,0;46656,24,0,0,4,0;-46656,24,0,2,2,0 | 405,2,30,8,0,0;-22770,4,28,8,0,0;461439,6,26,8,0,0;-4916852,8,24,8,0,0;31756109,10,22,8,0,0;-132387278,12,20,8,0,0;364651375,14,18,8,0,0;-650387800,16,16,8,0,0;689145079,18,14,8,0,0;-390392942,20,12,8,0,0;125292245,22,10,8,0,0;-23725556,24,8,8,0,0;2621223,26,6,8,0,0;-154386,28,4,8,0,0;3645,30,2,8,0,0 || END 405,2,30,8,0,0;-22770,4,28,8,0,0;461439,6,26,8,0,0;-4916852,8,24,8,0,0;31756109,10,22,8,0,0;-132387278,12,20,8,0,0;364651375,14,18,8,0,0;-650387800,16,16,8,0,0;689145079,18,14,8,0,0;-390392942,20,12,8,0,0;125292245,22,10,8,0,0;-23725556,24,8,8,0,0;2621223,26,6,8,0,0;-154386,28,4,8,0,0;3645,30,2,8,0,0
CORES -1,0,4,0,1;-2,0,4,1,0;-2,4,0,0,1;-1,4,0,1,0 | re | 1,0,4,0,2;-1,0,4,1,1;2,1,3,2,0;-2,3,1,0,2;1,4,0,1,1;-1,4,0,2,0 | im || LEAF 4 || STEP 0 2 4 | 1,0,0,0,0,2;1,0,0,0,2,0;-1,0,0,2,0,0 | -6,0,4,0,1,0;8,1,3,0,0,1;36,2,2,0,1,0;-8,3,1,0,0,1;-6,4,0,0,1,0 | 6,0,4,0,1,0;8,1,3,0,0,1;-36,2,2,0,1,0;-8,3,1,0,0,1;6,4,0,0,1,0 | 9,0,8,0,2,0;-92,2,6,0,2,0;-16,2,6,2,0,0;310,4,4,0,2,0;32,4,4,2,0,0;-92,6,2,0,2,0;-16,6,2,2,0,0;9,8,0,0,2,0 ## STEP 0 1 4 | -12,0,4,0,1,1;-8,1,3,0,0,2;-8,1,3,0,2,0;24,2,2,0,1,1;24,3,1,0,0,2;-8,3,1,0,2,0;4,4,0,0,1,1 | 1,0,0,0,0,2;1,0,0,0,2,0;-1,0,0,2,0,0 | -8,1,3,0,0,0;24,3,1,0,0,0 | -3,0,4,0,1,1;-2,1,3,2,0,0;6,2,2,0,1,1;-8,3,1,0,2,0;6,3,1,2,0,0;1,4,0,0,1,1 ## STEP 0 2 1 | 1,0,0,0,0,2;1,0,0,0,2,0;-1,0,0,2,0,0 | -3,0,4,0,1,1;-2,1,3,2,0,0;6,2,2,0,1,1;-8,3,1,0,2,0;6,3,1,2,0,0;1,4,0,0,1,1 | -3,0,4,0,1,1;2,1,3,2,0,0;6,2,2,0,1,1;8,3,1,0,2,0;-6,3,1,2,0,0;1,4,0,0,1,1 | 9,0,8,0,4,0;-9,0,8,2,2,0;-36,2,6,0,4,0;36,2,6,2,2,0;4,2,6,4,0,0;30,4,4,0,4,0;2,4,4,2,2,0;-24,4,4,4,0,0;76,6,2,0,4,0;-108,6,2,2,2,0;36,6,2,4,0,0;1,8,0,0,4,0;-1,8,0,2,2,0 ## STEP 1 2 4 | 9,0,8,0,4,0;-9,0,8,2,2,0;-36,2,6,0,4,0;36,2,6,2,2,0;4,2,6,4,0,0;30,4,4,0,4,0;2,4,4,2,2,0;-24,4,4,4,0,0;76,6,2,0,4,0;-108,6,2,2,2,0;36,6,2,4,0,0;1,8,0,0,4,0;-1,8,0,2,2,0 | 9,0,8,0,2,0;-92,2,6,0,2,0;-16,2,6,2,0,0;310,4,4,0,2,0;32,4,4,2,0,0;-92,6,2,0,2,0;-16,6,2,2,0,0;9,8,0,0,2,0 | 81,0,16,0,2,0;-81,0,16,2,0,0;-1152,2,14,0,2,0;1296,2,14,2,0,0;6372,4,12,0,2,0;-6948,4,12,2,0,0;-14064,6,10,0,2,0;12608,6,10,2,0,0;5710,8,8,0,2,0;6834,8,8,2,0,0;20384,10,6,0,2,0;-35184,10,6,2,0,0;-6412,12,4,0,2,0;10828,12,4,2,0,0;592,14,2,0,2,0;-864,14,2,2,0,0;9,16,0,0,2,0;-9,16,0,2,0,0 | -243,2,22,4,0,0;3690,4,20,4,0,0;-13775,6,18,4,0,0;-46664,8,16,4,0,0;490442,10,14,4,0,0;-1411076,12,12,4,0,0;1737050,14,10,4,0,0;-845000,16,8,4,0,0;186601,18,6,4,0,0;-18774,20,4,4,0,0;693,22,2,4,0,0 || END -243,2,22,4,0,0;3690,4,20,4,0,0;-13775,6,18,4,0,0;-46664,8,16,4,0,0;490442,10,14,4,0,0;-1411076,12,12,4,0,0;1737050,14,10,4,0,0;-845000,16,8,4,0,0;186601,18,6,4,0,0;-18774,20,4,4,0,0;693,22,2,4,0,0
CORES -1,0,4,0,1;2,0,4,1,0;-2,4,0,0,1;1,4,0,1,0 | im | 1,0,4,0,2;1,0,4,1,1;2,1,3,2,0;-2,3,1,0,2;-1,4,0,1,1;-1,4,0,2,0 | im || LEAF 4 || STEP 0 2 4 | 1,0,0,0,0,2;1,0,0,0,2,0;-1,0,0,2,0,0 | 6,0,4,0,0,1;8,1,3,0,1,0;-36,2,2,0,0,1;-8,3,1,0,1,0;6,4,0,0,0,1 | 6,0,4,0,0,1;-8,1,3,0,1,0;-36,2,2,0,0,1;8,3,1,0,1,0;6,4,0,0,0,1 | 9,0,8,0,2,0;-9,0,8,2,0,0;-92,2,6,0,2,0;108,2,6,2,0,0;310,4,4,0,2,0;-342,4,4,2,0,0;-92,6,2,0,2,0;108,6,2,2,0,0;9,8,0,0,2,0;-9,8,0,2,0,0 ## STEP 0 1 4 | -12,0,4,0,1,1;8,1,3,0,0,2;8,1,3,0,2,0;24,2,2,0,1,1;8,3,1,0,0,2;-24,3,1,0,2,0;4,4,0,0,1,1 | 1,0,0,0,0,2;1,0,0,0,2,0;-1,0,0,2,0,0 | 8,1,3,0,0,0;8,3,1,0,0,0 | -3,0,4,0,1,1;2,1,3,2,0,0;6,2,2,0,1,1;-8,3,1,0,2,0;2,3,1,2,0,0;1,4,0,0,1,1 ## STEP 0 2 1 | 1,0,0,0,0,2;1,0,0,0,2,0;-1,0,0,2,0,0 | -3,0,4,0,1,1;2,1,3,2,0,0;6,2,2,0,1,1;-8,3,1,0,2,0;2,3,1,2,0,0;1,4,0,0,1,1 | -3,0,4,0,1,1;-2,1,3,2,0,0;6,2,2,0,1,1;8,3,1,0,2,0;-2,3,1,2,0,0;1,4,0,0,1,1 | 9,0,8,0,4,0;-9,0,8,2,2,0;-36,2,6,0,4,0;36,2,6,2,2,0;4,2,6,4,0,0;30,4,4,0,4,0;-62,4,4,2,2,0;8,4,4,4,0,0;76,6,2,0,4,0;-44,6,2,2,2,0;4,6,2,4,0,0;1,8,0,0,4,0;-1,8,0,2,2,0 ## STEP 1 2 4 | 9,0,8,0,4,0;-9,0,8,2,2,0;-36,2,6,0,4,0;36,2,6,2,2,0;4,2,6,4,0,0;30,4,4,0,4,0;-62,4,4,2,2,0;8,4,4,4,0,0;76,6,2,0,4,0;-44,6,2,2,2,0;4,6,2,4,0,0;1,8,0,0,4,0;-1,8,0,2,2,0 | 9,0,8,0,2,0;-9,0,8,2,0,0;-92,2,6,0,2,0;108,2,6,2,0,0;310,4,4,0,2,0;-342,4,4,2,0,0;-92,6,2,0,2,0;108,6,2,2,0,0;9,8,0,0,2,0;-9,8,0,2,0,0 | 81,0,16,0,2,0;-1152,2,14,0,2,0;-144,2,14,2,0,0;6372,4,12,0,2,0;576,4,12,2,0,0;-14064,6,10,0,2,0;1456,6,10,2,0,0;5710,8,8,0,2,0;-12544,8,8,2,0,0;20384,10,6,0,2,0;14800,10,6,2,0,0;-6412,12,4,0,2,0;-4416,12,4,2,0,0;592,14,2,0,2,0;272,14,2,2,0,0;9,16,0,0,2,0 | -243,2,22,4,0,0;3690,4,20,4,0,0;-13775,6,18,4,0,0;-46664,8,16,4,0,0;490442,10,14,4,0,0;-1411076,12,12,4,0,0;1737050,14,10,4,0,0;-845000,16,8,4,0,0;186601,18,6,4,0,0;-18774,20,4,4,0,0;693,22,2,4,0,0 || END -243,2,22,4,0,0;3690,4,20,4,0,0;-13775,6,18,4,0,0;-46664,8,16,4,0,0;490442,10,14,4,0,0;-1411076,12,12,4,0,0;1737050,14,10,4,0,0;-845000,16,8,4,0,0;186601,18,6,4,0,0;-18774,20,4,4,0,0;693,22,2,4,0,0
CORES -1,0,2,0,2;-1,0,2,2,0;-2,1,1,1,1;-1,2,0,0,2;-1,2,0,2,0 | re | -1,0,2,0,4;-1,0,2,4,0;2,1,1,0,4;-2,1,1,4,0;1,2,0,0,4;1,2,0,4,0 | im || LEAF 4 || STEP 0 1 2 | -6,0,2,0,0,2;2,0,2,0,2,0;2,2,0,0,0,2;-6,2,0,0,2,0 | 1,0,0,0,0,2;1,0,0,0,2,0;-1,0,0,2,0,0 | -6,0,2,0,0,0;2,2,0,0,0,0 | 4,0,2,0,2,0;-3,0,2,2,0,0;-4,2,0,0,2,0;1,2,0,2,0,0 ## STEP 0 3 8 | 16,0,2,0,1,3;-16,0,2,0,3,1;8,1,1,0,0,4;-48,1,1,0,2,2;8,1,1,0,4,0;16,2,0,0,1,3;-16,2,0,0,3,1 | 1,0,0,0,0,2;1,0,0,0,2,0;-1,0,0,2,0,0 | 16,0,2,0,1,1;8,1,1,0,0,2;-56,1,1,0,2,0;8,1,1,2,0,0;16,2,0,0,1,1 | -4,0,2,0,3,1;2,0,2,2,1,1;8,1,1,0,4,0;-8,1,1,2,2,0;1,1,1,4,0,0;-4,2,0,0,3,1;2,2,0,2,1,1 ## STEP 0 2 1 | 1,0,0,0,0,2;1,0,0,0,2,0;-1,0,0,2,0,0 | -4,0,2,0,3,1;2,0,2,2,1,1;8,1,1,0,4,0;-8,1,1,2,2,0;1,1,1,4,0,0;-4,2,0,0,3,1;2,2,0,2,1,1 | -4,0,2,0,3,1;2,0,2,2,1,1;-8,1,1,0,4,0;8,1,1,2,2,0;-1,1,1,4,0,0;-4,2,0,0,3,1;2,2,0,2,1,1 | 16,0,4,0,8,0;-32,0,4,2,6,0;20,0,4,4,4,0;-4,0,4,6,2,0;96,2,2,0,8,0;-192,2,2,2,6,0;120,2,2,4,4,0;-24,2,2,6,2,0;1,2,2,8,0,0;16,4,0,0,8,0;-32,4,0,2,6,0;20,4,0,4,4,0;-4,4,0,6,2,0 ## STEP 1 4 16 | 16,0,4,0,8,0;-32,0,4,2,6,0;20,0,4,4,4,0;-4,0,4,6,2,0;96,2,2,0,8,0;-192,2,2,2,6,0;120,2,2,4,4,0;-24,2,2,6,2,0;1,2,2,8,0,0;16,4,0,0,8,0;-32,4,0,2,6,0;20,4,0,4,4,0;-4,4,0,6,2,0 | 4,0,2,0,2,0;-3,0,2,2,0,0;-4,2,0,0,2,0;1,2,0,2,0,0 | 1024,0,10,0,6,0;-1280,0,10,2,4,0;320,0,10,4,2,0;-16,0,10,6,0,0;3072,2,8,0,6,0;-3328,2,8,2,4,0;704,2,8,4,2,0;-80,2,8,6,0,0;-14336,4,6,0,6,0;19968,4,6,2,4,0;-5248,4,6,4,2,0;160,4,6,6,0,0;14336,6,4,0,6,0;-23040,6,4,2,4,0;8320,6,4,4,2,0;544,6,4,6,0,0;-3072,8,2,0,6,0;5888,8,2,2,4,0;-3264,8,2,4,2,0;368,8,2,6,0,0;-1024,10,0,0,6,0;1792,10,0,2,4,0;-832,10,0,4,2,0;48,10,0,6,0,0 | -3,0,12,8,0,0;2,2,10,8,0,0;-29,4,8,8,0,0;188,6,6,8,0,0;-29,8,4,8,0,0;2,10,2,8,0,0;-3,12,0,8,0,0 || END -3,0,12,8,0,0;2,2,10,8,0,0;-29,4,8,8,0,0;188,6,6,8,0,0;-29,8,4,8,0,0;2,10,2,8,0,0;-3,12,0,8,0,0
CORES 1,0,2,0,4;1,0,2,4,0;2,1,1,0,4;-2,1,1,4,0;-1,2,0,0,4;-1,2,0,4,0 | im | 1,0,2,0,2;1,0,2,2,0;-2,1,1,1,1;1,2,0,0,2;1,2,0,2,0 | re || LEAF 4 || STEP 0 3 8 | 16,0,2,0,1,3;-16,0,2,0,3,1;-8,1,1,0,0,4;48,1,1,0,2,2;-8,1,1,0,4,0;16,2,0,0,1,3;-16,2,0,0,3,1 | 1,0,0,0,0,2;1,0,0,0,2,0;-1,0,0,2,0,0 | 16,0,2,0,1,1;-8,1,1,0,0,2;56,1,1,0,2,0;-8,1,1,2,0,0;16,2,0,0,1,1 | -4,0,2,0,3,1;2,0,2,2,1,1;-8,1,1,0,4,0;8,1,1,2,2,0;-1,1,1,4,0,0;-4,2,0,0,3,1;2,2,0,2,1,1 ## STEP 0 2 1 | 1,0,0,0,0,2;1,0,0,0,2,0;-1,0,0,2,0,0 | -4,0,2,0,3,1;2,0,2,2,1,1;-8,1,1,0,4,0;8,1,1,2,2,0;-1,1,1,4,0,0;-4,2,0,0,3,1;2,2,0,2,1,1 | -4,0,2,0,3,1;2,0,2,2,1,1;8,1,1,0,4,0;-8,1,1,2,2,0;1,1,1,4,0,0;-4,2,0,0,3,1;2,2,0,2,1,1 | 16,0,4,0,8,0;-32,0,4,2,6,0;20,0,4,4,4,0;-4,0,4,6,2,0;96,2,2,0,8,0;-192,2,2,2,6,0;120,2,2,4,4,0;-24,2,2,6,2,0;1,2,2,8,0,0;16,4,0,0,8,0;-32,4,0,2,6,0;20,4,0,4,4,0;-4,4,0,6,2,0 ## STEP 0 1 2 | 2,0,2,0,0,2;-6,0,2,0,2,0;-6,2,0,0,0,2;2,2,0,0,2,0 | 1,0,0,0,0,2;1,0,0,0,2,0;-1,0,0,2,0,0 | 2,0,2,0,0,0;-6,2,0,0,0,0 | -4,0,2,0,2,0;1,0,2,2,0,0;4,2,0,0,2,0;-3,2,0,2,0,0 ## STEP 1 4 16 | 16,0,4,0,8,0;-32,0,4,2,6,0;20,0,4,4,4,0;-4,0,4,6,2,0;96,2,2,0,8,0;-192,2,2,2,6,0;120,2,2,4,4,0;-24,2,2,6,2,0;1,2,2,8,0,0;16,4,0,0,8,0;-32,4,0,2,6,0;20,4,0,4,4,0;-4,4,0,6,2,0 | -4,0,2,0,2,0;1,0,2,2,0,0;4,2,0,0,2,0;-3,2,0,2,0,0 | -1024,0,10,0,6,0;1792,0,10,2,4,0;-832,0,10,4,2,0;48,0,10,6,0,0;-3072,2,8,0,6,0;5888,2,8,2,4,0;-3264,2,8,4,2,0;368,2,8,6,0,0;14336,4,6,0,6,0;-23040,4,6,2,4,0;8320,4,6,4,2,0;544,4,6,6,0,0;-14336,6,4,0,6,0;19968,6,4,2,4,0;-5248,6,4,4,2,0;160,6,4,6,0,0;3072,8,2,0,6,0;-3328,8,2,2,4,0;704,8,2,4,2,0;-80,8,2,6,0,0;1024,10,0,0,6,0;-1280,10,0,2,4,0;320,10,0,4,2,0;-16,10,0,6,0,0 | -3,0,12,8,0,0;2,2,10,8,0,0;-29,4,8,8,0,0;188,6,6,8,0,0;-29,8,4,8,0,0;2,10,2,8,0,0;-3,12,0,8,0,0 || END -3,0,12,8,0,0;2,2,10,8,0,0;-29,4,8,8,0,0;188,6,6,8,0,0;-29,8,4,8,0,0;2,10,2,8,0,0;-3,12,0,8,0,0
CORES -1,0,4,1,1;1,0,4,2,0;2,1,3,2,0;-2,3,1,0,2;-1,4,0,0,2;1,4,0,1,1 | im | 2,0,4,0,1;1,0,4,1,0;1,4,0,0,1;2,4,0,1,0 | re || LEAF 4 || STEP 0 1 4 | -4,0,4,0,1,1;-8,1,3,0,0,2;-8,1,3,0,2,0;-24,2,2,0,1,1;24,3,1,0,0,2;-8,3,1,0,2,0;12,4,0,0,1,1 | 1,0,0,0,0,2;1,0,0,0,2,0;-1,0,0,2,0,0 | -8,1,3,0,0,0;24,3,1,0,0,0 | -1,0,4,0,1,1;-2,1,3,2,0,0;-6,2,2,0,1,1;-8,3,1,0,2,0;6,3,1,2,0,0;3,4,0,0,1,1 ## STEP 0 2 1 | 1,0,0,0,0,2;1,0,0,0,2,0;-1,0,0,2,0,0 | -1,0,4,0,1,1;-2,1,3,2,0,0;-6,2,2,0,1,1;-8,3,1,0,2,0;6,3,1,2,0,0;3,4,0,0,1,1 | -1,0,4,0,1,1;2,1,3,2,0,0;-6,2,2,0,1,1;8,3,1,0,2,0;-6,3,1,2,0,0;3,4,0,0,1,1 | 1,0,8,0,4,0;-1,0,8,2,2,0;12,2,6,0,4,0;-12,2,6,2,2,0;4,2,6,4,0,0;30,4,4,0,4,0;2,4,4,2,2,0;-24,4,4,4,0,0;28,6,2,0,4,0;-60,6,2,2,2,0;36,6,2,4,0,0;9,8,0,0,4,0;-9,8,0,2,2,0 ## STEP 0 2 4 | 1,0,0,0,0,2;1,0,0,0,2,0;-1,0,0,2,0,0 | 6,0,4,0,1,0;8,1,3,0,0,1;-36,2,2,0,1,0;-8,3,1,0,0,1;6,4,0,0,1,0 | -6,0,4,0,1,0;8,1,3,0,0,1;36,2,2,0,1,0;-8,3,1,0,0,1;-6,4,0,0,1,0 | 9,0,8,0,2,0;-92,2,6,0,2,0;-16,2,6,2,0,0;310,4,4,0,2,0;32,4,4,2,0,0;-92,6,2,0,2,0;-16,6,2,2,0,0;9,8,0,0,2,0 ## STEP 1 2 4 | 1,0,8,0,4,0;-1,0,8,2,2,0;12,2,6,0,4,0;-12,2,6,2,2,0;4,2,6,4,0,0;30,4,4,0,4,0;2,4,4,2,2,0;-24,4,4,4,0,0;28,6,2,0,4,0;-60,6,2,2,2,0;36,6,2,4,0,0;9,8,0,0,4,0;-9,8,0,2,2,0 | 9,0,8,0,2,0;-92,2,6,0,2,0;-16,2,6,2,0,0;310,4,4,0,2,0;32,4,4,2,0,0;-92,6,2,0,2,0;-16,6,2,2,0,0;9,8,0,0,2,0 | 9,0,16,0,2,0;-9,0,16,2,0,0;16,2,14,0,2,0;-524,4,12,0,2,0;972,4,12,2,0,0;1120,6,10,0,2,0;-4240,6,10,2,0,0;5710,8,8,0,2,0;6834,8,8,2,0,0;5200,10,6,0,2,0;-18336,10,6,2,0,0;484,12,4,0,2,0;2908,12,4,2,0,0;-576,14,2,0,2,0;432,14,2,2,0,0;81,16,0,0,2,0;-81,16,0,2,0,0 | 45,2,22,4,0,0;-2070,4,20,4,0,0;28561,6,18,4,0,0;-182600,8,16,4,0,0;656906,10,14,4,0,0;-1411076,12,12,4,0,0;1570586,14,10,4,0,0;-709064,16,8,4,0,0;144265,18,6,4,0,0;-13014,20,4,4,0,0;405,22,2,4,0,0 || END 45,2,22,4,0,0;-2070,4,20,4,0,0;28561,6,18,4,0,0;-182600,8,16,4,0,0;656906,10,14,4,0,0;-1411076,12,12,4,0,0;1570586,14,10,4,0,0;-709064,16,8,4,0,0;144265,18,6,4,0,0;-13014,20,4,4,0,0;405,22,2,4,0,0
CORES 2,0,4,0,2;-1,0,4,2,0;1,4,0,0,2;-2,4,0,2,0 | im | -1,0,4,2,2;-1,0,4,4,0;2,1,3,4,0;-2,3,1,0,4;1,4,0,0,4;1,4,0,2,2 | im || LEAF 5 || STEP 0 1 4 | -12,0,4,0,1,1;-8,1,3,0,0,2;8,1,3,0,2,0;72,2,2,0,1,1;8,3,1,0,0,2;-8,3,1,0,2,0;-12,4,0,0,1,1 | 1,0,0,0,0,2;1,0,0,0,2,0;-1,0,0,2,0,0 | -8,1,3,0,0,0;8,3,1,0,0,0 | -3,0,4,0,1,1;4,1,3,0,2,0;-2,1,3,2,0,0;18,2,2,0,1,1;-4,3,1,0,2,0;2,3,1,2,0,0;-3,4,0,0,1,1 ## STEP 0 2 1 | 1,0,0,0,0,2;1,0,0,0,2,0;-1,0,0,2,0,0 | -3,0,4,0,1,1;4,1,3,0,2,0;-2,1,3,2,0,0;18,2,2,0,1,1;-4,3,1,0,2,0;2,3,1,2,0,0;-3,4,0,0,1,1 | -3,0,4,0,1,1;-4,1,3,0,2,0;2,1,3,2,0,0;18,2,2,0,1,1;4,3,1,0,2,0;-2,3,1,2,0,0;-3,4,0,0,1,1 | 9,0,8,0,4,0;-9,0,8,2,2,0;-92,2,6,0,4,0;92,2,6,2,2,0;4,2,6,4,0,0;310,4,4,0,4,0;-310,4,4,2,2,0;-8,4,4,4,0,0;-92,6,2,0,4,0;92,6,2,2,2,0;4,6,2,4,0,0;9,8,0,0,4,0;-9,8,0,2,2,0 ## STEP 0 3 8 | 24,0,4,0,1,3;-24,0,4,0,3,1;-24,1,3,0,0,4;80,1,3,0,2,2;-24,1,3,0,4,0;-48,2,2,0,1,3;48,2,2,0,3,1;8,3,1,0,0,4;16,3,1,0,2,2;8,3,1,0,4,0;-8,4,0,0,1,3;8,4,0,0,3,1 | 1,0,0,0,0,2;1,0,0,0,2,0;-1,0,0,2,0,0 | 24,0,4,0,1,1;-24,1,3,0,0,2;104,1,3,0,2,0;-24,1,3,2,0,0;-48,2,2,0,1,1;8,3,1,0,0,2;8,3,1,0,2,0;8,3,1,2,0,0;-8,4,0,0,1,1 | -6,0,4,0,3,1;3,0,4,2,1,1;-16,1,3,0,4,0;16,1,3,2,2,0;-3,1,3,4,0,0;12,2,2,0,3,1;-6,2,2,2,1,1;1,3,1,4,0,0;2,4,0,0,3,1;-1,4,0,2,1,1 ## STEP 0 2 1 | 1,0,0,0,0,2;1,0,0,0,2,0;-1,0,0,2,0,0 | -6,0,4,0,3,1;3,0,4,2,1,1;-16,1,3,0,4,0;16,1,3,2,2,0;-3,1,3,4,0,0;12,2,2,0,3,1;-6,2,2,2,1,1;1,3,1,4,0,0;2,4,0,0,3,1;-1,4,0,2,1,1 | -6,0,4,0,3,1;3,0,4,2,1,1;16,1,3,0,4,0;-16,1,3,2,2,0;3,1,3,4,0,0;12,2,2,0,3,1;-6,2,2,2,1,1;-1,3,1,4,0,0;2,4,0,0,3,1;-1,4,0,2,1,1 | 36,0,8,0,8,0;-72,0,8,2,6,0;45,0,8,4,4,0;-9,0,8,6,2,0;112,2,6,0,8,0;-224,2,6,2,6,0;172,2,6,4,4,0;-60,2,6,6,2,0;9,2,6,8,0,0;120,4,4,0,8,0;-240,4,4,2,6,0;118,4,4,4,4,0;2,4,4,6,2,0;-6,4,4,8,0,0;48,6,2,0,8,0;-96,6,2,2,6,0;60,6,2,4,4,0;-12,6,2,6,2,0;1,6,2,8,0,0;4,8,0,0,8,0;-8,8,0,2,6,0;5,8,0,4,4,0;-1,8,0,6,2,0 ## STEP 1 3 1 | 36,0,8,0,8,0;-72,0,8,2,6,0;45,0,8,4,4,0;-9,0,8,6,2,0;112,2,6,0,8,0;-224,2,6,2,6,0;172,2,6,4,4,0;-60,2,6,6,2,0;9,2,6,8,0,0;120,4,4,0,8,0;-240,4,4,2,6,0;118,4,4,4,4,0;2,4,4,6,2,0;-6,4,4,8,0,0;48,6,2,0,8,0;-96,6,2,2,6,0;60,6,2,4,4,0;-12,6,2,6,2,0;1,6,2,8,0,0;4,8,0,0,8,0;-8,8,0,2,6,0;5,8,0,4,4,0;-1,8,0,6,2,0 | 9,0,8,0,4,0;-9,0,8,2,2,0;-92,2,6,0,4,0;92,2,6,2,2,0;4,2,6,4,0,0;310,4,4,0,4,0;-310,4,4,2,2,0;-8,4,4,4,0,0;-92,6,2,0,4,0;92,6,2,2,2,0;4,6,2,4,0,0;9,8,0,0,4,0;-9,8,0,2,2,0 | 2916,0,24,0,4,0;-2916,0,24,2,2,0;729,0,24,4,0,0;-50544,2,22,0,4,0;50544,2,22,2,2,0;-11340,2,22,4,0,0;329832,4,20,0,4,0;-329832,4,20,2,2,0;38682,4,20,4,0,0;-734960,6,18,0,4,0;734960,6,18,2,2,0;291188,6,18,4,0,0;-892996,8,16,0,4,0;892996,8,16,2,2,0;-2609425,8,16,4,0,0;4188192,10,14,0,4,0;-4188192,10,14,2,2,0;6614696,10,14,4,0,0;4753200,12,12,0,4,0;-4753200,12,12,2,2,0;-4230452,12,12,4,0,0;-331872,14,10,0,4,0;331872,14,10,2,2,0;2197576,14,10,4,0,0;-861924,16,8,0,4,0;861924,16,8,2,2,0;-752825,16,8,4,0,0;249680,18,6,0,4,0;-249680,18,6,2,2,0;126756,18,6,4,0,0;-13592,20,4,0,4,0;13592,20,4,2,2,0;-5958,20,4,4,0,0;-2736,22,2,0,4,0;2736,22,2,2,2,0;-828,22,2,4,0,0;324,24,0,0,4,0;-324,24,0,2,2,0;81,24,0,4,0,0 | 3645,2,30,8,0,0;-154386,4,28,8,0,0;2621223,6,26,8,0,0;-23725556,8,24,8,0,0;125292245,10,22,8,0,0;-390392942,12,20,8,0,0;689145079,14,18,8,0,0;-650387800,16,16,8,0,0;364651375,18,14,8,0,0;-132387278,20,12,8,0,0;31756109,22,10,8,0,0;-4916852,24,8,8,0,0;461439,26,6,8,0,0;-22770,28,4,8,0,0;405,30,2,8,0,0 || END 3645,2,30,8,0,0;-154386,4,28,8,0,0;2621223,6,26,8,0,0;-23725556,8,24,8,0,0;125292245,10,22,8,0,0;-390392942,12,20,8,0,0;689145079,14,18,8,0,0;-650387800,16,16,8,0,0;364651375,18,14,8,0,0;-132387278,20,12,8,0,0;31756109,22,10,8,0,0;-4916852,24,8,8,0,0;461439,26,6,8,0,0;-22770,28,4,8,0,0;405,30,2,8,0,0
CORES 2,0,4,0,1;1,0,4,1,0;1,4,0,0,1;2,4,0,1,0 | re | -1,0,4,1,1;1,0,4,2,0;2,1,3,0,2;-2,3,1,2,0;-1,4,0,0,2;1,4,0,1,1 | im || LEAF 4 || STEP 0 2 4 | 1,0,0,0,0,2;1,0,0,0,2,0;-1,0,0,2,0,0 | 6,0,4,0,1,0;8,1,3,0,0,1;-36,2,2,0,1,0;-8,3,1,0,0,1;6,4,0,0,1,0 | -6,0,4,0,1,0;8,1,3,0,0,1;36,2,2,0,1,0;-8,3,1,0,0,1;-6,4,0,0,1,0 | 9,0,8,0,2,0;-92,2,6,0,2,0;-16,2,6,2,0,0;310,4,4,0,2,0;32,4,4,2,0,0;-92,6,2,0,2,0;-16,6,2,2,0,0;9,8,0,0,2,0 ## STEP 0 1 4 | 12,0,4,0,1,1;-8,1,3,0,0,2;-8,1,3,0,2,0;-24,2,2,0,1,1;24,3,1,0,0,2;-8,3,1,0,2,0;-4,4,0,0,1,1 | 1,0,0,0,0,2;1,0,0,0,2,0;-1,0,0,2,0,0 | -8,1,3,0,0,0;24,3,1,0,0,0 | 3,0,4,0,1,1;-2,1,3,2,0,0;-6,2,2,0,1,1;-8,3,1,0,2,0;6,3,1,2,0,0;-1,4,0,0,1,1 ## STEP 0 2 1 | 1,0,0,0,0,2;1,0,0,0,2,0;-1,0,0,2,0,0 | 3,0,4,0,1,1;-2,1,3,2,0,0;-6,2,2,0,1,1;-8,3,1,0,2,0;6,3,1,2,0,0;-1,4,0,0,1,1 | 3,0,4,0,1,1;2,1,3,2,0,0;-6,2,2,0,1,1;8,3,1,0,2,0;-6,3,1,2,0,0;-1,4,0,0,1,1 | 9,0,8,0,4,0;-9,0,8,2,2,0;-36,2,6,0,4,0;36,2,6,2,2,0;4,2,6,4,0,0;30,4,4,0,4,0;2,4,4,2,2,0;-24,4,4,4,0,0;76,6,2,0,4,0;-108,6,2,2,2,0;36,6,2,4,0,0;1,8,0,0,4,0;-1,8,0,2,2,0 ## STEP 1 2 4 | 9,0,8,0,4,0;-9,0,8,2,2,0;-36,2,6,0,4,0;36,2,6,2,2,0;4,2,6,4,0,0;30,4,4,0,4,0;2,4,4,2,2,0;-24,4,4,4,0,0;76,6,2,0,4,0;-108,6,2,2,2,0;36,6,2,4,0,0;1,8,0,0,4,0;-1,8,0,2,2,0 | 9,0,8,0,2,0;-92,2,6,0,2,0;-16,2,6,2,0,0;310,4,4,0,2,0;32,4,4,2,0,0;-92,6,2,0,2,0;-16,6,2,2,0,0;9,8,0,0,2,0 | 81,0,16,0,2,0;-81,0,16,2,0,0;-1152,2,14,0,2,0;1296,2,14,2,0,0;6372,4,12,0,2,0;-6948,4,12,2,0,0;-14064,6,10,0,2,0;12608,6,10,2,0,0;5710,8,8,0,2,0;6834,8,8,2,0,0;20384,10,6,0,2,0;-35184,10,6,2,0,0;-6412,12,4,0,2,0;10828,12,4,2,0,0;592,14,2,0,2,0;-864,14,2,2,0,0;9,16,0,0,2,0;-9,16,0,2,0,0 | -243,2,22,4,0,0;3690,4,20,4,0,0;-13775,6,18,4,0,0;-46664,8,16,4,0,0;490442,10,14,4,0,0;-1411076,12,12,4,0,0;1737050,14,10,4,0,0;-845000,16,8,4,0,0;186601,18,6,4,0,0;-18774,20,4,4,0,0;693,22,2,4,0,0 || END -243,2,22,4,0,0;3690,4,20,4,0,0;-13775,6,18,4,0,0;-46664,8,16,4,0,0;490442,10,14,4,0,0;-1411076,12,12,4,0,0;1737050,14,10,4,0,0;-845000,16,8,4,0,0;186601,18,6,4,0,0;-18774,20,4,4,0,0;693,22,2,4,0,0
CORES 1,0,4,0,2;1,0,4,2,0;-2,2,2,1,1;1,4,0,0,2;1,4,0,2,0 | re | -1,0,4,0,4;-1,0,4,4,0;2,1,3,0,4;-2,3,1,4,0;1,4,0,0,4;1,4,0,4,0 | im || LEAF 4 || STEP 0 1 2 | -6,0,4,0,0,2;2,0,4,0,2,0;20,2,2,0,0,2;-28,2,2,0,2,0;-6,4,0,0,0,2;2,4,0,0,2,0 | 1,0,0,0,0,2;1,0,0,0,2,0;-1,0,0,2,0,0 | -6,0,4,0,0,0;20,2,2,0,0,0;-6,4,0,0,0,0 | 4,0,4,0,2,0;-3,0,4,2,0,0;-24,2,2,0,2,0;10,2,2,2,0,0;4,4,0,0,2,0;-3,4,0,2,0,0 ## STEP 0 3 8 | -16,0,4,0,1,3;16,0,4,0,3,1;-24,1,3,0,0,4;144,1,3,0,2,2;-24,1,3,0,4,0;8,3,1,0,0,4;-48,3,1,0,2,2;8,3,1,0,4,0;16,4,0,0,1,3;-16,4,0,0,3,1 | 1,0,0,0,0,2;1,0,0,0,2,0;-1,0,0,2,0,0 | -16,0,4,0,1,1;-24,1,3,0,0,2;168,1,3,0,2,0;-24,1,3,2,0,0;8,3,1,0,0,2;-56,3,1,0,2,0;8,3,1,2,0,0;16,4,0,0,1,1 | 4,0,4,0,3,1;-2,0,4,2,1,1;-24,1,3,0,4,0;24,1,3,2,2,0;-3,1,3,4,0,0;8,3,1,0,4,0;-8,3,1,2,2,0;1,3,1,4,0,0;-4,4,0,0,3,1;2,4,0,2,1,1 ## STEP 0 2 1 | 1,0,0,0,0,2;1,0,0,0,2,0;-1,0,0,2,0,0 | 4,0,4,0,3,1;-2,0,4,2,1,1;-24,1,3,0,4,0;24,1,3,2,2,0;-3,1,3,4,0,0;8,3,1,0,4,0;-8,3,1,2,2,0;1,3,1,4,0,0;-4,4,0,0,3,1;2,4,0,2,1,1 | 4,0,4,0,3,1;-2,0,4,2,1,1;24,1,3,0,4,0;-24,1,3,2,2,0;3,1,3,4,0,0;-8,3,1,0,4,0;8,3,1,2,2,0;-1,3,1,4,0,0;-4,4,0,0,3,1;2,4,0,2,1,1 | 16,0,8,0,8,0;-32,0,8,2,6,0;20,0,8,4,4,0;-4,0,8,6,2,0;576,2,6,0,8,0;-1152,2,6,2,6,0;720,2,6,4,4,0;-144,2,6,6,2,0;9,2,6,8,0,0;-416,4,4,0,8,0;832,4,4,2,6,0;-520,4,4,4,4,0;104,4,4,6,2,0;-6,4,4,8,0,0;64,6,2,0,8,0;-128,6,2,2,6,0;80,6,2,4,4,0;-16,6,2,6,2,0;1,6,2,8,0,0;16,8,0,0,8,0;-32,8,0,2,6,0;20,8,0,4,4,0;-4,8,0,6,2,0 ## STEP 1 4 16 | 16,0,8,0,8,0;-32,0,8,2,6,0;20,0,8,4,4,0;-4,0,8,6,2,0;576,2,6,0,8,0;-1152,2,6,2,6,0;720,2,6,4,4,0;-144,2,6,6,2,0;9,2,6,8,0,0;-416,4,4,0,8,0;832,4,4,2,6,0;-520,4,4,4,4,0;104,4,4,6,2,0;-6,4,4,8,0,0;64,6,2,0,8,0;-128,6,2,2,6,0;80,6,2,4,4,0;-16,6,2,6,2,0;1,6,2,8,0,0;16,8,0,0,8,0;-32,8,0,2,6,0;20,8,0,4,4,0;-4,8,0,6,2,0 | 4,0,4,0,2,0;-3,0,4,2,0,0;-24,2,2,0,2,0;10,2,2,2,0,0;4,4,0,0,2,0;-3,4,0,2,0,0 | 1024,0,20,0,6,0;-1280,0,20,2,4,0;320,0,20,4,2,0;-16,0,20,6,0,0;18432,2,18,0,6,0;-20992,2,18,2,4,0;4736,2,18,4,2,0;-416,2,18,6,0,0;-576512,4,16,0,6,0;769792,4,16,2,4,0;-200640,4,16,4,2,0;6960,4,16,6,0,0;4317184,6,14,0,6,0;-6256640,6,14,2,4,0;1902080,6,14,4,2,0;25216,6,14,6,0,0;-12204032,8,12,0,6,0;18679296,8,12,2,4,0;-6513024,8,12,4,2,0;24800,8,12,6,0,0;11218944,10,10,0,6,0;-17026048,10,10,2,4,0;5809920,10,10,4,2,0;64,10,10,6,0,0;-4536320,12,8,0,6,0;6669824,12,8,2,4,0;-2118016,12,8,4,2,0;-8992,12,8,6,0,0;712704,14,6,0,6,0;-964608,14,6,2,4,0;251392,14,6,4,2,0;-384,14,6,6,0,0;13312,16,4,0,6,0;-33024,16,4,2,4,0;16448,16,4,4,2,0;1840,16,4,6,0,0;-14336,18,2,0,6,0;19968,18,2,2,4,0;-5504,18,2,4,2,0;96,18,2,6,0,0;1024,20,0,0,6,0;-1280,20,0,2,4,0;320,20,0,4,2,0;-16,20,0,6,0,0 | -3,0,24,8,0,0;76,2,22,8,0,0;-1990,4,20,8,0,0;34300,6,18,8,0,0;-166093,8,16,8,0,0;332312,10,14,8,0,0;-313300,12,12,8,0,0;154840,14,10,8,0,0;-40653,16,8,8,0,0;4764,18,6,8,0,0;-198,20,4,8,0,0;44,22,2,8,0,0;-3,24,0,8,0,0 || END -3,0,24,8,0,0;76,2,22,8,0,0;-1990,4,20,8,0,0;34300,6,18,8,0,0;-166093,8,16,8,0,0;332312,10,14,8,0,0;-313300,12,12,8,0,0;154840,14,10,8,0,0;-40653,16,8,8,0,0;4764,18,6,8,0,0;-198,20,4,8,0,0;44,22,2,8,0,0;-3,24,0,8,0,0
CORES 2,0,4,0,1;-1,0,4,1,0;1,4,0,0,1;-2,4,0,1,0 | im | -1,0,4,1,1;-1,0,4,2,0;2,1,3,2,0;-2,3,1,0,2;1,4,0,0,2;1,4,0,1,1 | im || LEAF 4 || STEP 0 2 4 | 1,0,0,0,0,2;1,0,0,0,2,0;-1,0,0,2,0,0 | -6,0,4,0,0,1;8,1,3,0,1,0;36,2,2,0,0,1;-8,3,1,0,1,0;-6,4,0,0,0,1 | -6,0,4,0,0,1;-8,1,3,0,1,0;36,2,2,0,0,1;8,3,1,0,1,0;-6,4,0,0,0,1 | 9,0,8,0,2,0;-9,0,8,2,0,0;-92,2,6,0,2,0;108,2,6,2,0,0;310,4,4,0,2,0;-342,4,4,2,0,0;-92,6,2,0,2,0;108,6,2,2,0,0;9,8,0,0,2,0;-9,8,0,2,0,0 ## STEP 0 1 4 | -12,0,4,0,1,1;8,1,3,0,0,2;-24,1,3,0,2,0;24,2,2,0,1,1;8,3,1,0,0,2;8,3,1,0,2,0;4,4,0,0,1,1 | 1,0,0,0,0,2;1,0,0,0,2,0;-1,0,0,2,0,0 | 8,1,3,0,0,0;8,3,1,0,0,0 | -3,0,4,0,1,1;-8,1,3,0,2,0;2,1,3,2,0,0;6,2,2,0,1,1;2,3,1,2,0,0;1,4,0,0,1,1 ## STEP 0 2 1 | 1,0,0,0,0,2;1,0,0,0,2,0;-1,0,0,2,0,0 | -3,0,4,0,1,1;-8,1,3,0,2,0;2,1,3,2,0,0;6,2,2,0,1,1;2,3,1,2,0,0;1,4,0,0,1,1 | -3,0,4,0,1,1;8,1,3,0,2,0;-2,1,3,2,0,0;6,2,2,0,1,1;-2,3,1,2,0,0;1,4,0,0,1,1 | 9,0,8,0,4,0;-9,0,8,2,2,0;28,2,6,0,4,0;4,2,6,2,2,0;4,2,6,4,0,0;30,4,4,0,4,0;-62,4,4,2,2,0;8,4,4,4,0,0;12,6,2,0,4,0;-12,6,2,2,2,0;4,6,2,4,0,0;1,8,0,0,4,0;-1,8,0,2,2,0 ## STEP 1 2 4 | 9,0,8,0,4,0;-9,0,8,2,2,0;28,2,6,0,4,0;4,2,6,2,2,0;4,2,6,4,0,0;30,4,4,0,4,0;-62,4,4,2,2,0;8,4,4,4,0,0;12,6,2,0,4,0;-12,6,2,2,2,0;4,6,2,4,0,0;1,8,0,0,4,0;-1,8,0,2,2,0 | 9,0,8,0,2,0;-9,0,8,2,0,0;-92,2,6,0,2,0;108,2,6,2,0,0;310,4,4,0,2,0;-342,4,4,2,0,0;-92,6,2,0,2,0;108,6,2,2,0,0;9,8,0,0,2,0;-9,8,0,2,0,0 | 81,0,16,0,2,0;-576,2,14,0,2,0;144,2,14,2,0,0;484,4,12,0,2,0;-3392,4,12,2,0,0;5200,6,10,0,2,0;13136,6,10,2,0,0;5710,8,8,0,2,0;-12544,8,8,2,0,0;1120,10,6,0,2,0;3120,10,6,2,0,0;-524,12,4,0,2,0;-448,12,4,2,0,0;16,14,2,0,2,0;-16,14,2,2,0,0;9,16,0,0,2,0 | 405,2,22,4,0,0;-13014,4,20,4,0,0;144265,6,18,4,0,0;-709064,8,16,4,0,0;1570586,10,14,4,0,0;-1411076,12,12,4,0,0;656906,14,10,4,0,0;-182600,16,8,4,0,0;28561,18,6,4,0,0;-2070,20,4,4,0,0;45,22,2,4,0,0 || END 405,2,22,4,0,0;-13014,4,20,4,0,0;144265,6,18,4,0,0;-709064,8,16,4,0,0;1570586,10,14,4,0,0;-1411076,12,12,4,0,0;656906,14,10,4,0,0;-182600,16,8,4,0,0;28561,18,6,4,0,0;-2070,20,4,4,0,0;45,22,2,4,0,0
CORES 2,0,4,0,1;-1,0,4,1,0;1,4,0,0,1;-2,4,0,1,0 | im | -1,0,4,1,1;-1,0,4,2,0;2,1,3,0,2;-2,3,1,2,0;1,4,0,0,2;1,4,0,1,1 | im || LEAF 4 || STEP 0 2 4 | 1,0,0,0,0,2;1,0,0,0,2,0;-1,0,0,2,0,0 | -6,0,4,0,0,1;8,1,3,0,1,0;36,2,2,0,0,1;-8,3,1,0,1,0;-6,4,0,0,0,1 | -6,0,4,0,0,1;-8,1,3,0,1,0;36,2,2,0,0,1;8,3,1,0,1,0;-6,4,0,0,0,1 | 9,0,8,0,2,0;-9,0,8,2,0,0;-92,2,6,0,2,0;108,2,6,2,0,0;310,4,4,0,2,0;-342,4,4,2,0,0;-92,6,2,0,2,0;108,6,2,2,0,0;9,8,0,0,2,0;-9,8,0,2,0,0 ## STEP 0 1 4 | 4,0,4,0,1,1;8,1,3,0,0,2;-24,1,3,0,2,0;24,2,2,0,1,1;8,3,1,0,0,2;8,3,1,0,2,0;-12,4,0,0,1,1 | 1,0,0,0,0,2;1,0,0,0,2,0;-1,0,0,2,0,0 | 8,1,3,0,0,0;8,3,1,0,0,0 | 1,0,4,0,1,1;-8,1,3,0,2,0;2,1,3,2,0,0;6,2,2,0,1,1;2,3,1,2,0,0;-3,4,0,0,1,1 ## STEP 0 2 1 | 1,0,0,0,0,2;1,0,0,0,2,0;-1,0,0,2,0,0 | 1,0,4,0,1,1;-8,1,3,0,2,0;2,1,3,2,0,0;6,2,2,0,1,1;2,3,1,2,0,0;-3,4,0,0,1,1 | 1,0,4,0,1,1;8,1,3,0,2,0;-2,1,3,2,0,0;6,2,2,0,1,1;-2,3,1,2,0,0;-3,4,0,0,1,1 | 1,0,8,0,4,0;-1,0,8,2,2,0;76,2,6,0,4,0;-44,2,6,2,2,0;4,2,6,4,0,0;30,4,4,0,4,0;-62,4,4,2,2,0;8,4,4,4,0,0;-36,6,2,0,4,0;36,6,2,2,2,0;4,6,2,4,0,0;9,8,0,0,4,0;-9,8,0,2,2,0 ## STEP 1 2 4 | 1,0,8,0,4,0;-1,0,8,2,2,0;76,2,6,0,4,0;-44,2,6,2,2,0;4,2,6,4,0,0;30,4,4,0,4,0;-62,4,4,2,2,0;8,4,4,4,0,0;-36,6,2,0,4,0;36,6,2,2,2,0;4,6,2,4,0,0;9,8,0,0,4,0;-9,8,0,2,2,0 | 9,0,8,0,2,0;-9,0,8,2,0,0;-92,2,6,0,2,0;108,2,6,2,0,0;310,4,4,0,2,0;-342,4,4,2,0,0;-92,6,2,0,2,0;108,6,2,2,0,0;9,8,0,0,2,0;-9,8,0,2,0,0 | 9,0,16,0,2,0;592,2,14,0,2,0;272,2,14,2,0,0;-6412,4,12,0,2,0;-4416,4,12,2,0,0;20384,6,10,0,2,0;14800,6,10,2,0,0;5710,8,8,0,2,0;-12544,8,8,2,0,0;-14064,10,6,0,2,0;1456,10,6,2,0,0;6372,12,4,0,2,0;576,12,4,2,0,0;-1152,14,2,0,2,0;-144,14,2,2,0,0;81,16,0,0,2,0 | 693,2,22,4,0,0;-18774,4,20,4,0,0;186601,6,18,4,0,0;-845000,8,16,4,0,0;1737050,10,14,4,0,0;-1411076,12,12,4,0,0;490442,14,10,4,0,0;-46664,16,8,4,0,0;-13775,18,6,4,0,0;3690,20,4,4,0,0;-243,22,2,4,0,0 || END 693,2,22,4,0,0;-18774,4,20,4,0,0;186601,6,18,4,0,0;-845000,8,16,4,0,0;1737050,10,14,4,0,0;-1411076,12,12,4,0,0;490442,14,10,4,0,0;-46664,16,8,4,0,0;-13775,18,6,4,0,0;3690,20,4,4,0,0;-243,22,2,4,0,0
CORES -1,0,4,0,4;-1,0,4,2,2;2,1,3,0,4;-2,3,1,4,0;1,4,0,2,2;1,4,0,4,0 | im | -1,0,4,0,2;2,0,4,2,0;-2,4,0,0,2;1,4,0,2,0 | im || LEAF 5 || STEP 0 3 8 | -24,0,4,0,1,3;24,0,4,0,3,1;-24,1,3,0,0,4;80,1,3,0,2,2;-24,1,3,0,4,0;48,2,2,0,1,3;-48,2,2,0,3,1;8,3,1,0,0,4;16,3,1,0,2,2;8,3,1,0,4,0;8,4,0,0,1,3;-8,4,0,0,3,1 | 1,0,0,0,0,2;1,0,0,0,2,0;-1,0,0,2,0,0 | -24,0,4,0,1,1;-24,1,3,0,0,2;104,1,3,0,2,0;-24,1,3,2,0,0;48,2,2,0,1,1;8,3,1,0,0,2;8,3,1,0,2,0;8,3,1,2,0,0;8,4,0,0,1,1 | 6,0,4,0,3,1;-3,0,4,2,1,1;-16,1,3,0,4,0;16,1,3,2,2,0;-3,1,3,4,0,0;-12,2,2,0,3,1;6,2,2,2,1,1;1,3,1,4,0,0;-2,4,0,0,3,1;1,4,0,2,1,1 ## STEP 0 2 1 | 1,0,0,0,0,2;1,0,0,0,2,0;-1,0,0,2,0,0 | 6,0,4,0,3,1;-3,0,4,2,1,1;-16,1,3,0,4,0;16,1,3,2,2,0;-3,1,3,4,0,0;-12,2,2,0,3,1;6,2,2,2,1,1;1,3,1,4,0,0;-2,4,0,0,3,1;1,4,0,2,1,1 | 6,0,4,0,3,1;-3,0,4,2,1,1;16,1,3,0,4,0;-16,1,3,2,2,0;3,1,3,4,0,0;-12,2,2,0,3,1;6,2,2,2,1,1;-1,3,1,4,0,0;-2,4,0,0,3,1;1,4,0,2,1,1 | 36,0,8,0,8,0;-72,0,8,2,6,0;45,0,8,4,4,0;-9,0,8,6,2,0;112,2,6,0,8,0;-224,2,6,2,6,0;172,2,6,4,4,0;-60,2,6,6,2,0;9,2,6,8,0,0;120,4,4,0,8,0;-240,4,4,2,6,0;118,4,4,4,4,0;2,4,4,6,2,0;-6,4,4,8,0,0;48,6,2,0,8,0;-96,6,2,2,6,0;60,6,2,4,4,0;-12,6,2,6,2,0;1,6,2,8,0,0;4,8,0,0,8,0;-8,8,0,2,6,0;5,8,0,4,4,0;-1,8,0,6,2,0 ## STEP 0 1 4 | 12,0,4,0,1,1;-8,1,3,0,0,2;8,1,3,0,2,0;-72,2,2,0,1,1;8,3,1,0,0,2;-8,3,1,0,2,0;12,4,0,0,1,1 | 1,0,0,0,0,2;1,0,0,0,2,0;-1,0,0,2,0,0 | -8,1,3,0,0,0;8,3,1,0,0,0 | 3,0,4,0,1,1;4,1,3,0,2,0;-2,1,3,2,0,0;-18,2,2,0,1,1;-4,3,1,0,2,0;2,3,1,2,0,0;3,4,0,0,1,1 ## STEP 0 2 1 | 1,0,0,0,0,2;1,0,0,0,2,0;-1,0,0,2,0,0 | 3,0,4,0,1,1;4,1,3,0,2,0;-2,1,3,2,0,0;-18,2,2,0,1,1;-4,3,1,0,2,0;2,3,1,2,0,0;3,4,0,0,1,1 | 3,0,4,0,1,1;-4,1,3,0,2,0;2,1,3,2,0,0;-18,2,2,0,1,1;4,3,1,0,2,0;-2,3,1,2,0,0;3,4,0,0,1,1 | 9,0,8,0,4,0;-9,0,8,2,2,0;-92,2,6,0,4,0;92,2,6,2,2,0;4,2,6,4,0,0;310,4,4,0,4,0;-310,4,4,2,2,0;-8,4,4,4,0,0;-92,6,2,0,4,0;92,6,2,2,2,0;4,6,2,4,0,0;9,8,0,0,4,0;-9,8,0,2,2,0 ## STEP 1 3 1 | 36,0,8,0,8,0;-72,0,8,2,6,0;45,0,8,4,4,0;-9,0,8,6,2,0;112,2,6,0,8,0;-224,2,6,2,6,0;172,2,6,4,4,0;-60,2,6,6,2,0;9,2,6,8,0,0;120,4,4,0,8,0;-240,4,4,2,6,0;118,4,4,4,4,0;2,4,4,6,2,0;-6,4,4,8,0,0;48,6,2,0,8,0;-96,6,2,2,6,0;60,6,2,4,4,0;-12,6,2,6,2,0;1,6,2,8,0,0;4,8,0,0,8,0;-8,8,0,2,6,0;5,8,0,4,4,0;-1,8,0,6,2,0 | 9,0,8,0,4,0;-9,0,8,2,2,0;-92,2,6,0,4,0;92,2,6,2,2,0;4,2,6,4,0,0;310,4,4,0,4,0;-310,4,4,2,2,0;-8,4,4,4,0,0;-92,6,2,0,4,0;92,6,2,2,2,0;4,6,2,4,0,0;9,8,0,0,4,0;-9,8,0,2,2,0 | 2916,0,24,0,4,0;-2916,0,24,2,2,0;729,0,24,4,0,0;-50544,2,22,0,4,0;50544,2,22,2,2,0;-11340,2,22,4,0,0;329832,4,20,0,4,0;-329832,4,20,2,2,0;38682,4,20,4,0,0;-734960,6,18,0,4,0;734960,6,18,2,2,0;291188,6,18,4,0,0;-892996,8,16,0,4,0;892996,8,16,2,2,0;-2609425,8,16,4,0,0;4188192,10,14,0,4,0;-4188192,10,14,2,2,0;6614696,10,14,4,0,0;4753200,12,12,0,4,0;-4753200,12,12,2,2,0;-4230452,12,12,4,0,0;-331872,14,10,0,4,0;331872,14,10,2,2,0;2197576,14,10,4,0,0;-861924,16,8,0,4,0;861924,16,8,2,2,0;-752825,16,8,4,0,0;249680,18,6,0,4,0;-249680,18,6,2,2,0;126756,18,6,4,0,0;-13592,20,4,0,4,0;13592,20,4,2,2,0;-5958,20,4,4,0,0;-2736,22,2,0,4,0;2736,22,2,2,2,0;-828,22,2,4,0,0;324,24,0,0,4,0;-324,24,0,2,2,0;81,24,0,4,0,0 | 3645,2,30,8,0,0;-154386,4,28,8,0,0;2621223,6,26,8,0,0;-23725556,8,24,8,0,0;125292245,10,22,8,0,0;-390392942,12,20,8,0,0;689145079,14,18,8,0,0;-650387800,16,16,8,0,0;364651375,18,14,8,0,0;-132387278,20,12,8,0,0;31756109,22,10,8,0,0;-4916852,24,8,8,0,0;461439,26,6,8,0,0;-22770,28,4,8,0,0;405,30,2,8,0,0 || END 3645,2,30,8,0,0;-154386,4,28,8,0,0;2621223,6,26,8,0,0;-23725556,8,24,8,0,0;125292245,10,22,8,0,0;-390392942,12,20,8,0,0;689145079,14,18,8,0,0;-650387800,16,16,8,0,0;364651375,18,14,8,0,0;-132387278,20,12,8,0,0;31756109,22,10,8,0,0;-4916852,24,8,8,0,0;461439,26,6,8,0,0;-22770,28,4,8,0,0;405,30,2,8,0,0
CORES -1,0,2,0,4;-1,0,2,4,0;2,1,1,0,4;-2,1,1,4,0;1,2,0,0,4;1,2,0,4,0 | im | -1,0,2,0,2;-1,0,2,2,0;-2,1,1,1,1;-1,2,0,0,2;-1,2,0,2,0 | re || LEAF 4 || STEP 0 3 8 | 16,0,2,0,1,3;-16,0,2,0,3,1;8,1,1,0,0,4;-48,1,1,0,2,2;8,1,1,0,4,0;16,2,0,0,1,3;-16,2,0,0,3,1 | 1,0,0,0,0,2;1,0,0,0,2,0;-1,0,0,2,0,0 | 16,0,2,0,1,1;8,1,1,0,0,2;-56,1,1,0,2,0;8,1,1,2,0,0;16,2,0,0,1,1 | -4,0,2,0,3,1;2,0,2,2,1,1;8,1,1,0,4,0;-8,1,1,2,2,0;1,1,1,4,0,0;-4,2,0,0,3,1;2,2,0,2,1,1 ## STEP 0 2 1 | 1,0,0,0,0,2;1,0,0,0,2,0;-1,0,0,2,0,0 | -4,0,2,0,3,1;2,0,2,2,1,1;8,1,1,0,4,0;-8,1,1,2,2,0;1,1,1,4,0,0;-4,2,0,0,3,1;2,2,0,2,1,1 | -4,0,2,0,3,1;2,0,2,2,1,1;-8,1,1,0,4,0;8,1,1,2,2,0;-1,1,1,4,0,0;-4,2,0,0,3,1;2,2,0,2,1,1 | 16,0,4,0,8,0;-32,0,4,2,6,0;20,0,4,4,4,0;-4,0,4,6,2,0;96,2,2,0,8,0;-192,2,2,2,6,0;120,2,2,4,4,0;-24,2,2,6,2,0;1,2,2,8,0,0;16,4,0,0,8,0;-32,4,0,2,6,0;20,4,0,4,4,0;-4,4,0,6,2,0 ## STEP 0 1 2 | -6,0,2,0,0,2;2,0,2,0,2,0;2,2,0,0,0,2;-6,2,0,0,2,0 | 1,0,0,0,0,2;1,0,0,0,2,0;-1,0,0,2,0,0 | -6,0,2,0,0,0;2,2,0,0,0,0 | 4,0,2,0,2,0;-3,0,2,2,0,0;-4,2,0,0,2,0;1,2,0,2,0,0 ## STEP 1 4 16 | 16,0,4,0,8,0;-32,0,4,2,6,0;20,0,4,4,4,0;-4,0,4,6,2,0;96,2,2,0,8,0;-192,2,2,2,6,0;120,2,2,4,4,0;-24,2,2,6,2,0;1,2,2,8,0,0;16,4,0,0,8,0;-32,4,0,2,6,0;20,4,0,4,4,0;-4,4,0,6,2,0 | 4,0,2,0,2,0;-3,0,2,2,0,0;-4,2,0,0,2,0;1,2,0,2,0,0 | 1024,0,10,0,6,0;-1280,0,10,2,4,0;320,0,10,4,2,0;-16,0,10,6,0,0;3072,2,8,0,6,0;-3328,2,8,2,4,0;704,2,8,4,2,0;-80,2,8,6,0,0;-14336,4,6,0,6,0;19968,4,6,2,4,0;-5248,4,6,4,2,0;160,4,6,6,0,0;14336,6,4,0,6,0;-23040,6,4,2,4,0;8320,6,4,4,2,0;544,6,4,6,0,0;-3072,8,2,0,6,0;5888,8,2,2,4,0;-3264,8,2,4,2,0;368,8,2,6,0,0;-1024,10,0,0,6,0;1792,10,0,2,4,0;-832,10,0,4,2,0;48,10,0,6,0,0 | -3,0,12,8,0,0;2,2,10,8,0,0;-29,4,8,8,0,0;188,6,6,8,0,0;-29,8,4,8,0,0;2,10,2,8,0,0;-3,12,0,8,0,0 || END -3,0,12,8,0,0;2,2,10,8,0,0;-29,4,8,8,0,0;188,6,6,8,0,0;-29,8,4,8,0,0;2,10,2,8,0,0;-3,12,0,8,0,0
CORES -1,0,4,0,2;-2,0,4,2,0;-2,4,0,0,2;-1,4,0,2,0 | re | 1,0,4,0,4;-1,0,4,2,2;2,1,3,0,4;-2,3,1,4,0;1,4,0,2,2;-1,4,0,4,0 | im || LEAF 5 || STEP 0 1 2 | 6,0,4,0,0,2;-6,0,4,0,2,0;16,1,3,0,1,1;-36,2,2,0,0,2;36,2,2,0,2,0;-16,3,1,0,1,1;6,4,0,0,0,2;-6,4,0,0,2,0 | 1,0,0,0,0,2;1,0,0,0,2,0;-1,0,0,2,0,0 | 6,0,4,0,0,0;-36,2,2,0,0,0;6,4,0,0,0,0 | -6,0,4,0,2,0;3,0,4,2,0,0;8,1,3,0,1,1;36,2,2,0,2,0;-18,2,2,2,0,0;-8,3,1,0,1,1;-6,4,0,0,2,0;3,4,0,2,0,0 ## STEP 0 2 1 | 1,0,0,0,0,2;1,0,0,0,2,0;-1,0,0,2,0,0 | -6,0,4,0,2,0;3,0,4,2,0,0;8,1,3,0,1,1;36,2,2,0,2,0;-18,2,2,2,0,0;-8,3,1,0,1,1;-6,4,0,0,2,0;3,4,0,2,0,0 | 6,0,4,0,2,0;-3,0,4,2,0,0;8,1,3,0,1,1;-36,2,2,0,2,0;18,2,2,2,0,0;-8,3,1,0,1,1;6,4,0,0,2,0;-3,4,0,2,0,0 | 36,0,8,0,4,0;-36,0,8,2,2,0;9,0,8,4,0,0;-368,2,6,0,4,0;368,2,6,2,2,0;-108,2,6,4,0,0;1240,4,4,0,4,0;-1240,4,4,2,2,0;342,4,4,4,0,0;-368,6,2,0,4,0;368,6,2,2,2,0;-108,6,2,4,0,0;36,8,0,0,4,0;-36,8,0,2,2,0;9,8,0,4,0,0 ## STEP 0 3 8 | -8,0,4,0,1,3;8,0,4,0,3,1;-8,1,3,0,0,4;-16,1,3,0,2,2;-8,1,3,0,4,0;-48,2,2,0,1,3;48,2,2,0,3,1;-8,3,1,0,0,4;112,3,1,0,2,2;-8,3,1,0,4,0;24,4,0,0,1,3;-24,4,0,0,3,1 | 1,0,0,0,0,2;1,0,0,0,2,0;-1,0,0,2,0,0 | -8,0,4,0,1,1;-8,1,3,0,0,2;-8,1,3,0,2,0;-8,1,3,2,0,0;-48,2,2,0,1,1;-8,3,1,0,0,2;120,3,1,0,2,0;-8,3,1,2,0,0;24,4,0,0,1,1 | 2,0,4,0,3,1;-1,0,4,2,1,1;-1,1,3,4,0,0;12,2,2,0,3,1;-6,2,2,2,1,1;-16,3,1,0,4,0;16,3,1,2,2,0;-1,3,1,4,0,0;-6,4,0,0,3,1;3,4,0,2,1,1 ## STEP 0 2 1 | 1,0,0,0,0,2;1,0,0,0,2,0;-1,0,0,2,0,0 | 2,0,4,0,3,1;-1,0,4,2,1,1;-1,1,3,4,0,0;12,2,2,0,3,1;-6,2,2,2,1,1;-16,3,1,0,4,0;16,3,1,2,2,0;-1,3,1,4,0,0;-6,4,0,0,3,1;3,4,0,2,1,1 | 2,0,4,0,3,1;-1,0,4,2,1,1;1,1,3,4,0,0;12,2,2,0,3,1;-6,2,2,2,1,1;16,3,1,0,4,0;-16,3,1,2,2,0;1,3,1,4,0,0;-6,4,0,0,3,1;3,4,0,2,1,1 | 4,0,8,0,8,0;-8,0,8,2,6,0;5,0,8,4,4,0;-1,0,8,6,2,0;48,2,6,0,8,0;-96,2,6,2,6,0;60,2,6,4,4,0;-12,2,6,6,2,0;1,2,6,8,0,0;120,4,4,0,8,0;-240,4,4,2,6,0;182,4,4,4,4,0;-62,4,4,6,2,0;2,4,4,8,0,0;112,6,2,0,8,0;-224,6,2,2,6,0;108,6,2,4,4,0;4,6,2,6,2,0;1,6,2,8,0,0;36,8,0,0,8,0;-72,8,0,2,6,0;45,8,0,4,4,0;-9,8,0,6,2,0 ## STEP 1 3 64 | 4,0,8,0,8,0;-8,0,8,2,6,0;5,0,8,4,4,0;-1,0,8,6,2,0;48,2,6,0,8,0;-96,2,6,2,6,0;60,2,6,4,4,0;-12,2,6,6,2,0;1,2,6,8,0,0;120,4,4,0,8,0;-240,4,4,2,6,0;182,4,4,4,4,0;-62,4,4,6,2,0;2,4,4,8,0,0;112,6,2,0,8,0;-224,6,2,2,6,0;108,6,2,4,4,0;4,6,2,6,2,0;1,6,2,8,0,0;36,8,0,0,8,0;-72,8,0,2,6,0;45,8,0,4,4,0;-9,8,0,6,2,0 | 36,0,8,0,4,0;-36,0,8,2,2,0;9,0,8,4,0,0;-368,2,6,0,4,0;368,2,6,2,2,0;-108,2,6,4,0,0;1240,4,4,0,4,0;-1240,4,4,2,2,0;342,4,4,4,0,0;-368,6,2,0,4,0;368,6,2,2,2,0;-108,6,2,4,0,0;36,8,0,0,4,0;-36,8,0,2,2,0;9,8,0,4,0,0 | 5184,0,24,0,4,0;-5184,0,24,2,2,0;-43776,2,22,0,4,0;43776,2,22,2,2,0;2304,2,22,4,0,0;-217472,4,20,0,4,0;217472,4,20,2,2,0;40960,4,20,4,0,0;3994880,6,18,0,4,0;-3994880,6,18,2,2,0;-1029376,6,18,4,0,0;-13790784,8,16,0,4,0;13790784,8,16,2,2,0;8597504,8,16,4,0,0;-5309952,10,14,0,4,0;5309952,10,14,2,2,0;-36488704,10,14,4,0,0;76051200,12,12,0,4,0;-76051200,12,12,2,2,0;86700032,12,12,4,0,0;67011072,14,10,0,4,0;-67011072,14,10,2,2,0;-89082368,14,10,4,0,0;-14287936,16,8,0,4,0;14287936,16,8,2,2,0;38178816,16,8,4,0,0;-11759360,18,6,0,4,0;11759360,18,6,2,2,0;-7598848,18,6,4,0,0;5277312,20,4,0,4,0;-5277312,20,4,2,2,0;700416,20,4,4,0,0;-808704,22,2,0,4,0;808704,22,2,2,2,0;-20736,22,2,4,0,0;46656,24,0,0,4,0;-46656,24,0,2,2,0 | 405,2,30,8,0,0;-22770,4,28,8,0,0;461439,6,26,8,0,0;-4916852,8,24,8,0,0;31756109,10,22,8,0,0;-132387278,12,20,8,0,0;364651375,14,18,8,0,0;-650387800,16,16,8,0,0;689145079,18,14,8,0,0;-390392942,20,12,8,0,0;125292245,22,10,8,0,0;-23725556,24,8,8,0,0;2621223,26,6,8,0,0;-154386,28,4,8,0,0;3645,30,2,8,0,0 || END 405,2,30,8,0,0;-22770,4,28,8,0,0;461439,6,26,8,0,0;-4916852,8,24,8,0,0;31756109,10,22,8,0,0;-132387278,12,20,8,0,0;364651375,14,18,8,0,0;-650387800,16,16,8,0,0;689145079,18,14,8,0,0;-390392942,20,12,8,0,0;125292245,22,10,8,0,0;-23725556,24,8,8,0,0;2621223,26,6,8,0,0;-154386,28,4,8,0,0;3645,30,2,8,0,0
CORES 2,0,4,0,2;-1,0,4,2,0;1,4,0,0,2;-2,4,0,2,0 | im | 1,0,4,2,2;1,0,4,4,0;2,1,3,0,4;-2,3,1,4,0;-1,4,0,0,4;-1,4,0,2,2 | im || LEAF 5 || STEP 0 1 4 | -12,0,4,0,1,1;-8,1,3,0,0,2;8,1,3,0,2,0;72,2,2,0,1,1;8,3,1,0,0,2;-8,3,1,0,2,0;-12,4,0,0,1,1 | 1,0,0,0,0,2;1,0,0,0,2,0;-1,0,0,2,0,0 | -8,1,3,0,0,0;8,3,1,0,0,0 | -3,0,4,0,1,1;4,1,3,0,2,0;-2,1,3,2,0,0;18,2,2,0,1,1;-4,3,1,0,2,0;2,3,1,2,0,0;-3,4,0,0,1,1 ## STEP 0 2 1 | 1,0,0,0,0,2;1,0,0,0,2,0;-1,0,0,2,0,0 | -3,0,4,0,1,1;4,1,3,0,2,0;-2,1,3,2,0,0;18,2,2,0,1,1;-4,3,1,0,2,0;2,3,1,2,0,0;-3,4,0,0,1,1 | -3,0,4,0,1,1;-4,1,3,0,2,0;2,1,3,2,0,0;18,2,2,0,1,1;4,3,1,0,2,0;-2,3,1,2,0,0;-3,4,0,0,1,1 | 9,0,8,0,4,0;-9,0,8,2,2,0;-92,2,6,0,4,0;92,2,6,2,2,0;4,2,6,4,0,0;310,4,4,0,4,0;-310,4,4,2,2,0;-8,4,4,4,0,0;-92,6,2,0,4,0;92,6,2,2,2,0;4,6,2,4,0,0;9,8,0,0,4,0;-9,8,0,2,2,0 ## STEP 0 3 8 | -24,0,4,0,1,3;24,0,4,0,3,1;8,1,3,0,0,4;16,1,3,0,2,2;8,1,3,0,4,0;48,2,2,0,1,3;-48,2,2,0,3,1;-24,3,1,0,0,4;80,3,1,0,2,2;-24,3,1,0,4,0;8,4,0,0,1,3;-8,4,0,0,3,1 | 1,0,0,0,0,2;1,0,0,0,2,0;-1,0,0,2,0,0 | -24,0,4,0,1,1;8,1,3,0,0,2;8,1,3,0,2,0;8,1,3,2,0,0;48,2,2,0,1,1;-24,3,1,0,0,2;104,3,1,0,2,0;-24,3,1,2,0,0;8,4,0,0,1,1 | 6,0,4,0,3,1;-3,0,4,2,1,1;1,1,3,4,0,0;-12,2,2,0,3,1;6,2,2,2,1,1;-16,3,1,0,4,0;16,3,1,2,2,0;-3,3,1,4,0,0;-2,4,0,0,3,1;1,4,0,2,1,1 ## STEP 0 2 1 | 1,0,0,0,0,2;1,0,0,0,2,0;-1,0,0,2,0,0 | 6,0,4,0,3,1;-3,0,4,2,1,1;1,1,3,4,0,0;-12,2,2,0,3,1;6,2,2,2,1,1;-16,3,1,0,4,0;16,3,1,2,2,0;-3,3,1,4,0,0;-2,4,0,0,3,1;1,4,0,2,1,1 | 6,0,4,0,3,1;-3,0,4,2,1,1;-1,1,3,4,0,0;-12,2,2,0,3,1;6,2,2,2,1,1;16,3,1,0,4,0;-16,3,1,2,2,0;3,3,1,4,0,0;-2,4,0,0,3,1;1,4,0,2,1,1 | 36,0,8,0,8,0;-72,0,8,2,6,0;45,0,8,4,4,0;-9,0,8,6,2,0;-144,2,6,0,8,0;288,2,6,2,6,0;-180,2,6,4,4,0;36,2,6,6,2,0;1,2,6,8,0,0;120,4,4,0,8,0;-240,4,4,2,6,0;118,4,4,4,4,0;2,4,4,6,2,0;-6,4,4,8,0,0;304,6,2,0,8,0;-608,6,2,2,6,0;412,6,2,4,4,0;-108,6,2,6,2,0;9,6,2,8,0,0;4,8,0,0,8,0;-8,8,0,2,6,0;5,8,0,4,4,0;-1,8,0,6,2,0 ## STEP 1 3 1 | 36,0,8,0,8,0;-72,0,8,2,6,0;45,0,8,4,4,0;-9,0,8,6,2,0;-144,2,6,0,8,0;288,2,6,2,6,0;-180,2,6,4,4,0;36,2,6,6,2,0;1,2,6,8,0,0;120,4,4,0,8,0;-240,4,4,2,6,0;118,4,4,4,4,0;2,4,4,6,2,0;-6,4,4,8,0,0;304,6,2,0,8,0;-608,6,2,2,6,0;412,6,2,4,4,0;-108,6,2,6,2,0;9,6,2,8,0,0;4,8,0,0,8,0;-8,8,0,2,6,0;5,8,0,4,4,0;-1,8,0,6,2,0 | 9,0,8,0,4,0;-9,0,8,2,2,0;-92,2,6,0,4,0;92,2,6,2,2,0;4,2,6,4,0,0;310,4,4,0,4,0;-310,4,4,2,2,0;-8,4,4,4,0,0;-92,6,2,0,4,0;92,6,2,2,2,0;4,6,2,4,0,0;9,8,0,0,4,0;-9,8,0,2,2,0 | 2916,0,24,0,4,0;-2916,0,24,2,2,0;729,0,24,4,0,0;-71280,2,22,0,4,0;71280,2,22,2,2,0;-19116,2,22,4,0,0;753768,4,20,0,4,0;-753768,4,20,2,2,0;206874,4,20,4,0,0;-4309488,6,18,0,4,0;4309488,6,18,2,2,0;-1161900,6,18,4,0,0;13709244,8,16,0,4,0;-13709244,8,16,2,2,0;3372271,8,16,4,0,0;-21193184,10,14,0,4,0;21193184,10,14,2,2,0;-3613976,10,14,4,0,0;4753200,12,12,0,4,0;-4753200,12,12,2,2,0;-4230452,12,12,4,0,0;25049504,14,10,0,4,0;-25049504,14,10,2,2,0;12426248,14,10,4,0,0;-15464164,16,8,0,4,0;15464164,16,8,2,2,0;-6734521,16,8,4,0,0;3824208,18,6,0,4,0;-3824208,18,6,2,2,0;1579844,18,6,4,0,0;-437528,20,4,0,4,0;437528,20,4,2,2,0;-174150,20,4,4,0,0;18000,22,2,0,4,0;-18000,22,2,2,2,0;6948,22,2,4,0,0;324,24,0,0,4,0;-324,24,0,2,2,0;81,24,0,4,0,0 | -2187,2,30,8,0,0;55566,4,28,8,0,0;-538785,6,26,8,0,0;2013580,8,24,8,0,0;4095149,10,22,8,0,0;-70985678,12,20,8,0,0;301658575,14,18,8,0,0;-650387800,16,16,8,0,0;752137879,18,14,8,0,0;-451794542,20,12,8,0,0;152953205,22,10,8,0,0;-30655988,24,8,8,0,0;3621447,26,6,8,0,0;-232722,28,4,8,0,0;6237,30,2,8,0,0 || END -2187,2,30,8,0,0;55566,4,28,8,0,0;-538785,6,26,8,0,0;2013580,8,24,8,0,0;4095149,10,22,8,0,0;-70985678,12,20,8,0,0;301658575,14,18,8,0,0;-650387800,16,16,8,0,0;752137879,18,14,8,0,0;-451794542,20,12,8,0,0;152953205,22,10,8,0,0;-30655988,24,8,8,0,0;3621447,26,6,8,0,0;-232722,28,4,8,0,0;6237,30,2,8,0,0
CORES -1,0,4,0,1;-2,0,4,1,0;-2,4,0,0,1;-1,4,0,1,0 | re | -1,0,4,0,2;1,0,4,1,1;2,1,3,2,0;-2,3,1,0,2;-1,4,0,1,1;1,4,0,2,0 | im || LEAF 4 || STEP 0 2 4 | 1,0,0,0,0,2;1,0,0,0,2,0;-1,0,0,2,0,0 | -6,0,4,0,1,0;8,1,3,0,0,1;36,2,2,0,1,0;-8,3,1,0,0,1;-6,4,0,0,1,0 | 6,0,4,0,1,0;8,1,3,0,0,1;-36,2,2,0,1,0;-8,3,1,0,0,1;6,4,0,0,1,0 | 9,0,8,0,2,0;-92,2,6,0,2,0;-16,2,6,2,0,0;310,4,4,0,2,0;32,4,4,2,0,0;-92,6,2,0,2,0;-16,6,2,2,0,0;9,8,0,0,2,0 ## STEP 0 1 4 | -4,0,4,0,1,1;24,1,3,0,0,2;-8,1,3,0,2,0;-24,2,2,0,1,1;-8,3,1,0,0,2;-8,3,1,0,2,0;12,4,0,0,1,1 | 1,0,0,0,0,2;1,0,0,0,2,0;-1,0,0,2,0,0 | 24,1,3,0,0,0;-8,3,1,0,0,0 | -1,0,4,0,1,1;-8,1,3,0,2,0;6,1,3,2,0,0;-6,2,2,0,1,1;-2,3,1,2,0,0;3,4,0,0,1,1 ## STEP 0 2 1 | 1,0,0,0,0,2;1,0,0,0,2,0;-1,0,0,2,0,0 | -1,0,4,0,1,1;-8,1,3,0,2,0;6,1,3,2,0,0;-6,2,2,0,1,1;-2,3,1,2,0,0;3,4,0,0,1,1 | -1,0,4,0,1,1;8,1,3,0,2,0;-6,1,3,2,0,0;-6,2,2,0,1,1;2,3,1,2,0,0;3,4,0,0,1,1 | 1,0,8,0,4,0;-1,0,8,2,2,0;76,2,6,0,4,0;-108,2,6,2,2,0;36,2,6,4,0,0;30,4,4,0,4,0;2,4,4,2,2,0;-24,4,4,4,0,0;-36,6,2,0,4,0;36,6,2,2,2,0;4,6,2,4,0,0;9,8,0,0,4,0;-9,8,0,2,2,0 ## STEP 1 2 4 | 1,0,8,0,4,0;-1,0,8,2,2,0;76,2,6,0,4,0;-108,2,6,2,2,0;36,2,6,4,0,0;30,4,4,0,4,0;2,4,4,2,2,0;-24,4,4,4,0,0;-36,6,2,0,4,0;36,6,2,2,2,0;4,6,2,4,0,0;9,8,0,0,4,0;-9,8,0,2,2,0 | 9,0,8,0,2,0;-92,2,6,0,2,0;-16,2,6,2,0,0;310,4,4,0,2,0;32,4,4,2,0,0;-92,6,2,0,2,0;-16,6,2,2,0,0;9,8,0,0,2,0 | 9,0,16,0,2,0;-9,0,16,2,0,0;592,2,14,0,2,0;-864,2,14,2,0,0;-6412,4,12,0,2,0;10828,4,12,2,0,0;20384,6,10,0,2,0;-35184,6,10,2,0,0;5710,8,8,0,2,0;6834,8,8,2,0,0;-14064,10,6,0,2,0;12608,10,6,2,0,0;6372,12,4,0,2,0;-6948,12,4,2,0,0;-1152,14,2,0,2,0;1296,14,2,2,0,0;81,16,0,0,2,0;-81,16,0,2,0,0 | 693,2,22,4,0,0;-18774,4,20,4,0,0;186601,6,18,4,0,0;-845000,8,16,4,0,0;1737050,10,14,4,0,0;-1411076,12,12,4,0,0;490442,14,10,4,0,0;-46664,16,8,4,0,0;-13775,18,6,4,0,0;3690,20,4,4,0,0;-243,22,2,4,0,0 || END 693,2,22,4,0,0;-18774,4,20,4,0,0;186601,6,18,4,0,0;-845000,8,16,4,0,0;1737050,10,14,4,0,0;-1411076,12,12,4,0,0;490442,14,10,4,0,0;-46664,16,8,4,0,0;-13775,18,6,4,0,0;3690,20,4,4,0,0;-243,22,2,4,0,0
CORES -1,0,4,0,2;2,0,4,2,0;-2,4,0,0,2;1,4,0,2,0 | im | 1,0,4,0,4;1,0,4,2,2;2,1,3,0,4;-2,3,1,4,0;-1,4,0,2,2;-1,4,0,4,0 | im || LEAF 5 || STEP 0 1 4 | 12,0,4,0,1,1;-8,1,3,0,0,2;8,1,3,0,2,0;-72,2,2,0,1,1;8,3,1,0,0,2;-8,3,1,0,2,0;12,4,0,0,1,1 | 1,0,0,0,0,2;1,0,0,0,2,0;-1,0,0,2,0,0 | -8,1,3,0,0,0;8,3,1,0,0,0 | 3,0,4,0,1,1;4,1,3,0,2,0;-2,1,3,2,0,0;-18,2,2,0,1,1;-4,3,1,0,2,0;2,3,1,2,0,0;3,4,0,0,1,1 ## STEP 0 2 1 | 1,0,0,0,0,2;1,0,0,0,2,0;-1,0,0,2,0,0 | 3,0,4,0,1,1;4,1,3,0,2,0;-2,1,3,2,0,0;-18,2,2,0,1,1;-4,3,1,0,2,0;2,3,1,2,0,0;3,4,0,0,1,1 | 3,0,4,0,1,1;-4,1,3,0,2,0;2,1,3,2,0,0;-18,2,2,0,1,1;4,3,1,0,2,0;-2,3,1,2,0,0;3,4,0,0,1,1 | 9,0,8,0,4,0;-9,0,8,2,2,0;-92,2,6,0,4,0;92,2,6,2,2,0;4,2,6,4,0,0;310,4,4,0,4,0;-310,4,4,2,2,0;-8,4,4,4,0,0;-92,6,2,0,4,0;92,6,2,2,2,0;4,6,2,4,0,0;9,8,0,0,4,0;-9,8,0,2,2,0 ## STEP 0 3 8 | -8,0,4,0,1,3;8,0,4,0,3,1;8,1,3,0,0,4;16,1,3,0,2,2;8,1,3,0,4,0;-48,2,2,0,1,3;48,2,2,0,3,1;-24,3,1,0,0,4;80,3,1,0,2,2;-24,3,1,0,4,0;24,4,0,0,1,3;-24,4,0,0,3,1 | 1,0,0,0,0,2;1,0,0,0,2,0;-1,0,0,2,0,0 | -8,0,4,0,1,1;8,1,3,0,0,2;8,1,3,0,2,0;8,1,3,2,0,0;-48,2,2,0,1,1;-24,3,1,0,0,2;104,3,1,0,2,0;-24,3,1,2,0,0;24,4,0,0,1,1 | 2,0,4,0,3,1;-1,0,4,2,1,1;1,1,3,4,0,0;12,2,2,0,3,1;-6,2,2,2,1,1;-16,3,1,0,4,0;16,3,1,2,2,0;-3,3,1,4,0,0;-6,4,0,0,3,1;3,4,0,2,1,1 ## STEP 0 2 1 | 1,0,0,0,0,2;1,0,0,0,2,0;-1,0,0,2,0,0 | 2,0,4,0,3,1;-1,0,4,2,1,1;1,1,3,4,0,0;12,2,2,0,3,1;-6,2,2,2,1,1;-16,3,1,0,4,0;16,3,1,2,2,0;-3,3,1,4,0,0;-6,4,0,0,3,1;3,4,0,2,1,1 | 2,0,4,0,3,1;-1,0,4,2,1,1;-1,1,3,4,0,0;12,2,2,0,3,1;-6,2,2,2,1,1;16,3,1,0,4,0;-16,3,1,2,2,0;3,3,1,4,0,0;-6,4,0,0,3,1;3,4,0,2,1,1 | 4,0,8,0,8,0;-8,0,8,2,6,0;5,0,8,4,4,0;-1,0,8,6,2,0;48,2,6,0,8,0;-96,2,6,2,6,0;60,2,6,4,4,0;-12,2,6,6,2,0;1,2,6,8,0,0;120,4,4,0,8,0;-240,4,4,2,6,0;118,4,4,4,4,0;2,4,4,6,2,0;-6,4,4,8,0,0;112,6,2,0,8,0;-224,6,2,2,6,0;172,6,2,4,4,0;-60,6,2,6,2,0;9,6,2,8,0,0;36,8,0,0,8,0;-72,8,0,2,6,0;45,8,0,4,4,0;-9,8,0,6,2,0 ## STEP 1 3 1 | 4,0,8,0,8,0;-8,0,8,2,6,0;5,0,8,4,4,0;-1,0,8,6,2,0;48,2,6,0,8,0;-96,2,6,2,6,0;60,2,6,4,4,0;-12,2,6,6,2,0;1,2,6,8,0,0;120,4,4,0,8,0;-240,4,4,2,6,0;118,4,4,4,4,0;2,4,4,6,2,0;-6,4,4,8,0,0;112,6,2,0,8,0;-224,6,2,2,6,0;172,6,2,4,4,0;-60,6,2,6,2,0;9,6,2,8,0,0;36,8,0,0,8,0;-72,8,0,2,6,0;45,8,0,4,4,0;-9,8,0,6,2,0 | 9,0,8,0,4,0;-9,0,8,2,2,0;-92,2,6,0,4,0;92,2,6,2,2,0;4,2,6,4,0,0;310,4,4,0,4,0;-310,4,4,2,2,0;-8,4,4,4,0,0;-92,6,2,0,4,0;92,6,2,2,2,0;4,6,2,4,0,0;9,8,0,0,4,0;-9,8,0,2,2,0 | 324,0,24,0,4,0;-324,0,24,2,2,0;81,0,24,4,0,0;-2736,2,22,0,4,0;2736,2,22,2,2,0;-828,2,22,4,0,0;-13592,4,20,0,4,0;13592,4,20,2,2,0;-5958,4,20,4,0,0;249680,6,18,0,4,0;-249680,6,18,2,2,0;126756,6,18,4,0,0;-861924,8,16,0,4,0;861924,8,16,2,2,0;-752825,8,16,4,0,0;-331872,10,14,0,4,0;331872,10,14,2,2,0;2197576,10,14,4,0,0;4753200,12,12,0,4,0;-4753200,12,12,2,2,0;-4230452,12,12,4,0,0;4188192,14,10,0,4,0;-4188192,14,10,2,2,0;6614696,14,10,4,0,0;-892996,16,8,0,4,0;892996,16,8,2,2,0;-2609425,16,8,4,0,0;-734960,18,6,0,4,0;734960,18,6,2,2,0;291188,18,6,4,0,0;329832,20,4,0,4,0;-329832,20,4,2,2,0;38682,20,4,4,0,0;-50544,22,2,0,4,0;50544,22,2,2,2,0;-11340,22,2,4,0,0;2916,24,0,0,4,0;-2916,24,0,2,2,0;729,24,0,4,0,0 | 405,2,30,8,0,0;-22770,4,28,8,0,0;461439,6,26,8,0,0;-4916852,8,24,8,0,0;31756109,10,22,8,0,0;-132387278,12,20,8,0,0;364651375,14,18,8,0,0;-650387800,16,16,8,0,0;689145079,18,14,8,0,0;-390392942,20,12,8,0,0;125292245,22,10,8,0,0;-23725556,24,8,8,0,0;2621223,26,6,8,0,0;-154386,28,4,8,0,0;3645,30,2,8,0,0 || END 405,2,30,8,0,0;-22770,4,28,8,0,0;461439,6,26,8,0,0;-4916852,8,24,8,0,0;31756109,10,22,8,0,0;-132387278,12,20,8,0,0;364651375,14,18,8,0,0;-650387800,16,16,8,0,0;689145079,18,14,8,0,0;-390392942,20,12,8,0,0;125292245,22,10,8,0,0;-23725556,24,8,8,0,0;2621223,26,6,8,0,0;-154386,28,4,8,0,0;3645,30,2,8,0,0
CORES 1,0,4,1,1;1,0,4,2,0;2,1,3,2,0;-2,3,1,0,2;-1,4,0,0,2;-1,4,0,1,1 | im | 2,0,4,0,1;-1,0,4,1,0;1,4,0,0,1;-2,4,0,1,0 | im || LEAF 4 || STEP 0 1 4 | -4,0,4,0,1,1;8,1,3,0,0,2;8,1,3,0,2,0;-24,2,2,0,1,1;8,3,1,0,0,2;-24,3,1,0,2,0;12,4,0,0,1,1 | 1,0,0,0,0,2;1,0,0,0,2,0;-1,0,0,2,0,0 | 8,1,3,0,0,0;8,3,1,0,0,0 | -1,0,4,0,1,1;2,1,3,2,0,0;-6,2,2,0,1,1;-8,3,1,0,2,0;2,3,1,2,0,0;3,4,0,0,1,1 ## STEP 0 2 1 | 1,0,0,0,0,2;1,0,0,0,2,0;-1,0,0,2,0,0 | -1,0,4,0,1,1;2,1,3,2,0,0;-6,2,2,0,1,1;-8,3,1,0,2,0;2,3,1,2,0,0;3,4,0,0,1,1 | -1,0,4,0,1,1;-2,1,3,2,0,0;-6,2,2,0,1,1;8,3,1,0,2,0;-2,3,1,2,0,0;3,4,0,0,1,1 | 1,0,8,0,4,0;-1,0,8,2,2,0;12,2,6,0,4,0;-12,2,6,2,2,0;4,2,6,4,0,0;30,4,4,0,4,0;-62,4,4,2,2,0;8,4,4,4,0,0;28,6,2,0,4,0;4,6,2,2,2,0;4,6,2,4,0,0;9,8,0,0,4,0;-9,8,0,2,2,0 ## STEP 0 2 4 | 1,0,0,0,0,2;1,0,0,0,2,0;-1,0,0,2,0,0 | -6,0,4,0,0,1;8,1,3,0,1,0;36,2,2,0,0,1;-8,3,1,0,1,0;-6,4,0,0,0,1 | -6,0,4,0,0,1;-8,1,3,0,1,0;36,2,2,0,0,1;8,3,1,0,1,0;-6,4,0,0,0,1 | 9,0,8,0,2,0;-9,0,8,2,0,0;-92,2,6,0,2,0;108,2,6,2,0,0;310,4,4,0,2,0;-342,4,4,2,0,0;-92,6,2,0,2,0;108,6,2,2,0,0;9,8,0,0,2,0;-9,8,0,2,0,0 ## STEP 1 2 4 | 1,0,8,0,4,0;-1,0,8,2,2,0;12,2,6,0,4,0;-12,2,6,2,2,0;4,2,6,4,0,0;30,4,4,0,4,0;-62,4,4,2,2,0;8,4,4,4,0,0;28,6,2,0,4,0;4,6,2,2,2,0;4,6,2,4,0,0;9,8,0,0,4,0;-9,8,0,2,2,0 | 9,0,8,0,2,0;-9,0,8,2,0,0;-92,2,6,0,2,0;108,2,6,2,0,0;310,4,4,0,2,0;-342,4,4,2,0,0;-92,6,2,0,2,0;108,6,2,2,0,0;9,8,0,0,2,0;-9,8,0,2,0,0 | 9,0,16,0,2,0;16,2,14,0,2,0;-16,2,14,2,0,0;-524,4,12,0,2,0;-448,4,12,2,0,0;1120,6,10,0,2,0;3120,6,10,2,0,0;5710,8,8,0,2,0;-12544,8,8,2,0,0;5200,10,6,0,2,0;13136,10,6,2,0,0;484,12,4,0,2,0;-3392,12,4,2,0,0;-576,14,2,0,2,0;144,14,2,2,0,0;81,16,0,0,2,0 | 45,2,22,4,0,0;-2070,4,20,4,0,0;28561,6,18,4,0,0;-182600,8,16,4,0,0;656906,10,14,4,0,0;-1411076,12,12,4,0,0;1570586,14,10,4,0,0;-709064,16,8,4,0,0;144265,18,6,4,0,0;-13014,20,4,4,0,0;405,22,2,4,0,0 || END 45,2,22,4,0,0;-2070,4,20,4,0,0;28561,6,18,4,0,0;-182600,8,16,4,0,0;656906,10,14,4,0,0;-1411076,12,12,4,0,0;1570586,14,10,4,0,0;-709064,16,8,4,0,0;144265,18,6,4,0,0;-13014,20,4,4,0,0;405,22,2,4,0,0
CORES -1,0,4,1,1;1,0,4,2,0;2,1,3,0,2;-2,3,1,2,0;-1,4,0,0,2;1,4,0,1,1 | im | 2,0,4,0,1;1,0,4,1,0;1,4,0,0,1;2,4,0,1,0 | re || LEAF 4 || STEP 0 1 4 | 12,0,4,0,1,1;-8,1,3,0,0,2;-8,1,3,0,2,0;-24,2,2,0,1,1;24,3,1,0,0,2;-8,3,1,0,2,0;-4,4,0,0,1,1 | 1,0,0,0,0,2;1,0,0,0,2,0;-1,0,0,2,0,0 | -8,1,3,0,0,0;24,3,1,0,0,0 | 3,0,4,0,1,1;-2,1,3,2,0,0;-6,2,2,0,1,1;-8,3,1,0,2,0;6,3,1,2,0,0;-1,4,0,0,1,1 ## STEP 0 2 1 | 1,0,0,0,0,2;1,0,0,0,2,0;-1,0,0,2,0,0 | 3,0,4,0,1,1;-2,1,3,2,0,0;-6,2,2,0,1,1;-8,3,1,0,2,0;6,3,1,2,0,0;-1,4,0,0,1,1 | 3,0,4,0,1,1;2,1,3,2,0,0;-6,2,2,0,1,1;8,3,1,0,2,0;-6,3,1,2,0,0;-1,4,0,0,1,1 | 9,0,8,0,4,0;-9,0,8,2,2,0;-36,2,6,0,4,0;36,2,6,2,2,0;4,2,6,4,0,0;30,4,4,0,4,0;2,4,4,2,2,0;-24,4,4,4,0,0;76,6,2,0,4,0;-108,6,2,2,2,0;36,6,2,4,0,0;1,8,0,0,4,0;-1,8,0,2,2,0 ## STEP 0 2 4 | 1,0,0,0,0,2;1,0,0,0,2,0;-1,0,0,2,0,0 | 6,0,4,0,1,0;8,1,3,0,0,1;-36,2,2,0,1,0;-8,3,1,0,0,1;6,4,0,0,1,0 | -6,0,4,0,1,0;8,1,3,0,0,1;36,2,2,0,1,0;-8,3,1,0,0,1;-6,4,0,0,1,0 | 9,0,8,0,2,0;-92,2,6,0,2,0;-16,2,6,2,0,0;310,4,4,0,2,0;32,4,4,2,0,0;-92,6,2,0,2,0;-16,6,2,2,0,0;9,8,0,0,2,0 ## STEP 1 2 4 | 9,0,8,0,4,0;-9,0,8,2,2,0;-36,2,6,0,4,0;36,2,6,2,2,0;4,2,6,4,0,0;30,4,4,0,4,0;2,4,4,2,2,0;-24,4,4,4,0,0;76,6,2,0,4,0;-108,6,2,2,2,0;36,6,2,4,0,0;1,8,0,0,4,0;-1,8,0,2,2,0 | 9,0,8,0,2,0;-92,2,6,0,2,0;-16,2,6,2,0,0;310,4,4,0,2,0;32,4,4,2,0,0;-92,6,2,0,2,0;-16,6,2,2,0,0;9,8,0,0,2,0 | 81,0,16,0,2,0;-81,0,16,2,0,0;-1152,2,14,0,2,0;1296,2,14,2,0,0;6372,4,12,0,2,0;-6948,4,12,2,0,0;-14064,6,10,0,2,0;12608,6,10,2,0,0;5710,8,8,0,2,0;6834,8,8,2,0,0;20384,10,6,0,2,0;-35184,10,6,2,0,0;-6412,12,4,0,2,0;10828,12,4,2,0,0;592,14,2,0,2,0;-864,14,2,2,0,0;9,16,0,0,2,0;-9,16,0,2,0,0 | -243,2,22,4,0,0;3690,4,20,4,0,0;-13775,6,18,4,0,0;-46664,8,16,4,0,0;490442,10,14,4,0,0;-1411076,12,12,4,0,0;1737050,14,10,4,0,0;-845000,16,8,4,0,0;186601,18,6,4,0,0;-18774,20,4,4,0,0;693,22,2,4,0,0 || END -243,2,22,4,0,0;3690,4,20,4,0,0;-13775,6,18,4,0,0;-46664,8,16,4,0,0;490442,10,14,4,0,0;-1411076,12,12,4,0,0;1737050,14,10,4,0,0;-845000,16,8,4,0,0;186601,18,6,4,0,0;-18774,20,4,4,0,0;693,22,2,4,0,0
CORES 1,0,4,1,1;-1,0,4,2,0;2,1,3,0,2;-2,3,1,2,0;1,4,0,0,2;-1,4,0,1,1 | im | 2,0,4,0,1;1,0,4,1,0;1,4,0,0,1;2,4,0,1,0 | re || LEAF 4 || STEP 0 1 4 | 4,0,4,0,1,1;24,1,3,0,0,2;-8,1,3,0,2,0;24,2,2,0,1,1;-8,3,1,0,0,2;-8,3,1,0,2,0;-12,4,0,0,1,1 | 1,0,0,0,0,2;1,0,0,0,2,0;-1,0,0,2,0,0 | 24,1,3,0,0,0;-8,3,1,0,0,0 | 1,0,4,0,1,1;-8,1,3,0,2,0;6,1,3,2,0,0;6,2,2,0,1,1;-2,3,1,2,0,0;-3,4,0,0,1,1 ## STEP 0 2 1 | 1,0,0,0,0,2;1,0,0,0,2,0;-1,0,0,2,0,0 | 1,0,4,0,1,1;-8,1,3,0,2,0;6,1,3,2,0,0;6,2,2,0,1,1;-2,3,1,2,0,0;-3,4,0,0,1,1 | 1,0,4,0,1,1;8,1,3,0,2,0;-6,1,3,2,0,0;6,2,2,0,1,1;2,3,1,2,0,0;-3,4,0,0,1,1 | 1,0,8,0,4,0;-1,0,8,2,2,0;76,2,6,0,4,0;-108,2,6,2,2,0;36,2,6,4,0,0;30,4,4,0,4,0;2,4,4,2,2,0;-24,4,4,4,0,0;-36,6,2,0,4,0;36,6,2,2,2,0;4,6,2,4,0,0;9,8,0,0,4,0;-9,8,0,2,2,0 ## STEP 0 2 4 | 1,0,0,0,0,2;1,0,0,0,2,0;-1,0,0,2,0,0 | 6,0,4,0,1,0;8,1,3,0,0,1;-36,2,2,0,1,0;-8,3,1,0,0,1;6,4,0,0,1,0 | -6,0,4,0,1,0;8,1,3,0,0,1;36,2,2,0,1,0;-8,3,1,0,0,1;-6,4,0,0,1,0 | 9,0,8,0,2,0;-92,2,6,0,2,0;-16,2,6,2,0,0;310,4,4,0,2,0;32,4,4,2,0,0;-92,6,2,0,2,0;-16,6,2,2,0,0;9,8,0,0,2,0 ## STEP 1 2 4 | 1,0,8,0,4,0;-1,0,8,2,2,0;76,2,6,0,4,0;-108,2,6,2,2,0;36,2,6,4,0,0;30,4,4,0,4,0;2,4,4,2,2,0;-24,4,4,4,0,0;-36,6,2,0,4,0;36,6,2,2,2,0;4,6,2,4,0,0;9,8,0,0,4,0;-9,8,0,2,2,0 | 9,0,8,0,2,0;-92,2,6,0,2,0;-16,2,6,2,0,0;310,4,4,0,2,0;32,4,4,2,0,0;-92,6,2,0,2,0;-16,6,2,2,0,0;9,8,0,0,2,0 | 9,0,16,0,2,0;-9,0,16,2,0,0;592,2,14,0,2,0;-864,2,14,2,0,0;-6412,4,12,0,2,0;10828,4,12,2,0,0;20384,6,10,0,2,0;-35184,6,10,2,0,0;5710,8,8,0,2,0;6834,8,8,2,0,0;-14064,10,6,0,2,0;12608,10,6,2,0,0;6372,12,4,0,2,0;-6948,12,4,2,0,0;-1152,14,2,0,2,0;1296,14,2,2,0,0;81,16,0,0,2,0;-81,16,0,2,0,0 | 693,2,22,4,0,0;-18774,4,20,4,0,0;186601,6,18,4,0,0;-845000,8,16,4,0,0;1737050,10,14,4,0,0;-1411076,12,12,4,0,0;490442,14,10,4,0,0;-46664,16,8,4,0,0;-13775,18,6,4,0,0;3690,20,4,4,0,0;-243,22,2,4,0,0 || END 693,2,22,4,0,0;-18774,4,20,4,0,0;186601,6,18,4,0,0;-845000,8,16,4,0,0;1737050,10,14,4,0,0;-1411076,12,12,4,0,0;490442,14,10,4,0,0;-46664,16,8,4,0,0;-13775,18,6,4,0,0;3690,20,4,4,0,0;-243,22,2,4,0,0
CORES 1,0,4,1,1;-1,0,4,2,0;2,1,3,2,0;-2,3,1,0,2;1,4,0,0,2;-1,4,0,1,1 | im | 2,0,4,0,1;1,0,4,1,0;1,4,0,0,1;2,4,0,1,0 | re || LEAF 4 || STEP 0 1 4 | -12,0,4,0,1,1;24,1,3,0,0,2;-8,1,3,0,2,0;24,2,2,0,1,1;-8,3,1,0,0,2;-8,3,1,0,2,0;4,4,0,0,1,1 | 1,0,0,0,0,2;1,0,0,0,2,0;-1,0,0,2,0,0 | 24,1,3,0,0,0;-8,3,1,0,0,0 | -3,0,4,0,1,1;-8,1,3,0,2,0;6,1,3,2,0,0;6,2,2,0,1,1;-2,3,1,2,0,0;1,4,0,0,1,1 ## STEP 0 2 1 | 1,0,0,0,0,2;1,0,0,0,2,0;-1,0,0,2,0,0 | -3,0,4,0,1,1;-8,1,3,0,2,0;6,1,3,2,0,0;6,2,2,0,1,1;-2,3,1,2,0,0;1,4,0,0,1,1 | -3,0,4,0,1,1;8,1,3,0,2,0;-6,1,3,2,0,0;6,2,2,0,1,1;2,3,1,2,0,0;1,4,0,0,1,1 | 9,0,8,0,4,0;-9,0,8,2,2,0;28,2,6,0,4,0;-60,2,6,2,2,0;36,2,6,4,0,0;30,4,4,0,4,0;2,4,4,2,2,0;-24,4,4,4,0,0;12,6,2,0,4,0;-12,6,2,2,2,0;4,6,2,4,0,0;1,8,0,0,4,0;-1,8,0,2,2,0 ## STEP 0 2 4 | 1,0,0,0,0,2;1,0,0,0,2,0;-1,0,0,2,0,0 | 6,0,4,0,1,0;8,1,3,0,0,1;-36,2,2,0,1,0;-8,3,1,0,0,1;6,4,0,0,1,0 | -6,0,4,0,1,0;8,1,3,0,0,1;36,2,2,0,1,0;-8,3,1,0,0,1;-6,4,0,0,1,0 | 9,0,8,0,2,0;-92,2,6,0,2,0;-16,2,6,2,0,0;310,4,4,0,2,0;32,4,4,2,0,0;-92,6,2,0,2,0;-16,6,2,2,0,0;9,8,0,0,2,0 ## STEP 1 2 4 | 9,0,8,0,4,0;-9,0,8,2,2,0;28,2,6,0,4,0;-60,2,6,2,2,0;36,2,6,4,0,0;30,4,4,0,4,0;2,4,4,2,2,0;-24,4,4,4,0,0;12,6,2,0,4,0;-12,6,2,2,2,0;4,6,2,4,0,0;1,8,0,0,4,0;-1,8,0,2,2,0 | 9,0,8,0,2,0;-92,2,6,0,2,0;-16,2,6,2,0,0;310,4,4,0,2,0;32,4,4,2,0,0;-92,6,2,0,2,0;-16,6,2,2,0,0;9,8,0,0,2,0 | 81,0,16,0,2,0;-81,0,16,2,0,0;-576,2,14,0,2,0;432,2,14,2,0,0;484,4,12,0,2,0;2908,4,12,2,0,0;5200,6,10,0,2,0;-18336,6,10,2,0,0;5710,8,8,0,2,0;6834,8,8,2,0,0;1120,10,6,0,2,0;-4240,10,6,2,0,0;-524,12,4,0,2,0;972,12,4,2,0,0;16,14,2,0,2,0;9,16,0,0,2,0;-9,16,0,2,0,0 | 405,2,22,4,0,0;-13014,4,20,4,0,0;144265,6,18,4,0,0;-709064,8,16,4,0,0;1570586,10,14,4,0,0;-1411076,12,12,4,0,0;656906,14,10,4,0,0;-182600,16,8,4,0,0;28561,18,6,4,0,0;-2070,20,4,4,0,0;45,22,2,4,0,0 || END 405,2,22,4,0,0;-13014,4,20,4,0,0;144265,6,18,4,0,0;-709064,8,16,4,0,0;1570586,10,14,4,0,0;-1411076,12,12,4,0,0;656906,14,10,4,0,0;-182600,16,8,4,0,0;28561,18,6,4,0,0;-2070,20,4,4,0,0;45,22,2,4,0,0
CORES 1,0,4,1,1;1,0,4,2,0;2,1,3,0,2;-2,3,1,2,0;-1,4,0,0,2;-1,4,0,1,1 | im | 2,0,4,0,1;-1,0,4,1,0;1,4,0,0,1;-2,4,0,1,0 | im || LEAF 4 || STEP 0 1 4 | 12,0,4,0,1,1;8,1,3,0,0,2;8,1,3,0,2,0;-24,2,2,0,1,1;8,3,1,0,0,2;-24,3,1,0,2,0;-4,4,0,0,1,1 | 1,0,0,0,0,2;1,0,0,0,2,0;-1,0,0,2,0,0 | 8,1,3,0,0,0;8,3,1,0,0,0 | 3,0,4,0,1,1;2,1,3,2,0,0;-6,2,2,0,1,1;-8,3,1,0,2,0;2,3,1,2,0,0;-1,4,0,0,1,1 ## STEP 0 2 1 | 1,0,0,0,0,2;1,0,0,0,2,0;-1,0,0,2,0,0 | 3,0,4,0,1,1;2,1,3,2,0,0;-6,2,2,0,1,1;-8,3,1,0,2,0;2,3,1,2,0,0;-1,4,0,0,1,1 | 3,0,4,0,1,1;-2,1,3,2,0,0;-6,2,2,0,1,1;8,3,1,0,2,0;-2,3,1,2,0,0;-1,4,0,0,1,1 | 9,0,8,0,4,0;-9,0,8,2,2,0;-36,2,6,0,4,0;36,2,6,2,2,0;4,2,6,4,0,0;30,4,4,0,4,0;-62,4,4,2,2,0;8,4,4,4,0,0;76,6,2,0,4,0;-44,6,2,2,2,0;4,6,2,4,0,0;1,8,0,0,4,0;-1,8,0,2,2,0 ## STEP 0 2 4 | 1,0,0,0,0,2;1,0,0,0,2,0;-1,0,0,2,0,0 | -6,0,4,0,0,1;8,1,3,0,1,0;36,2,2,0,0,1;-8,3,1,0,1,0;-6,4,0,0,0,1 | -6,0,4,0,0,1;-8,1,3,0,1,0;36,2,2,0,0,1;8,3,1,0,1,0;-6,4,0,0,0,1 | 9,0,8,0,2,0;-9,0,8,2,0,0;-92,2,6,0,2,0;108,2,6,2,0,0;310,4,4,0,2,0;-342,4,4,2,0,0;-92,6,2,0,2,0;108,6,2,2,0,0;9,8,0,0,2,0;-9,8,0,2,0,0 ## STEP 1 2 4 | 9,0,8,0,4,0;-9,0,8,2,2,0;-36,2,6,0,4,0;36,2,6,2,2,0;4,2,6,4,0,0;30,4,4,0,4,0;-62,4,4,2,2,0;8,4,4,4,0,0;76,6,2,0,4,0;-44,6,2,2,2,0;4,6,2,4,0,0;1,8,0,0,4,0;-1,8,0,2,2,0 | 9,0,8,0,2,0;-9,0,8,2,0,0;-92,2,6,0,2,0;108,2,6,2,0,0;310,4,4,0,2,0;-342,4,4,2,0,0;-92,6,2,0,2,0;108,6,2,2,0,0;9,8,0,0,2,0;-9,8,0,2,0,0 | 81,0,16,0,2,0;-1152,2,14,0,2,0;-144,2,14,2,0,0;6372,4,12,0,2,0;576,4,12,2,0,0;-14064,6,10,0,2,0;1456,6,10,2,0,0;5710,8,8,0,2,0;-12544,8,8,2,0,0;20384,10,6,0,2,0;14800,10,6,2,0,0;-6412,12,4,0,2,0;-4416,12,4,2,0,0;592,14,2,0,2,0;272,14,2,2,0,0;9,16,0,0,2,0 | -243,2,22,4,0,0;3690,4,20,4,0,0;-13775,6,18,4,0,0;-46664,8,16,4,0,0;490442,10,14,4,0,0;-1411076,12,12,4,0,0;1737050,14,10,4,0,0;-845000,16,8,4,0,0;186601,18,6,4,0,0;-18774,20,4,4,0,0;693,22,2,4,0,0 || END -243,2,22,4,0,0;3690,4,20,4,0,0;-13775,6,18,4,0,0;-46664,8,16,4,0,0;490442,10,14,4,0,0;-1411076,12,12,4,0,0;1737050,14,10,4,0,0;-845000,16,8,4,0,0;186601,18,6,4,0,0;-18774,20,4,4,0,0;693,22,2,4,0,0
CORES -1,0,2,0,4;-1,0,2,4,0;2,1,1,0,4;-2,1,1,4,0;1,2,0,0,4;1,2,0,4,0 | im | 1,0,2,0,2;1,0,2,2,0;-2,1,1,1,1;1,2,0,0,2;1,2,0,2,0 | re || LEAF 4 || STEP 0 3 8 | 16,0,2,0,1,3;-16,0,2,0,3,1;8,1,1,0,0,4;-48,1,1,0,2,2;8,1,1,0,4,0;16,2,0,0,1,3;-16,2,0,0,3,1 | 1,0,0,0,0,2;1,0,0,0,2,0;-1,0,0,2,0,0 | 16,0,2,0,1,1;8,1,1,0,0,2;-56,1,1,0,2,0;8,1,1,2,0,0;16,2,0,0,1,1 | -4,0,2,0,3,1;2,0,2,2,1,1;8,1,1,0,4,0;-8,1,1,2,2,0;1,1,1,4,0,0;-4,2,0,0,3,1;2,2,0,2,1,1 ## STEP 0 2 1 | 1,0,0,0,0,2;1,0,0,0,2,0;-1,0,0,2,0,0 | -4,0,2,0,3,1;2,0,2,2,1,1;8,1,1,0,4,0;-8,1,1,2,2,0;1,1,1,4,0,0;-4,2,0,0,3,1;2,2,0,2,1,1 | -4,0,2,0,3,1;2,0,2,2,1,1;-8,1,1,0,4,0;8,1,1,2,2,0;-1,1,1,4,0,0;-4,2,0,0,3,1;2,2,0,2,1,1 | 16,0,4,0,8,0;-32,0,4,2,6,0;20,0,4,4,4,0;-4,0,4,6,2,0;96,2,2,0,8,0;-192,2,2,2,6,0;120,2,2,4,4,0;-24,2,2,6,2,0;1,2,2,8,0,0;16,4,0,0,8,0;-32,4,0,2,6,0;20,4,0,4,4,0;-4,4,0,6,2,0 ## STEP 0 1 2 | 2,0,2,0,0,2;-6,0,2,0,2,0;-6,2,0,0,0,2;2,2,0,0,2,0 | 1,0,0,0,0,2;1,0,0,0,2,0;-1,0,0,2,0,0 | 2,0,2,0,0,0;-6,2,0,0,0,0 | -4,0,2,0,2,0;1,0,2,2,0,0;4,2,0,0,2,0;-3,2,0,2,0,0 ## STEP 1 4 16 | 16,0,4,0,8,0;-32,0,4,2,6,0;20,0,4,4,4,0;-4,0,4,6,2,0;96,2,2,0,8,0;-192,2,2,2,6,0;120,2,2,4,4,0;-24,2,2,6,2,0;1,2,2,8,0,0;16,4,0,0,8,0;-32,4,0,2,6,0;20,4,0,4,4,0;-4,4,0,6,2,0 | -4,0,2,0,2,0;1,0,2,2,0,0;4,2,0,0,2,0;-3,2,0,2,0,0 | -1024,0,10,0,6,0;1792,0,10,2,4,0;-832,0,10,4,2,0;48,0,10,6,0,0;-3072,2,8,0,6,0;5888,2,8,2,4,0;-3264,2,8,4,2,0;368,2,8,6,0,0;14336,4,6,0,6,0;-23040,4,6,2,4,0;8320,4,6,4,2,0;544,4,6,6,0,0;-14336,6,4,0,6,0;19968,6,4,2,4,0;-5248,6,4,4,2,0;160,6,4,6,0,0;3072,8,2,0,6,0;-3328,8,2,2,4,0;704,8,2,4,2,0;-80,8,2,6,0,0;1024,10,0,0,6,0;-1280,10,0,2,4,0;320,10,0,4,2,0;-16,10,0,6,0,0 | -3,0,12,8,0,0;2,2,10,8,0,0;-29,4,8,8,0,0;188,6,6,8,0,0;-29,8,4,8,0,0;2,10,2,8,0,0;-3,12,0,8,0,0 || END -3,0,12,8,0,0;2,2,10,8,0,0;-29,4,8,8,0,0;188,6,6,8,0,0;-29,8,4,8,0,0;2,10,2,8,0,0;-3,12,0,8,0,0
CORES 1,0,2,0,4;1,0,2,4,0;2,1,1,0,4;-2,1,1,4,0;-1,2,0,0,4;-1,2,0,4,0 | im | -1,0,2,0,2;-1,0,2,2,0;-2,1,1,1,1;-1,2,0,0,2;-1,2,0,2,0 | re || LEAF 4 || STEP 0 3 8 | 16,0,2,0,1,3;-16,0,2,0,3,1;-8,1,1,0,0,4;48,1,1,0,2,2;-8,1,1,0,4,0;16,2,0,0,1,3;-16,2,0,0,3,1 | 1,0,0,0,0,2;1,0,0,0,2,0;-1,0,0,2,0,0 | 16,0,2,0,1,1;-8,1,1,0,0,2;56,1,1,0,2,0;-8,1,1,2,0,0;16,2,0,0,1,1 | -4,0,2,0,3,1;2,0,2,2,1,1;-8,1,1,0,4,0;8,1,1,2,2,0;-1,1,1,4,0,0;-4,2,0,0,3,1;2,2,0,2,1,1 ## STEP 0 2 1 | 1,0,0,0,0,2;1,0,0,0,2,0;-1,0,0,2,0,0 | -4,0,2,0,3,1;2,0,2,2,1,1;-8,1,1,0,4,0;8,1,1,2,2,0;-1,1,1,4,0,0;-4,2,0,0,3,1;2,2,0,2,1,1 | -4,0,2,0,3,1;2,0,2,2,1,1;8,1,1,0,4,0;-8,1,1,2,2,0;1,1,1,4,0,0;-4,2,0,0,3,1;2,2,0,2,1,1 | 16,0,4,0,8,0;-32,0,4,2,6,0;20,0,4,4,4,0;-4,0,4,6,2,0;96,2,2,0,8,0;-192,2,2,2,6,0;120,2,2,4,4,0;-24,2,2,6,2,0;1,2,2,8,0,0;16,4,0,0,8,0;-32,4,0,2,6,0;20,4,0,4,4,0;-4,4,0,6,2,0 ## STEP 0 1 2 | -6,0,2,0,0,2;2,0,2,0,2,0;2,2,0,0,0,2;-6,2,0,0,2,0 | 1,0,0,0,0,2;1,0,0,0,2,0;-1,0,0,2,0,0 | -6,0,2,0,0,0;2,2,0,0,0,0 | 4,0,2,0,2,0;-3,0,2,2,0,0;-4,2,0,0,2,0;1,2,0,2,0,0 ## STEP 1 4 16 | 16,0,4,0,8,0;-32,0,4,2,6,0;20,0,4,4,4,0;-4,0,4,6,2,0;96,2,2,0,8,0;-192,2,2,2,6,0;120,2,2,4,4,0;-24,2,2,6,2,0;1,2,2,8,0,0;16,4,0,0,8,0;-32,4,0,2,6,0;20,4,0,4,4,0;-4,4,0,6,2,0 | 4,0,2,0,2,0;-3,0,2,2,0,0;-4,2,0,0,2,0;1,2,0,2,0,0 | 1024,0,10,0,6,0;-1280,0,10,2,4,0;320,0,10,4,2,0;-16,0,10,6,0,0;3072,2,8,0,6,0;-3328,2,8,2,4,0;704,2,8,4,2,0;-80,2,8,6,0,0;-14336,4,6,0,6,0;19968,4,6,2,4,0;-5248,4,6,4,2,0;160,4,6,6,0,0;14336,6,4,0,6,0;-23040,6,4,2,4,0;8320,6,4,4,2,0;544,6,4,6,0,0;-3072,8,2,0,6,0;5888,8,2,2,4,0;-3264,8,2,4,2,0;368,8,2,6,0,0;-1024,10,0,0,6,0;1792,10,0,2,4,0;-832,10,0,4,2,0;48,10,0,6,0,0 | -3,0,12,8,0,0;2,2,10,8,0,0;-29,4,8,8,0,0;188,6,6,8,0,0;-29,8,4,8,0,0;2,10,2,8,0,0;-3,12,0,8,0,0 || END -3,0,12,8,0,0;2,2,10,8,0,0;-29,4,8,8,0,0;188,6,6,8,0,0;-29,8,4,8,0,0;2,10,2,8,0,0;-3,12,0,8,0,0
CORES -1,0,4,0,4;-1,0,4,4,0;2,1,3,4,0;-2,3,1,0,4;1,4,0,0,4;1,4,0,4,0 | im | -1,0,4,0,2;-1,0,4,2,0;-2,2,2,1,1;-1,4,0,0,2;-1,4,0,2,0 | re || LEAF 4 || STEP 0 3 8 | 16,0,4,0,1,3;-16,0,4,0,3,1;-24,1,3,0,0,4;144,1,3,0,2,2;-24,1,3,0,4,0;8,3,1,0,0,4;-48,3,1,0,2,2;8,3,1,0,4,0;-16,4,0,0,1,3;16,4,0,0,3,1 | 1,0,0,0,0,2;1,0,0,0,2,0;-1,0,0,2,0,0 | 16,0,4,0,1,1;-24,1,3,0,0,2;168,1,3,0,2,0;-24,1,3,2,0,0;8,3,1,0,0,2;-56,3,1,0,2,0;8,3,1,2,0,0;-16,4,0,0,1,1 | -4,0,4,0,3,1;2,0,4,2,1,1;-24,1,3,0,4,0;24,1,3,2,2,0;-3,1,3,4,0,0;8,3,1,0,4,0;-8,3,1,2,2,0;1,3,1,4,0,0;4,4,0,0,3,1;-2,4,0,2,1,1 ## STEP 0 2 1 | 1,0,0,0,0,2;1,0,0,0,2,0;-1,0,0,2,0,0 | -4,0,4,0,3,1;2,0,4,2,1,1;-24,1,3,0,4,0;24,1,3,2,2,0;-3,1,3,4,0,0;8,3,1,0,4,0;-8,3,1,2,2,0;1,3,1,4,0,0;4,4,0,0,3,1;-2,4,0,2,1,1 | -4,0,4,0,3,1;2,0,4,2,1,1;24,1,3,0,4,0;-24,1,3,2,2,0;3,1,3,4,0,0;-8,3,1,0,4,0;8,3,1,2,2,0;-1,3,1,4,0,0;4,4,0,0,3,1;-2,4,0,2,1,1 | 16,0,8,0,8,0;-32,0,8,2,6,0;20,0,8,4,4,0;-4,0,8,6,2,0;576,2,6,0,8,0;-1152,2,6,2,6,0;720,2,6,4,4,0;-144,2,6,6,2,0;9,2,6,8,0,0;-416,4,4,0,8,0;832,4,4,2,6,0;-520,4,4,4,4,0;104,4,4,6,2,0;-6,4,4,8,0,0;64,6,2,0,8,0;-128,6,2,2,6,0;80,6,2,4,4,0;-16,6,2,6,2,0;1,6,2,8,0,0;16,8,0,0,8,0;-32,8,0,2,6,0;20,8,0,4,4,0;-4,8,0,6,2,0 ## STEP 0 1 2 | 2,0,4,0,0,2;-6,0,4,0,2,0;-28,2,2,0,0,2;20,2,2,0,2,0;2,4,0,0,0,2;-6,4,0,0,2,0 | 1,0,0,0,0,2;1,0,0,0,2,0;-1,0,0,2,0,0 | 2,0,4,0,0,0;-28,2,2,0,0,0;2,4,0,0,0,0 | -4,0,4,0,2,0;1,0,4,2,0,0;24,2,2,0,2,0;-14,2,2,2,0,0;-4,4,0,0,2,0;1,4,0,2,0,0 ## STEP 1 4 16 | 16,0,8,0,8,0;-32,0,8,2,6,0;20,0,8,4,4,0;-4,0,8,6,2,0;576,2,6,0,8,0;-1152,2,6,2,6,0;720,2,6,4,4,0;-144,2,6,6,2,0;9,2,6,8,0,0;-416,4,4,0,8,0;832,4,4,2,6,0;-520,4,4,4,4,0;104,4,4,6,2,0;-6,4,4,8,0,0;64,6,2,0,8,0;-128,6,2,2,6,0;80,6,2,4,4,0;-16,6,2,6,2,0;1,6,2,8,0,0;16,8,0,0,8,0;-32,8,0,2,6,0;20,8,0,4,4,0;-4,8,0,6,2,0 | -4,0,4,0,2,0;1,0,4,2,0,0;24,2,2,0,2,0;-14,2,2,2,0,0;-4,4,0,0,2,0;1,4,0,2,0,0 | -1024,0,20,0,6,0;1792,0,20,2,4,0;-832,0,20,4,2,0;48,0,20,6,0,0;-18432,2,18,0,6,0;34304,2,18,2,4,0;-18048,2,18,4,2,0;1760,2,18,6,0,0;576512,4,16,0,6,0;-959744,4,16,2,4,0;390592,4,16,4,2,0;-400,4,16,6,0,0;-4317184,6,14,0,6,0;6694912,6,14,2,4,0;-2340352,6,14,4,2,0;-12160,6,14,6,0,0;12204032,8,12,0,6,0;-17932800,8,12,2,4,0;5766528,8,12,4,2,0;-12960,8,12,6,0,0;-11218944,10,10,0,6,0;16630784,10,10,2,4,0;-5414656,10,10,4,2,0;2880,10,10,6,0,0;4536320,12,8,0,6,0;-6939136,12,8,2,4,0;2387328,12,8,4,2,0;6496,12,8,6,0,0;-712704,14,6,0,6,0;1173504,14,6,2,4,0;-460288,14,6,4,2,0;-896,14,6,6,0,0;-13312,16,4,0,6,0;6912,16,4,2,4,0;9664,16,4,4,2,0;-1424,16,4,6,0,0;14336,18,2,0,6,0;-23040,18,2,2,4,0;8576,18,2,4,2,0;224,18,2,6,0,0;-1024,20,0,0,6,0;1792,20,0,2,4,0;-832,20,0,4,2,0;48,20,0,6,0,0 | -3,0,24,8,0,0;76,2,22,8,0,0;-1990,4,20,8,0,0;34300,6,18,8,0,0;-166093,8,16,8,0,0;332312,10,14,8,0,0;-313300,12,12,8,0,0;154840,14,10,8,0,0;-40653,16,8,8,0,0;4764,18,6,8,0,0;-198,20,4,8,0,0;44,22,2,8,0,0;-3,24,0,8,0,0 || END -3,0,24,8,0,0;76,2,22,8,0,0;-1990,4,20,8,0,0;34300,6,18,8,0,0;-166093,8,16,8,0,0;332312,10,14,8,0,0;-313300,12,12,8,0,0;154840,14,10,8,0,0;-40653,16,8,8,0,0;4764,18,6,8,0,0;-198,20,4,8,0,0;44,22,2,8,0,0;-3,24,0,8,0,0
CORES -1,0,4,2,2;-1,0,4,4,0;2,1,3,0,4;-2,3,1,4,0;1,4,0,0,4;1,4,0,2,2 | im | 2,0,4,0,2;-1,0,4,2,0;1,4,0,0,2;-2,4,0,2,0 | im || LEAF 5 || STEP 0 3 8 | -8,0,4,0,1,3;8,0,4,0,3,1;-24,1,3,0,0,4;80,1,3,0,2,2;-24,1,3,0,4,0;-48,2,2,0,1,3;48,2,2,0,3,1;8,3,1,0,0,4;16,3,1,0,2,2;8,3,1,0,4,0;24,4,0,0,1,3;-24,4,0,0,3,1 | 1,0,0,0,0,2;1,0,0,0,2,0;-1,0,0,2,0,0 | -8,0,4,0,1,1;-24,1,3,0,0,2;104,1,3,0,2,0;-24,1,3,2,0,0;-48,2,2,0,1,1;8,3,1,0,0,2;8,3,1,0,2,0;8,3,1,2,0,0;24,4,0,0,1,1 | 2,0,4,0,3,1;-1,0,4,2,1,1;-16,1,3,0,4,0;16,1,3,2,2,0;-3,1,3,4,0,0;12,2,2,0,3,1;-6,2,2,2,1,1;1,3,1,4,0,0;-6,4,0,0,3,1;3,4,0,2,1,1 ## STEP 0 2 1 | 1,0,0,0,0,2;1,0,0,0,2,0;-1,0,0,2,0,0 | 2,0,4,0,3,1;-1,0,4,2,1,1;-16,1,3,0,4,0;16,1,3,2,2,0;-3,1,3,4,0,0;12,2,2,0,3,1;-6,2,2,2,1,1;1,3,1,4,0,0;-6,4,0,0,3,1;3,4,0,2,1,1 | 2,0,4,0,3,1;-1,0,4,2,1,1;16,1,3,0,4,0;-16,1,3,2,2,0;3,1,3,4,0,0;12,2,2,0,3,1;-6,2,2,2,1,1;-1,3,1,4,0,0;-6,4,0,0,3,1;3,4,0,2,1,1 | 4,0,8,0,8,0;-8,0,8,2,6,0;5,0,8,4,4,0;-1,0,8,6,2,0;304,2,6,0,8,0;-608,2,6,2,6,0;412,2,6,4,4,0;-108,2,6,6,2,0;9,2,6,8,0,0;120,4,4,0,8,0;-240,4,4,2,6,0;118,4,4,4,4,0;2,4,4,6,2,0;-6,4,4,8,0,0;-144,6,2,0,8,0;288,6,2,2,6,0;-180,6,2,4,4,0;36,6,2,6,2,0;1,6,2,8,0,0;36,8,0,0,8,0;-72,8,0,2,6,0;45,8,0,4,4,0;-9,8,0,6,2,0 ## STEP 0 1 4 | -12,0,4,0,1,1;-8,1,3,0,0,2;8,1,3,0,2,0;72,2,2,0,1,1;8,3,1,0,0,2;-8,3,1,0,2,0;-12,4,0,0,1,1 | 1,0,0,0,0,2;1,0,0,0,2,0;-1,0,0,2,0,0 | -8,1,3,0,0,0;8,3,1,0,0,0 | -3,0,4,0,1,1;4,1,3,0,2,0;-2,1,3,2,0,0;18,2,2,0,1,1;-4,3,1,0,2,0;2,3,1,2,0,0;-3,4,0,0,1,1 ## STEP 0 2 1 | 1,0,0,0,0,2;1,0,0,0,2,0;-1,0,0,2,0,0 | -3,0,4,0,1,1;4,1,3,0,2,0;-2,1,3,2,0,0;18,2,2,0,1,1;-4,3,1,0,2,0;2,3,1,2,0,0;-3,4,0,0,1,1 | -3,0,4,0,1,1;-4,1,3,0,2,0;2,1,3,2,0,0;18,2,2,0,1,1;4,3,1,0,2,0;-2,3,1,2,0,0;-3,4,0,0,1,1 | 9,0,8,0,4,0;-9,0,8,2,2,0;-92,2,6,0,4,0;92,2,6,2,2,0;4,2,6,4,0,0;310,4,4,0,4,0;-310,4,4,2,2,0;-8,4,4,4,0,0;-92,6,2,0,4,0;92,6,2,2,2,0;4,6,2,4,0,0;9,8,0,0,4,0;-9,8,0,2,2,0 ## STEP 1 3 1 | 4,0,8,0,8,0;-8,0,8,2,6,0;5,0,8,4,4,0;-1,0,8,6,2,0;304,2,6,0,8,0;-608,2,6,2,6,0;412,2,6,4,4,0;-108,2,6,6,2,0;9,2,6,8,0,0;120,4,4,0,8,0;-240,4,4,2,6,0;118,4,4,4,4,0;2,4,4,6,2,0;-6,4,4,8,0,0;-144,6,2,0,8,0;288,6,2,2,6,0;-180,6,2,4,4,0;36,6,2,6,2,0;1,6,2,8,0,0;36,8,0,0,8,0;-72,8,0,2,6,0;45,8,0,4,4,0;-9,8,0,6,2,0 | 9,0,8,0,4,0;-9,0,8,2,2,0;-92,2,6,0,4,0;92,2,6,2,2,0;4,2,6,4,0,0;310,4,4,0,4,0;-310,4,4,2,2,0;-8,4,4,4,0,0;-92,6,2,0,4,0;92,6,2,2,2,0;4,6,2,4,0,0;9,8,0,0,4,0;-9,8,0,2,2,0 | 324,0,24,0,4,0;-324,0,24,2,2,0;81,0,24,4,0,0;18000,2,22,0,4,0;-18000,2,22,2,2,0;6948,2,22,4,0,0;-437528,4,20,0,4,0;437528,4,20,2,2,0;-174150,4,20,4,0,0;3824208,6,18,0,4,0;-3824208,6,18,2,2,0;1579844,6,18,4,0,0;-15464164,8,16,0,4,0;15464164,8,16,2,2,0;-6734521,8,16,4,0,0;25049504,10,14,0,4,0;-25049504,10,14,2,2,0;12426248,10,14,4,0,0;4753200,12,12,0,4,0;-4753200,12,12,2,2,0;-4230452,12,12,4,0,0;-21193184,14,10,0,4,0;21193184,14,10,2,2,0;-3613976,14,10,4,0,0;13709244,16,8,0,4,0;-13709244,16,8,2,2,0;3372271,16,8,4,0,0;-4309488,18,6,0,4,0;4309488,18,6,2,2,0;-1161900,18,6,4,0,0;753768,20,4,0,4,0;-753768,20,4,2,2,0;206874,20,4,4,0,0;-71280,22,2,0,4,0;71280,22,2,2,2,0;-19116,22,2,4,0,0;2916,24,0,0,4,0;-2916,24,0,2,2,0;729,24,0,4,0,0 | 6237,2,30,8,0,0;-232722,4,28,8,0,0;3621447,6,26,8,0,0;-30655988,8,24,8,0,0;152953205,10,22,8,0,0;-451794542,12,20,8,0,0;752137879,14,18,8,0,0;-650387800,16,16,8,0,0;301658575,18,14,8,0,0;-70985678,20,12,8,0,0;4095149,22,10,8,0,0;2013580,24,8,8,0,0;-538785,26,6,8,0,0;55566,28,4,8,0,0;-2187,30,2,8,0,0 || END 6237,2,30,8,0,0;-232722,4,28,8,0,0;3621447,6,26,8,0,0;-30655988,8,24,8,0,0;152953205,10,22,8,0,0;-451794542,12,20,8,0,0;752137879,14,18,8,0,0;-650387800,16,16,8,0,0;301658575,18,14,8,0,0;-70985678,20,12,8,0,0;4095149,22,10,8,0,0;2013580,24,8,8,0,0;-538785,26,6,8,0,0;55566,28,4,8,0,0;-2187,30,2,8,0,0
CORES -1,0,4,0,2;-1,0,4,2,0;-2,2,2,1,1;-1,4,0,0,2;-1,4,0,2,0 | re | -1,0,4,0,4;-1,0,4,4,0;2,2,2,0,4;-2,2,2,4,0;1,4,0,0,4;1,4,0,4,0 | im || LEAF 4 || STEP 0 1 2 | 2,0,4,0,0,2;-6,0,4,0,2,0;-28,2,2,0,0,2;20,2,2,0,2,0;2,4,0,0,0,2;-6,4,0,0,2,0 | 1,0,0,0,0,2;1,0,0,0,2,0;-1,0,0,2,0,0 | 2,0,4,0,0,0;-28,2,2,0,0,0;2,4,0,0,0,0 | -4,0,4,0,2,0;1,0,4,2,0,0;24,2,2,0,2,0;-14,2,2,2,0,0;-4,4,0,0,2,0;1,4,0,2,0,0 ## STEP 0 3 16 | 16,0,4,0,1,3;-16,0,4,0,3,1;-16,1,3,0,0,4;96,1,3,0,2,2;-16,1,3,0,4,0;32,2,2,0,1,3;-32,2,2,0,3,1;16,3,1,0,0,4;-96,3,1,0,2,2;16,3,1,0,4,0;16,4,0,0,1,3;-16,4,0,0,3,1 | 1,0,0,0,0,2;1,0,0,0,2,0;-1,0,0,2,0,0 | 16,0,4,0,1,1;-16,1,3,0,0,2;112,1,3,0,2,0;-16,1,3,2,0,0;32,2,2,0,1,1;16,3,1,0,0,2;-112,3,1,0,2,0;16,3,1,2,0,0;16,4,0,0,1,1 | -2,0,4,0,3,1;1,0,4,2,1,1;-8,1,3,0,4,0;8,1,3,2,2,0;-1,1,3,4,0,0;-4,2,2,0,3,1;2,2,2,2,1,1;8,3,1,0,4,0;-8,3,1,2,2,0;1,3,1,4,0,0;-2,4,0,0,3,1;1,4,0,2,1,1 ## STEP 0 2 1 | 1,0,0,0,0,2;1,0,0,0,2,0;-1,0,0,2,0,0 | -2,0,4,0,3,1;1,0,4,2,1,1;-8,1,3,0,4,0;8,1,3,2,2,0;-1,1,3,4,0,0;-4,2,2,0,3,1;2,2,2,2,1,1;8,3,1,0,4,0;-8,3,1,2,2,0;1,3,1,4,0,0;-2,4,0,0,3,1;1,4,0,2,1,1 | -2,0,4,0,3,1;1,0,4,2,1,1;8,1,3,0,4,0;-8,1,3,2,2,0;1,1,3,4,0,0;-4,2,2,0,3,1;2,2,2,2,1,1;-8,3,1,0,4,0;8,3,1,2,2,0;-1,3,1,4,0,0;-2,4,0,0,3,1;1,4,0,2,1,1 | 4,0,8,0,8,0;-8,0,8,2,6,0;5,0,8,4,4,0;-1,0,8,6,2,0;80,2,6,0,8,0;-160,2,6,2,6,0;100,2,6,4,4,0;-20,2,6,6,2,0;1,2,6,8,0,0;-104,4,4,0,8,0;208,4,4,2,6,0;-130,4,4,4,4,0;26,4,4,6,2,0;-2,4,4,8,0,0;80,6,2,0,8,0;-160,6,2,2,6,0;100,6,2,4,4,0;-20,6,2,6,2,0;1,6,2,8,0,0;4,8,0,0,8,0;-8,8,0,2,6,0;5,8,0,4,4,0;-1,8,0,6,2,0 ## STEP 1 4 4 | 4,0,8,0,8,0;-8,0,8,2,6,0;5,0,8,4,4,0;-1,0,8,6,2,0;80,2,6,0,8,0;-160,2,6,2,6,0;100,2,6,4,4,0;-20,2,6,6,2,0;1,2,6,8,0,0;-104,4,4,0,8,0;208,4,4,2,6,0;-130,4,4,4,4,0;26,4,4,6,2,0;-2,4,4,8,0,0;80,6,2,0,8,0;-160,6,2,2,6,0;100,6,2,4,4,0;-20,6,2,6,2,0;1,6,2,8,0,0;4,8,0,0,8,0;-8,8,0,2,6,0;5,8,0,4,4,0;-1,8,0,6,2,0 | -4,0,4,0,2,0;1,0,4,2,0,0;24,2,2,0,2,0;-14,2,2,2,0,0;-4,4,0,0,2,0;1,4,0,2,0,0 | -256,0,20,0,6,0;448,0,20,2,4,0;-208,0,20,4,2,0;12,0,20,6,0,0;-512,2,18,0,6,0;1408,2,18,2,4,0;-1184,2,18,4,2,0;248,2,18,6,0,0;70400,4,16,0,6,0;-119104,4,16,2,4,0;50032,4,16,4,2,0;-228,4,16,6,0,0;-628736,6,14,0,6,0;983552,6,14,2,4,0;-350080,6,14,4,2,0;-1632,6,14,6,0,0;2092544,8,12,0,6,0;-3108992,8,12,2,4,0;1019232,8,12,4,2,0;-808,8,12,6,0,0;-2804736,10,10,0,6,0;4157696,10,10,2,4,0;-1353664,10,10,4,2,0;720,10,10,6,0,0;2092544,12,8,0,6,0;-3108992,12,8,2,4,0;1019232,12,8,4,2,0;-808,12,8,6,0,0;-628736,14,6,0,6,0;983552,14,6,2,4,0;-350080,14,6,4,2,0;-1632,14,6,6,0,0;70400,16,4,0,6,0;-119104,16,4,2,4,0;50032,16,4,4,2,0;-228,16,4,6,0,0;-512,18,2,0,6,0;1408,18,2,2,4,0;-1184,18,2,4,2,0;248,18,2,6,0,0;-256,20,0,0,6,0;448,20,0,2,4,0;-208,20,0,4,2,0;12,20,0,6,0,0 | -3,0,24,8,0,0;44,2,22,8,0,0;-742,4,20,8,0,0;16764,6,18,8,0,0;-95053,8,16,8,0,0;242264,10,14,8,0,0;-338836,12,12,8,0,0;242264,14,10,8,0,0;-95053,16,8,8,0,0;16764,18,6,8,0,0;-742,20,4,8,0,0;44,22,2,8,0,0;-3,24,0,8,0,0 || END -3,0,24,8,0,0;44,2,22,8,0,0;-742,4,20,8,0,0;16764,6,18,8,0,0;-95053,8,16,8,0,0;242264,10,14,8,0,0;-338836,12,12,8,0,0;242264,14,10,8,0,0;-95053,16,8,8,0,0;16764,18,6,8,0,0;-742,20,4,8,0,0;44,22,2,8,0,0;-3,24,0,8,0,0
CORES 1,0,4,0,2;1,0,4,1,1;2,1,3,0,2;-2,3,1,2,0;-1,4,0,1,1;-1,4,0,2,0 | im | -1,0,4,0,1;2,0,4,1,0;-2,4,0,0,1;1,4,0,1,0 | im || LEAF 4 || STEP 0 1 4 | 4,0,4,0,1,1;8,1,3,0,0,2;8,1,3,0,2,0;24,2,2,0,1,1;8,3,1,0,0,2;-24,3,1,0,2,0;-12,4,0,0,1,1 | 1,0,0,0,0,2;1,0,0,0,2,0;-1,0,0,2,0,0 | 8,1,3,0,0,0;8,3,1,0,0,0 | 1,0,4,0,1,1;2,1,3,2,0,0;6,2,2,0,1,1;-8,3,1,0,2,0;2,3,1,2,0,0;-3,4,0,0,1,1 ## STEP 0 2 1 | 1,0,0,0,0,2;1,0,0,0,2,0;-1,0,0,2,0,0 | 1,0,4,0,1,1;2,1,3,2,0,0;6,2,2,0,1,1;-8,3,1,0,2,0;2,3,1,2,0,0;-3,4,0,0,1,1 | 1,0,4,0,1,1;-2,1,3,2,0,0;6,2,2,0,1,1;8,3,1,0,2,0;-2,3,1,2,0,0;-3,4,0,0,1,1 | 1,0,8,0,4,0;-1,0,8,2,2,0;12,2,6,0,4,0;-12,2,6,2,2,0;4,2,6,4,0,0;30,4,4,0,4,0;-62,4,4,2,2,0;8,4,4,4,0,0;28,6,2,0,4,0;4,6,2,2,2,0;4,6,2,4,0,0;9,8,0,0,4,0;-9,8,0,2,2,0 ## STEP 0 2 4 | 1,0,0,0,0,2;1,0,0,0,2,0;-1,0,0,2,0,0 | 6,0,4,0,0,1;8,1,3,0,1,0;-36,2,2,0,0,1;-8,3,1,0,1,0;6,4,0,0,0,1 | 6,0,4,0,0,1;-8,1,3,0,1,0;-36,2,2,0,0,1;8,3,1,0,1,0;6,4,0,0,0,1 | 9,0,8,0,2,0;-9,0,8,2,0,0;-92,2,6,0,2,0;108,2,6,2,0,0;310,4,4,0,2,0;-342,4,4,2,0,0;-92,6,2,0,2,0;108,6,2,2,0,0;9,8,0,0,2,0;-9,8,0,2,0,0 ## STEP 1 2 4 | 1,0,8,0,4,0;-1,0,8,2,2,0;12,2,6,0,4,0;-12,2,6,2,2,0;4,2,6,4,0,0;30,4,4,0,4,0;-62,4,4,2,2,0;8,4,4,4,0,0;28,6,2,0,4,0;4,6,2,2,2,0;4,6,2,4,0,0;9,8,0,0,4,0;-9,8,0,2,2,0 | 9,0,8,0,2,0;-9,0,8,2,0,0;-92,2,6,0,2,0;108,2,6,2,0,0;310,4,4,0,2,0;-342,4,4,2,0,0;-92,6,2,0,2,0;108,6,2,2,0,0;9,8,0,0,2,0;-9,8,0,2,0,0 | 9,0,16,0,2,0;16,2,14,0,2,0;-16,2,14,2,0,0;-524,4,12,0,2,0;-448,4,12,2,0,0;1120,6,10,0,2,0;3120,6,10,2,0,0;5710,8,8,0,2,0;-12544,8,8,2,0,0;5200,10,6,0,2,0;13136,10,6,2,0,0;484,12,4,0,2,0;-3392,12,4,2,0,0;-576,14,2,0,2,0;144,14,2,2,0,0;81,16,0,0,2,0 | 45,2,22,4,0,0;-2070,4,20,4,0,0;28561,6,18,4,0,0;-182600,8,16,4,0,0;656906,10,14,4,0,0;-1411076,12,12,4,0,0;1570586,14,10,4,0,0;-709064,16,8,4,0,0;144265,18,6,4,0,0;-13014,20,4,4,0,0;405,22,2,4,0,0 || END 45,2,22,4,0,0;-2070,4,20,4,0,0;28561,6,18,4,0,0;-182600,8,16,4,0,0;656906,10,14,4,0,0;-1411076,12,12,4,0,0;1570586,14,10,4,0,0;-709064,16,8,4,0,0;144265,18,6,4,0,0;-13014,20,4,4,0,0;405,22,2,4,0,0
CORES -1,0,4,2,2;1,0,4,4,0;2,1,3,0,4;-2,3,1,4,0;-1,4,0,0,4;1,4,0,2,2 | im | 2,0,4,0,2;1,0,4,2,0;1,4,0,0,2;2,4,0,2,0 | re || LEAF 5 || STEP 0 3 8 | -24,0,4,0,1,3;24,0,4,0,3,1;-8,1,3,0,0,4;-16,1,3,0,2,2;-8,1,3,0,4,0;48,2,2,0,1,3;-48,2,2,0,3,1;-8,3,1,0,0,4;112,3,1,0,2,2;-8,3,1,0,4,0;8,4,0,0,1,3;-8,4,0,0,3,1 | 1,0,0,0,0,2;1,0,0,0,2,0;-1,0,0,2,0,0 | -24,0,4,0,1,1;-8,1,3,0,0,2;-8,1,3,0,2,0;-8,1,3,2,0,0;48,2,2,0,1,1;-8,3,1,0,0,2;120,3,1,0,2,0;-8,3,1,2,0,0;8,4,0,0,1,1 | 6,0,4,0,3,1;-3,0,4,2,1,1;-1,1,3,4,0,0;-12,2,2,0,3,1;6,2,2,2,1,1;-16,3,1,0,4,0;16,3,1,2,2,0;-1,3,1,4,0,0;-2,4,0,0,3,1;1,4,0,2,1,1 ## STEP 0 2 1 | 1,0,0,0,0,2;1,0,0,0,2,0;-1,0,0,2,0,0 | 6,0,4,0,3,1;-3,0,4,2,1,1;-1,1,3,4,0,0;-12,2,2,0,3,1;6,2,2,2,1,1;-16,3,1,0,4,0;16,3,1,2,2,0;-1,3,1,4,0,0;-2,4,0,0,3,1;1,4,0,2,1,1 | 6,0,4,0,3,1;-3,0,4,2,1,1;1,1,3,4,0,0;-12,2,2,0,3,1;6,2,2,2,1,1;16,3,1,0,4,0;-16,3,1,2,2,0;1,3,1,4,0,0;-2,4,0,0,3,1;1,4,0,2,1,1 | 36,0,8,0,8,0;-72,0,8,2,6,0;45,0,8,4,4,0;-9,0,8,6,2,0;-144,2,6,0,8,0;288,2,6,2,6,0;-180,2,6,4,4,0;36,2,6,6,2,0;1,2,6,8,0,0;120,4,4,0,8,0;-240,4,4,2,6,0;182,4,4,4,4,0;-62,4,4,6,2,0;2,4,4,8,0,0;304,6,2,0,8,0;-608,6,2,2,6,0;348,6,2,4,4,0;-44,6,2,6,2,0;1,6,2,8,0,0;4,8,0,0,8,0;-8,8,0,2,6,0;5,8,0,4,4,0;-1,8,0,6,2,0 ## STEP 0 1 2 | -6,0,4,0,0,2;6,0,4,0,2,0;16,1,3,0,1,1;36,2,2,0,0,2;-36,2,2,0,2,0;-16,3,1,0,1,1;-6,4,0,0,0,2;6,4,0,0,2,0 | 1,0,0,0,0,2;1,0,0,0,2,0;-1,0,0,2,0,0 | -6,0,4,0,0,0;36,2,2,0,0,0;-6,4,0,0,0,0 | 6,0,4,0,2,0;-3,0,4,2,0,0;8,1,3,0,1,1;-36,2,2,0,2,0;18,2,2,2,0,0;-8,3,1,0,1,1;6,4,0,0,2,0;-3,4,0,2,0,0 ## STEP 0 2 1 | 1,0,0,0,0,2;1,0,0,0,2,0;-1,0,0,2,0,0 | 6,0,4,0,2,0;-3,0,4,2,0,0;8,1,3,0,1,1;-36,2,2,0,2,0;18,2,2,2,0,0;-8,3,1,0,1,1;6,4,0,0,2,0;-3,4,0,2,0,0 | -6,0,4,0,2,0;3,0,4,2,0,0;8,1,3,0,1,1;36,2,2,0,2,0;-18,2,2,2,0,0;-8,3,1,0,1,1;-6,4,0,0,2,0;3,4,0,2,0,0 | 36,0,8,0,4,0;-36,0,8,2,2,0;9,0,8,4,0,0;-368,2,6,0,4,0;368,2,6,2,2,0;-108,2,6,4,0,0;1240,4,4,0,4,0;-1240,4,4,2,2,0;342,4,4,4,0,0;-368,6,2,0,4,0;368,6,2,2,2,0;-108,6,2,4,0,0;36,8,0,0,4,0;-36,8,0,2,2,0;9,8,0,4,0,0 ## STEP 1 3 64 | 36,0,8,0,8,0;-72,0,8,2,6,0;45,0,8,4,4,0;-9,0,8,6,2,0;-144,2,6,0,8,0;288,2,6,2,6,0;-180,2,6,4,4,0;36,2,6,6,2,0;1,2,6,8,0,0;120,4,4,0,8,0;-240,4,4,2,6,0;182,4,4,4,4,0;-62,4,4,6,2,0;2,4,4,8,0,0;304,6,2,0,8,0;-608,6,2,2,6,0;348,6,2,4,4,0;-44,6,2,6,2,0;1,6,2,8,0,0;4,8,0,0,8,0;-8,8,0,2,6,0;5,8,0,4,4,0;-1,8,0,6,2,0 | 36,0,8,0,4,0;-36,0,8,2,2,0;9,0,8,4,0,0;-368,2,6,0,4,0;368,2,6,2,2,0;-108,2,6,4,0,0;1240,4,4,0,4,0;-1240,4,4,2,2,0;342,4,4,4,0,0;-368,6,2,0,4,0;368,6,2,2,2,0;-108,6,2,4,0,0;36,8,0,0,4,0;-36,8,0,2,2,0;9,8,0,4,0,0 | 46656,0,24,0,4,0;-46656,0,24,2,2,0;-1140480,2,22,0,4,0;1140480,2,22,2,2,0;20736,2,22,4,0,0;12060288,4,20,0,4,0;-12060288,4,20,2,2,0;-294912,4,20,4,0,0;-68951808,6,18,0,4,0;68951808,6,18,2,2,0;1352448,6,18,4,0,0;219347904,8,16,0,4,0;-219347904,8,16,2,2,0;880640,8,16,4,0,0;-339090944,10,14,0,4,0;339090944,10,14,2,2,0;-26949120,10,14,4,0,0;76051200,12,12,0,4,0;-76051200,12,12,2,2,0;86700032,12,12,4,0,0;400792064,14,10,0,4,0;-400792064,14,10,2,2,0;-98621952,14,10,4,0,0;-247426624,16,8,0,4,0;247426624,16,8,2,2,0;45895680,16,8,4,0,0;61187328,18,6,0,4,0;-61187328,18,6,2,2,0;-9980672,18,6,4,0,0;-7000448,20,4,0,4,0;7000448,20,4,2,2,0;1036288,20,4,4,0,0;288000,22,2,0,4,0;-288000,22,2,2,2,0;-39168,22,2,4,0,0;5184,24,0,0,4,0;-5184,24,0,2,2,0 | -2187,2,30,8,0,0;55566,4,28,8,0,0;-538785,6,26,8,0,0;2013580,8,24,8,0,0;4095149,10,22,8,0,0;-70985678,12,20,8,0,0;301658575,14,18,8,0,0;-650387800,16,16,8,0,0;752137879,18,14,8,0,0;-451794542,20,12,8,0,0;152953205,22,10,8,0,0;-30655988,24,8,8,0,0;3621447,26,6,8,0,0;-232722,28,4,8,0,0;6237,30,2,8,0,0 || END -2187,2,30,8,0,0;55566,4,28,8,0,0;-538785,6,26,8,0,0;2013580,8,24,8,0,0;4095149,10,22,8,0,0;-70985678,12,20,8,0,0;301658575,14,18,8,0,0;-650387800,16,16,8,0,0;752137879,18,14,8,0,0;-451794542,20,12,8,0,0;152953205,22,10,8,0,0;-30655988,24,8,8,0,0;3621447,26,6,8,0,0;-232722,28,4,8,0,0;6237,30,2,8,0,0
CORES -1,0,4,0,2;-2,0,4,2,0;-2,4,0,0,2;-1,4,0,2,0 | re | -1,0,4,0,4;1,0,4,2,2;2,1,3,0,4;-2,3,1,4,0;-1,4,0,2,2;1,4,0,4,0 | im || LEAF 5 || STEP 0 1 2 | 6,0,4,0,0,2;-6,0,4,0,2,0;16,1,3,0,1,1;-36,2,2,0,0,2;36,2,2,0,2,0;-16,3,1,0,1,1;6,4,0,0,0,2;-6,4,0,0,2,0 | 1,0,0,0,0,2;1,0,0,0,2,0;-1,0,0,2,0,0 | 6,0,4,0,0,0;-36,2,2,0,0,0;6,4,0,0,0,0 | -6,0,4,0,2,0;3,0,4,2,0,0;8,1,3,0,1,1;36,2,2,0,2,0;-18,2,2,2,0,0;-8,3,1,0,1,1;-6,4,0,0,2,0;3,4,0,2,0,0 ## STEP 0 2 1 | 1,0,0,0,0,2;1,0,0,0,2,0;-1,0,0,2,0,0 | -6,0,4,0,2,0;3,0,4,2,0,0;8,1,3,0,1,1;36,2,2,0,2,0;-18,2,2,2,0,0;-8,3,1,0,1,1;-6,4,0,0,2,0;3,4,0,2,0,0 | 6,0,4,0,2,0;-3,0,4,2,0,0;8,1,3,0,1,1;-36,2,2,0,2,0;18,2,2,2,0,0;-8,3,1,0,1,1;6,4,0,0,2,0;-3,4,0,2,0,0 | 36,0,8,0,4,0;-36,0,8,2,2,0;9,0,8,4,0,0;-368,2,6,0,4,0;368,2,6,2,2,0;-108,2,6,4,0,0;1240,4,4,0,4,0;-1240,4,4,2,2,0;342,4,4,4,0,0;-368,6,2,0,4,0;368,6,2,2,2,0;-108,6,2,4,0,0;36,8,0,0,4,0;-36,8,0,2,2,0;9,8,0,4,0,0 ## STEP 0 3 8 | -24,0,4,0,1,3;24,0,4,0,3,1;-8,1,3,0,0,4;112,1,3,0,2,2;-8,1,3,0,4,0;48,2,2,0,1,3;-48,2,2,0,3,1;-8,3,1,0,0,4;-16,3,1,0,2,2;-8,3,1,0,4,0;8,4,0,0,1,3;-8,4,0,0,3,1 | 1,0,0,0,0,2;1,0,0,0,2,0;-1,0,0,2,0,0 | -24,0,4,0,1,1;-8,1,3,0,0,2;120,1,3,0,2,0;-8,1,3,2,0,0;48,2,2,0,1,1;-8,3,1,0,0,2;-8,3,1,0,2,0;-8,3,1,2,0,0;8,4,0,0,1,1 | 6,0,4,0,3,1;-3,0,4,2,1,1;-16,1,3,0,4,0;16,1,3,2,2,0;-1,1,3,4,0,0;-12,2,2,0,3,1;6,2,2,2,1,1;-1,3,1,4,0,0;-2,4,0,0,3,1;1,4,0,2,1,1 ## STEP 0 2 1 | 1,0,0,0,0,2;1,0,0,0,2,0;-1,0,0,2,0,0 | 6,0,4,0,3,1;-3,0,4,2,1,1;-16,1,3,0,4,0;16,1,3,2,2,0;-1,1,3,4,0,0;-12,2,2,0,3,1;6,2,2,2,1,1;-1,3,1,4,0,0;-2,4,0,0,3,1;1,4,0,2,1,1 | 6,0,4,0,3,1;-3,0,4,2,1,1;16,1,3,0,4,0;-16,1,3,2,2,0;1,1,3,4,0,0;-12,2,2,0,3,1;6,2,2,2,1,1;1,3,1,4,0,0;-2,4,0,0,3,1;1,4,0,2,1,1 | 36,0,8,0,8,0;-72,0,8,2,6,0;45,0,8,4,4,0;-9,0,8,6,2,0;112,2,6,0,8,0;-224,2,6,2,6,0;108,2,6,4,4,0;4,2,6,6,2,0;1,2,6,8,0,0;120,4,4,0,8,0;-240,4,4,2,6,0;182,4,4,4,4,0;-62,4,4,6,2,0;2,4,4,8,0,0;48,6,2,0,8,0;-96,6,2,2,6,0;60,6,2,4,4,0;-12,6,2,6,2,0;1,6,2,8,0,0;4,8,0,0,8,0;-8,8,0,2,6,0;5,8,0,4,4,0;-1,8,0,6,2,0 ## STEP 1 3 64 | 36,0,8,0,8,0;-72,0,8,2,6,0;45,0,8,4,4,0;-9,0,8,6,2,0;112,2,6,0,8,0;-224,2,6,2,6,0;108,2,6,4,4,0;4,2,6,6,2,0;1,2,6,8,0,0;120,4,4,0,8,0;-240,4,4,2,6,0;182,4,4,4,4,0;-62,4,4,6,2,0;2,4,4,8,0,0;48,6,2,0,8,0;-96,6,2,2,6,0;60,6,2,4,4,0;-12,6,2,6,2,0;1,6,2,8,0,0;4,8,0,0,8,0;-8,8,0,2,6,0;5,8,0,4,4,0;-1,8,0,6,2,0 | 36,0,8,0,4,0;-36,0,8,2,2,0;9,0,8,4,0,0;-368,2,6,0,4,0;368,2,6,2,2,0;-108,2,6,4,0,0;1240,4,4,0,4,0;-1240,4,4,2,2,0;342,4,4,4,0,0;-368,6,2,0,4,0;368,6,2,2,2,0;-108,6,2,4,0,0;36,8,0,0,4,0;-36,8,0,2,2,0;9,8,0,4,0,0 | 46656,0,24,0,4,0;-46656,0,24,2,2,0;-808704,2,22,0,4,0;808704,2,22,2,2,0;-20736,2,22,4,0,0;5277312,4,20,0,4,0;-5277312,4,20,2,2,0;700416,4,20,4,0,0;-11759360,6,18,0,4,0;11759360,6,18,2,2,0;-7598848,6,18,4,0,0;-14287936,8,16,0,4,0;14287936,8,16,2,2,0;38178816,8,16,4,0,0;67011072,10,14,0,4,0;-67011072,10,14,2,2,0;-89082368,10,14,4,0,0;76051200,12,12,0,4,0;-76051200,12,12,2,2,0;86700032,12,12,4,0,0;-5309952,14,10,0,4,0;5309952,14,10,2,2,0;-36488704,14,10,4,0,0;-13790784,16,8,0,4,0;13790784,16,8,2,2,0;8597504,16,8,4,0,0;3994880,18,6,0,4,0;-3994880,18,6,2,2,0;-1029376,18,6,4,0,0;-217472,20,4,0,4,0;217472,20,4,2,2,0;40960,20,4,4,0,0;-43776,22,2,0,4,0;43776,22,2,2,2,0;2304,22,2,4,0,0;5184,24,0,0,4,0;-5184,24,0,2,2,0 | 3645,2,30,8,0,0;-154386,4,28,8,0,0;2621223,6,26,8,0,0;-23725556,8,24,8,0,0;125292245,10,22,8,0,0;-390392942,12,20,8,0,0;689145079,14,18,8,0,0;-650387800,16,16,8,0,0;364651375,18,14,8,0,0;-132387278,20,12,8,0,0;31756109,22,10,8,0,0;-4916852,24,8,8,0,0;461439,26,6,8,0,0;-22770,28,4,8,0,0;405,30,2,8,0,0 || END 3645,2,30,8,0,0;-154386,4,28,8,0,0;2621223,6,26,8,0,0;-23725556,8,24,8,0,0;125292245,10,22,8,0,0;-390392942,12,20,8,0,0;689145079,14,18,8,0,0;-650387800,16,16,8,0,0;364651375,18,14,8,0,0;-132387278,20,12,8,0,0;31756109,22,10,8,0,0;-4916852,24,8,8,0,0;461439,26,6,8,0,0;-22770,28,4,8,0,0;405,30,2,8,0,0
CORES -1,0,4,0,2;2,0,4,2,0;-2,4,0,0,2;1,4,0,2,0 | im | 1,0,4,0,4;1,0,4,2,2;2,1,3,4,0;-2,3,1,0,4;-1,4,0,2,2;-1,4,0,4,0 | im || LEAF 5 || STEP 0 1 4 | 12,0,4,0,1,1;-8,1,3,0,0,2;8,1,3,0,2,0;-72,2,2,0,1,1;8,3,1,0,0,2;-8,3,1,0,2,0;12,4,0,0,1,1 | 1,0,0,0,0,2;1,0,0,0,2,0;-1,0,0,2,0,0 | -8,1,3,0,0,0;8,3,1,0,0,0 | 3,0,4,0,1,1;4,1,3,0,2,0;-2,1,3,2,0,0;-18,2,2,0,1,1;-4,3,1,0,2,0;2,3,1,2,0,0;3,4,0,0,1,1 ## STEP 0 2 1 | 1,0,0,0,0,2;1,0,0,0,2,0;-1,0,0,2,0,0 | 3,0,4,0,1,1;4,1,3,0,2,0;-2,1,3,2,0,0;-18,2,2,0,1,1;-4,3,1,0,2,0;2,3,1,2,0,0;3,4,0,0,1,1 | 3,0,4,0,1,1;-4,1,3,0,2,0;2,1,3,2,0,0;-18,2,2,0,1,1;4,3,1,0,2,0;-2,3,1,2,0,0;3,4,0,0,1,1 | 9,0,8,0,4,0;-9,0,8,2,2,0;-92,2,6,0,4,0;92,2,6,2,2,0;4,2,6,4,0,0;310,4,4,0,4,0;-310,4,4,2,2,0;-8,4,4,4,0,0;-92,6,2,0,4,0;92,6,2,2,2,0;4,6,2,4,0,0;9,8,0,0,4,0;-9,8,0,2,2,0 ## STEP 0 3 8 | 24,0,4,0,1,3;-24,0,4,0,3,1;8,1,3,0,0,4;16,1,3,0,2,2;8,1,3,0,4,0;-48,2,2,0,1,3;48,2,2,0,3,1;-24,3,1,0,0,4;80,3,1,0,2,2;-24,3,1,0,4,0;-8,4,0,0,1,3;8,4,0,0,3,1 | 1,0,0,0,0,2;1,0,0,0,2,0;-1,0,0,2,0,0 | 24,0,4,0,1,1;8,1,3,0,0,2;8,1,3,0,2,0;8,1,3,2,0,0;-48,2,2,0,1,1;-24,3,1,0,0,2;104,3,1,0,2,0;-24,3,1,2,0,0;-8,4,0,0,1,1 | -6,0,4,0,3,1;3,0,4,2,1,1;1,1,3,4,0,0;12,2,2,0,3,1;-6,2,2,2,1,1;-16,3,1,0,4,0;16,3,1,2,2,0;-3,3,1,4,0,0;2,4,0,0,3,1;-1,4,0,2,1,1 ## STEP 0 2 1 | 1,0,0,0,0,2;1,0,0,0,2,0;-1,0,0,2,0,0 | -6,0,4,0,3,1;3,0,4,2,1,1;1,1,3,4,0,0;12,2,2,0,3,1;-6,2,2,2,1,1;-16,3,1,0,4,0;16,3,1,2,2,0;-3,3,1,4,0,0;2,4,0,0,3,1;-1,4,0,2,1,1 | -6,0,4,0,3,1;3,0,4,2,1,1;-1,1,3,4,0,0;12,2,2,0,3,1;-6,2,2,2,1,1;16,3,1,0,4,0;-16,3,1,2,2,0;3,3,1,4,0,0;2,4,0,0,3,1;-1,4,0,2,1,1 | 36,0,8,0,8,0;-72,0,8,2,6,0;45,0,8,4,4,0;-9,0,8,6,2,0;-144,2,6,0,8,0;288,2,6,2,6,0;-180,2,6,4,4,0;36,2,6,6,2,0;1,2,6,8,0,0;120,4,4,0,8,0;-240,4,4,2,6,0;118,4,4,4,4,0;2,4,4,6,2,0;-6,4,4,8,0,0;304,6,2,0,8,0;-608,6,2,2,6,0;412,6,2,4,4,0;-108,6,2,6,2,0;9,6,2,8,0,0;4,8,0,0,8,0;-8,8,0,2,6,0;5,8,0,4,4,0;-1,8,0,6,2,0 ## STEP 1 3 1 | 36,0,8,0,8,0;-72,0,8,2,6,0;45,0,8,4,4,0;-9,0,8,6,2,0;-144,2,6,0,8,0;288,2,6,2,6,0;-180,2,6,4,4,0;36,2,6,6,2,0;1,2,6,8,0,0;120,4,4,0,8,0;-240,4,4,2,6,0;118,4,4,4,4,0;2,4,4,6,2,0;-6,4,4,8,0,0;304,6,2,0,8,0;-608,6,2,2,6,0;412,6,2,4,4,0;-108,6,2,6,2,0;9,6,2,8,0,0;4,8,0,0,8,0;-8,8,0,2,6,0;5,8,0,4,4,0;-1,8,0,6,2,0 | 9,0,8,0,4,0;-9,0,8,2,2,0;-92,2,6,0,4,0;92,2,6,2,2,0;4,2,6,4,0,0;310,4,4,0,4,0;-310,4,4,2,2,0;-8,4,4,4,0,0;-92,6,2,0,4,0;92,6,2,2,2,0;4,6,2,4,0,0;9,8,0,0,4,0;-9,8,0,2,2,0 | 2916,0,24,0,4,0;-2916,0,24,2,2,0;729,0,24,4,0,0;-71280,2,22,0,4,0;71280,2,22,2,2,0;-19116,2,22,4,0,0;753768,4,20,0,4,0;-753768,4,20,2,2,0;206874,4,20,4,0,0;-4309488,6,18,0,4,0;4309488,6,18,2,2,0;-1161900,6,18,4,0,0;13709244,8,16,0,4,0;-13709244,8,16,2,2,0;3372271,8,16,4,0,0;-21193184,10,14,0,4,0;21193184,10,14,2,2,0;-3613976,10,14,4,0,0;4753200,12,12,0,4,0;-4753200,12,12,2,2,0;-4230452,12,12,4,0,0;25049504,14,10,0,4,0;-25049504,14,10,2,2,0;12426248,14,10,4,0,0;-15464164,16,8,0,4,0;15464164,16,8,2,2,0;-6734521,16,8,4,0,0;3824208,18,6,0,4,0;-3824208,18,6,2,2,0;1579844,18,6,4,0,0;-437528,20,4,0,4,0;437528,20,4,2,2,0;-174150,20,4,4,0,0;18000,22,2,0,4,0;-18000,22,2,2,2,0;6948,22,2,4,0,0;324,24,0,0,4,0;-324,24,0,2,2,0;81,24,0,4,0,0 | -2187,2,30,8,0,0;55566,4,28,8,0,0;-538785,6,26,8,0,0;2013580,8,24,8,0,0;4095149,10,22,8,0,0;-70985678,12,20,8,0,0;301658575,14,18,8,0,0;-650387800,16,16,8,0,0;752137879,18,14,8,0,0;-451794542,20,12,8,0,0;152953205,22,10,8,0,0;-30655988,24,8,8,0,0;3621447,26,6,8,0,0;-232722,28,4,8,0,0;6237,30,2,8,0,0 || END -2187,2,30,8,0,0;55566,4,28,8,0,0;-538785,6,26,8,0,0;2013580,8,24,8,0,0;4095149,10,22,8,0,0;-70985678,12,20,8,0,0;301658575,14,18,8,0,0;-650387800,16,16,8,0,0;752137879,18,14,8,0,0;-451794542,20,12,8,0,0;152953205,22,10,8,0,0;-30655988,24,8,8,0,0;3621447,26,6,8,0,0;-232722,28,4,8,0,0;6237,30,2,8,0,0
CORES -1,0,4,0,1;-2,0,4,1,0;-2,4,0,0,1;-1,4,0,1,0 | re | -1,0,4,0,2;1,0,4,1,1;2,1,3,0,2;-2,3,1,2,0;-1,4,0,1,1;1,4,0,2,0 | im || LEAF 4 || STEP 0 2 4 | 1,0,0,0,0,2;1,0,0,0,2,0;-1,0,0,2,0,0 | -6,0,4,0,1,0;8,1,3,0,0,1;36,2,2,0,1,0;-8,3,1,0,0,1;-6,4,0,0,1,0 | 6,0,4,0,1,0;8,1,3,0,0,1;-36,2,2,0,1,0;-8,3,1,0,0,1;6,4,0,0,1,0 | 9,0,8,0,2,0;-92,2,6,0,2,0;-16,2,6,2,0,0;310,4,4,0,2,0;32,4,4,2,0,0;-92,6,2,0,2,0;-16,6,2,2,0,0;9,8,0,0,2,0 ## STEP 0 1 4 | 12,0,4,0,1,1;24,1,3,0,0,2;-8,1,3,0,2,0;-24,2,2,0,1,1;-8,3,1,0,0,2;-8,3,1,0,2,0;-4,4,0,0,1,1 | 1,0,0,0,0,2;1,0,0,0,2,0;-1,0,0,2,0,0 | 24,1,3,0,0,0;-8,3,1,0,0,0 | 3,0,4,0,1,1;-8,1,3,0,2,0;6,1,3,2,0,0;-6,2,2,0,1,1;-2,3,1,2,0,0;-1,4,0,0,1,1 ## STEP 0 2 1 | 1,0,0,0,0,2;1,0,0,0,2,0;-1,0,0,2,0,0 | 3,0,4,0,1,1;-8,1,3,0,2,0;6,1,3,2,0,0;-6,2,2,0,1,1;-2,3,1,2,0,0;-1,4,0,0,1,1 | 3,0,4,0,1,1;8,1,3,0,2,0;-6,1,3,2,0,0;-6,2,2,0,1,1;2,3,1,2,0,0;-1,4,0,0,1,1 | 9,0,8,0,4,0;-9,0,8,2,2,0;28,2,6,0,4,0;-60,2,6,2,2,0;36,2,6,4,0,0;30,4,4,0,4,0;2,4,4,2,2,0;-24,4,4,4,0,0;12,6,2,0,4,0;-12,6,2,2,2,0;4,6,2,4,0,0;1,8,0,0,4,0;-1,8,0,2,2,0 ## STEP 1 2 4 | 9,0,8,0,4,0;-9,0,8,2,2,0;28,2,6,0,4,0;-60,2,6,2,2,0;36,2,6,4,0,0;30,4,4,0,4,0;2,4,4,2,2,0;-24,4,4,4,0,0;12,6,2,0,4,0;-12,6,2,2,2,0;4,6,2,4,0,0;1,8,0,0,4,0;-1,8,0,2,2,0 | 9,0,8,0,2,0;-92,2,6,0,2,0;-16,2,6,2,0,0;310,4,4,0,2,0;32,4,4,2,0,0;-92,6,2,0,2,0;-16,6,2,2,0,0;9,8,0,0,2,0 | 81,0,16,0,2,0;-81,0,16,2,0,0;-576,2,14,0,2,0;432,2,14,2,0,0;484,4,12,0,2,0;2908,4,12,2,0,0;5200,6,10,0,2,0;-18336,6,10,2,0,0;5710,8,8,0,2,0;6834,8,8,2,0,0;1120,10,6,0,2,0;-4240,10,6,2,0,0;-524,12,4,0,2,0;972,12,4,2,0,0;16,14,2,0,2,0;9,16,0,0,2,0;-9,16,0,2,0,0 | 405,2,22,4,0,0;-13014,4,20,4,0,0;144265,6,18,4,0,0;-709064,8,16,4,0,0;1570586,10,14,4,0,0;-1411076,12,12,4,0,0;656906,14,10,4,0,0;-182600,16,8,4,0,0;28561,18,6,4,0,0;-2070,20,4,4,0,0;45,22,2,4,0,0 || END 405,2,22,4,0,0;-13014,4,20,4,0,0;144265,6,18,4,0,0;-709064,8,16,4,0,0;1570586,10,14,4,0,0;-1411076,12,12,4,0,0;656906,14,10,4,0,0;-182600,16,8,4,0,0;28561,18,6,4,0,0;-2070,20,4,4,0,0;45,22,2,4,0,0
CORES 1,0,4,0,4;1,0,4,4,0;2,2,2,0,4;-2,2,2,4,0;-1,4,0,0,4;-1,4,0,4,0 | im | -1,0,4,0,2;-1,0,4,2,0;-2,2,2,1,1;-1,4,0,0,2;-1,4,0,2,0 | re || LEAF 4 || STEP 0 3 16 | 16,0,4,0,1,3;-16,0,4,0,3,1;16,1,3,0,0,4;-96,1,3,0,2,2;16,1,3,0,4,0;32,2,2,0,1,3;-32,2,2,0,3,1;-16,3,1,0,0,4;96,3,1,0,2,2;-16,3,1,0,4,0;16,4,0,0,1,3;-16,4,0,0,3,1 | 1,0,0,0,0,2;1,0,0,0,2,0;-1,0,0,2,0,0 | 16,0,4,0,1,1;16,1,3,0,0,2;-112,1,3,0,2,0;16,1,3,2,0,0;32,2,2,0,1,1;-16,3,1,0,0,2;112,3,1,0,2,0;-16,3,1,2,0,0;16,4,0,0,1,1 | -2,0,4,0,3,1;1,0,4,2,1,1;8,1,3,0,4,0;-8,1,3,2,2,0;1,1,3,4,0,0;-4,2,2,0,3,1;2,2,2,2,1,1;-8,3,1,0,4,0;8,3,1,2,2,0;-1,3,1,4,0,0;-2,4,0,0,3,1;1,4,0,2,1,1 ## STEP 0 2 1 | 1,0,0,0,0,2;1,0,0,0,2,0;-1,0,0,2,0,0 | -2,0,4,0,3,1;1,0,4,2,1,1;8,1,3,0,4,0;-8,1,3,2,2,0;1,1,3,4,0,0;-4,2,2,0,3,1;2,2,2,2,1,1;-8,3,1,0,4,0;8,3,1,2,2,0;-1,3,1,4,0,0;-2,4,0,0,3,1;1,4,0,2,1,1 | -2,0,4,0,3,1;1,0,4,2,1,1;-8,1,3,0,4,0;8,1,3,2,2,0;-1,1,3,4,0,0;-4,2,2,0,3,1;2,2,2,2,1,1;8,3,1,0,4,0;-8,3,1,2,2,0;1,3,1,4,0,0;-2,4,0,0,3,1;1,4,0,2,1,1 | 4,0,8,0,8,0;-8,0,8,2,6,0;5,0,8,4,4,0;-1,0,8,6,2,0;80,2,6,0,8,0;-160,2,6,2,6,0;100,2,6,4,4,0;-20,2,6,6,2,0;1,2,6,8,0,0;-104,4,4,0,8,0;208,4,4,2,6,0;-130,4,4,4,4,0;26,4,4,6,2,0;-2,4,4,8,0,0;80,6,2,0,8,0;-160,6,2,2,6,0;100,6,2,4,4,0;-20,6,2,6,2,0;1,6,2,8,0,0;4,8,0,0,8,0;-8,8,0,2,6,0;5,8,0,4,4,0;-1,8,0,6,2,0 ## STEP 0 1 2 | 2,0,4,0,0,2;-6,0,4,0,2,0;-28,2,2,0,0,2;20,2,2,0,2,0;2,4,0,0,0,2;-6,4,0,0,2,0 | 1,0,0,0,0,2;1,0,0,0,2,0;-1,0,0,2,0,0 | 2,0,4,0,0,0;-28,2,2,0,0,0;2,4,0,0,0,0 | -4,0,4,0,2,0;1,0,4,2,0,0;24,2,2,0,2,0;-14,2,2,2,0,0;-4,4,0,0,2,0;1,4,0,2,0,0 ## STEP 1 4 4 | 4,0,8,0,8,0;-8,0,8,2,6,0;5,0,8,4,4,0;-1,0,8,6,2,0;80,2,6,0,8,0;-160,2,6,2,6,0;100,2,6,4,4,0;-20,2,6,6,2,0;1,2,6,8,0,0;-104,4,4,0,8,0;208,4,4,2,6,0;-130,4,4,4,4,0;26,4,4,6,2,0;-2,4,4,8,0,0;80,6,2,0,8,0;-160,6,2,2,6,0;100,6,2,4,4,0;-20,6,2,6,2,0;1,6,2,8,0,0;4,8,0,0,8,0;-8,8,0,2,6,0;5,8,0,4,4,0;-1,8,0,6,2,0 | -4,0,4,0,2,0;1,0,4,2,0,0;24,2,2,0,2,0;-14,2,2,2,0,0;-4,4,0,0,2,0;1,4,0,2,0,0 | -256,0,20,0,6,0;448,0,20,2,4,0;-208,0,20,4,2,0;12,0,20,6,0,0;-512,2,18,0,6,0;1408,2,18,2,4,0;-1184,2,18,4,2,0;248,2,18,6,0,0;70400,4,16,0,6,0;-119104,4,16,2,4,0;50032,4,16,4,2,0;-228,4,16,6,0,0;-628736,6,14,0,6,0;983552,6,14,2,4,0;-350080,6,14,4,2,0;-1632,6,14,6,0,0;2092544,8,12,0,6,0;-3108992,8,12,2,4,0;1019232,8,12,4,2,0;-808,8,12,6,0,0;-2804736,10,10,0,6,0;4157696,10,10,2,4,0;-1353664,10,10,4,2,0;720,10,10,6,0,0;2092544,12,8,0,6,0;-3108992,12,8,2,4,0;1019232,12,8,4,2,0;-808,12,8,6,0,0;-628736,14,6,0,6,0;983552,14,6,2,4,0;-350080,14,6,4,2,0;-1632,14,6,6,0,0;70400,16,4,0,6,0;-119104,16,4,2,4,0;50032,16,4,4,2,0;-228,16,4,6,0,0;-512,18,2,0,6,0;1408,18,2,2,4,0;-1184,18,2,4,2,0;248,18,2,6,0,0;-256,20,0,0,6,0;448,20,0,2,4,0;-208,20,0,4,2,0;12,20,0,6,0,0 | -3,0,24,8,0,0;44,2,22,8,0,0;-742,4,20,8,0,0;16764,6,18,8,0,0;-95053,8,16,8,0,0;242264,10,14,8,0,0;-338836,12,12,8,0,0;242264,14,10,8,0,0;-95053,16,8,8,0,0;16764,18,6,8,0,0;-742,20,4,8,0,0;44,22,2,8,0,0;-3,24,0,8,0,0 || END -3,0,24,8,0,0;44,2,22,8,0,0;-742,4,20,8,0,0;16764,6,18,8,0,0;-95053,8,16,8,0,0;242264,10,14,8,0,0;-338836,12,12,8,0,0;242264,14,10,8,0,0;-95053,16,8,8,0,0;16764,18,6,8,0,0;-742,20,4,8,0,0;44,22,2,8,0,0;-3,24,0,8,0,0
CORES -1,0,4,0,4;1,0,4,2,2;2,1,3,4,0;-2,3,1,0,4;-1,4,0,2,2;1,4,0,4,0 | im | -1,0,4,0,2;-2,0,4,2,0;-2,4,0,0,2;-1,4,0,2,0 | re || LEAF 5 || STEP 0 3 8 | 8,0,4,0,1,3;-8,0,4,0,3,1;-8,1,3,0,0,4;112,1,3,0,2,2;-8,1,3,0,4,0;48,2,2,0,1,3;-48,2,2,0,3,1;-8,3,1,0,0,4;-16,3,1,0,2,2;-8,3,1,0,4,0;-24,4,0,0,1,3;24,4,0,0,3,1 | 1,0,0,0,0,2;1,0,0,0,2,0;-1,0,0,2,0,0 | 8,0,4,0,1,1;-8,1,3,0,0,2;120,1,3,0,2,0;-8,1,3,2,0,0;48,2,2,0,1,1;-8,3,1,0,0,2;-8,3,1,0,2,0;-8,3,1,2,0,0;-24,4,0,0,1,1 | -2,0,4,0,3,1;1,0,4,2,1,1;-16,1,3,0,4,0;16,1,3,2,2,0;-1,1,3,4,0,0;-12,2,2,0,3,1;6,2,2,2,1,1;-1,3,1,4,0,0;6,4,0,0,3,1;-3,4,0,2,1,1 ## STEP 0 2 1 | 1,0,0,0,0,2;1,0,0,0,2,0;-1,0,0,2,0,0 | -2,0,4,0,3,1;1,0,4,2,1,1;-16,1,3,0,4,0;16,1,3,2,2,0;-1,1,3,4,0,0;-12,2,2,0,3,1;6,2,2,2,1,1;-1,3,1,4,0,0;6,4,0,0,3,1;-3,4,0,2,1,1 | -2,0,4,0,3,1;1,0,4,2,1,1;16,1,3,0,4,0;-16,1,3,2,2,0;1,1,3,4,0,0;-12,2,2,0,3,1;6,2,2,2,1,1;1,3,1,4,0,0;6,4,0,0,3,1;-3,4,0,2,1,1 | 4,0,8,0,8,0;-8,0,8,2,6,0;5,0,8,4,4,0;-1,0,8,6,2,0;304,2,6,0,8,0;-608,2,6,2,6,0;348,2,6,4,4,0;-44,2,6,6,2,0;1,2,6,8,0,0;120,4,4,0,8,0;-240,4,4,2,6,0;182,4,4,4,4,0;-62,4,4,6,2,0;2,4,4,8,0,0;-144,6,2,0,8,0;288,6,2,2,6,0;-180,6,2,4,4,0;36,6,2,6,2,0;1,6,2,8,0,0;36,8,0,0,8,0;-72,8,0,2,6,0;45,8,0,4,4,0;-9,8,0,6,2,0 ## STEP 0 1 2 | 6,0,4,0,0,2;-6,0,4,0,2,0;16,1,3,0,1,1;-36,2,2,0,0,2;36,2,2,0,2,0;-16,3,1,0,1,1;6,4,0,0,0,2;-6,4,0,0,2,0 | 1,0,0,0,0,2;1,0,0,0,2,0;-1,0,0,2,0,0 | 6,0,4,0,0,0;-36,2,2,0,0,0;6,4,0,0,0,0 | -6,0,4,0,2,0;3,0,4,2,0,0;8,1,3,0,1,1;36,2,2,0,2,0;-18,2,2,2,0,0;-8,3,1,0,1,1;-6,4,0,0,2,0;3,4,0,2,0,0 ## STEP 0 2 1 | 1,0,0,0,0,2;1,0,0,0,2,0;-1,0,0,2,0,0 | -6,0,4,0,2,0;3,0,4,2,0,0;8,1,3,0,1,1;36,2,2,0,2,0;-18,2,2,2,0,0;-8,3,1,0,1,1;-6,4,0,0,2,0;3,4,0,2,0,0 | 6,0,4,0,2,0;-3,0,4,2,0,0;8,1,3,0,1,1;-36,2,2,0,2,0;18,2,2,2,0,0;-8,3,1,0,1,1;6,4,0,0,2,0;-3,4,0,2,0,0 | 36,0,8,0,4,0;-36,0,8,2,2,0;9,0,8,4,0,0;-368,2,6,0,4,0;368,2,6,2,2,0;-108,2,6,4,0,0;1240,4,4,0,4,0;-1240,4,4,2,2,0;342,4,4,4,0,0;-368,6,2,0,4,0;368,6,2,2,2,0;-108,6,2,4,0,0;36,8,0,0,4,0;-36,8,0,2,2,0;9,8,0,4,0,0 ## STEP 1 3 64 | 4,0,8,0,8,0;-8,0,8,2,6,0;5,0,8,4,4,0;-1,0,8,6,2,0;304,2,6,0,8,0;-608,2,6,2,6,0;348,2,6,4,4,0;-44,2,6,6,2,0;1,2,6,8,0,0;120,4,4,0,8,0;-240,4,4,2,6,0;182,4,4,4,4,0;-62,4,4,6,2,0;2,4,4,8,0,0;-144,6,2,0,8,0;288,6,2,2,6,0;-180,6,2,4,4,0;36,6,2,6,2,0;1,6,2,8,0,0;36,8,0,0,8,0;-72,8,0,2,6,0;45,8,0,4,4,0;-9,8,0,6,2,0 | 36,0,8,0,4,0;-36,0,8,2,2,0;9,0,8,4,0,0;-368,2,6,0,4,0;368,2,6,2,2,0;-108,2,6,4,0,0;1240,4,4,0,4,0;-1240,4,4,2,2,0;342,4,4,4,0,0;-368,6,2,0,4,0;368,6,2,2,2,0;-108,6,2,4,0,0;36,8,0,0,4,0;-36,8,0,2,2,0;9,8,0,4,0,0 | 5184,0,24,0,4,0;-5184,0,24,2,2,0;288000,2,22,0,4,0;-288000,2,22,2,2,0;-39168,2,22,4,0,0;-7000448,4,20,0,4,0;7000448,4,20,2,2,0;1036288,4,20,4,0,0;61187328,6,18,0,4,0;-61187328,6,18,2,2,0;-9980672,6,18,4,0,0;-247426624,8,16,0,4,0;247426624,8,16,2,2,0;45895680,8,16,4,0,0;400792064,10,14,0,4,0;-400792064,10,14,2,2,0;-98621952,10,14,4,0,0;76051200,12,12,0,4,0;-76051200,12,12,2,2,0;86700032,12,12,4,0,0;-339090944,14,10,0,4,0;339090944,14,10,2,2,0;-26949120,14,10,4,0,0;219347904,16,8,0,4,0;-219347904,16,8,2,2,0;880640,16,8,4,0,0;-68951808,18,6,0,4,0;68951808,18,6,2,2,0;1352448,18,6,4,0,0;12060288,20,4,0,4,0;-12060288,20,4,2,2,0;-294912,20,4,4,0,0;-1140480,22,2,0,4,0;1140480,22,2,2,2,0;20736,22,2,4,0,0;46656,24,0,0,4,0;-46656,24,0,2,2,0 | 6237,2,30,8,0,0;-232722,4,28,8,0,0;3621447,6,26,8,0,0;-30655988,8,24,8,0,0;152953205,10,22,8,0,0;-451794542,12,20,8,0,0;752137879,14,18,8,0,0;-650387800,16,16,8,0,0;301658575,18,14,8,0,0;-70985678,20,12,8,0,0;4095149,22,10,8,0,0;2013580,24,8,8,0,0;-538785,26,6,8,0,0;55566,28,4,8,0,0;-2187,30,2,8,0,0 || END 6237,2,30,8,0,0;-232722,4,28,8,0,0;3621447,6,26,8,0,0;-30655988,8,24,8,0,0;152953205,10,22,8,0,0;-451794542,12,20,8,0,0;752137879,14,18,8,0,0;-650387800,16,16,8,0,0;301658575,18,14,8,0,0;-70985678,20,12,8,0,0;4095149,22,10,8,0,0;2013580,24,8,8,0,0;-538785,26,6,8,0,0;55566,28,4,8,0,0;-2187,30,2,8,0,0
CORES 1,0,4,0,4;1,0,4,4,0;2,1,3,0,4;-2,3,1,4,0;-1,4,0,0,4;-1,4,0,4,0 | im | 1,0,4,0,2;1,0,4,2,0;-2,2,2,1,1;1,4,0,0,2;1,4,0,2,0 | re || LEAF 4 || STEP 0 3 8 | -16,0,4,0,1,3;16,0,4,0,3,1;8,1,3,0,0,4;-48,1,3,0,2,2;8,1,3,0,4,0;-24,3,1,0,0,4;144,3,1,0,2,2;-24,3,1,0,4,0;16,4,0,0,1,3;-16,4,0,0,3,1 | 1,0,0,0,0,2;1,0,0,0,2,0;-1,0,0,2,0,0 | -16,0,4,0,1,1;8,1,3,0,0,2;-56,1,3,0,2,0;8,1,3,2,0,0;-24,3,1,0,0,2;168,3,1,0,2,0;-24,3,1,2,0,0;16,4,0,0,1,1 | 4,0,4,0,3,1;-2,0,4,2,1,1;8,1,3,0,4,0;-8,1,3,2,2,0;1,1,3,4,0,0;-24,3,1,0,4,0;24,3,1,2,2,0;-3,3,1,4,0,0;-4,4,0,0,3,1;2,4,0,2,1,1 ## STEP 0 2 1 | 1,0,0,0,0,2;1,0,0,0,2,0;-1,0,0,2,0,0 | 4,0,4,0,3,1;-2,0,4,2,1,1;8,1,3,0,4,0;-8,1,3,2,2,0;1,1,3,4,0,0;-24,3,1,0,4,0;24,3,1,2,2,0;-3,3,1,4,0,0;-4,4,0,0,3,1;2,4,0,2,1,1 | 4,0,4,0,3,1;-2,0,4,2,1,1;-8,1,3,0,4,0;8,1,3,2,2,0;-1,1,3,4,0,0;24,3,1,0,4,0;-24,3,1,2,2,0;3,3,1,4,0,0;-4,4,0,0,3,1;2,4,0,2,1,1 | 16,0,8,0,8,0;-32,0,8,2,6,0;20,0,8,4,4,0;-4,0,8,6,2,0;64,2,6,0,8,0;-128,2,6,2,6,0;80,2,6,4,4,0;-16,2,6,6,2,0;1,2,6,8,0,0;-416,4,4,0,8,0;832,4,4,2,6,0;-520,4,4,4,4,0;104,4,4,6,2,0;-6,4,4,8,0,0;576,6,2,0,8,0;-1152,6,2,2,6,0;720,6,2,4,4,0;-144,6,2,6,2,0;9,6,2,8,0,0;16,8,0,0,8,0;-32,8,0,2,6,0;20,8,0,4,4,0;-4,8,0,6,2,0 ## STEP 0 1 2 | -6,0,4,0,0,2;2,0,4,0,2,0;20,2,2,0,0,2;-28,2,2,0,2,0;-6,4,0,0,0,2;2,4,0,0,2,0 | 1,0,0,0,0,2;1,0,0,0,2,0;-1,0,0,2,0,0 | -6,0,4,0,0,0;20,2,2,0,0,0;-6,4,0,0,0,0 | 4,0,4,0,2,0;-3,0,4,2,0,0;-24,2,2,0,2,0;10,2,2,2,0,0;4,4,0,0,2,0;-3,4,0,2,0,0 ## STEP 1 4 16 | 16,0,8,0,8,0;-32,0,8,2,6,0;20,0,8,4,4,0;-4,0,8,6,2,0;64,2,6,0,8,0;-128,2,6,2,6,0;80,2,6,4,4,0;-16,2,6,6,2,0;1,2,6,8,0,0;-416,4,4,0,8,0;832,4,4,2,6,0;-520,4,4,4,4,0;104,4,4,6,2,0;-6,4,4,8,0,0;576,6,2,0,8,0;-1152,6,2,2,6,0;720,6,2,4,4,0;-144,6,2,6,2,0;9,6,2,8,0,0;16,8,0,0,8,0;-32,8,0,2,6,0;20,8,0,4,4,0;-4,8,0,6,2,0 | 4,0,4,0,2,0;-3,0,4,2,0,0;-24,2,2,0,2,0;10,2,2,2,0,0;4,4,0,0,2,0;-3,4,0,2,0,0 | 1024,0,20,0,6,0;-1280,0,20,2,4,0;320,0,20,4,2,0;-16,0,20,6,0,0;-14336,2,18,0,6,0;19968,2,18,2,4,0;-5504,2,18,4,2,0;96,2,18,6,0,0;13312,4,16,0,6,0;-33024,4,16,2,4,0;16448,4,16,4,2,0;1840,4,16,6,0,0;712704,6,14,0,6,0;-964608,6,14,2,4,0;251392,6,14,4,2,0;-384,6,14,6,0,0;-4536320,8,12,0,6,0;6669824,8,12,2,4,0;-2118016,8,12,4,2,0;-8992,8,12,6,0,0;11218944,10,10,0,6,0;-17026048,10,10,2,4,0;5809920,10,10,4,2,0;64,10,10,6,0,0;-12204032,12,8,0,6,0;18679296,12,8,2,4,0;-6513024,12,8,4,2,0;24800,12,8,6,0,0;4317184,14,6,0,6,0;-6256640,14,6,2,4,0;1902080,14,6,4,2,0;25216,14,6,6,0,0;-576512,16,4,0,6,0;769792,16,4,2,4,0;-200640,16,4,4,2,0;6960,16,4,6,0,0;18432,18,2,0,6,0;-20992,18,2,2,4,0;4736,18,2,4,2,0;-416,18,2,6,0,0;1024,20,0,0,6,0;-1280,20,0,2,4,0;320,20,0,4,2,0;-16,20,0,6,0,0 | -3,0,24,8,0,0;44,2,22,8,0,0;-198,4,20,8,0,0;4764,6,18,8,0,0;-40653,8,16,8,0,0;154840,10,14,8,0,0;-313300,12,12,8,0,0;332312,14,10,8,0,0;-166093,16,8,8,0,0;34300,18,6,8,0,0;-1990,20,4,8,0,0;76,22,2,8,0,0;-3,24,0,8,0,0 || END -3,0,24,8,0,0;44,2,22,8,0,0;-198,4,20,8,0,0;4764,6,18,8,0,0;-40653,8,16,8,0,0;154840,10,14,8,0,0;-313300,12,12,8,0,0;332312,14,10,8,0,0;-166093,16,8,8,0,0;34300,18,6,8,0,0;-1990,20,4,8,0,0;76,22,2,8,0,0;-3,24,0,8,0,0
CORES 2,0,4,0,1;1,0,4,1,0;1,4,0,0,1;2,4,0,1,0 | re | -1,0,4,1,1;1,0,4,2,0;2,1,3,2,0;-2,3,1,0,2;-1,4,0,0,2;1,4,0,1,1 | im || LEAF 4 || STEP 0 2 4 | 1,0,0,0,0,2;1,0,0,0,2,0;-1,0,0,2,0,0 | 6,0,4,0,1,0;8,1,3,0,0,1;-36,2,2,0,1,0;-8,3,1,0,0,1;6,4,0,0,1,0 | -6,0,4,0,1,0;8,1,3,0,0,1;36,2,2,0,1,0;-8,3,1,0,0,1;-6,4,0,0,1,0 | 9,0,8,0,2,0;-92,2,6,0,2,0;-16,2,6,2,0,0;310,4,4,0,2,0;32,4,4,2,0,0;-92,6,2,0,2,0;-16,6,2,2,0,0;9,8,0,0,2,0 ## STEP 0 1 4 | -4,0,4,0,1,1;-8,1,3,0,0,2;-8,1,3,0,2,0;-24,2,2,0,1,1;24,3,1,0,0,2;-8,3,1,0,2,0;12,4,0,0,1,1 | 1,0,0,0,0,2;1,0,0,0,2,0;-1,0,0,2,0,0 | -8,1,3,0,0,0;24,3,1,0,0,0 | -1,0,4,0,1,1;-2,1,3,2,0,0;-6,2,2,0,1,1;-8,3,1,0,2,0;6,3,1,2,0,0;3,4,0,0,1,1 ## STEP 0 2 1 | 1,0,0,0,0,2;1,0,0,0,2,0;-1,0,0,2,0,0 | -1,0,4,0,1,1;-2,1,3,2,0,0;-6,2,2,0,1,1;-8,3,1,0,2,0;6,3,1,2,0,0;3,4,0,0,1,1 | -1,0,4,0,1,1;2,1,3,2,0,0;-6,2,2,0,1,1;8,3,1,0,2,0;-6,3,1,2,0,0;3,4,0,0,1,1 | 1,0,8,0,4,0;-1,0,8,2,2,0;12,2,6,0,4,0;-12,2,6,2,2,0;4,2,6,4,0,0;30,4,4,0,4,0;2,4,4,2,2,0;-24,4,4,4,0,0;28,6,2,0,4,0;-60,6,2,2,2,0;36,6,2,4,0,0;9,8,0,0,4,0;-9,8,0,2,2,0 ## STEP 1 2 4 | 1,0,8,0,4,0;-1,0,8,2,2,0;12,2,6,0,4,0;-12,2,6,2,2,0;4,2,6,4,0,0;30,4,4,0,4,0;2,4,4,2,2,0;-24,4,4,4,0,0;28,6,2,0,4,0;-60,6,2,2,2,0;36,6,2,4,0,0;9,8,0,0,4,0;-9,8,0,2,2,0 | 9,0,8,0,2,0;-92,2,6,0,2,0;-16,2,6,2,0,0;310,4,4,0,2,0;32,4,4,2,0,0;-92,6,2,0,2,0;-16,6,2,2,0,0;9,8,0,0,2,0 | 9,0,16,0,2,0;-9,0,16,2,0,0;16,2,14,0,2,0;-524,4,12,0,2,0;972,4,12,2,0,0;1120,6,10,0,2,0;-4240,6,10,2,0,0;5710,8,8,0,2,0;6834,8,8,2,0,0;5200,10,6,0,2,0;-18336,10,6,2,0,0;484,12,4,0,2,0;2908,12,4,2,0,0;-576,14,2,0,2,0;432,14,2,2,0,0;81,16,0,0,2,0;-81,16,0,2,0,0 | 45,2,22,4,0,0;-2070,4,20,4,0,0;28561,6,18,4,0,0;-182600,8,16,4,0,0;656906,10,14,4,0,0;-1411076,12,12,4,0,0;1570586,14,10,4,0,0;-709064,16,8,4,0,0;144265,18,6,4,0,0;-13014,20,4,4,0,0;405,22,2,4,0,0 || END 45,2,22,4,0,0;-2070,4,20,4,0,0;28561,6,18,4,0,0;-182600,8,16,4,0,0;656906,10,14,4,0,0;-1411076,12,12,4,0,0;1570586,14,10,4,0,0;-709064,16,8,4,0,0;144265,18,6,4,0,0;-13014,20,4,4,0,0;405,22,2,4,0,0
CORES 2,0,4,0,2;-1,0,4,2,0;1,4,0,0,2;-2,4,0,2,0 | im | 1,0,4,2,2;1,0,4,4,0;2,1,3,4,0;-2,3,1,0,4;-1,4,0,0,4;-1,4,0,2,2 | im || LEAF 5 || STEP 0 1 4 | -12,0,4,0,1,1;-8,1,3,0,0,2;8,1,3,0,2,0;72,2,2,0,1,1;8,3,1,0,0,2;-8,3,1,0,2,0;-12,4,0,0,1,1 | 1,0,0,0,0,2;1,0,0,0,2,0;-1,0,0,2,0,0 | -8,1,3,0,0,0;8,3,1,0,0,0 | -3,0,4,0,1,1;4,1,3,0,2,0;-2,1,3,2,0,0;18,2,2,0,1,1;-4,3,1,0,2,0;2,3,1,2,0,0;-3,4,0,0,1,1 ## STEP 0 2 1 | 1,0,0,0,0,2;1,0,0,0,2,0;-1,0,0,2,0,0 | -3,0,4,0,1,1;4,1,3,0,2,0;-2,1,3,2,0,0;18,2,2,0,1,1;-4,3,1,0,2,0;2,3,1,2,0,0;-3,4,0,0,1,1 | -3,0,4,0,1,1;-4,1,3,0,2,0;2,1,3,2,0,0;18,2,2,0,1,1;4,3,1,0,2,0;-2,3,1,2,0,0;-3,4,0,0,1,1 | 9,0,8,0,4,0;-9,0,8,2,2,0;-92,2,6,0,4,0;92,2,6,2,2,0;4,2,6,4,0,0;310,4,4,0,4,0;-310,4,4,2,2,0;-8,4,4,4,0,0;-92,6,2,0,4,0;92,6,2,2,2,0;4,6,2,4,0,0;9,8,0,0,4,0;-9,8,0,2,2,0 ## STEP 0 3 8 | 8,0,4,0,1,3;-8,0,4,0,3,1;8,1,3,0,0,4;16,1,3,0,2,2;8,1,3,0,4,0;48,2,2,0,1,3;-48,2,2,0,3,1;-24,3,1,0,0,4;80,3,1,0,2,2;-24,3,1,0,4,0;-24,4,0,0,1,3;24,4,0,0,3,1 | 1,0,0,0,0,2;1,0,0,0,2,0;-1,0,0,2,0,0 | 8,0,4,0,1,1;8,1,3,0,0,2;8,1,3,0,2,0;8,1,3,2,0,0;48,2,2,0,1,1;-24,3,1,0,0,2;104,3,1,0,2,0;-24,3,1,2,0,0;-24,4,0,0,1,1 | -2,0,4,0,3,1;1,0,4,2,1,1;1,1,3,4,0,0;-12,2,2,0,3,1;6,2,2,2,1,1;-16,3,1,0,4,0;16,3,1,2,2,0;-3,3,1,4,0,0;6,4,0,0,3,1;-3,4,0,2,1,1 ## STEP 0 2 1 | 1,0,0,0,0,2;1,0,0,0,2,0;-1,0,0,2,0,0 | -2,0,4,0,3,1;1,0,4,2,1,1;1,1,3,4,0,0;-12,2,2,0,3,1;6,2,2,2,1,1;-16,3,1,0,4,0;16,3,1,2,2,0;-3,3,1,4,0,0;6,4,0,0,3,1;-3,4,0,2,1,1 | -2,0,4,0,3,1;1,0,4,2,1,1;-1,1,3,4,0,0;-12,2,2,0,3,1;6,2,2,2,1,1;16,3,1,0,4,0;-16,3,1,2,2,0;3,3,1,4,0,0;6,4,0,0,3,1;-3,4,0,2,1,1 | 4,0,8,0,8,0;-8,0,8,2,6,0;5,0,8,4,4,0;-1,0,8,6,2,0;48,2,6,0,8,0;-96,2,6,2,6,0;60,2,6,4,4,0;-12,2,6,6,2,0;1,2,6,8,0,0;120,4,4,0,8,0;-240,4,4,2,6,0;118,4,4,4,4,0;2,4,4,6,2,0;-6,4,4,8,0,0;112,6,2,0,8,0;-224,6,2,2,6,0;172,6,2,4,4,0;-60,6,2,6,2,0;9,6,2,8,0,0;36,8,0,0,8,0;-72,8,0,2,6,0;45,8,0,4,4,0;-9,8,0,6,2,0 ## STEP 1 3 1 | 4,0,8,0,8,0;-8,0,8,2,6,0;5,0,8,4,4,0;-1,0,8,6,2,0;48,2,6,0,8,0;-96,2,6,2,6,0;60,2,6,4,4,0;-12,2,6,6,2,0;1,2,6,8,0,0;120,4,4,0,8,0;-240,4,4,2,6,0;118,4,4,4,4,0;2,4,4,6,2,0;-6,4,4,8,0,0;112,6,2,0,8,0;-224,6,2,2,6,0;172,6,2,4,4,0;-60,6,2,6,2,0;9,6,2,8,0,0;36,8,0,0,8,0;-72,8,0,2,6,0;45,8,0,4,4,0;-9,8,0,6,2,0 | 9,0,8,0,4,0;-9,0,8,2,2,0;-92,2,6,0,4,0;92,2,6,2,2,0;4,2,6,4,0,0;310,4,4,0,4,0;-310,4,4,2,2,0;-8,4,4,4,0,0;-92,6,2,0,4,0;92,6,2,2,2,0;4,6,2,4,0,0;9,8,0,0,4,0;-9,8,0,2,2,0 | 324,0,24,0,4,0;-324,0,24,2,2,0;81,0,24,4,0,0;-2736,2,22,0,4,0;2736,2,22,2,2,0;-828,2,22,4,0,0;-13592,4,20,0,4,0;13592,4,20,2,2,0;-5958,4,20,4,0,0;249680,6,18,0,4,0;-249680,6,18,2,2,0;126756,6,18,4,0,0;-861924,8,16,0,4,0;861924,8,16,2,2,0;-752825,8,16,4,0,0;-331872,10,14,0,4,0;331872,10,14,2,2,0;2197576,10,14,4,0,0;4753200,12,12,0,4,0;-4753200,12,12,2,2,0;-4230452,12,12,4,0,0;4188192,14,10,0,4,0;-4188192,14,10,2,2,0;6614696,14,10,4,0,0;-892996,16,8,0,4,0;892996,16,8,2,2,0;-2609425,16,8,4,0,0;-734960,18,6,0,4,0;734960,18,6,2,2,0;291188,18,6,4,0,0;329832,20,4,0,4,0;-329832,20,4,2,2,0;38682,20,4,4,0,0;-50544,22,2,0,4,0;50544,22,2,2,2,0;-11340,22,2,4,0,0;2916,24,0,0,4,0;-2916,24,0,2,2,0;729,24,0,4,0,0 | 405,2,30,8,0,0;-22770,4,28,8,0,0;461439,6,26,8,0,0;-4916852,8,24,8,0,0;31756109,10,22,8,0,0;-132387278,12,20,8,0,0;364651375,14,18,8,0,0;-650387800,16,16,8,0,0;689145079,18,14,8,0,0;-390392942,20,12,8,0,0;125292245,22,10,8,0,0;-23725556,24,8,8,0,0;2621223,26,6,8,0,0;-154386,28,4,8,0,0;3645,30,2,8,0,0 || END 405,2,30,8,0,0;-22770,4,28,8,0,0;461439,6,26,8,0,0;-4916852,8,24,8,0,0;31756109,10,22,8,0,0;-132387278,12,20,8,0,0;364651375,14,18,8,0,0;-650387800,16,16,8,0,0;689145079,18,14,8,0,0;-390392942,20,12,8,0,0;125292245,22,10,8,0,0;-23725556,24,8,8,0,0;2621223,26,6,8,0,0;-154386,28,4,8,0,0;3645,30,2,8,0,0
CORES -1,0,4,0,2;-1,0,4,2,0;-2,2,2,1,1;-1,4,0,0,2;-1,4,0,2,0 | re | -1,0,2,0,4;-1,0,2,4,0;-2,1,1,2,2;-1,2,0,0,4;-1,2,0,4,0 | re || LEAF 3 || STEP 0 1 2 | 2,0,4,0,0,2;-6,0,4,0,2,0;-28,2,2,0,0,2;20,2,2,0,2,0;2,4,0,0,0,2;-6,4,0,0,2,0 | 1,0,0,0,0,2;1,0,0,0,2,0;-1,0,0,2,0,0 | 2,0,4,0,0,0;-28,2,2,0,0,0;2,4,0,0,0,0 | -4,0,4,0,2,0;1,0,4,2,0,0;24,2,2,0,2,0;-14,2,2,2,0,0;-4,4,0,0,2,0;1,4,0,2,0,0 ## STEP 0 2 2 | 2,0,2,0,0,4;-28,0,2,0,2,2;2,0,2,0,4,0;-6,2,0,0,0,4;20,2,0,0,2,2;-6,2,0,0,4,0 | 1,0,0,0,0,2;1,0,0,0,2,0;-1,0,0,2,0,0 | 2,0,2,0,0,2;-30,0,2,0,2,0;2,0,2,2,0,0;-6,2,0,0,0,2;26,2,0,0,2,0;-6,2,0,2,0,0 | 16,0,2,0,4,0;-16,0,2,2,2,0;1,0,2,4,0,0;-16,2,0,0,4,0;16,2,0,2,2,0;-3,2,0,4,0,0 ## STEP 1 2 32 | 16,0,2,0,4,0;-16,0,2,2,2,0;1,0,2,4,0,0;-16,2,0,0,4,0;16,2,0,2,2,0;-3,2,0,4,0,0 | -4,0,4,0,2,0;1,0,4,2,0,0;24,2,2,0,2,0;-14,2,2,2,0,0;-4,4,0,0,2,0;1,4,0,2,0,0 | -64,0,6,0,2,0;48,0,6,2,0,0;448,2,4,0,2,0;-208,2,4,2,0,0;-448,4,2,0,2,0;208,4,2,2,0,0;64,6,0,0,2,0;-48,6,0,2,0,0 | -1,0,10,4,0,0;20,2,8,4,0,0;-62,4,6,4,0,0;36,6,4,4,0,0;-9,8,2,4,0,0 || END -1,0,10,4,0,0;20,2,8,4,0,0;-62,4,6,4,0,0;36,6,4,4,0,0;-9,8,2,4,0,0
CORES 1,0,2,0,2;1,0,2,2,0;-2,1,1,1,1;1,2,0,0,2;1,2,0,2,0 | re | 1,0,2,0,4;1,0,2,4,0;2,1,1,0,4;-2,1,1,4,0;-1,2,0,0,4;-1,2,0,4,0 | im || LEAF 4 || STEP 0 1 2 | 2,0,2,0,0,2;-6,0,2,0,2,0;-6,2,0,0,0,2;2,2,0,0,2,0 | 1,0,0,0,0,2;1,0,0,0,2,0;-1,0,0,2,0,0 | 2,0,2,0,0,0;-6,2,0,0,0,0 | -4,0,2,0,2,0;1,0,2,2,0,0;4,2,0,0,2,0;-3,2,0,2,0,0 ## STEP 0 3 8 | 16,0,2,0,1,3;-16,0,2,0,3,1;-8,1,1,0,0,4;48,1,1,0,2,2;-8,1,1,0,4,0;16,2,0,0,1,3;-16,2,0,0,3,1 | 1,0,0,0,0,2;1,0,0,0,2,0;-1,0,0,2,0,0 | 16,0,2,0,1,1;-8,1,1,0,0,2;56,1,1,0,2,0;-8,1,1,2,0,0;16,2,0,0,1,1 | -4,0,2,0,3,1;2,0,2,2,1,1;-8,1,1,0,4,0;8,1,1,2,2,0;-1,1,1,4,0,0;-4,2,0,0,3,1;2,2,0,2,1,1 ## STEP 0 2 1 | 1,0,0,0,0,2;1,0,0,0,2,0;-1,0,0,2,0,0 | -4,0,2,0,3,1;2,0,2,2,1,1;-8,1,1,0,4,0;8,1,1,2,2,0;-1,1,1,4,0,0;-4,2,0,0,3,1;2,2,0,2,1,1 | -4,0,2,0,3,1;2,0,2,2,1,1;8,1,1,0,4,0;-8,1,1,2,2,0;1,1,1,4,0,0;-4,2,0,0,3,1;2,2,0,2,1,1 | 16,0,4,0,8,0;-32,0,4,2,6,0;20,0,4,4,4,0;-4,0,4,6,2,0;96,2,2,0,8,0;-192,2,2,2,6,0;120,2,2,4,4,0;-24,2,2,6,2,0;1,2,2,8,0,0;16,4,0,0,8,0;-32,4,0,2,6,0;20,4,0,4,4,0;-4,4,0,6,2,0 ## STEP 1 4 16 | 16,0,4,0,8,0;-32,0,4,2,6,0;20,0,4,4,4,0;-4,0,4,6,2,0;96,2,2,0,8,0;-192,2,2,2,6,0;120,2,2,4,4,0;-24,2,2,6,2,0;1,2,2,8,0,0;16,4,0,0,8,0;-32,4,0,2,6,0;20,4,0,4,4,0;-4,4,0,6,2,0 | -4,0,2,0,2,0;1,0,2,2,0,0;4,2,0,0,2,0;-3,2,0,2,0,0 | -1024,0,10,0,6,0;1792,0,10,2,4,0;-832,0,10,4,2,0;48,0,10,6,0,0;-3072,2,8,0,6,0;5888,2,8,2,4,0;-3264,2,8,4,2,0;368,2,8,6,0,0;14336,4,6,0,6,0;-23040,4,6,2,4,0;8320,4,6,4,2,0;544,4,6,6,0,0;-14336,6,4,0,6,0;19968,6,4,2,4,0;-5248,6,4,4,2,0;160,6,4,6,0,0;3072,8,2,0,6,0;-3328,8,2,2,4,0;704,8,2,4,2,0;-80,8,2,6,0,0;1024,10,0,0,6,0;-1280,10,0,2,4,0;320,10,0,4,2,0;-16,10,0,6,0,0 | -3,0,12,8,0,0;2,2,10,8,0,0;-29,4,8,8,0,0;188,6,6,8,0,0;-29,8,4,8,0,0;2,10,2,8,0,0;-3,12,0,8,0,0 || END -3,0,12,8,0,0;2,2,10,8,0,0;-29,4,8,8,0,0;188,6,6,8,0,0;-29,8,4,8,0,0;2,10,2,8,0,0;-3,12,0,8,0,0
CORES -1,0,4,0,4;1,0,4,2,2;2,1,3,0,4;-2,3,1,4,0;-1,4,0,2,2;1,4,0,4,0 | im | -1,0,4,0,2;-2,0,4,2,0;-2,4,0,0,2;-1,4,0,2,0 | re || LEAF 5 || STEP 0 3 8 | -24,0,4,0,1,3;24,0,4,0,3,1;-8,1,3,0,0,4;112,1,3,0,2,2;-8,1,3,0,4,0;48,2,2,0,1,3;-48,2,2,0,3,1;-8,3,1,0,0,4;-16,3,1,0,2,2;-8,3,1,0,4,0;8,4,0,0,1,3;-8,4,0,0,3,1 | 1,0,0,0,0,2;1,0,0,0,2,0;-1,0,0,2,0,0 | -24,0,4,0,1,1;-8,1,3,0,0,2;120,1,3,0,2,0;-8,1,3,2,0,0;48,2,2,0,1,1;-8,3,1,0,0,2;-8,3,1,0,2,0;-8,3,1,2,0,0;8,4,0,0,1,1 | 6,0,4,0,3,1;-3,0,4,2,1,1;-16,1,3,0,4,0;16,1,3,2,2,0;-1,1,3,4,0,0;-12,2,2,0,3,1;6,2,2,2,1,1;-1,3,1,4,0,0;-2,4,0,0,3,1;1,4,0,2,1,1 ## STEP 0 2 1 | 1,0,0,0,0,2;1,0,0,0,2,0;-1,0,0,2,0,0 | 6,0,4,0,3,1;-3,0,4,2,1,1;-16,1,3,0,4,0;16,1,3,2,2,0;-1,1,3,4,0,0;-12,2,2,0,3,1;6,2,2,2,1,1;-1,3,1,4,0,0;-2,4,0,0,3,1;1,4,0,2,1,1 | 6,0,4,0,3,1;-3,0,4,2,1,1;16,1,3,0,4,0;-16,1,3,2,2,0;1,1,3,4,0,0;-12,2,2,0,3,1;6,2,2,2,1,1;1,3,1,4,0,0;-2,4,0,0,3,1;1,4,0,2,1,1 | 36,0,8,0,8,0;-72,0,8,2,6,0;45,0,8,4,4,0;-9,0,8,6,2,0;112,2,6,0,8,0;-224,2,6,2,6,0;108,2,6,4,4,0;4,2,6,6,2,0;1,2,6,8,0,0;120,4,4,0,8,0;-240,4,4,2,6,0;182,4,4,4,4,0;-62,4,4,6,2,0;2,4,4,8,0,0;48,6,2,0,8,0;-96,6,2,2,6,0;60,6,2,4,4,0;-12,6,2,6,2,0;1,6,2,8,0,0;4,8,0,0,8,0;-8,8,0,2,6,0;5,8,0,4,4,0;-1,8,0,6,2,0 ## STEP 0 1 2 | 6,0,4,0,0,2;-6,0,4,0,2,0;16,1,3,0,1,1;-36,2,2,0,0,2;36,2,2,0,2,0;-16,3,1,0,1,1;6,4,0,0,0,2;-6,4,0,0,2,0 | 1,0,0,0,0,2;1,0,0,0,2,0;-1,0,0,2,0,0 | 6,0,4,0,0,0;-36,2,2,0,0,0;6,4,0,0,0,0 | -6,0,4,0,2,0;3,0,4,2,0,0;8,1,3,0,1,1;36,2,2,0,2,0;-18,2,2,2,0,0;-8,3,1,0,1,1;-6,4,0,0,2,0;3,4,0,2,0,0 ## STEP 0 2 1 | 1,0,0,0,0,2;1,0,0,0,2,0;-1,0,0,2,0,0 | -6,0,4,0,2,0;3,0,4,2,0,0;8,1,3,0,1,1;36,2,2,0,2,0;-18,2,2,2,0,0;-8,3,1,0,1,1;-6,4,0,0,2,0;3,4,0,2,0,0 | 6,0,4,0,2,0;-3,0,4,2,0,0;8,1,3,0,1,1;-36,2,2,0,2,0;18,2,2,2,0,0;-8,3,1,0,1,1;6,4,0,0,2,0;-3,4,0,2,0,0 | 36,0,8,0,4,0;-36,0,8,2,2,0;9,0,8,4,0,0;-368,2,6,0,4,0;368,2,6,2,2,0;-108,2,6,4,0,0;1240,4,4,0,4,0;-1240,4,4,2,2,0;342,4,4,4,0,0;-368,6,2,0,4,0;368,6,2,2,2,0;-108,6,2,4,0,0;36,8,0,0,4,0;-36,8,0,2,2,0;9,8,0,4,0,0 ## STEP 1 3 64 | 36,0,8,0,8,0;-72,0,8,2,6,0;45,0,8,4,4,0;-9,0,8,6,2,0;112,2,6,0,8,0;-224,2,6,2,6,0;108,2,6,4,4,0;4,2,6,6,2,0;1,2,6,8,0,0;120,4,4,0,8,0;-240,4,4,2,6,0;182,4,4,4,4,0;-62,4,4,6,2,0;2,4,4,8,0,0;48,6,2,0,8,0;-96,6,2,2,6,0;60,6,2,4,4,0;-12,6,2,6,2,0;1,6,2,8,0,0;4,8,0,0,8,0;-8,8,0,2,6,0;5,8,0,4,4,0;-1,8,0,6,2,0 | 36,0,8,0,4,0;-36,0,8,2,2,0;9,0,8,4,0,0;-368,2,6,0,4,0;368,2,6,2,2,0;-108,2,6,4,0,0;1240,4,4,0,4,0;-1240,4,4,2,2,0;342,4,4,4,0,0;-368,6,2,0,4,0;368,6,2,2,2,0;-108,6,2,4,0,0;36,8,0,0,4,0;-36,8,0,2,2,0;9,8,0,4,0,0 | 46656,0,24,0,4,0;-46656,0,24,2,2,0;-808704,2,22,0,4,0;808704,2,22,2,2,0;-20736,2,22,4,0,0;5277312,4,20,0,4,0;-5277312,4,20,2,2,0;700416,4,20,4,0,0;-11759360,6,18,0,4,0;11759360,6,18,2,2,0;-7598848,6,18,4,0,0;-14287936,8,16,0,4,0;14287936,8,16,2,2,0;38178816,8,16,4,0,0;67011072,10,14,0,4,0;-67011072,10,14,2,2,0;-89082368,10,14,4,0,0;76051200,12,12,0,4,0;-76051200,12,12,2,2,0;86700032,12,12,4,0,0;-5309952,14,10,0,4,0;5309952,14,10,2,2,0;-36488704,14,10,4,0,0;-13790784,16,8,0,4,0;13790784,16,8,2,2,0;8597504,16,8,4,0,0;3994880,18,6,0,4,0;-3994880,18,6,2,2,0;-1029376,18,6,4,0,0;-217472,20,4,0,4,0;217472,20,4,2,2,0;40960,20,4,4,0,0;-43776,22,2,0,4,0;43776,22,2,2,2,0;2304,22,2,4,0,0;5184,24,0,0,4,0;-5184,24,0,2,2,0 | 3645,2,30,8,0,0;-154386,4,28,8,0,0;2621223,6,26,8,0,0;-23725556,8,24,8,0,0;125292245,10,22,8,0,0;-390392942,12,20,8,0,0;689145079,14,18,8,0,0;-650387800,16,16,8,0,0;364651375,18,14,8,0,0;-132387278,20,12,8,0,0;31756109,22,10,8,0,0;-4916852,24,8,8,0,0;461439,26,6,8,0,0;-22770,28,4,8,0,0;405,30,2,8,0,0 || END 3645,2,30,8,0,0;-154386,4,28,8,0,0;2621223,6,26,8,0,0;-23725556,8,24,8,0,0;125292245,10,22,8,0,0;-390392942,12,20,8,0,0;689145079,14,18,8,0,0;-650387800,16,16,8,0,0;364651375,18,14,8,0,0;-132387278,20,12,8,0,0;31756109,22,10,8,0,0;-4916852,24,8,8,0,0;461439,26,6,8,0,0;-22770,28,4,8,0,0;405,30,2,8,0,0
CORES -1,0,4,0,2;-1,0,4,2,0;-2,2,2,1,1;-1,4,0,0,2;-1,4,0,2,0 | re | 1,0,4,0,4;1,0,4,4,0;2,2,2,0,4;-2,2,2,4,0;-1,4,0,0,4;-1,4,0,4,0 | im || LEAF 4 || STEP 0 1 2 | 2,0,4,0,0,2;-6,0,4,0,2,0;-28,2,2,0,0,2;20,2,2,0,2,0;2,4,0,0,0,2;-6,4,0,0,2,0 | 1,0,0,0,0,2;1,0,0,0,2,0;-1,0,0,2,0,0 | 2,0,4,0,0,0;-28,2,2,0,0,0;2,4,0,0,0,0 | -4,0,4,0,2,0;1,0,4,2,0,0;24,2,2,0,2,0;-14,2,2,2,0,0;-4,4,0,0,2,0;1,4,0,2,0,0 ## STEP 0 3 16 | 16,0,4,0,1,3;-16,0,4,0,3,1;16,1,3,0,0,4;-96,1,3,0,2,2;16,1,3,0,4,0;32,2,2,0,1,3;-32,2,2,0,3,1;-16,3,1,0,0,4;96,3,1,0,2,2;-16,3,1,0,4,0;16,4,0,0,1,3;-16,4,0,0,3,1 | 1,0,0,0,0,2;1,0,0,0,2,0;-1,0,0,2,0,0 | 16,0,4,0,1,1;16,1,3,0,0,2;-112,1,3,0,2,0;16,1,3,2,0,0;32,2,2,0,1,1;-16,3,1,0,0,2;112,3,1,0,2,0;-16,3,1,2,0,0;16,4,0,0,1,1 | -2,0,4,0,3,1;1,0,4,2,1,1;8,1,3,0,4,0;-8,1,3,2,2,0;1,1,3,4,0,0;-4,2,2,0,3,1;2,2,2,2,1,1;-8,3,1,0,4,0;8,3,1,2,2,0;-1,3,1,4,0,0;-2,4,0,0,3,1;1,4,0,2,1,1 ## STEP 0 2 1 | 1,0,0,0,0,2;1,0,0,0,2,0;-1,0,0,2,0,0 | -2,0,4,0,3,1;1,0,4,2,1,1;8,1,3,0,4,0;-8,1,3,2,2,0;1,1,3,4,0,0;-4,2,2,0,3,1;2,2,2,2,1,1;-8,3,1,0,4,0;8,3,1,2,2,0;-1,3,1,4,0,0;-2,4,0,0,3,1;1,4,0,2,1,1 | -2,0,4,0,3,1;1,0,4,2,1,1;-8,1,3,0,4,0;8,1,3,2,2,0;-1,1,3,4,0,0;-4,2,2,0,3,1;2,2,2,2,1,1;8,3,1,0,4,0;-8,3,1,2,2,0;1,3,1,4,0,0;-2,4,0,0,3,1;1,4,0,2,1,1 | 4,0,8,0,8,0;-8,0,8,2,6,0;5,0,8,4,4,0;-1,0,8,6,2,0;80,2,6,0,8,0;-160,2,6,2,6,0;100,2,6,4,4,0;-20,2,6,6,2,0;1,2,6,8,0,0;-104,4,4,0,8,0;208,4,4,2,6,0;-130,4,4,4,4,0;26,4,4,6,2,0;-2,4,4,8,0,0;80,6,2,0,8,0;-160,6,2,2,6,0;100,6,2,4,4,0;-20,6,2,6,2,0;1,6,2,8,0,0;4,8,0,0,8,0;-8,8,0,2,6,0;5,8,0,4,4,0;-1,8,0,6,2,0 ## STEP 1 4 4 | 4,0,8,0,8,0;-8,0,8,2,6,0;5,0,8,4,4,0;-1,0,8,6,2,0;80,2,6,0,8,0;-160,2,6,2,6,0;100,2,6,4,4,0;-20,2,6,6,2,0;1,2,6,8,0,0;-104,4,4,0,8,0;208,4,4,2,6,0;-130,4,4,4,4,0;26,4,4,6,2,0;-2,4,4,8,0,0;80,6,2,0,8,0;-160,6,2,2,6,0;100,6,2,4,4,0;-20,6,2,6,2,0;1,6,2,8,0,0;4,8,0,0,8,0;-8,8,0,2,6,0;5,8,0,4,4,0;-1,8,0,6,2,0 | -4,0,4,0,2,0;1,0,4,2,0,0;24,2,2,0,2,0;-14,2,2,2,0,0;-4,4,0,0,2,0;1,4,0,2,0,0 | -256,0,20,0,6,0;448,0,20,2,4,0;-208,0,20,4,2,0;12,0,20,6,0,0;-512,2,18,0,6,0;1408,2,18,2,4,0;-1184,2,18,4,2,0;248,2,18,6,0,0;70400,4,16,0,6,0;-119104,4,16,2,4,0;50032,4,16,4,2,0;-228,4,16,6,0,0;-628736,6,14,0,6,0;983552,6,14,2,4,0;-350080,6,14,4,2,0;-1632,6,14,6,0,0;2092544,8,12,0,6,0;-3108992,8,12,2,4,0;1019232,8,12,4,2,0;-808,8,12,6,0,0;-2804736,10,10,0,6,0;4157696,10,10,2,4,0;-1353664,10,10,4,2,0;720,10,10,6,0,0;2092544,12,8,0,6,0;-3108992,12,8,2,4,0;1019232,12,8,4,2,0;-808,12,8,6,0,0;-628736,14,6,0,6,0;983552,14,6,2,4,0;-350080,14,6,4,2,0;-1632,14,6,6,0,0;70400,16,4,0,6,0;-119104,16,4,2,4,0;50032,16,4,4,2,0;-228,16,4,6,0,0;-512,18,2,0,6,0;1408,18,2,2,4,0;-1184,18,2,4,2,0;248,18,2,6,0,0;-256,20,0,0,6,0;448,20,0,2,4,0;-208,20,0,4,2,0;12,20,0,6,0,0 | -3,0,24,8,0,0;44,2,22,8,0,0;-742,4,20,8,0,0;16764,6,18,8,0,0;-95053,8,16,8,0,0;242264,10,14,8,0,0;-338836,12,12,8,0,0;242264,14,10,8,0,0;-95053,16,8,8,0,0;16764,18,6,8,0,0;-742,20,4,8,0,0;44,22,2,8,0,0;-3,24,0,8,0,0 || END -3,0,24,8,0,0;44,2,22,8,0,0;-742,4,20,8,0,0;16764,6,18,8,0,0;-95053,8,16,8,0,0;242264,10,14,8,0,0;-338836,12,12,8,0,0;242264,14,10,8,0,0;-95053,16,8,8,0,0;16764,18,6,8,0,0;-742,20,4,8,0,0;44,22,2,8,0,0;-3,24,0,8,0,0
CORES -1,0,2,0,2;-1,0,2,2,0;-2,1,1,1,1;-1,2,0,0,2;-1,2,0,2,0 | re | 1,0,2,0,4;1,0,2,4,0;2,1,1,0,4;-2,1,1,4,0;-1,2,0,0,4;-1,2,0,4,0 | im || LEAF 4 || STEP 0 1 2 | -6,0,2,0,0,2;2,0,2,0,2,0;2,2,0,0,0,2;-6,2,0,0,2,0 | 1,0,0,0,0,2;1,0,0,0,2,0;-1,0,0,2,0,0 | -6,0,2,0,0,0;2,2,0,0,0,0 | 4,0,2,0,2,0;-3,0,2,2,0,0;-4,2,0,0,2,0;1,2,0,2,0,0 ## STEP 0 3 8 | 16,0,2,0,1,3;-16,0,2,0,3,1;-8,1,1,0,0,4;48,1,1,0,2,2;-8,1,1,0,4,0;16,2,0,0,1,3;-16,2,0,0,3,1 | 1,0,0,0,0,2;1,0,0,0,2,0;-1,0,0,2,0,0 | 16,0,2,0,1,1;-8,1,1,0,0,2;56,1,1,0,2,0;-8,1,1,2,0,0;16,2,0,0,1,1 | -4,0,2,0,3,1;2,0,2,2,1,1;-8,1,1,0,4,0;8,1,1,2,2,0;-1,1,1,4,0,0;-4,2,0,0,3,1;2,2,0,2,1,1 ## STEP 0 2 1 | 1,0,0,0,0,2;1,0,0,0,2,0;-1,0,0,2,0,0 | -4,0,2,0,3,1;2,0,2,2,1,1;-8,1,1,0,4,0;8,1,1,2,2,0;-1,1,1,4,0,0;-4,2,0,0,3,1;2,2,0,2,1,1 | -4,0,2,0,3,1;2,0,2,2,1,1;8,1,1,0,4,0;-8,1,1,2,2,0;1,1,1,4,0,0;-4,2,0,0,3,1;2,2,0,2,1,1 | 16,0,4,0,8,0;-32,0,4,2,6,0;20,0,4,4,4,0;-4,0,4,6,2,0;96,2,2,0,8,0;-192,2,2,2,6,0;120,2,2,4,4,0;-24,2,2,6,2,0;1,2,2,8,0,0;16,4,0,0,8,0;-32,4,0,2,6,0;20,4,0,4,4,0;-4,4,0,6,2,0 ## STEP 1 4 16 | 16,0,4,0,8,0;-32,0,4,2,6,0;20,0,4,4,4,0;-4,0,4,6,2,0;96,2,2,0,8,0;-192,2,2,2,6,0;120,2,2,4,4,0;-24,2,2,6,2,0;1,2,2,8,0,0;16,4,0,0,8,0;-32,4,0,2,6,0;20,4,0,4,4,0;-4,4,0,6,2,0 | 4,0,2,0,2,0;-3,0,2,2,0,0;-4,2,0,0,2,0;1,2,0,2,0,0 | 1024,0,10,0,6,0;-1280,0,10,2,4,0;320,0,10,4,2,0;-16,0,10,6,0,0;3072,2,8,0,6,0;-3328,2,8,2,4,0;704,2,8,4,2,0;-80,2,8,6,0,0;-14336,4,6,0,6,0;19968,4,6,2,4,0;-5248,4,6,4,2,0;160,4,6,6,0,0;14336,6,4,0,6,0;-23040,6,4,2,4,0;8320,6,4,4,2,0;544,6,4,6,0,0;-3072,8,2,0,6,0;5888,8,2,2,4,0;-3264,8,2,4,2,0;368,8,2,6,0,0;-1024,10,0,0,6,0;1792,10,0,2,4,0;-832,10,0,4,2,0;48,10,0,6,0,0 | -3,0,12,8,0,0;2,2,10,8,0,0;-29,4,8,8,0,0;188,6,6,8,0,0;-29,8,4,8,0,0;2,10,2,8,0,0;-3,12,0,8,0,0 || END -3,0,12,8,0,0;2,2,10,8,0,0;-29,4,8,8,0,0;188,6,6,8,0,0;-29,8,4,8,0,0;2,10,2,8,0,0;-3,12,0,8,0,0
CORES -1,0,4,0,2;1,0,4,1,1;2,1,3,0,2;-2,3,1,2,0;-1,4,0,1,1;1,4,0,2,0 | im | -1,0,4,0,1;-2,0,4,1,0;-2,4,0,0,1;-1,4,0,1,0 | re || LEAF 4 || STEP 0 1 4 | 12,0,4,0,1,1;24,1,3,0,0,2;-8,1,3,0,2,0;-24,2,2,0,1,1;-8,3,1,0,0,2;-8,3,1,0,2,0;-4,4,0,0,1,1 | 1,0,0,0,0,2;1,0,0,0,2,0;-1,0,0,2,0,0 | 24,1,3,0,0,0;-8,3,1,0,0,0 | 3,0,4,0,1,1;-8,1,3,0,2,0;6,1,3,2,0,0;-6,2,2,0,1,1;-2,3,1,2,0,0;-1,4,0,0,1,1 ## STEP 0 2 1 | 1,0,0,0,0,2;1,0,0,0,2,0;-1,0,0,2,0,0 | 3,0,4,0,1,1;-8,1,3,0,2,0;6,1,3,2,0,0;-6,2,2,0,1,1;-2,3,1,2,0,0;-1,4,0,0,1,1 | 3,0,4,0,1,1;8,1,3,0,2,0;-6,1,3,2,0,0;-6,2,2,0,1,1;2,3,1,2,0,0;-1,4,0,0,1,1 | 9,0,8,0,4,0;-9,0,8,2,2,0;28,2,6,0,4,0;-60,2,6,2,2,0;36,2,6,4,0,0;30,4,4,0,4,0;2,4,4,2,2,0;-24,4,4,4,0,0;12,6,2,0,4,0;-12,6,2,2,2,0;4,6,2,4,0,0;1,8,0,0,4,0;-1,8,0,2,2,0 ## STEP 0 2 4 | 1,0,0,0,0,2;1,0,0,0,2,0;-1,0,0,2,0,0 | -6,0,4,0,1,0;8,1,3,0,0,1;36,2,2,0,1,0;-8,3,1,0,0,1;-6,4,0,0,1,0 | 6,0,4,0,1,0;8,1,3,0,0,1;-36,2,2,0,1,0;-8,3,1,0,0,1;6,4,0,0,1,0 | 9,0,8,0,2,0;-92,2,6,0,2,0;-16,2,6,2,0,0;310,4,4,0,2,0;32,4,4,2,0,0;-92,6,2,0,2,0;-16,6,2,2,0,0;9,8,0,0,2,0 ## STEP 1 2 4 | 9,0,8,0,4,0;-9,0,8,2,2,0;28,2,6,0,4,0;-60,2,6,2,2,0;36,2,6,4,0,0;30,4,4,0,4,0;2,4,4,2,2,0;-24,4,4,4,0,0;12,6,2,0,4,0;-12,6,2,2,2,0;4,6,2,4,0,0;1,8,0,0,4,0;-1,8,0,2,2,0 | 9,0,8,0,2,0;-92,2,6,0,2,0;-16,2,6,2,0,0;310,4,4,0,2,0;32,4,4,2,0,0;-92,6,2,0,2,0;-16,6,2,2,0,0;9,8,0,0,2,0 | 81,0,16,0,2,0;-81,0,16,2,0,0;-576,2,14,0,2,0;432,2,14,2,0,0;484,4,12,0,2,0;2908,4,12,2,0,0;5200,6,10,0,2,0;-18336,6,10,2,0,0;5710,8,8,0,2,0;6834,8,8,2,0,0;1120,10,6,0,2,0;-4240,10,6,2,0,0;-524,12,4,0,2,0;972,12,4,2,0,0;16,14,2,0,2,0;9,16,0,0,2,0;-9,16,0,2,0,0 | 405,2,22,4,0,0;-13014,4,20,4,0,0;144265,6,18,4,0,0;-709064,8,16,4,0,0;1570586,10,14,4,0,0;-1411076,12,12,4,0,0;656906,14,10,4,0,0;-182600,16,8,4,0,0;28561,18,6,4,0,0;-2070,20,4,4,0,0;45,22,2,4,0,0 || END 405,2,22,4,0,0;-13014,4,20,4,0,0;144265,6,18,4,0,0;-709064,8,16,4,0,0;1570586,10,14,4,0,0;-1411076,12,12,4,0,0;656906,14,10,4,0,0;-182600,16,8,4,0,0;28561,18,6,4,0,0;-2070,20,4,4,0,0;45,22,2,4,0,0
CORES -1,0,4,0,2;-2,0,4,2,0;-2,4,0,0,2;-1,4,0,2,0 | re | -1,0,4,0,4;1,0,4,2,2;2,1,3,4,0;-2,3,1,0,4;-1,4,0,2,2;1,4,0,4,0 | im || LEAF 5 || STEP 0 1 2 | 6,0,4,0,0,2;-6,0,4,0,2,0;16,1,3,0,1,1;-36,2,2,0,0,2;36,2,2,0,2,0;-16,3,1,0,1,1;6,4,0,0,0,2;-6,4,0,0,2,0 | 1,0,0,0,0,2;1,0,0,0,2,0;-1,0,0,2,0,0 | 6,0,4,0,0,0;-36,2,2,0,0,0;6,4,0,0,0,0 | -6,0,4,0,2,0;3,0,4,2,0,0;8,1,3,0,1,1;36,2,2,0,2,0;-18,2,2,2,0,0;-8,3,1,0,1,1;-6,4,0,0,2,0;3,4,0,2,0,0 ## STEP 0 2 1 | 1,0,0,0,0,2;1,0,0,0,2,0;-1,0,0,2,0,0 | -6,0,4,0,2,0;3,0,4,2,0,0;8,1,3,0,1,1;36,2,2,0,2,0;-18,2,2,2,0,0;-8,3,1,0,1,1;-6,4,0,0,2,0;3,4,0,2,0,0 | 6,0,4,0,2,0;-3,0,4,2,0,0;8,1,3,0,1,1;-36,2,2,0,2,0;18,2,2,2,0,0;-8,3,1,0,1,1;6,4,0,0,2,0;-3,4,0,2,0,0 | 36,0,8,0,4,0;-36,0,8,2,2,0;9,0,8,4,0,0;-368,2,6,0,4,0;368,2,6,2,2,0;-108,2,6,4,0,0;1240,4,4,0,4,0;-1240,4,4,2,2,0;342,4,4,4,0,0;-368,6,2,0,4,0;368,6,2,2,2,0;-108,6,2,4,0,0;36,8,0,0,4,0;-36,8,0,2,2,0;9,8,0,4,0,0 ## STEP 0 3 8 | 8,0,4,0,1,3;-8,0,4,0,3,1;-8,1,3,0,0,4;112,1,3,0,2,2;-8,1,3,0,4,0;48,2,2,0,1,3;-48,2,2,0,3,1;-8,3,1,0,0,4;-16,3,1,0,2,2;-8,3,1,0,4,0;-24,4,0,0,1,3;24,4,0,0,3,1 | 1,0,0,0,0,2;1,0,0,0,2,0;-1,0,0,2,0,0 | 8,0,4,0,1,1;-8,1,3,0,0,2;120,1,3,0,2,0;-8,1,3,2,0,0;48,2,2,0,1,1;-8,3,1,0,0,2;-8,3,1,0,2,0;-8,3,1,2,0,0;-24,4,0,0,1,1 | -2,0,4,0,3,1;1,0,4,2,1,1;-16,1,3,0,4,0;16,1,3,2,2,0;-1,1,3,4,0,0;-12,2,2,0,3,1;6,2,2,2,1,1;-1,3,1,4,0,0;6,4,0,0,3,1;-3,4,0,2,1,1 ## STEP 0 2 1 | 1,0,0,0,0,2;1,0,0,0,2,0;-1,0,0,2,0,0 | -2,0,4,0,3,1;1,0,4,2,1,1;-16,1,3,0,4,0;16,1,3,2,2,0;-1,1,3,4,0,0;-12,2,2,0,3,1;6,2,2,2,1,1;-1,3,1,4,0,0;6,4,0,0,3,1;-3,4,0,2,1,1 | -2,0,4,0,3,1;1,0,4,2,1,1;16,1,3,0,4,0;-16,1,3,2,2,0;1,1,3,4,0,0;-12,2,2,0,3,1;6,2,2,2,1,1;1,3,1,4,0,0;6,4,0,0,3,1;-3,4,0,2,1,1 | 4,0,8,0,8,0;-8,0,8,2,6,0;5,0,8,4,4,0;-1,0,8,6,2,0;304,2,6,0,8,0;-608,2,6,2,6,0;348,2,6,4,4,0;-44,2,6,6,2,0;1,2,6,8,0,0;120,4,4,0,8,0;-240,4,4,2,6,0;182,4,4,4,4,0;-62,4,4,6,2,0;2,4,4,8,0,0;-144,6,2,0,8,0;288,6,2,2,6,0;-180,6,2,4,4,0;36,6,2,6,2,0;1,6,2,8,0,0;36,8,0,0,8,0;-72,8,0,2,6,0;45,8,0,4,4,0;-9,8,0,6,2,0 ## STEP 1 3 64 | 4,0,8,0,8,0;-8,0,8,2,6,0;5,0,8,4,4,0;-1,0,8,6,2,0;304,2,6,0,8,0;-608,2,6,2,6,0;348,2,6,4,4,0;-44,2,6,6,2,0;1,2,6,8,0,0;120,4,4,0,8,0;-240,4,4,2,6,0;182,4,4,4,4,0;-62,4,4,6,2,0;2,4,4,8,0,0;-144,6,2,0,8,0;288,6,2,2,6,0;-180,6,2,4,4,0;36,6,2,6,2,0;1,6,2,8,0,0;36,8,0,0,8,0;-72,8,0,2,6,0;45,8,0,4,4,0;-9,8,0,6,2,0 | 36,0,8,0,4,0;-36,0,8,2,2,0;9,0,8,4,0,0;-368,2,6,0,4,0;368,2,6,2,2,0;-108,2,6,4,0,0;1240,4,4,0,4,0;-1240,4,4,2,2,0;342,4,4,4,0,0;-368,6,2,0,4,0;368,6,2,2,2,0;-108,6,2,4,0,0;36,8,0,0,4,0;-36,8,0,2,2,0;9,8,0,4,0,0 | 5184,0,24,0,4,0;-5184,0,24,2,2,0;288000,2,22,0,4,0;-288000,2,22,2,2,0;-39168,2,22,4,0,0;-7000448,4,20,0,4,0;7000448,4,20,2,2,0;1036288,4,20,4,0,0;61187328,6,18,0,4,0;-61187328,6,18,2,2,0;-9980672,6,18,4,0,0;-247426624,8,16,0,4,0;247426624,8,16,2,2,0;45895680,8,16,4,0,0;400792064,10,14,0,4,0;-400792064,10,14,2,2,0;-98621952,10,14,4,0,0;76051200,12,12,0,4,0;-76051200,12,12,2,2,0;86700032,12,12,4,0,0;-339090944,14,10,0,4,0;339090944,14,10,2,2,0;-26949120,14,10,4,0,0;219347904,16,8,0,4,0;-219347904,16,8,2,2,0;880640,16,8,4,0,0;-68951808,18,6,0,4,0;68951808,18,6,2,2,0;1352448,18,6,4,0,0;12060288,20,4,0,4,0;-12060288,20,4,2,2,0;-294912,20,4,4,0,0;-1140480,22,2,0,4,0;1140480,22,2,2,2,0;20736,22,2,4,0,0;46656,24,0,0,4,0;-46656,24,0,2,2,0 | 6237,2,30,8,0,0;-232722,4,28,8,0,0;3621447,6,26,8,0,0;-30655988,8,24,8,0,0;152953205,10,22,8,0,0;-451794542,12,20,8,0,0;752137879,14,18,8,0,0;-650387800,16,16,8,0,0;301658575,18,14,8,0,0;-70985678,20,12,8,0,0;4095149,22,10,8,0,0;2013580,24,8,8,0,0;-538785,26,6,8,0,0;55566,28,4,8,0,0;-2187,30,2,8,0,0 || END 6237,2,30,8,0,0;-232722,4,28,8,0,0;3621447,6,26,8,0,0;-30655988,8,24,8,0,0;152953205,10,22,8,0,0;-451794542,12,20,8,0,0;752137879,14,18,8,0,0;-650387800,16,16,8,0,0;301658575,18,14,8,0,0;-70985678,20,12,8,0,0;4095149,22,10,8,0,0;2013580,24,8,8,0,0;-538785,26,6,8,0,0;55566,28,4,8,0,0;-2187,30,2,8,0,0
CORES 2,0,4,0,2;1,0,4,2,0;1,4,0,0,2;2,4,0,2,0 | re | -1,0,4,2,2;1,0,4,4,0;2,1,3,4,0;-2,3,1,0,4;-1,4,0,0,4;1,4,0,2,2 | im || LEAF 5 || STEP 0 1 2 | -6,0,4,0,0,2;6,0,4,0,2,0;16,1,3,0,1,1;36,2,2,0,0,2;-36,2,2,0,2,0;-16,3,1,0,1,1;-6,4,0,0,0,2;6,4,0,0,2,0 | 1,0,0,0,0,2;1,0,0,0,2,0;-1,0,0,2,0,0 | -6,0,4,0,0,0;36,2,2,0,0,0;-6,4,0,0,0,0 | 6,0,4,0,2,0;-3,0,4,2,0,0;8,1,3,0,1,1;-36,2,2,0,2,0;18,2,2,2,0,0;-8,3,1,0,1,1;6,4,0,0,2,0;-3,4,0,2,0,0 ## STEP 0 2 1 | 1,0,0,0,0,2;1,0,0,0,2,0;-1,0,0,2,0,0 | 6,0,4,0,2,0;-3,0,4,2,0,0;8,1,3,0,1,1;-36,2,2,0,2,0;18,2,2,2,0,0;-8,3,1,0,1,1;6,4,0,0,2,0;-3,4,0,2,0,0 | -6,0,4,0,2,0;3,0,4,2,0,0;8,1,3,0,1,1;36,2,2,0,2,0;-18,2,2,2,0,0;-8,3,1,0,1,1;-6,4,0,0,2,0;3,4,0,2,0,0 | 36,0,8,0,4,0;-36,0,8,2,2,0;9,0,8,4,0,0;-368,2,6,0,4,0;368,2,6,2,2,0;-108,2,6,4,0,0;1240,4,4,0,4,0;-1240,4,4,2,2,0;342,4,4,4,0,0;-368,6,2,0,4,0;368,6,2,2,2,0;-108,6,2,4,0,0;36,8,0,0,4,0;-36,8,0,2,2,0;9,8,0,4,0,0 ## STEP 0 3 8 | 8,0,4,0,1,3;-8,0,4,0,3,1;-8,1,3,0,0,4;-16,1,3,0,2,2;-8,1,3,0,4,0;48,2,2,0,1,3;-48,2,2,0,3,1;-8,3,1,0,0,4;112,3,1,0,2,2;-8,3,1,0,4,0;-24,4,0,0,1,3;24,4,0,0,3,1 | 1,0,0,0,0,2;1,0,0,0,2,0;-1,0,0,2,0,0 | 8,0,4,0,1,1;-8,1,3,0,0,2;-8,1,3,0,2,0;-8,1,3,2,0,0;48,2,2,0,1,1;-8,3,1,0,0,2;120,3,1,0,2,0;-8,3,1,2,0,0;-24,4,0,0,1,1 | -2,0,4,0,3,1;1,0,4,2,1,1;-1,1,3,4,0,0;-12,2,2,0,3,1;6,2,2,2,1,1;-16,3,1,0,4,0;16,3,1,2,2,0;-1,3,1,4,0,0;6,4,0,0,3,1;-3,4,0,2,1,1 ## STEP 0 2 1 | 1,0,0,0,0,2;1,0,0,0,2,0;-1,0,0,2,0,0 | -2,0,4,0,3,1;1,0,4,2,1,1;-1,1,3,4,0,0;-12,2,2,0,3,1;6,2,2,2,1,1;-16,3,1,0,4,0;16,3,1,2,2,0;-1,3,1,4,0,0;6,4,0,0,3,1;-3,4,0,2,1,1 | -2,0,4,0,3,1;1,0,4,2,1,1;1,1,3,4,0,0;-12,2,2,0,3,1;6,2,2,2,1,1;16,3,1,0,4,0;-16,3,1,2,2,0;1,3,1,4,0,0;6,4,0,0,3,1;-3,4,0,2,1,1 | 4,0,8,0,8,0;-8,0,8,2,6,0;5,0,8,4,4,0;-1,0,8,6,2,0;48,2,6,0,8,0;-96,2,6,2,6,0;60,2,6,4,4,0;-12,2,6,6,2,0;1,2,6,8,0,0;120,4,4,0,8,0;-240,4,4,2,6,0;182,4,4,4,4,0;-62,4,4,6,2,0;2,4,4,8,0,0;112,6,2,0,8,0;-224,6,2,2,6,0;108,6,2,4,4,0;4,6,2,6,2,0;1,6,2,8,0,0;36,8,0,0,8,0;-72,8,0,2,6,0;45,8,0,4,4,0;-9,8,0,6,2,0 ## STEP 1 3 64 | 4,0,8,0,8,0;-8,0,8,2,6,0;5,0,8,4,4,0;-1,0,8,6,2,0;48,2,6,0,8,0;-96,2,6,2,6,0;60,2,6,4,4,0;-12,2,6,6,2,0;1,2,6,8,0,0;120,4,4,0,8,0;-240,4,4,2,6,0;182,4,4,4,4,0;-62,4,4,6,2,0;2,4,4,8,0,0;112,6,2,0,8,0;-224,6,2,2,6,0;108,6,2,4,4,0;4,6,2,6,2,0;1,6,2,8,0,0;36,8,0,0,8,0;-72,8,0,2,6,0;45,8,0,4,4,0;-9,8,0,6,2,0 | 36,0,8,0,4,0;-36,0,8,2,2,0;9,0,8,4,0,0;-368,2,6,0,4,0;368,2,6,2,2,0;-108,2,6,4,0,0;1240,4,4,0,4,0;-1240,4,4,2,2,0;342,4,4,4,0,0;-368,6,2,0,4,0;368,6,2,2,2,0;-108,6,2,4,0,0;36,8,0,0,4,0;-36,8,0,2,2,0;9,8,0,4,0,0 | 5184,0,24,0,4,0;-5184,0,24,2,2,0;-43776,2,22,0,4,0;43776,2,22,2,2,0;2304,2,22,4,0,0;-217472,4,20,0,4,0;217472,4,20,2,2,0;40960,4,20,4,0,0;3994880,6,18,0,4,0;-3994880,6,18,2,2,0;-1029376,6,18,4,0,0;-13790784,8,16,0,4,0;13790784,8,16,2,2,0;8597504,8,16,4,0,0;-5309952,10,14,0,4,0;5309952,10,14,2,2,0;-36488704,10,14,4,0,0;76051200,12,12,0,4,0;-76051200,12,12,2,2,0;86700032,12,12,4,0,0;67011072,14,10,0,4,0;-67011072,14,10,2,2,0;-89082368,14,10,4,0,0;-14287936,16,8,0,4,0;14287936,16,8,2,2,0;38178816,16,8,4,0,0;-11759360,18,6,0,4,0;11759360,18,6,2,2,0;-7598848,18,6,4,0,0;5277312,20,4,0,4,0;-5277312,20,4,2,2,0;700416,20,4,4,0,0;-808704,22,2,0,4,0;808704,22,2,2,2,0;-20736,22,2,4,0,0;46656,24,0,0,4,0;-46656,24,0,2,2,0 | 405,2,30,8,0,0;-22770,4,28,8,0,0;461439,6,26,8,0,0;-4916852,8,24,8,0,0;31756109,10,22,8,0,0;-132387278,12,20,8,0,0;364651375,14,18,8,0,0;-650387800,16,16,8,0,0;689145079,18,14,8,0,0;-390392942,20,12,8,0,0;125292245,22,10,8,0,0;-23725556,24,8,8,0,0;2621223,26,6,8,0,0;-154386,28,4,8,0,0;3645,30,2,8,0,0 || END 405,2,30,8,0,0;-22770,4,28,8,0,0;461439,6,26,8,0,0;-4916852,8,24,8,0,0;31756109,10,22,8,0,0;-132387278,12,20,8,0,0;364651375,14,18,8,0,0;-650387800,16,16,8,0,0;689145079,18,14,8,0,0;-390392942,20,12,8,0,0;125292245,22,10,8,0,0;-23725556,24,8,8,0,0;2621223,26,6,8,0,0;-154386,28,4,8,0,0;3645,30,2,8,0,0
CORES -1,0,4,0,4;-1,0,4,4,0;2,1,3,4,0;-2,3,1,0,4;1,4,0,0,4;1,4,0,4,0 | im | 1,0,4,0,2;1,0,4,2,0;-2,2,2,1,1;1,4,0,0,2;1,4,0,2,0 | re || LEAF 4 || STEP 0 3 8 | 16,0,4,0,1,3;-16,0,4,0,3,1;-24,1,3,0,0,4;144,1,3,0,2,2;-24,1,3,0,4,0;8,3,1,0,0,4;-48,3,1,0,2,2;8,3,1,0,4,0;-16,4,0,0,1,3;16,4,0,0,3,1 | 1,0,0,0,0,2;1,0,0,0,2,0;-1,0,0,2,0,0 | 16,0,4,0,1,1;-24,1,3,0,0,2;168,1,3,0,2,0;-24,1,3,2,0,0;8,3,1,0,0,2;-56,3,1,0,2,0;8,3,1,2,0,0;-16,4,0,0,1,1 | -4,0,4,0,3,1;2,0,4,2,1,1;-24,1,3,0,4,0;24,1,3,2,2,0;-3,1,3,4,0,0;8,3,1,0,4,0;-8,3,1,2,2,0;1,3,1,4,0,0;4,4,0,0,3,1;-2,4,0,2,1,1 ## STEP 0 2 1 | 1,0,0,0,0,2;1,0,0,0,2,0;-1,0,0,2,0,0 | -4,0,4,0,3,1;2,0,4,2,1,1;-24,1,3,0,4,0;24,1,3,2,2,0;-3,1,3,4,0,0;8,3,1,0,4,0;-8,3,1,2,2,0;1,3,1,4,0,0;4,4,0,0,3,1;-2,4,0,2,1,1 | -4,0,4,0,3,1;2,0,4,2,1,1;24,1,3,0,4,0;-24,1,3,2,2,0;3,1,3,4,0,0;-8,3,1,0,4,0;8,3,1,2,2,0;-1,3,1,4,0,0;4,4,0,0,3,1;-2,4,0,2,1,1 | 16,0,8,0,8,0;-32,0,8,2,6,0;20,0,8,4,4,0;-4,0,8,6,2,0;576,2,6,0,8,0;-1152,2,6,2,6,0;720,2,6,4,4,0;-144,2,6,6,2,0;9,2,6,8,0,0;-416,4,4,0,8,0;832,4,4,2,6,0;-520,4,4,4,4,0;104,4,4,6,2,0;-6,4,4,8,0,0;64,6,2,0,8,0;-128,6,2,2,6,0;80,6,2,4,4,0;-16,6,2,6,2,0;1,6,2,8,0,0;16,8,0,0,8,0;-32,8,0,2,6,0;20,8,0,4,4,0;-4,8,0,6,2,0 ## STEP 0 1 2 | -6,0,4,0,0,2;2,0,4,0,2,0;20,2,2,0,0,2;-28,2,2,0,2,0;-6,4,0,0,0,2;2,4,0,0,2,0 | 1,0,0,0,0,2;1,0,0,0,2,0;-1,0,0,2,0,0 | -6,0,4,0,0,0;20,2,2,0,0,0;-6,4,0,0,0,0 | 4,0,4,0,2,0;-3,0,4,2,0,0;-24,2,2,0,2,0;10,2,2,2,0,0;4,4,0,0,2,0;-3,4,0,2,0,0 ## STEP 1 4 16 | 16,0,8,0,8,0;-32,0,8,2,6,0;20,0,8,4,4,0;-4,0,8,6,2,0;576,2,6,0,8,0;-1152,2,6,2,6,0;720,2,6,4,4,0;-144,2,6,6,2,0;9,2,6,8,0,0;-416,4,4,0,8,0;832,4,4,2,6,0;-520,4,4,4,4,0;104,4,4,6,2,0;-6,4,4,8,0,0;64,6,2,0,8,0;-128,6,2,2,6,0;80,6,2,4,4,0;-16,6,2,6,2,0;1,6,2,8,0,0;16,8,0,0,8,0;-32,8,0,2,6,0;20,8,0,4,4,0;-4,8,0,6,2,0 | 4,0,4,0,2,0;-3,0,4,2,0,0;-24,2,2,0,2,0;10,2,2,2,0,0;4,4,0,0,2,0;-3,4,0,2,0,0 | 1024,0,20,0,6,0;-1280,0,20,2,4,0;320,0,20,4,2,0;-16,0,20,6,0,0;18432,2,18,0,6,0;-20992,2,18,2,4,0;4736,2,18,4,2,0;-416,2,18,6,0,0;-576512,4,16,0,6,0;769792,4,16,2,4,0;-200640,4,16,4,2,0;6960,4,16,6,0,0;4317184,6,14,0,6,0;-6256640,6,14,2,4,0;1902080,6,14,4,2,0;25216,6,14,6,0,0;-12204032,8,12,0,6,0;18679296,8,12,2,4,0;-6513024,8,12,4,2,0;24800,8,12,6,0,0;11218944,10,10,0,6,0;-17026048,10,10,2,4,0;5809920,10,10,4,2,0;64,10,10,6,0,0;-4536320,12,8,0,6,0;6669824,12,8,2,4,0;-2118016,12,8,4,2,0;-8992,12,8,6,0,0;712704,14,6,0,6,0;-964608,14,6,2,4,0;251392,14,6,4,2,0;-384,14,6,6,0,0;13312,16,4,0,6,0;-33024,16,4,2,4,0;16448,16,4,4,2,0;1840,16,4,6,0,0;-14336,18,2,0,6,0;19968,18,2,2,4,0;-5504,18,2,4,2,0;96,18,2,6,0,0;1024,20,0,0,6,0;-1280,20,0,2,4,0;320,20,0,4,2,0;-16,20,0,6,0,0 | -3,0,24,8,0,0;76,2,22,8,0,0;-1990,4,20,8,0,0;34300,6,18,8,0,0;-166093,8,16,8,0,0;332312,10,14,8,0,0;-313300,12,12,8,0,0;154840,14,10,8,0,0;-40653,16,8,8,0,0;4764,18,6,8,0,0;-198,20,4,8,0,0;44,22,2,8,0,0;-3,24,0,8,0,0 || END -3,0,24,8,0,0;76,2,22,8,0,0;-1990,4,20,8,0,0;34300,6,18,8,0,0;-166093,8,16,8,0,0;332312,10,14,8,0,0;-313300,12,12,8,0,0;154840,14,10,8,0,0;-40653,16,8,8,0,0;4764,18,6,8,0,0;-198,20,4,8,0,0;44,22,2,8,0,0;-3,24,0,8,0,0
CORES 2,0,4,0,1;-1,0,4,1,0;1,4,0,0,1;-2,4,0,1,0 | im | 1,0,4,1,1;1,0,4,2,0;2,1,3,2,0;-2,3,1,0,2;-1,4,0,0,2;-1,4,0,1,1 | im || LEAF 4 || STEP 0 2 4 | 1,0,0,0,0,2;1,0,0,0,2,0;-1,0,0,2,0,0 | -6,0,4,0,0,1;8,1,3,0,1,0;36,2,2,0,0,1;-8,3,1,0,1,0;-6,4,0,0,0,1 | -6,0,4,0,0,1;-8,1,3,0,1,0;36,2,2,0,0,1;8,3,1,0,1,0;-6,4,0,0,0,1 | 9,0,8,0,2,0;-9,0,8,2,0,0;-92,2,6,0,2,0;108,2,6,2,0,0;310,4,4,0,2,0;-342,4,4,2,0,0;-92,6,2,0,2,0;108,6,2,2,0,0;9,8,0,0,2,0;-9,8,0,2,0,0 ## STEP 0 1 4 | -4,0,4,0,1,1;8,1,3,0,0,2;8,1,3,0,2,0;-24,2,2,0,1,1;8,3,1,0,0,2;-24,3,1,0,2,0;12,4,0,0,1,1 | 1,0,0,0,0,2;1,0,0,0,2,0;-1,0,0,2,0,0 | 8,1,3,0,0,0;8,3,1,0,0,0 | -1,0,4,0,1,1;2,1,3,2,0,0;-6,2,2,0,1,1;-8,3,1,0,2,0;2,3,1,2,0,0;3,4,0,0,1,1 ## STEP 0 2 1 | 1,0,0,0,0,2;1,0,0,0,2,0;-1,0,0,2,0,0 | -1,0,4,0,1,1;2,1,3,2,0,0;-6,2,2,0,1,1;-8,3,1,0,2,0;2,3,1,2,0,0;3,4,0,0,1,1 | -1,0,4,0,1,1;-2,1,3,2,0,0;-6,2,2,0,1,1;8,3,1,0,2,0;-2,3,1,2,0,0;3,4,0,0,1,1 | 1,0,8,0,4,0;-1,0,8,2,2,0;12,2,6,0,4,0;-12,2,6,2,2,0;4,2,6,4,0,0;30,4,4,0,4,0;-62,4,4,2,2,0;8,4,4,4,0,0;28,6,2,0,4,0;4,6,2,2,2,0;4,6,2,4,0,0;9,8,0,0,4,0;-9,8,0,2,2,0 ## STEP 1 2 4 | 1,0,8,0,4,0;-1,0,8,2,2,0;12,2,6,0,4,0;-12,2,6,2,2,0;4,2,6,4,0,0;30,4,4,0,4,0;-62,4,4,2,2,0;8,4,4,4,0,0;28,6,2,0,4,0;4,6,2,2,2,0;4,6,2,4,0,0;9,8,0,0,4,0;-9,8,0,2,2,0 | 9,0,8,0,2,0;-9,0,8,2,0,0;-92,2,6,0,2,0;108,2,6,2,0,0;310,4,4,0,2,0;-342,4,4,2,0,0;-92,6,2,0,2,0;108,6,2,2,0,0;9,8,0,0,2,0;-9,8,0,2,0,0 | 9,0,16,0,2,0;16,2,14,0,2,0;-16,2,14,2,0,0;-524,4,12,0,2,0;-448,4,12,2,0,0;1120,6,10,0,2,0;3120,6,10,2,0,0;5710,8,8,0,2,0;-12544,8,8,2,0,0;5200,10,6,0,2,0;13136,10,6,2,0,0;484,12,4,0,2,0;-3392,12,4,2,0,0;-576,14,2,0,2,0;144,14,2,2,0,0;81,16,0,0,2,0 | 45,2,22,4,0,0;-2070,4,20,4,0,0;28561,6,18,4,0,0;-182600,8,16,4,0,0;656906,10,14,4,0,0;-1411076,12,12,4,0,0;1570586,14,10,4,0,0;-709064,16,8,4,0,0;144265,18,6,4,0,0;-13014,20,4,4,0,0;405,22,2,4,0,0 || END 45,2,22,4,0,0;-2070,4,20,4,0,0;28561,6,18,4,0,0;-182600,8,16,4,0,0;656906,10,14,4,0,0;-1411076,12,12,4,0,0;1570586,14,10,4,0,0;-709064,16,8,4,0,0;144265,18,6,4,0,0;-13014,20,4,4,0,0;405,22,2,4,0,0
CORES -1,0,4,0,2;2,0,4,2,0;-2,4,0,0,2;1,4,0,2,0 | im | -1,0,4,0,4;-1,0,4,2,2;2,1,3,4,0;-2,3,1,0,4;1,4,0,2,2;1,4,0,4,0 | im || LEAF 5 || STEP 0 1 4 | 12,0,4,0,1,1;-8,1,3,0,0,2;8,1,3,0,2,0;-72,2,2,0,1,1;8,3,1,0,0,2;-8,3,1,0,2,0;12,4,0,0,1,1 | 1,0,0,0,0,2;1,0,0,0,2,0;-1,0,0,2,0,0 | -8,1,3,0,0,0;8,3,1,0,0,0 | 3,0,4,0,1,1;4,1,3,0,2,0;-2,1,3,2,0,0;-18,2,2,0,1,1;-4,3,1,0,2,0;2,3,1,2,0,0;3,4,0,0,1,1 ## STEP 0 2 1 | 1,0,0,0,0,2;1,0,0,0,2,0;-1,0,0,2,0,0 | 3,0,4,0,1,1;4,1,3,0,2,0;-2,1,3,2,0,0;-18,2,2,0,1,1;-4,3,1,0,2,0;2,3,1,2,0,0;3,4,0,0,1,1 | 3,0,4,0,1,1;-4,1,3,0,2,0;2,1,3,2,0,0;-18,2,2,0,1,1;4,3,1,0,2,0;-2,3,1,2,0,0;3,4,0,0,1,1 | 9,0,8,0,4,0;-9,0,8,2,2,0;-92,2,6,0,4,0;92,2,6,2,2,0;4,2,6,4,0,0;310,4,4,0,4,0;-310,4,4,2,2,0;-8,4,4,4,0,0;-92,6,2,0,4,0;92,6,2,2,2,0;4,6,2,4,0,0;9,8,0,0,4,0;-9,8,0,2,2,0 ## STEP 0 3 8 | 8,0,4,0,1,3;-8,0,4,0,3,1;-24,1,3,0,0,4;80,1,3,0,2,2;-24,1,3,0,4,0;48,2,2,0,1,3;-48,2,2,0,3,1;8,3,1,0,0,4;16,3,1,0,2,2;8,3,1,0,4,0;-24,4,0,0,1,3;24,4,0,0,3,1 | 1,0,0,0,0,2;1,0,0,0,2,0;-1,0,0,2,0,0 | 8,0,4,0,1,1;-24,1,3,0,0,2;104,1,3,0,2,0;-24,1,3,2,0,0;48,2,2,0,1,1;8,3,1,0,0,2;8,3,1,0,2,0;8,3,1,2,0,0;-24,4,0,0,1,1 | -2,0,4,0,3,1;1,0,4,2,1,1;-16,1,3,0,4,0;16,1,3,2,2,0;-3,1,3,4,0,0;-12,2,2,0,3,1;6,2,2,2,1,1;1,3,1,4,0,0;6,4,0,0,3,1;-3,4,0,2,1,1 ## STEP 0 2 1 | 1,0,0,0,0,2;1,0,0,0,2,0;-1,0,0,2,0,0 | -2,0,4,0,3,1;1,0,4,2,1,1;-16,1,3,0,4,0;16,1,3,2,2,0;-3,1,3,4,0,0;-12,2,2,0,3,1;6,2,2,2,1,1;1,3,1,4,0,0;6,4,0,0,3,1;-3,4,0,2,1,1 | -2,0,4,0,3,1;1,0,4,2,1,1;16,1,3,0,4,0;-16,1,3,2,2,0;3,1,3,4,0,0;-12,2,2,0,3,1;6,2,2,2,1,1;-1,3,1,4,0,0;6,4,0,0,3,1;-3,4,0,2,1,1 | 4,0,8,0,8,0;-8,0,8,2,6,0;5,0,8,4,4,0;-1,0,8,6,2,0;304,2,6,0,8,0;-608,2,6,2,6,0;412,2,6,4,4,0;-108,2,6,6,2,0;9,2,6,8,0,0;120,4,4,0,8,0;-240,4,4,2,6,0;118,4,4,4,4,0;2,4,4,6,2,0;-6,4,4,8,0,0;-144,6,2,0,8,0;288,6,2,2,6,0;-180,6,2,4,4,0;36,6,2,6,2,0;1,6,2,8,0,0;36,8,0,0,8,0;-72,8,0,2,6,0;45,8,0,4,4,0;-9,8,0,6,2,0 ## STEP 1 3 1 | 4,0,8,0,8,0;-8,0,8,2,6,0;5,0,8,4,4,0;-1,0,8,6,2,0;304,2,6,0,8,0;-608,2,6,2,6,0;412,2,6,4,4,0;-108,2,6,6,2,0;9,2,6,8,0,0;120,4,4,0,8,0;-240,4,4,2,6,0;118,4,4,4,4,0;2,4,4,6,2,0;-6,4,4,8,0,0;-144,6,2,0,8,0;288,6,2,2,6,0;-180,6,2,4,4,0;36,6,2,6,2,0;1,6,2,8,0,0;36,8,0,0,8,0;-72,8,0,2,6,0;45,8,0,4,4,0;-9,8,0,6,2,0 | 9,0,8,0,4,0;-9,0,8,2,2,0;-92,2,6,0,4,0;92,2,6,2,2,0;4,2,6,4,0,0;310,4,4,0,4,0;-310,4,4,2,2,0;-8,4,4,4,0,0;-92,6,2,0,4,0;92,6,2,2,2,0;4,6,2,4,0,0;9,8,0,0,4,0;-9,8,0,2,2,0 | 324,0,24,0,4,0;-324,0,24,2,2,0;81,0,24,4,0,0;18000,2,22,0,4,0;-18000,2,22,2,2,0;6948,2,22,4,0,0;-437528,4,20,0,4,0;437528,4,20,2,2,0;-174150,4,20,4,0,0;3824208,6,18,0,4,0;-3824208,6,18,2,2,0;1579844,6,18,4,0,0;-15464164,8,16,0,4,0;15464164,8,16,2,2,0;-6734521,8,16,4,0,0;25049504,10,14,0,4,0;-25049504,10,14,2,2,0;12426248,10,14,4,0,0;4753200,12,12,0,4,0;-4753200,12,12,2,2,0;-4230452,12,12,4,0,0;-21193184,14,10,0,4,0;21193184,14,10,2,2,0;-3613976,14,10,4,0,0;13709244,16,8,0,4,0;-13709244,16,8,2,2,0;3372271,16,8,4,0,0;-4309488,18,6,0,4,0;4309488,18,6,2,2,0;-1161900,18,6,4,0,0;753768,20,4,0,4,0;-753768,20,4,2,2,0;206874,20,4,4,0,0;-71280,22,2,0,4,0;71280,22,2,2,2,0;-19116,22,2,4,0,0;2916,24,0,0,4,0;-2916,24,0,2,2,0;729,24,0,4,0,0 | 6237,2,30,8,0,0;-232722,4,28,8,0,0;3621447,6,26,8,0,0;-30655988,8,24,8,0,0;152953205,10,22,8,0,0;-451794542,12,20,8,0,0;752137879,14,18,8,0,0;-650387800,16,16,8,0,0;301658575,18,14,8,0,0;-70985678,20,12,8,0,0;4095149,22,10,8,0,0;2013580,24,8,8,0,0;-538785,26,6,8,0,0;55566,28,4,8,0,0;-2187,30,2,8,0,0 || END 6237,2,30,8,0,0;-232722,4,28,8,0,0;3621447,6,26,8,0,0;-30655988,8,24,8,0,0;152953205,10,22,8,0,0;-451794542,12,20,8,0,0;752137879,14,18,8,0,0;-650387800,16,16,8,0,0;301658575,18,14,8,0,0;-70985678,20,12,8,0,0;4095149,22,10,8,0,0;2013580,24,8,8,0,0;-538785,26,6,8,0,0;55566,28,4,8,0,0;-2187,30,2,8,0,0
CORES -1,0,4,0,1;2,0,4,1,0;-2,4,0,0,1;1,4,0,1,0 | im | -1,0,4,0,2;-1,0,4,1,1;2,1,3,2,0;-2,3,1,0,2;1,4,0,1,1;1,4,0,2,0 | im || LEAF 4 || STEP 0 2 4 | 1,0,0,0,0,2;1,0,0,0,2,0;-1,0,0,2,0,0 | 6,0,4,0,0,1;8,1,3,0,1,0;-36,2,2,0,0,1;-8,3,1,0,1,0;6,4,0,0,0,1 | 6,0,4,0,0,1;-8,1,3,0,1,0;-36,2,2,0,0,1;8,3,1,0,1,0;6,4,0,0,0,1 | 9,0,8,0,2,0;-9,0,8,2,0,0;-92,2,6,0,2,0;108,2,6,2,0,0;310,4,4,0,2,0;-342,4,4,2,0,0;-92,6,2,0,2,0;108,6,2,2,0,0;9,8,0,0,2,0;-9,8,0,2,0,0 ## STEP 0 1 4 | -4,0,4,0,1,1;8,1,3,0,0,2;-24,1,3,0,2,0;-24,2,2,0,1,1;8,3,1,0,0,2;8,3,1,0,2,0;12,4,0,0,1,1 | 1,0,0,0,0,2;1,0,0,0,2,0;-1,0,0,2,0,0 | 8,1,3,0,0,0;8,3,1,0,0,0 | -1,0,4,0,1,1;-8,1,3,0,2,0;2,1,3,2,0,0;-6,2,2,0,1,1;2,3,1,2,0,0;3,4,0,0,1,1 ## STEP 0 2 1 | 1,0,0,0,0,2;1,0,0,0,2,0;-1,0,0,2,0,0 | -1,0,4,0,1,1;-8,1,3,0,2,0;2,1,3,2,0,0;-6,2,2,0,1,1;2,3,1,2,0,0;3,4,0,0,1,1 | -1,0,4,0,1,1;8,1,3,0,2,0;-2,1,3,2,0,0;-6,2,2,0,1,1;-2,3,1,2,0,0;3,4,0,0,1,1 | 1,0,8,0,4,0;-1,0,8,2,2,0;76,2,6,0,4,0;-44,2,6,2,2,0;4,2,6,4,0,0;30,4,4,0,4,0;-62,4,4,2,2,0;8,4,4,4,0,0;-36,6,2,0,4,0;36,6,2,2,2,0;4,6,2,4,0,0;9,8,0,0,4,0;-9,8,0,2,2,0 ## STEP 1 2 4 | 1,0,8,0,4,0;-1,0,8,2,2,0;76,2,6,0,4,0;-44,2,6,2,2,0;4,2,6,4,0,0;30,4,4,0,4,0;-62,4,4,2,2,0;8,4,4,4,0,0;-36,6,2,0,4,0;36,6,2,2,2,0;4,6,2,4,0,0;9,8,0,0,4,0;-9,8,0,2,2,0 | 9,0,8,0,2,0;-9,0,8,2,0,0;-92,2,6,0,2,0;108,2,6,2,0,0;310,4,4,0,2,0;-342,4,4,2,0,0;-92,6,2,0,2,0;108,6,2,2,0,0;9,8,0,0,2,0;-9,8,0,2,0,0 | 9,0,16,0,2,0;592,2,14,0,2,0;272,2,14,2,0,0;-6412,4,12,0,2,0;-4416,4,12,2,0,0;20384,6,10,0,2,0;14800,6,10,2,0,0;5710,8,8,0,2,0;-12544,8,8,2,0,0;-14064,10,6,0,2,0;1456,10,6,2,0,0;6372,12,4,0,2,0;576,12,4,2,0,0;-1152,14,2,0,2,0;-144,14,2,2,0,0;81,16,0,0,2,0 | 693,2,22,4,0,0;-18774,4,20,4,0,0;186601,6,18,4,0,0;-845000,8,16,4,0,0;1737050,10,14,4,0,0;-1411076,12,12,4,0,0;490442,14,10,4,0,0;-46664,16,8,4,0,0;-13775,18,6,4,0,0;3690,20,4,4,0,0;-243,22,2,4,0,0 || END 693,2,22,4,0,0;-18774,4,20,4,0,0;186601,6,18,4,0,0;-845000,8,16,4,0,0;1737050,10,14,4,0,0;-1411076,12,12,4,0,0;490442,14,10,4,0,0;-46664,16,8,4,0,0;-13775,18,6,4,0,0;3690,20,4,4,0,0;-243,22,2,4,0,0
CORES 1,0,4,0,2;-1,0,4,1,1;2,1,3,0,2;-2,3,1,2,0;1,4,0,1,1;-1,4,0,2,0 | im | -1,0,4,0,1;-2,0,4,1,0;-2,4,0,0,1;-1,4,0,1,0 | re || LEAF 4 || STEP 0 1 4 | 4,0,4,0,1,1;-8,1,3,0,0,2;-8,1,3,0,2,0;24,2,2,0,1,1;24,3,1,0,0,2;-8,3,1,0,2,0;-12,4,0,0,1,1 | 1,0,0,0,0,2;1,0,0,0,2,0;-1,0,0,2,0,0 | -8,1,3,0,0,0;24,3,1,0,0,0 | 1,0,4,0,1,1;-2,1,3,2,0,0;6,2,2,0,1,1;-8,3,1,0,2,0;6,3,1,2,0,0;-3,4,0,0,1,1 ## STEP 0 2 1 | 1,0,0,0,0,2;1,0,0,0,2,0;-1,0,0,2,0,0 | 1,0,4,0,1,1;-2,1,3,2,0,0;6,2,2,0,1,1;-8,3,1,0,2,0;6,3,1,2,0,0;-3,4,0,0,1,1 | 1,0,4,0,1,1;2,1,3,2,0,0;6,2,2,0,1,1;8,3,1,0,2,0;-6,3,1,2,0,0;-3,4,0,0,1,1 | 1,0,8,0,4,0;-1,0,8,2,2,0;12,2,6,0,4,0;-12,2,6,2,2,0;4,2,6,4,0,0;30,4,4,0,4,0;2,4,4,2,2,0;-24,4,4,4,0,0;28,6,2,0,4,0;-60,6,2,2,2,0;36,6,2,4,0,0;9,8,0,0,4,0;-9,8,0,2,2,0 ## STEP 0 2 4 | 1,0,0,0,0,2;1,0,0,0,2,0;-1,0,0,2,0,0 | -6,0,4,0,1,0;8,1,3,0,0,1;36,2,2,0,1,0;-8,3,1,0,0,1;-6,4,0,0,1,0 | 6,0,4,0,1,0;8,1,3,0,0,1;-36,2,2,0,1,0;-8,3,1,0,0,1;6,4,0,0,1,0 | 9,0,8,0,2,0;-92,2,6,0,2,0;-16,2,6,2,0,0;310,4,4,0,2,0;32,4,4,2,0,0;-92,6,2,0,2,0;-16,6,2,2,0,0;9,8,0,0,2,0 ## STEP 1 2 4 | 1,0,8,0,4,0;-1,0,8,2,2,0;12,2,6,0,4,0;-12,2,6,2,2,0;4,2,6,4,0,0;30,4,4,0,4,0;2,4,4,2,2,0;-24,4,4,4,0,0;28,6,2,0,4,0;-60,6,2,2,2,0;36,6,2,4,0,0;9,8,0,0,4,0;-9,8,0,2,2,0 | 9,0,8,0,2,0;-92,2,6,0,2,0;-16,2,6,2,0,0;310,4,4,0,2,0;32,4,4,2,0,0;-92,6,2,0,2,0;-16,6,2,2,0,0;9,8,0,0,2,0 | 9,0,16,0,2,0;-9,0,16,2,0,0;16,2,14,0,2,0;-524,4,12,0,2,0;972,4,12,2,0,0;1120,6,10,0,2,0;-4240,6,10,2,0,0;5710,8,8,0,2,0;6834,8,8,2,0,0;5200,10,6,0,2,0;-18336,10,6,2,0,0;484,12,4,0,2,0;2908,12,4,2,0,0;-576,14,2,0,2,0;432,14,2,2,0,0;81,16,0,0,2,0;-81,16,0,2,0,0 | 45,2,22,4,0,0;-2070,4,20,4,0,0;28561,6,18,4,0,0;-182600,8,16,4,0,0;656906,10,14,4,0,0;-1411076,12,12,4,0,0;1570586,14,10,4,0,0;-709064,16,8,4,0,0;144265,18,6,4,0,0;-13014,20,4,4,0,0;405,22,2,4,0,0 || END 45,2,22,4,0,0;-2070,4,20,4,0,0;28561,6,18,4,0,0;-182600,8,16,4,0,0;656906,10,14,4,0,0;-1411076,12,12,4,0,0;1570586,14,10,4,0,0;-709064,16,8,4,0,0;144265,18,6,4,0,0;-13014,20,4,4,0,0;405,22,2,4,0,0
CORES -1,0,4,0,4;-1,0,4,4,0;2,2,2,0,4;-2,2,2,4,0;1,4,0,0,4;1,4,0,4,0 | im | -1,0,4,0,2;-1,0,4,2,0;-2,2,2,1,1;-1,4,0,0,2;-1,4,0,2,0 | re || LEAF 4 || STEP 0 3 16 | 16,0,4,0,1,3;-16,0,4,0,3,1;-16,1,3,0,0,4;96,1,3,0,2,2;-16,1,3,0,4,0;32,2,2,0,1,3;-32,2,2,0,3,1;16,3,1,0,0,4;-96,3,1,0,2,2;16,3,1,0,4,0;16,4,0,0,1,3;-16,4,0,0,3,1 | 1,0,0,0,0,2;1,0,0,0,2,0;-1,0,0,2,0,0 | 16,0,4,0,1,1;-16,1,3,0,0,2;112,1,3,0,2,0;-16,1,3,2,0,0;32,2,2,0,1,1;16,3,1,0,0,2;-112,3,1,0,2,0;16,3,1,2,0,0;16,4,0,0,1,1 | -2,0,4,0,3,1;1,0,4,2,1,1;-8,1,3,0,4,0;8,1,3,2,2,0;-1,1,3,4,0,0;-4,2,2,0,3,1;2,2,2,2,1,1;8,3,1,0,4,0;-8,3,1,2,2,0;1,3,1,4,0,0;-2,4,0,0,3,1;1,4,0,2,1,1 ## STEP 0 2 1 | 1,0,0,0,0,2;1,0,0,0,2,0;-1,0,0,2,0,0 | -2,0,4,0,3,1;1,0,4,2,1,1;-8,1,3,0,4,0;8,1,3,2,2,0;-1,1,3,4,0,0;-4,2,2,0,3,1;2,2,2,2,1,1;8,3,1,0,4,0;-8,3,1,2,2,0;1,3,1,4,0,0;-2,4,0,0,3,1;1,4,0,2,1,1 | -2,0,4,0,3,1;1,0,4,2,1,1;8,1,3,0,4,0;-8,1,3,2,2,0;1,1,3,4,0,0;-4,2,2,0,3,1;2,2,2,2,1,1;-8,3,1,0,4,0;8,3,1,2,2,0;-1,3,1,4,0,0;-2,4,0,0,3,1;1,4,0,2,1,1 | 4,0,8,0,8,0;-8,0,8,2,6,0;5,0,8,4,4,0;-1,0,8,6,2,0;80,2,6,0,8,0;-160,2,6,2,6,0;100,2,6,4,4,0;-20,2,6,6,2,0;1,2,6,8,0,0;-104,4,4,0,8,0;208,4,4,2,6,0;-130,4,4,4,4,0;26,4,4,6,2,0;-2,4,4,8,0,0;80,6,2,0,8,0;-160,6,2,2,6,0;100,6,2,4,4,0;-20,6,2,6,2,0;1,6,2,8,0,0;4,8,0,0,8,0;-8,8,0,2,6,0;5,8,0,4,4,0;-1,8,0,6,2,0 ## STEP 0 1 2 | 2,0,4,0,0,2;-6,0,4,0,2,0;-28,2,2,0,0,2;20,2,2,0,2,0;2,4,0,0,0,2;-6,4,0,0,2,0 | 1,0,0,0,0,2;1,0,0,0,2,0;-1,0,0,2,0,0 | 2,0,4,0,0,0;-28,2,2,0,0,0;2,4,0,0,0,0 | -4,0,4,0,2,0;1,0,4,2,0,0;24,2,2,0,2,0;-14,2,2,2,0,0;-4,4,0,0,2,0;1,4,0,2,0,0 ## STEP 1 4 4 | 4,0,8,0,8,0;-8,0,8,2,6,0;5,0,8,4,4,0;-1,0,8,6,2,0;80,2,6,0,8,0;-160,2,6,2,6,0;100,2,6,4,4,0;-20,2,6,6,2,0;1,2,6,8,0,0;-104,4,4,0,8,0;208,4,4,2,6,0;-130,4,4,4,4,0;26,4,4,6,2,0;-2,4,4,8,0,0;80,6,2,0,8,0;-160,6,2,2,6,0;100,6,2,4,4,0;-20,6,2,6,2,0;1,6,2,8,0,0;4,8,0,0,8,0;-8,8,0,2,6,0;5,8,0,4,4,0;-1,8,0,6,2,0 | -4,0,4,0,2,0;1,0,4,2,0,0;24,2,2,0,2,0;-14,2,2,2,0,0;-4,4,0,0,2,0;1,4,0,2,0,0 | -256,0,20,0,6,0;448,0,20,2,4,0;-208,0,20,4,2,0;12,0,20,6,0,0;-512,2,18,0,6,0;1408,2,18,2,4,0;-1184,2,18,4,2,0;248,2,18,6,0,0;70400,4,16,0,6,0;-119104,4,16,2,4,0;50032,4,16,4,2,0;-228,4,16,6,0,0;-628736,6,14,0,6,0;983552,6,14,2,4,0;-350080,6,14,4,2,0;-1632,6,14,6,0,0;2092544,8,12,0,6,0;-3108992,8,12,2,4,0;1019232,8,12,4,2,0;-808,8,12,6,0,0;-2804736,10,10,0,6,0;4157696,10,10,2,4,0;-1353664,10,10,4,2,0;720,10,10,6,0,0;2092544,12,8,0,6,0;-3108992,12,8,2,4,0;1019232,12,8,4,2,0;-808,12,8,6,0,0;-628736,14,6,0,6,0;983552,14,6,2,4,0;-350080,14,6,4,2,0;-1632,14,6,6,0,0;70400,16,4,0,6,0;-119104,16,4,2,4,0;50032,16,4,4,2,0;-228,16,4,6,0,0;-512,18,2,0,6,0;1408,18,2,2,4,0;-1184,18,2,4,2,0;248,18,2,6,0,0;-256,20,0,0,6,0;448,20,0,2,4,0;-208,20,0,4,2,0;12,20,0,6,0,0 | -3,0,24,8,0,0;44,2,22,8,0,0;-742,4,20,8,0,0;16764,6,18,8,0,0;-95053,8,16,8,0,0;242264,10,14,8,0,0;-338836,12,12,8,0,0;242264,14,10,8,0,0;-95053,16,8,8,0,0;16764,18,6,8,0,0;-742,20,4,8,0,0;44,22,2,8,0,0;-3,24,0,8,0,0 || END -3,0,24,8,0,0;44,2,22,8,0,0;-742,4,20,8,0,0;16764,6,18,8,0,0;-95053,8,16,8,0,0;242264,10,14,8,0,0;-338836,12,12,8,0,0;242264,14,10,8,0,0;-95053,16,8,8,0,0;16764,18,6,8,0,0;-742,20,4,8,0,0;44,22,2,8,0,0;-3,24,0,8,0,0
CORES -1,0,4,0,2;-1,0,4,1,1;2,1,3,0,2;-2,3,1,2,0;1,4,0,1,1;1,4,0,2,0 | im | -1,0,4,0,1;2,0,4,1,0;-2,4,0,0,1;1,4,0,1,0 | im || LEAF 4 || STEP 0 1 4 | 12,0,4,0,1,1;8,1,3,0,0,2;-24,1,3,0,2,0;-24,2,2,0,1,1;8,3,1,0,0,2;8,3,1,0,2,0;-4,4,0,0,1,1 | 1,0,0,0,0,2;1,0,0,0,2,0;-1,0,0,2,0,0 | 8,1,3,0,0,0;8,3,1,0,0,0 | 3,0,4,0,1,1;-8,1,3,0,2,0;2,1,3,2,0,0;-6,2,2,0,1,1;2,3,1,2,0,0;-1,4,0,0,1,1 ## STEP 0 2 1 | 1,0,0,0,0,2;1,0,0,0,2,0;-1,0,0,2,0,0 | 3,0,4,0,1,1;-8,1,3,0,2,0;2,1,3,2,0,0;-6,2,2,0,1,1;2,3,1,2,0,0;-1,4,0,0,1,1 | 3,0,4,0,1,1;8,1,3,0,2,0;-2,1,3,2,0,0;-6,2,2,0,1,1;-2,3,1,2,0,0;-1,4,0,0,1,1 | 9,0,8,0,4,0;-9,0,8,2,2,0;28,2,6,0,4,0;4,2,6,2,2,0;4,2,6,4,0,0;30,4,4,0,4,0;-62,4,4,2,2,0;8,4,4,4,0,0;12,6,2,0,4,0;-12,6,2,2,2,0;4,6,2,4,0,0;1,8,0,0,4,0;-1,8,0,2,2,0 ## STEP 0 2 4 | 1,0,0,0,0,2;1,0,0,0,2,0;-1,0,0,2,0,0 | 6,0,4,0,0,1;8,1,3,0,1,0;-36,2,2,0,0,1;-8,3,1,0,1,0;6,4,0,0,0,1 | 6,0,4,0,0,1;-8,1,3,0,1,0;-36,2,2,0,0,1;8,3,1,0,1,0;6,4,0,0,0,1 | 9,0,8,0,2,0;-9,0,8,2,0,0;-92,2,6,0,2,0;108,2,6,2,0,0;310,4,4,0,2,0;-342,4,4,2,0,0;-92,6,2,0,2,0;108,6,2,2,0,0;9,8,0,0,2,0;-9,8,0,2,0,0 ## STEP 1 2 4 | 9,0,8,0,4,0;-9,0,8,2,2,0;28,2,6,0,4,0;4,2,6,2,2,0;4,2,6,4,0,0;30,4,4,0,4,0;-62,4,4,2,2,0;8,4,4,4,0,0;12,6,2,0,4,0;-12,6,2,2,2,0;4,6,2,4,0,0;1,8,0,0,4,0;-1,8,0,2,2,0 | 9,0,8,0,2,0;-9,0,8,2,0,0;-92,2,6,0,2,0;108,2,6,2,0,0;310,4,4,0,2,0;-342,4,4,2,0,0;-92,6,2,0,2,0;108,6,2,2,0,0;9,8,0,0,2,0;-9,8,0,2,0,0 | 81,0,16,0,2,0;-576,2,14,0,2,0;144,2,14,2,0,0;484,4,12,0,2,0;-3392,4,12,2,0,0;5200,6,10,0,2,0;13136,6,10,2,0,0;5710,8,8,0,2,0;-12544,8,8,2,0,0;1120,10,6,0,2,0;3120,10,6,2,0,0;-524,12,4,0,2,0;-448,12,4,2,0,0;16,14,2,0,2,0;-16,14,2,2,0,0;9,16,0,0,2,0 | 405,2,22,4,0,0;-13014,4,20,4,0,0;144265,6,18,4,0,0;-709064,8,16,4,0,0;1570586,10,14,4,0,0;-1411076,12,12,4,0,0;656906,14,10,4,0,0;-182600,16,8,4,0,0;28561,18,6,4,0,0;-2070,20,4,4,0,0;45,22,2,4,0,0 || END 405,2,22,4,0,0;-13014,4,20,4,0,0;144265,6,18,4,0,0;-709064,8,16,4,0,0;1570586,10,14,4,0,0;-1411076,12,12,4,0,0;656906,14,10,4,0,0;-182600,16,8,4,0,0;28561,18,6,4,0,0;-2070,20,4,4,0,0;45,22,2,4,0,0
CORES 1,0,4,2,2;-1,0,4,4,0;2,1,3,0,4;-2,3,1,4,0;1,4,0,0,4;-1,4,0,2,2 | im | 2,0,4,0,2;1,0,4,2,0;1,4,0,0,2;2,4,0,2,0 | re || LEAF 5 || STEP 0 3 8 | -8,0,4,0,1,3;8,0,4,0,3,1;-8,1,3,0,0,4;112,1,3,0,2,2;-8,1,3,0,4,0;-48,2,2,0,1,3;48,2,2,0,3,1;-8,3,1,0,0,4;-16,3,1,0,2,2;-8,3,1,0,4,0;24,4,0,0,1,3;-24,4,0,0,3,1 | 1,0,0,0,0,2;1,0,0,0,2,0;-1,0,0,2,0,0 | -8,0,4,0,1,1;-8,1,3,0,0,2;120,1,3,0,2,0;-8,1,3,2,0,0;-48,2,2,0,1,1;-8,3,1,0,0,2;-8,3,1,0,2,0;-8,3,1,2,0,0;24,4,0,0,1,1 | 2,0,4,0,3,1;-1,0,4,2,1,1;-16,1,3,0,4,0;16,1,3,2,2,0;-1,1,3,4,0,0;12,2,2,0,3,1;-6,2,2,2,1,1;-1,3,1,4,0,0;-6,4,0,0,3,1;3,4,0,2,1,1 ## STEP 0 2 1 | 1,0,0,0,0,2;1,0,0,0,2,0;-1,0,0,2,0,0 | 2,0,4,0,3,1;-1,0,4,2,1,1;-16,1,3,0,4,0;16,1,3,2,2,0;-1,1,3,4,0,0;12,2,2,0,3,1;-6,2,2,2,1,1;-1,3,1,4,0,0;-6,4,0,0,3,1;3,4,0,2,1,1 | 2,0,4,0,3,1;-1,0,4,2,1,1;16,1,3,0,4,0;-16,1,3,2,2,0;1,1,3,4,0,0;12,2,2,0,3,1;-6,2,2,2,1,1;1,3,1,4,0,0;-6,4,0,0,3,1;3,4,0,2,1,1 | 4,0,8,0,8,0;-8,0,8,2,6,0;5,0,8,4,4,0;-1,0,8,6,2,0;304,2,6,0,8,0;-608,2,6,2,6,0;348,2,6,4,4,0;-44,2,6,6,2,0;1,2,6,8,0,0;120,4,4,0,8,0;-240,4,4,2,6,0;182,4,4,4,4,0;-62,4,4,6,2,0;2,4,4,8,0,0;-144,6,2,0,8,0;288,6,2,2,6,0;-180,6,2,4,4,0;36,6,2,6,2,0;1,6,2,8,0,0;36,8,0,0,8,0;-72,8,0,2,6,0;45,8,0,4,4,0;-9,8,0,6,2,0 ## STEP 0 1 2 | -6,0,4,0,0,2;6,0,4,0,2,0;16,1,3,0,1,1;36,2,2,0,0,2;-36,2,2,0,2,0;-16,3,1,0,1,1;-6,4,0,0,0,2;6,4,0,0,2,0 | 1,0,0,0,0,2;1,0,0,0,2,0;-1,0,0,2,0,0 | -6,0,4,0,0,0;36,2,2,0,0,0;-6,4,0,0,0,0 | 6,0,4,0,2,0;-3,0,4,2,0,0;8,1,3,0,1,1;-36,2,2,0,2,0;18,2,2,2,0,0;-8,3,1,0,1,1;6,4,0,0,2,0;-3,4,0,2,0,0 ## STEP 0 2 1 | 1,0,0,0,0,2;1,0,0,0,2,0;-1,0,0,2,0,0 | 6,0,4,0,2,0;-3,0,4,2,0,0;8,1,3,0,1,1;-36,2,2,0,2,0;18,2,2,2,0,0;-8,3,1,0,1,1;6,4,0,0,2,0;-3,4,0,2,0,0 | -6,0,4,0,2,0;3,0,4,2,0,0;8,1,3,0,1,1;36,2,2,0,2,0;-18,2,2,2,0,0;-8,3,1,0,1,1;-6,4,0,0,2,0;3,4,0,2,0,0 | 36,0,8,0,4,0;-36,0,8,2,2,0;9,0,8,4,0,0;-368,2,6,0,4,0;368,2,6,2,2,0;-108,2,6,4,0,0;1240,4,4,0,4,0;-1240,4,4,2,2,0;342,4,4,4,0,0;-368,6,2,0,4,0;368,6,2,2,2,0;-108,6,2,4,0,0;36,8,0,0,4,0;-36,8,0,2,2,0;9,8,0,4,0,0 ## STEP 1 3 64 | 4,0,8,0,8,0;-8,0,8,2,6,0;5,0,8,4,4,0;-1,0,8,6,2,0;304,2,6,0,8,0;-608,2,6,2,6,0;348,2,6,4,4,0;-44,2,6,6,2,0;1,2,6,8,0,0;120,4,4,0,8,0;-240,4,4,2,6,0;182,4,4,4,4,0;-62,4,4,6,2,0;2,4,4,8,0,0;-144,6,2,0,8,0;288,6,2,2,6,0;-180,6,2,4,4,0;36,6,2,6,2,0;1,6,2,8,0,0;36,8,0,0,8,0;-72,8,0,2,6,0;45,8,0,4,4,0;-9,8,0,6,2,0 | 36,0,8,0,4,0;-36,0,8,2,2,0;9,0,8,4,0,0;-368,2,6,0,4,0;368,2,6,2,2,0;-108,2,6,4,0,0;1240,4,4,0,4,0;-1240,4,4,2,2,0;342,4,4,4,0,0;-368,6,2,0,4,0;368,6,2,2,2,0;-108,6,2,4,0,0;36,8,0,0,4,0;-36,8,0,2,2,0;9,8,0,4,0,0 | 5184,0,24,0,4,0;-5184,0,24,2,2,0;288000,2,22,0,4,0;-288000,2,22,2,2,0;-39168,2,22,4,0,0;-7000448,4,20,0,4,0;7000448,4,20,2,2,0;1036288,4,20,4,0,0;61187328,6,18,0,4,0;-61187328,6,18,2,2,0;-9980672,6,18,4,0,0;-247426624,8,16,0,4,0;247426624,8,16,2,2,0;45895680,8,16,4,0,0;400792064,10,14,0,4,0;-400792064,10,14,2,2,0;-98621952,10,14,4,0,0;76051200,12,12,0,4,0;-76051200,12,12,2,2,0;86700032,12,12,4,0,0;-339090944,14,10,0,4,0;339090944,14,10,2,2,0;-26949120,14,10,4,0,0;219347904,16,8,0,4,0;-219347904,16,8,2,2,0;880640,16,8,4,0,0;-68951808,18,6,0,4,0;68951808,18,6,2,2,0;1352448,18,6,4,0,0;12060288,20,4,0,4,0;-12060288,20,4,2,2,0;-294912,20,4,4,0,0;-1140480,22,2,0,4,0;1140480,22,2,2,2,0;20736,22,2,4,0,0;46656,24,0,0,4,0;-46656,24,0,2,2,0 | 6237,2,30,8,0,0;-232722,4,28,8,0,0;3621447,6,26,8,0,0;-30655988,8,24,8,0,0;152953205,10,22,8,0,0;-451794542,12,20,8,0,0;752137879,14,18,8,0,0;-650387800,16,16,8,0,0;301658575,18,14,8,0,0;-70985678,20,12,8,0,0;4095149,22,10,8,0,0;2013580,24,8,8,0,0;-538785,26,6,8,0,0;55566,28,4,8,0,0;-2187,30,2,8,0,0 || END 6237,2,30,8,0,0;-232722,4,28,8,0,0;3621447,6,26,8,0,0;-30655988,8,24,8,0,0;152953205,10,22,8,0,0;-451794542,12,20,8,0,0;752137879,14,18,8,0,0;-650387800,16,16,8,0,0;301658575,18,14,8,0,0;-70985678,20,12,8,0,0;4095149,22,10,8,0,0;2013580,24,8,8,0,0;-538785,26,6,8,0,0;55566,28,4,8,0,0;-2187,30,2,8,0,0
CORES -1,0,4,0,2;-2,0,4,2,0;-2,4,0,0,2;-1,4,0,2,0 | re | 1,0,4,0,4;-1,0,4,2,2;2,1,3,4,0;-2,3,1,0,4;1,4,0,2,2;-1,4,0,4,0 | im || LEAF 5 || STEP 0 1 2 | 6,0,4,0,0,2;-6,0,4,0,2,0;16,1,3,0,1,1;-36,2,2,0,0,2;36,2,2,0,2,0;-16,3,1,0,1,1;6,4,0,0,0,2;-6,4,0,0,2,0 | 1,0,0,0,0,2;1,0,0,0,2,0;-1,0,0,2,0,0 | 6,0,4,0,0,0;-36,2,2,0,0,0;6,4,0,0,0,0 | -6,0,4,0,2,0;3,0,4,2,0,0;8,1,3,0,1,1;36,2,2,0,2,0;-18,2,2,2,0,0;-8,3,1,0,1,1;-6,4,0,0,2,0;3,4,0,2,0,0 ## STEP 0 2 1 | 1,0,0,0,0,2;1,0,0,0,2,0;-1,0,0,2,0,0 | -6,0,4,0,2,0;3,0,4,2,0,0;8,1,3,0,1,1;36,2,2,0,2,0;-18,2,2,2,0,0;-8,3,1,0,1,1;-6,4,0,0,2,0;3,4,0,2,0,0 | 6,0,4,0,2,0;-3,0,4,2,0,0;8,1,3,0,1,1;-36,2,2,0,2,0;18,2,2,2,0,0;-8,3,1,0,1,1;6,4,0,0,2,0;-3,4,0,2,0,0 | 36,0,8,0,4,0;-36,0,8,2,2,0;9,0,8,4,0,0;-368,2,6,0,4,0;368,2,6,2,2,0;-108,2,6,4,0,0;1240,4,4,0,4,0;-1240,4,4,2,2,0;342,4,4,4,0,0;-368,6,2,0,4,0;368,6,2,2,2,0;-108,6,2,4,0,0;36,8,0,0,4,0;-36,8,0,2,2,0;9,8,0,4,0,0 ## STEP 0 3 8 | 24,0,4,0,1,3;-24,0,4,0,3,1;-8,1,3,0,0,4;-16,1,3,0,2,2;-8,1,3,0,4,0;-48,2,2,0,1,3;48,2,2,0,3,1;-8,3,1,0,0,4;112,3,1,0,2,2;-8,3,1,0,4,0;-8,4,0,0,1,3;8,4,0,0,3,1 | 1,0,0,0,0,2;1,0,0,0,2,0;-1,0,0,2,0,0 | 24,0,4,0,1,1;-8,1,3,0,0,2;-8,1,3,0,2,0;-8,1,3,2,0,0;-48,2,2,0,1,1;-8,3,1,0,0,2;120,3,1,0,2,0;-8,3,1,2,0,0;-8,4,0,0,1,1 | -6,0,4,0,3,1;3,0,4,2,1,1;-1,1,3,4,0,0;12,2,2,0,3,1;-6,2,2,2,1,1;-16,3,1,0,4,0;16,3,1,2,2,0;-1,3,1,4,0,0;2,4,0,0,3,1;-1,4,0,2,1,1 ## STEP 0 2 1 | 1,0,0,0,0,2;1,0,0,0,2,0;-1,0,0,2,0,0 | -6,0,4,0,3,1;3,0,4,2,1,1;-1,1,3,4,0,0;12,2,2,0,3,1;-6,2,2,2,1,1;-16,3,1,0,4,0;16,3,1,2,2,0;-1,3,1,4,0,0;2,4,0,0,3,1;-1,4,0,2,1,1 | -6,0,4,0,3,1;3,0,4,2,1,1;1,1,3,4,0,0;12,2,2,0,3,1;-6,2,2,2,1,1;16,3,1,0,4,0;-16,3,1,2,2,0;1,3,1,4,0,0;2,4,0,0,3,1;-1,4,0,2,1,1 | 36,0,8,0,8,0;-72,0,8,2,6,0;45,0,8,4,4,0;-9,0,8,6,2,0;-144,2,6,0,8,0;288,2,6,2,6,0;-180,2,6,4,4,0;36,2,6,6,2,0;1,2,6,8,0,0;120,4,4,0,8,0;-240,4,4,2,6,0;182,4,4,4,4,0;-62,4,4,6,2,0;2,4,4,8,0,0;304,6,2,0,8,0;-608,6,2,2,6,0;348,6,2,4,4,0;-44,6,2,6,2,0;1,6,2,8,0,0;4,8,0,0,8,0;-8,8,0,2,6,0;5,8,0,4,4,0;-1,8,0,6,2,0 ## STEP 1 3 64 | 36,0,8,0,8,0;-72,0,8,2,6,0;45,0,8,4,4,0;-9,0,8,6,2,0;-144,2,6,0,8,0;288,2,6,2,6,0;-180,2,6,4,4,0;36,2,6,6,2,0;1,2,6,8,0,0;120,4,4,0,8,0;-240,4,4,2,6,0;182,4,4,4,4,0;-62,4,4,6,2,0;2,4,4,8,0,0;304,6,2,0,8,0;-608,6,2,2,6,0;348,6,2,4,4,0;-44,6,2,6,2,0;1,6,2,8,0,0;4,8,0,0,8,0;-8,8,0,2,6,0;5,8,0,4,4,0;-1,8,0,6,2,0 | 36,0,8,0,4,0;-36,0,8,2,2,0;9,0,8,4,0,0;-368,2,6,0,4,0;368,2,6,2,2,0;-108,2,6,4,0,0;1240,4,4,0,4,0;-1240,4,4,2,2,0;342,4,4,4,0,0;-368,6,2,0,4,0;368,6,2,2,2,0;-108,6,2,4,0,0;36,8,0,0,4,0;-36,8,0,2,2,0;9,8,0,4,0,0 | 46656,0,24,0,4,0;-46656,0,24,2,2,0;-1140480,2,22,0,4,0;1140480,2,22,2,2,0;20736,2,22,4,0,0;12060288,4,20,0,4,0;-12060288,4,20,2,2,0;-294912,4,20,4,0,0;-68951808,6,18,0,4,0;68951808,6,18,2,2,0;1352448,6,18,4,0,0;219347904,8,16,0,4,0;-219347904,8,16,2,2,0;880640,8,16,4,0,0;-339090944,10,14,0,4,0;339090944,10,14,2,2,0;-26949120,10,14,4,0,0;76051200,12,12,0,4,0;-76051200,12,12,2,2,0;86700032,12,12,4,0,0;400792064,14,10,0,4,0;-400792064,14,10,2,2,0;-98621952,14,10,4,0,0;-247426624,16,8,0,4,0;247426624,16,8,2,2,0;45895680,16,8,4,0,0;61187328,18,6,0,4,0;-61187328,18,6,2,2,0;-9980672,18,6,4,0,0;-7000448,20,4,0,4,0;7000448,20,4,2,2,0;1036288,20,4,4,0,0;288000,22,2,0,4,0;-288000,22,2,2,2,0;-39168,22,2,4,0,0;5184,24,0,0,4,0;-5184,24,0,2,2,0 | -2187,2,30,8,0,0;55566,4,28,8,0,0;-538785,6,26,8,0,0;2013580,8,24,8,0,0;4095149,10,22,8,0,0;-70985678,12,20,8,0,0;301658575,14,18,8,0,0;-650387800,16,16,8,0,0;752137879,18,14,8,0,0;-451794542,20,12,8,0,0;152953205,22,10,8,0,0;-30655988,24,8,8,0,0;3621447,26,6,8,0,0;-232722,28,4,8,0,0;6237,30,2,8,0,0 || END -2187,2,30,8,0,0;55566,4,28,8,0,0;-538785,6,26,8,0,0;2013580,8,24,8,0,0;4095149,10,22,8,0,0;-70985678,12,20,8,0,0;301658575,14,18,8,0,0;-650387800,16,16,8,0,0;752137879,18,14,8,0,0;-451794542,20,12,8,0,0;152953205,22,10,8,0,0;-30655988,24,8,8,0,0;3621447,26,6,8,0,0;-232722,28,4,8,0,0;6237,30,2,8,0,0
CORES 1,0,4,0,2;1,0,4,2,0;-2,2,2,1,1;1,4,0,0,2;1,4,0,2,0 | re | -1,0,4,0,4;-1,0,4,4,0;2,2,2,0,4;-2,2,2,4,0;1,4,0,0,4;1,4,0,4,0 | im || LEAF 4 || STEP 0 1 2 | -6,0,4,0,0,2;2,0,4,0,2,0;20,2,2,0,0,2;-28,2,2,0,2,0;-6,4,0,0,0,2;2,4,0,0,2,0 | 1,0,0,0,0,2;1,0,0,0,2,0;-1,0,0,2,0,0 | -6,0,4,0,0,0;20,2,2,0,0,0;-6,4,0,0,0,0 | 4,0,4,0,2,0;-3,0,4,2,0,0;-24,2,2,0,2,0;10,2,2,2,0,0;4,4,0,0,2,0;-3,4,0,2,0,0 ## STEP 0 3 16 | 16,0,4,0,1,3;-16,0,4,0,3,1;-16,1,3,0,0,4;96,1,3,0,2,2;-16,1,3,0,4,0;32,2,2,0,1,3;-32,2,2,0,3,1;16,3,1,0,0,4;-96,3,1,0,2,2;16,3,1,0,4,0;16,4,0,0,1,3;-16,4,0,0,3,1 | 1,0,0,0,0,2;1,0,0,0,2,0;-1,0,0,2,0,0 | 16,0,4,0,1,1;-16,1,3,0,0,2;112,1,3,0,2,0;-16,1,3,2,0,0;32,2,2,0,1,1;16,3,1,0,0,2;-112,3,1,0,2,0;16,3,1,2,0,0;16,4,0,0,1,1 | -2,0,4,0,3,1;1,0,4,2,1,1;-8,1,3,0,4,0;8,1,3,2,2,0;-1,1,3,4,0,0;-4,2,2,0,3,1;2,2,2,2,1,1;8,3,1,0,4,0;-8,3,1,2,2,0;1,3,1,4,0,0;-2,4,0,0,3,1;1,4,0,2,1,1 ## STEP 0 2 1 | 1,0,0,0,0,2;1,0,0,0,2,0;-1,0,0,2,0,0 | -2,0,4,0,3,1;1,0,4,2,1,1;-8,1,3,0,4,0;8,1,3,2,2,0;-1,1,3,4,0,0;-4,2,2,0,3,1;2,2,2,2,1,1;8,3,1,0,4,0;-8,3,1,2,2,0;1,3,1,4,0,0;-2,4,0,0,3,1;1,4,0,2,1,1 | -2,0,4,0,3,1;1,0,4,2,1,1;8,1,3,0,4,0;-8,1,3,2,2,0;1,1,3,4,0,0;-4,2,2,0,3,1;2,2,2,2,1,1;-8,3,1,0,4,0;8,3,1,2,2,0;-1,3,1,4,0,0;-2,4,0,0,3,1;1,4,0,2,1,1 | 4,0,8,0,8,0;-8,0,8,2,6,0;5,0,8,4,4,0;-1,0,8,6,2,0;80,2,6,0,8,0;-160,2,6,2,6,0;100,2,6,4,4,0;-20,2,6,6,2,0;1,2,6,8,0,0;-104,4,4,0,8,0;208,4,4,2,6,0;-130,4,4,4,4,0;26,4,4,6,2,0;-2,4,4,8,0,0;80,6,2,0,8,0;-160,6,2,2,6,0;100,6,2,4,4,0;-20,6,2,6,2,0;1,6,2,8,0,0;4,8,0,0,8,0;-8,8,0,2,6,0;5,8,0,4,4,0;-1,8,0,6,2,0 ## STEP 1 4 4 | 4,0,8,0,8,0;-8,0,8,2,6,0;5,0,8,4,4,0;-1,0,8,6,2,0;80,2,6,0,8,0;-160,2,6,2,6,0;100,2,6,4,4,0;-20,2,6,6,2,0;1,2,6,8,0,0;-104,4,4,0,8,0;208,4,4,2,6,0;-130,4,4,4,4,0;26,4,4,6,2,0;-2,4,4,8,0,0;80,6,2,0,8,0;-160,6,2,2,6,0;100,6,2,4,4,0;-20,6,2,6,2,0;1,6,2,8,0,0;4,8,0,0,8,0;-8,8,0,2,6,0;5,8,0,4,4,0;-1,8,0,6,2,0 | 4,0,4,0,2,0;-3,0,4,2,0,0;-24,2,2,0,2,0;10,2,2,2,0,0;4,4,0,0,2,0;-3,4,0,2,0,0 | 256,0,20,0,6,0;-320,0,20,2,4,0;80,0,20,4,2,0;-4,0,20,6,0,0;512,2,18,0,6,0;-128,2,18,2,4,0;-96,2,18,4,2,0;-40,2,18,6,0,0;-70400,4,16,0,6,0;92096,4,16,2,4,0;-23024,4,16,4,2,0;1100,4,16,6,0,0;628736,6,14,0,6,0;-902656,6,14,2,4,0;269184,6,14,4,2,0;3104,6,14,6,0,0;-2092544,8,12,0,6,0;3168640,8,12,2,4,0;-1078880,8,12,4,2,0;1976,8,12,6,0,0;2804736,10,10,0,6,0;-4256512,10,10,2,4,0;1452480,10,10,4,2,0;16,10,10,6,0,0;-2092544,12,8,0,6,0;3168640,12,8,2,4,0;-1078880,12,8,4,2,0;1976,12,8,6,0,0;628736,14,6,0,6,0;-902656,14,6,2,4,0;269184,14,6,4,2,0;3104,14,6,6,0,0;-70400,16,4,0,6,0;92096,16,4,2,4,0;-23024,16,4,4,2,0;1100,16,4,6,0,0;512,18,2,0,6,0;-128,18,2,2,4,0;-96,18,2,4,2,0;-40,18,2,6,0,0;256,20,0,0,6,0;-320,20,0,2,4,0;80,20,0,4,2,0;-4,20,0,6,0,0 | -3,0,24,8,0,0;44,2,22,8,0,0;-742,4,20,8,0,0;16764,6,18,8,0,0;-95053,8,16,8,0,0;242264,10,14,8,0,0;-338836,12,12,8,0,0;242264,14,10,8,0,0;-95053,16,8,8,0,0;16764,18,6,8,0,0;-742,20,4,8,0,0;44,22,2,8,0,0;-3,24,0,8,0,0 || END -3,0,24,8,0,0;44,2,22,8,0,0;-742,4,20,8,0,0;16764,6,18,8,0,0;-95053,8,16,8,0,0;242264,10,14,8,0,0;-338836,12,12,8,0,0;242264,14,10,8,0,0;-95053,16,8,8,0,0;16764,18,6,8,0,0;-742,20,4,8,0,0;44,22,2,8,0,0;-3,24,0,8,0,0
CORES -1,0,4,0,1;-2,0,4,1,0;-2,4,0,0,1;-1,4,0,1,0 | re | 1,0,4,0,2;-1,0,4,1,1;2,1,3,0,2;-2,3,1,2,0;1,4,0,1,1;-1,4,0,2,0 | im || LEAF 4 || STEP 0 2 4 | 1,0,0,0,0,2;1,0,0,0,2,0;-1,0,0,2,0,0 | -6,0,4,0,1,0;8,1,3,0,0,1;36,2,2,0,1,0;-8,3,1,0,0,1;-6,4,0,0,1,0 | 6,0,4,0,1,0;8,1,3,0,0,1;-36,2,2,0,1,0;-8,3,1,0,0,1;6,4,0,0,1,0 | 9,0,8,0,2,0;-92,2,6,0,2,0;-16,2,6,2,0,0;310,4,4,0,2,0;32,4,4,2,0,0;-92,6,2,0,2,0;-16,6,2,2,0,0;9,8,0,0,2,0 ## STEP 0 1 4 | 4,0,4,0,1,1;-8,1,3,0,0,2;-8,1,3,0,2,0;24,2,2,0,1,1;24,3,1,0,0,2;-8,3,1,0,2,0;-12,4,0,0,1,1 | 1,0,0,0,0,2;1,0,0,0,2,0;-1,0,0,2,0,0 | -8,1,3,0,0,0;24,3,1,0,0,0 | 1,0,4,0,1,1;-2,1,3,2,0,0;6,2,2,0,1,1;-8,3,1,0,2,0;6,3,1,2,0,0;-3,4,0,0,1,1 ## STEP 0 2 1 | 1,0,0,0,0,2;1,0,0,0,2,0;-1,0,0,2,0,0 | 1,0,4,0,1,1;-2,1,3,2,0,0;6,2,2,0,1,1;-8,3,1,0,2,0;6,3,1,2,0,0;-3,4,0,0,1,1 | 1,0,4,0,1,1;2,1,3,2,0,0;6,2,2,0,1,1;8,3,1,0,2,0;-6,3,1,2,0,0;-3,4,0,0,1,1 | 1,0,8,0,4,0;-1,0,8,2,2,0;12,2,6,0,4,0;-12,2,6,2,2,0;4,2,6,4,0,0;30,4,4,0,4,0;2,4,4,2,2,0;-24,4,4,4,0,0;28,6,2,0,4,0;-60,6,2,2,2,0;36,6,2,4,0,0;9,8,0,0,4,0;-9,8,0,2,2,0 ## STEP 1 2 4 | 1,0,8,0,4,0;-1,0,8,2,2,0;12,2,6,0,4,0;-12,2,6,2,2,0;4,2,6,4,0,0;30,4,4,0,4,0;2,4,4,2,2,0;-24,4,4,4,0,0;28,6,2,0,4,0;-60,6,2,2,2,0;36,6,2,4,0,0;9,8,0,0,4,0;-9,8,0,2,2,0 | 9,0,8,0,2,0;-92,2,6,0,2,0;-16,2,6,2,0,0;310,4,4,0,2,0;32,4,4,2,0,0;-92,6,2,0,2,0;-16,6,2,2,0,0;9,8,0,0,2,0 | 9,0,16,0,2,0;-9,0,16,2,0,0;16,2,14,0,2,0;-524,4,12,0,2,0;972,4,12,2,0,0;1120,6,10,0,2,0;-4240,6,10,2,0,0;5710,8,8,0,2,0;6834,8,8,2,0,0;5200,10,6,0,2,0;-18336,10,6,2,0,0;484,12,4,0,2,0;2908,12,4,2,0,0;-576,14,2,0,2,0;432,14,2,2,0,0;81,16,0,0,2,0;-81,16,0,2,0,0 | 45,2,22,4,0,0;-2070,4,20,4,0,0;28561,6,18,4,0,0;-182600,8,16,4,0,0;656906,10,14,4,0,0;-1411076,12,12,4,0,0;1570586,14,10,4,0,0;-709064,16,8,4,0,0;144265,18,6,4,0,0;-13014,20,4,4,0,0;405,22,2,4,0,0 || END 45,2,22,4,0,0;-2070,4,20,4,0,0;28561,6,18,4,0,0;-182600,8,16,4,0,0;656906,10,14,4,0,0;-1411076,12,12,4,0,0;1570586,14,10,4,0,0;-709064,16,8,4,0,0;144265,18,6,4,0,0;-13014,20,4,4,0,0;405,22,2,4,0,0
CORES 1,0,4,0,2;-1,0,4,1,1;2,1,3,2,0;-2,3,1,0,2;1,4,0,1,1;-1,4,0,2,0 | im | -1,0,4,0,1;-2,0,4,1,0;-2,4,0,0,1;-1,4,0,1,0 | re || LEAF 4 || STEP 0 1 4 | -12,0,4,0,1,1;-8,1,3,0,0,2;-8,1,3,0,2,0;24,2,2,0,1,1;24,3,1,0,0,2;-8,3,1,0,2,0;4,4,0,0,1,1 | 1,0,0,0,0,2;1,0,0,0,2,0;-1,0,0,2,0,0 | -8,1,3,0,0,0;24,3,1,0,0,0 | -3,0,4,0,1,1;-2,1,3,2,0,0;6,2,2,0,1,1;-8,3,1,0,2,0;6,3,1,2,0,0;1,4,0,0,1,1 ## STEP 0 2 1 | 1,0,0,0,0,2;1,0,0,0,2,0;-1,0,0,2,0,0 | -3,0,4,0,1,1;-2,1,3,2,0,0;6,2,2,0,1,1;-8,3,1,0,2,0;6,3,1,2,0,0;1,4,0,0,1,1 | -3,0,4,0,1,1;2,1,3,2,0,0;6,2,2,0,1,1;8,3,1,0,2,0;-6,3,1,2,0,0;1,4,0,0,1,1 | 9,0,8,0,4,0;-9,0,8,2,2,0;-36,2,6,0,4,0;36,2,6,2,2,0;4,2,6,4,0,0;30,4,4,0,4,0;2,4,4,2,2,0;-24,4,4,4,0,0;76,6,2,0,4,0;-108,6,2,2,2,0;36,6,2,4,0,0;1,8,0,0,4,0;-1,8,0,2,2,0 ## STEP 0 2 4 | 1,0,0,0,0,2;1,0,0,0,2,0;-1,0,0,2,0,0 | -6,0,4,0,1,0;8,1,3,0,0,1;36,2,2,0,1,0;-8,3,1,0,0,1;-6,4,0,0,1,0 | 6,0,4,0,1,0;8,1,3,0,0,1;-36,2,2,0,1,0;-8,3,1,0,0,1;6,4,0,0,1,0 | 9,0,8,0,2,0;-92,2,6,0,2,0;-16,2,6,2,0,0;310,4,4,0,2,0;32,4,4,2,0,0;-92,6,2,0,2,0;-16,6,2,2,0,0;9,8,0,0,2,0 ## STEP 1 2 4 | 9,0,8,0,4,0;-9,0,8,2,2,0;-36,2,6,0,4,0;36,2,6,2,2,0;4,2,6,4,0,0;30,4,4,0,4,0;2,4,4,2,2,0;-24,4,4,4,0,0;76,6,2,0,4,0;-108,6,2,2,2,0;36,6,2,4,0,0;1,8,0,0,4,0;-1,8,0,2,2,0 | 9,0,8,0,2,0;-92,2,6,0,2,0;-16,2,6,2,0,0;310,4,4,0,2,0;32,4,4,2,0,0;-92,6,2,0,2,0;-16,6,2,2,0,0;9,8,0,0,2,0 | 81,0,16,0,2,0;-81,0,16,2,0,0;-1152,2,14,0,2,0;1296,2,14,2,0,0;6372,4,12,0,2,0;-6948,4,12,2,0,0;-14064,6,10,0,2,0;12608,6,10,2,0,0;5710,8,8,0,2,0;6834,8,8,2,0,0;20384,10,6,0,2,0;-35184,10,6,2,0,0;-6412,12,4,0,2,0;10828,12,4,2,0,0;592,14,2,0,2,0;-864,14,2,2,0,0;9,16,0,0,2,0;-9,16,0,2,0,0 | -243,2,22,4,0,0;3690,4,20,4,0,0;-13775,6,18,4,0,0;-46664,8,16,4,0,0;490442,10,14,4,0,0;-1411076,12,12,4,0,0;1737050,14,10,4,0,0;-845000,16,8,4,0,0;186601,18,6,4,0,0;-18774,20,4,4,0,0;693,22,2,4,0,0 || END -243,2,22,4,0,0;3690,4,20,4,0,0;-13775,6,18,4,0,0;-46664,8,16,4,0,0;490442,10,14,4,0,0;-1411076,12,12,4,0,0;1737050,14,10,4,0,0;-845000,16,8,4,0,0;186601,18,6,4,0,0;-18774,20,4,4,0,0;693,22,2,4,0,0
CORES 2,0,4,0,1;1,0,4,1,0;1,4,0,0,1;2,4,0,1,0 | re | 1,0,4,1,1;-1,0,4,2,0;2,1,3,0,2;-2,3,1,2,0;1,4,0,0,2;-1,4,0,1,1 | im || LEAF 4 || STEP 0 2 4 | 1,0,0,0,0,2;1,0,0,0,2,0;-1,0,0,2,0,0 | 6,0,4,0,1,0;8,1,3,0,0,1;-36,2,2,0,1,0;-8,3,1,0,0,1;6,4,0,0,1,0 | -6,0,4,0,1,0;8,1,3,0,0,1;36,2,2,0,1,0;-8,3,1,0,0,1;-6,4,0,0,1,0 | 9,0,8,0,2,0;-92,2,6,0,2,0;-16,2,6,2,0,0;310,4,4,0,2,0;32,4,4,2,0,0;-92,6,2,0,2,0;-16,6,2,2,0,0;9,8,0,0,2,0 ## STEP 0 1 4 | 4,0,4,0,1,1;24,1,3,0,0,2;-8,1,3,0,2,0;24,2,2,0,1,1;-8,3,1,0,0,2;-8,3,1,0,2,0;-12,4,0,0,1,1 | 1,0,0,0,0,2;1,0,0,0,2,0;-1,0,0,2,0,0 | 24,1,3,0,0,0;-8,3,1,0,0,0 | 1,0,4,0,1,1;-8,1,3,0,2,0;6,1,3,2,0,0;6,2,2,0,1,1;-2,3,1,2,0,0;-3,4,0,0,1,1 ## STEP 0 2 1 | 1,0,0,0,0,2;1,0,0,0,2,0;-1,0,0,2,0,0 | 1,0,4,0,1,1;-8,1,3,0,2,0;6,1,3,2,0,0;6,2,2,0,1,1;-2,3,1,2,0,0;-3,4,0,0,1,1 | 1,0,4,0,1,1;8,1,3,0,2,0;-6,1,3,2,0,0;6,2,2,0,1,1;2,3,1,2,0,0;-3,4,0,0,1,1 | 1,0,8,0,4,0;-1,0,8,2,2,0;76,2,6,0,4,0;-108,2,6,2,2,0;36,2,6,4,0,0;30,4,4,0,4,0;2,4,4,2,2,0;-24,4,4,4,0,0;-36,6,2,0,4,0;36,6,2,2,2,0;4,6,2,4,0,0;9,8,0,0,4,0;-9,8,0,2,2,0 ## STEP 1 2 4 | 1,0,8,0,4,0;-1,0,8,2,2,0;76,2,6,0,4,0;-108,2,6,2,2,0;36,2,6,4,0,0;30,4,4,0,4,0;2,4,4,2,2,0;-24,4,4,4,0,0;-36,6,2,0,4,0;36,6,2,2,2,0;4,6,2,4,0,0;9,8,0,0,4,0;-9,8,0,2,2,0 | 9,0,8,0,2,0;-92,2,6,0,2,0;-16,2,6,2,0,0;310,4,4,0,2,0;32,4,4,2,0,0;-92,6,2,0,2,0;-16,6,2,2,0,0;9,8,0,0,2,0 | 9,0,16,0,2,0;-9,0,16,2,0,0;592,2,14,0,2,0;-864,2,14,2,0,0;-6412,4,12,0,2,0;10828,4,12,2,0,0;20384,6,10,0,2,0;-35184,6,10,2,0,0;5710,8,8,0,2,0;6834,8,8,2,0,0;-14064,10,6,0,2,0;12608,10,6,2,0,0;6372,12,4,0,2,0;-6948,12,4,2,0,0;-1152,14,2,0,2,0;1296,14,2,2,0,0;81,16,0,0,2,0;-81,16,0,2,0,0 | 693,2,22,4,0,0;-18774,4,20,4,0,0;186601,6,18,4,0,0;-845000,8,16,4,0,0;1737050,10,14,4,0,0;-1411076,12,12,4,0,0;490442,14,10,4,0,0;-46664,16,8,4,0,0;-13775,18,6,4,0,0;3690,20,4,4,0,0;-243,22,2,4,0,0 || END 693,2,22,4,0,0;-18774,4,20,4,0,0;186601,6,18,4,0,0;-845000,8,16,4,0,0;1737050,10,14,4,0,0;-1411076,12,12,4,0,0;490442,14,10,4,0,0;-46664,16,8,4,0,0;-13775,18,6,4,0,0;3690,20,4,4,0,0;-243,22,2,4,0,0
CORES 1,0,4,0,4;1,0,4,4,0;2,1,3,4,0;-2,3,1,0,4;-1,4,0,0,4;-1,4,0,4,0 | im | 1,0,4,0,2;1,0,4,2,0;-2,2,2,1,1;1,4,0,0,2;1,4,0,2,0 | re || LEAF 4 || STEP 0 3 8 | 16,0,4,0,1,3;-16,0,4,0,3,1;8,1,3,0,0,4;-48,1,3,0,2,2;8,1,3,0,4,0;-24,3,1,0,0,4;144,3,1,0,2,2;-24,3,1,0,4,0;-16,4,0,0,1,3;16,4,0,0,3,1 | 1,0,0,0,0,2;1,0,0,0,2,0;-1,0,0,2,0,0 | 16,0,4,0,1,1;8,1,3,0,0,2;-56,1,3,0,2,0;8,1,3,2,0,0;-24,3,1,0,0,2;168,3,1,0,2,0;-24,3,1,2,0,0;-16,4,0,0,1,1 | -4,0,4,0,3,1;2,0,4,2,1,1;8,1,3,0,4,0;-8,1,3,2,2,0;1,1,3,4,0,0;-24,3,1,0,4,0;24,3,1,2,2,0;-3,3,1,4,0,0;4,4,0,0,3,1;-2,4,0,2,1,1 ## STEP 0 2 1 | 1,0,0,0,0,2;1,0,0,0,2,0;-1,0,0,2,0,0 | -4,0,4,0,3,1;2,0,4,2,1,1;8,1,3,0,4,0;-8,1,3,2,2,0;1,1,3,4,0,0;-24,3,1,0,4,0;24,3,1,2,2,0;-3,3,1,4,0,0;4,4,0,0,3,1;-2,4,0,2,1,1 | -4,0,4,0,3,1;2,0,4,2,1,1;-8,1,3,0,4,0;8,1,3,2,2,0;-1,1,3,4,0,0;24,3,1,0,4,0;-24,3,1,2,2,0;3,3,1,4,0,0;4,4,0,0,3,1;-2,4,0,2,1,1 | 16,0,8,0,8,0;-32,0,8,2,6,0;20,0,8,4,4,0;-4,0,8,6,2,0;64,2,6,0,8,0;-128,2,6,2,6,0;80,2,6,4,4,0;-16,2,6,6,2,0;1,2,6,8,0,0;-416,4,4,0,8,0;832,4,4,2,6,0;-520,4,4,4,4,0;104,4,4,6,2,0;-6,4,4,8,0,0;576,6,2,0,8,0;-1152,6,2,2,6,0;720,6,2,4,4,0;-144,6,2,6,2,0;9,6,2,8,0,0;16,8,0,0,8,0;-32,8,0,2,6,0;20,8,0,4,4,0;-4,8,0,6,2,0 ## STEP 0 1 2 | -6,0,4,0,0,2;2,0,4,0,2,0;20,2,2,0,0,2;-28,2,2,0,2,0;-6,4,0,0,0,2;2,4,0,0,2,0 | 1,0,0,0,0,2;1,0,0,0,2,0;-1,0,0,2,0,0 | -6,0,4,0,0,0;20,2,2,0,0,0;-6,4,0,0,0,0 | 4,0,4,0,2,0;-3,0,4,2,0,0;-24,2,2,0,2,0;10,2,2,2,0,0;4,4,0,0,2,0;-3,4,0,2,0,0 ## STEP 1 4 16 | 16,0,8,0,8,0;-32,0,8,2,6,0;20,0,8,4,4,0;-4,0,8,6,2,0;64,2,6,0,8,0;-128,2,6,2,6,0;80,2,6,4,4,0;-16,2,6,6,2,0;1,2,6,8,0,0;-416,4,4,0,8,0;832,4,4,2,6,0;-520,4,4,4,4,0;104,4,4,6,2,0;-6,4,4,8,0,0;576,6,2,0,8,0;-1152,6,2,2,6,0;720,6,2,4,4,0;-144,6,2,6,2,0;9,6,2,8,0,0;16,8,0,0,8,0;-32,8,0,2,6,0;20,8,0,4,4,0;-4,8,0,6,2,0 | 4,0,4,0,2,0;-3,0,4,2,0,0;-24,2,2,0,2,0;10,2,2,2,0,0;4,4,0,0,2,0;-3,4,0,2,0,0 | 1024,0,20,0,6,0;-1280,0,20,2,4,0;320,0,20,4,2,0;-16,0,20,6,0,0;-14336,2,18,0,6,0;19968,2,18,2,4,0;-5504,2,18,4,2,0;96,2,18,6,0,0;13312,4,16,0,6,0;-33024,4,16,2,4,0;16448,4,16,4,2,0;1840,4,16,6,0,0;712704,6,14,0,6,0;-964608,6,14,2,4,0;251392,6,14,4,2,0;-384,6,14,6,0,0;-4536320,8,12,0,6,0;6669824,8,12,2,4,0;-2118016,8,12,4,2,0;-8992,8,12,6,0,0;11218944,10,10,0,6,0;-17026048,10,10,2,4,0;5809920,10,10,4,2,0;64,10,10,6,0,0;-12204032,12,8,0,6,0;18679296,12,8,2,4,0;-6513024,12,8,4,2,0;24800,12,8,6,0,0;4317184,14,6,0,6,0;-6256640,14,6,2,4,0;1902080,14,6,4,2,0;25216,14,6,6,0,0;-576512,16,4,0,6,0;769792,16,4,2,4,0;-200640,16,4,4,2,0;6960,16,4,6,0,0;18432,18,2,0,6,0;-20992,18,2,2,4,0;4736,18,2,4,2,0;-416,18,2,6,0,0;1024,20,0,0,6,0;-1280,20,0,2,4,0;320,20,0,4,2,0;-16,20,0,6,0,0 | -3,0,24,8,0,0;44,2,22,8,0,0;-198,4,20,8,0,0;4764,6,18,8,0,0;-40653,8,16,8,0,0;154840,10,14,8,0,0;-313300,12,12,8,0,0;332312,14,10,8,0,0;-166093,16,8,8,0,0;34300,18,6,8,0,0;-1990,20,4,8,0,0;76,22,2,8,0,0;-3,24,0,8,0,0 || END -3,0,24,8,0,0;44,2,22,8,0,0;-198,4,20,8,0,0;4764,6,18,8,0,0;-40653,8,16,8,0,0;154840,10,14,8,0,0;-313300,12,12,8,0,0;332312,14,10,8,0,0;-166093,16,8,8,0,0;34300,18,6,8,0,0;-1990,20,4,8,0,0;76,22,2,8,0,0;-3,24,0,8,0,0
CORES 1,0,2,0,4;1,0,2,4,0;-2,1,1,2,2;1,2,0,0,4;1,2,0,4,0 | re | -1,0,4,0,2;-1,0,4,2,0;-2,2,2,1,1;-1,4,0,0,2;-1,4,0,2,0 | re || LEAF 3 || STEP 0 2 2 | -6,0,2,0,0,4;20,0,2,0,2,2;-6,0,2,0,4,0;2,2,0,0,0,4;-28,2,0,0,2,2;2,2,0,0,4,0 | 1,0,0,0,0,2;1,0,0,0,2,0;-1,0,0,2,0,0 | -6,0,2,0,0,2;26,0,2,0,2,0;-6,0,2,2,0,0;2,2,0,0,0,2;-30,2,0,0,2,0;2,2,0,2,0,0 | -16,0,2,0,4,0;16,0,2,2,2,0;-3,0,2,4,0,0;16,2,0,0,4,0;-16,2,0,2,2,0;1,2,0,4,0,0 ## STEP 0 1 2 | 2,0,4,0,0,2;-6,0,4,0,2,0;-28,2,2,0,0,2;20,2,2,0,2,0;2,4,0,0,0,2;-6,4,0,0,2,0 | 1,0,0,0,0,2;1,0,0,0,2,0;-1,0,0,2,0,0 | 2,0,4,0,0,0;-28,2,2,0,0,0;2,4,0,0,0,0 | -4,0,4,0,2,0;1,0,4,2,0,0;24,2,2,0,2,0;-14,2,2,2,0,0;-4,4,0,0,2,0;1,4,0,2,0,0 ## STEP 1 2 32 | -16,0,2,0,4,0;16,0,2,2,2,0;-3,0,2,4,0,0;16,2,0,0,4,0;-16,2,0,2,2,0;1,2,0,4,0,0 | -4,0,4,0,2,0;1,0,4,2,0,0;24,2,2,0,2,0;-14,2,2,2,0,0;-4,4,0,0,2,0;1,4,0,2,0,0 | 64,0,6,0,2,0;-48,0,6,2,0,0;-448,2,4,0,2,0;208,2,4,2,0,0;448,4,2,0,2,0;-208,4,2,2,0,0;-64,6,0,0,2,0;48,6,0,2,0,0 | -9,2,8,4,0,0;36,4,6,4,0,0;-62,6,4,4,0,0;20,8,2,4,0,0;-1,10,0,4,0,0 || END -9,2,8,4,0,0;36,4,6,4,0,0;-62,6,4,4,0,0;20,8,2,4,0,0;-1,10,0,4,0,0
CORES 1,0,4,2,2;-1,0,4,4,0;2,1,3,4,0;-2,3,1,0,4;1,4,0,0,4;-1,4,0,2,2 | im | 2,0,4,0,2;1,0,4,2,0;1,4,0,0,2;2,4,0,2,0 | re || LEAF 5 || STEP 0 3 8 | 24,0,4,0,1,3;-24,0,4,0,3,1;-8,1,3,0,0,4;112,1,3,0,2,2;-8,1,3,0,4,0;-48,2,2,0,1,3;48,2,2,0,3,1;-8,3,1,0,0,4;-16,3,1,0,2,2;-8,3,1,0,4,0;-8,4,0,0,1,3;8,4,0,0,3,1 | 1,0,0,0,0,2;1,0,0,0,2,0;-1,0,0,2,0,0 | 24,0,4,0,1,1;-8,1,3,0,0,2;120,1,3,0,2,0;-8,1,3,2,0,0;-48,2,2,0,1,1;-8,3,1,0,0,2;-8,3,1,0,2,0;-8,3,1,2,0,0;-8,4,0,0,1,1 | -6,0,4,0,3,1;3,0,4,2,1,1;-16,1,3,0,4,0;16,1,3,2,2,0;-1,1,3,4,0,0;12,2,2,0,3,1;-6,2,2,2,1,1;-1,3,1,4,0,0;2,4,0,0,3,1;-1,4,0,2,1,1 ## STEP 0 2 1 | 1,0,0,0,0,2;1,0,0,0,2,0;-1,0,0,2,0,0 | -6,0,4,0,3,1;3,0,4,2,1,1;-16,1,3,0,4,0;16,1,3,2,2,0;-1,1,3,4,0,0;12,2,2,0,3,1;-6,2,2,2,1,1;-1,3,1,4,0,0;2,4,0,0,3,1;-1,4,0,2,1,1 | -6,0,4,0,3,1;3,0,4,2,1,1;16,1,3,0,4,0;-16,1,3,2,2,0;1,1,3,4,0,0;12,2,2,0,3,1;-6,2,2,2,1,1;1,3,1,4,0,0;2,4,0,0,3,1;-1,4,0,2,1,1 | 36,0,8,0,8,0;-72,0,8,2,6,0;45,0,8,4,4,0;-9,0,8,6,2,0;112,2,6,0,8,0;-224,2,6,2,6,0;108,2,6,4,4,0;4,2,6,6,2,0;1,2,6,8,0,0;120,4,4,0,8,0;-240,4,4,2,6,0;182,4,4,4,4,0;-62,4,4,6,2,0;2,4,4,8,0,0;48,6,2,0,8,0;-96,6,2,2,6,0;60,6,2,4,4,0;-12,6,2,6,2,0;1,6,2,8,0,0;4,8,0,0,8,0;-8,8,0,2,6,0;5,8,0,4,4,0;-1,8,0,6,2,0 ## STEP 0 1 2 | -6,0,4,0,0,2;6,0,4,0,2,0;16,1,3,0,1,1;36,2,2,0,0,2;-36,2,2,0,2,0;-16,3,1,0,1,1;-6,4,0,0,0,2;6,4,0,0,2,0 | 1,0,0,0,0,2;1,0,0,0,2,0;-1,0,0,2,0,0 | -6,0,4,0,0,0;36,2,2,0,0,0;-6,4,0,0,0,0 | 6,0,4,0,2,0;-3,0,4,2,0,0;8,1,3,0,1,1;-36,2,2,0,2,0;18,2,2,2,0,0;-8,3,1,0,1,1;6,4,0,0,2,0;-3,4,0,2,0,0 ## STEP 0 2 1 | 1,0,0,0,0,2;1,0,0,0,2,0;-1,0,0,2,0,0 | 6,0,4,0,2,0;-3,0,4,2,0,0;8,1,3,0,1,1;-36,2,2,0,2,0;18,2,2,2,0,0;-8,3,1,0,1,1;6,4,0,0,2,0;-3,4,0,2,0,0 | -6,0,4,0,2,0;3,0,4,2,0,0;8,1,3,0,1,1;36,2,2,0,2,0;-18,2,2,2,0,0;-8,3,1,0,1,1;-6,4,0,0,2,0;3,4,0,2,0,0 | 36,0,8,0,4,0;-36,0,8,2,2,0;9,0,8,4,0,0;-368,2,6,0,4,0;368,2,6,2,2,0;-108,2,6,4,0,0;1240,4,4,0,4,0;-1240,4,4,2,2,0;342,4,4,4,0,0;-368,6,2,0,4,0;368,6,2,2,2,0;-108,6,2,4,0,0;36,8,0,0,4,0;-36,8,0,2,2,0;9,8,0,4,0,0 ## STEP 1 3 64 | 36,0,8,0,8,0;-72,0,8,2,6,0;45,0,8,4,4,0;-9,0,8,6,2,0;112,2,6,0,8,0;-224,2,6,2,6,0;108,2,6,4,4,0;4,2,6,6,2,0;1,2,6,8,0,0;120,4,4,0,8,0;-240,4,4,2,6,0;182,4,4,4,4,0;-62,4,4,6,2,0;2,4,4,8,0,0;48,6,2,0,8,0;-96,6,2,2,6,0;60,6,2,4,4,0;-12,6,2,6,2,0;1,6,2,8,0,0;4,8,0,0,8,0;-8,8,0,2,6,0;5,8,0,4,4,0;-1,8,0,6,2,0 | 36,0,8,0,4,0;-36,0,8,2,2,0;9,0,8,4,0,0;-368,2,6,0,4,0;368,2,6,2,2,0;-108,2,6,4,0,0;1240,4,4,0,4,0;-1240,4,4,2,2,0;342,4,4,4,0,0;-368,6,2,0,4,0;368,6,2,2,2,0;-108,6,2,4,0,0;36,8,0,0,4,0;-36,8,0,2,2,0;9,8,0,4,0,0 | 46656,0,24,0,4,0;-46656,0,24,2,2,0;-808704,2,22,0,4,0;808704,2,22,2,2,0;-20736,2,22,4,0,0;5277312,4,20,0,4,0;-5277312,4,20,2,2,0;700416,4,20,4,0,0;-11759360,6,18,0,4,0;11759360,6,18,2,2,0;-7598848,6,18,4,0,0;-14287936,8,16,0,4,0;14287936,8,16,2,2,0;38178816,8,16,4,0,0;67011072,10,14,0,4,0;-67011072,10,14,2,2,0;-89082368,10,14,4,0,0;76051200,12,12,0,4,0;-76051200,12,12,2,2,0;86700032,12,12,4,0,0;-5309952,14,10,0,4,0;5309952,14,10,2,2,0;-36488704,14,10,4,0,0;-13790784,16,8,0,4,0;13790784,16,8,2,2,0;8597504,16,8,4,0,0;3994880,18,6,0,4,0;-3994880,18,6,2,2,0;-1029376,18,6,4,0,0;-217472,20,4,0,4,0;217472,20,4,2,2,0;40960,20,4,4,0,0;-43776,22,2,0,4,0;43776,22,2,2,2,0;2304,22,2,4,0,0;5184,24,0,0,4,0;-5184,24,0,2,2,0 | 3645,2,30,8,0,0;-154386,4,28,8,0,0;2621223,6,26,8,0,0;-23725556,8,24,8,0,0;125292245,10,22,8,0,0;-390392942,12,20,8,0,0;689145079,14,18,8,0,0;-650387800,16,16,8,0,0;364651375,18,14,8,0,0;-132387278,20,12,8,0,0;31756109,22,10,8,0,0;-4916852,24,8,8,0,0;461439,26,6,8,0,0;-22770,28,4,8,0,0;405,30,2,8,0,0 || END 3645,2,30,8,0,0;-154386,4,28,8,0,0;2621223,6,26,8,0,0;-23725556,8,24,8,0,0;125292245,10,22,8,0,0;-390392942,12,20,8,0,0;689145079,14,18,8,0,0;-650387800,16,16,8,0,0;364651375,18,14,8,0,0;-132387278,20,12,8,0,0;31756109,22,10,8,0,0;-4916852,24,8,8,0,0;461439,26,6,8,0,0;-22770,28,4,8,0,0;405,30,2,8,0,0
CORES 2,0,4,0,2;1,0,4,2,0;1,4,0,0,2;2,4,0,2,0 | re | 1,0,4,2,2;-1,0,4,4,0;2,1,3,0,4;-2,3,1,4,0;1,4,0,0,4;-1,4,0,2,2 | im || LEAF 5 || STEP 0 1 2 | -6,0,4,0,0,2;6,0,4,0,2,0;16,1,3,0,1,1;36,2,2,0,0,2;-36,2,2,0,2,0;-16,3,1,0,1,1;-6,4,0,0,0,2;6,4,0,0,2,0 | 1,0,0,0,0,2;1,0,0,0,2,0;-1,0,0,2,0,0 | -6,0,4,0,0,0;36,2,2,0,0,0;-6,4,0,0,0,0 | 6,0,4,0,2,0;-3,0,4,2,0,0;8,1,3,0,1,1;-36,2,2,0,2,0;18,2,2,2,0,0;-8,3,1,0,1,1;6,4,0,0,2,0;-3,4,0,2,0,0 ## STEP 0 2 1 | 1,0,0,0,0,2;1,0,0,0,2,0;-1,0,0,2,0,0 | 6,0,4,0,2,0;-3,0,4,2,0,0;8,1,3,0,1,1;-36,2,2,0,2,0;18,2,2,2,0,0;-8,3,1,0,1,1;6,4,0,0,2,0;-3,4,0,2,0,0 | -6,0,4,0,2,0;3,0,4,2,0,0;8,1,3,0,1,1;36,2,2,0,2,0;-18,2,2,2,0,0;-8,3,1,0,1,1;-6,4,0,0,2,0;3,4,0,2,0,0 | 36,0,8,0,4,0;-36,0,8,2,2,0;9,0,8,4,0,0;-368,2,6,0,4,0;368,2,6,2,2,0;-108,2,6,4,0,0;1240,4,4,0,4,0;-1240,4,4,2,2,0;342,4,4,4,0,0;-368,6,2,0,4,0;368,6,2,2,2,0;-108,6,2,4,0,0;36,8,0,0,4,0;-36,8,0,2,2,0;9,8,0,4,0,0 ## STEP 0 3 8 | -8,0,4,0,1,3;8,0,4,0,3,1;-8,1,3,0,0,4;112,1,3,0,2,2;-8,1,3,0,4,0;-48,2,2,0,1,3;48,2,2,0,3,1;-8,3,1,0,0,4;-16,3,1,0,2,2;-8,3,1,0,4,0;24,4,0,0,1,3;-24,4,0,0,3,1 | 1,0,0,0,0,2;1,0,0,0,2,0;-1,0,0,2,0,0 | -8,0,4,0,1,1;-8,1,3,0,0,2;120,1,3,0,2,0;-8,1,3,2,0,0;-48,2,2,0,1,1;-8,3,1,0,0,2;-8,3,1,0,2,0;-8,3,1,2,0,0;24,4,0,0,1,1 | 2,0,4,0,3,1;-1,0,4,2,1,1;-16,1,3,0,4,0;16,1,3,2,2,0;-1,1,3,4,0,0;12,2,2,0,3,1;-6,2,2,2,1,1;-1,3,1,4,0,0;-6,4,0,0,3,1;3,4,0,2,1,1 ## STEP 0 2 1 | 1,0,0,0,0,2;1,0,0,0,2,0;-1,0,0,2,0,0 | 2,0,4,0,3,1;-1,0,4,2,1,1;-16,1,3,0,4,0;16,1,3,2,2,0;-1,1,3,4,0,0;12,2,2,0,3,1;-6,2,2,2,1,1;-1,3,1,4,0,0;-6,4,0,0,3,1;3,4,0,2,1,1 | 2,0,4,0,3,1;-1,0,4,2,1,1;16,1,3,0,4,0;-16,1,3,2,2,0;1,1,3,4,0,0;12,2,2,0,3,1;-6,2,2,2,1,1;1,3,1,4,0,0;-6,4,0,0,3,1;3,4,0,2,1,1 | 4,0,8,0,8,0;-8,0,8,2,6,0;5,0,8,4,4,0;-1,0,8,6,2,0;304,2,6,0,8,0;-608,2,6,2,6,0;348,2,6,4,4,0;-44,2,6,6,2,0;1,2,6,8,0,0;120,4,4,0,8,0;-240,4,4,2,6,0;182,4,4,4,4,0;-62,4,4,6,2,0;2,4,4,8,0,0;-144,6,2,0,8,0;288,6,2,2,6,0;-180,6,2,4,4,0;36,6,2,6,2,0;1,6,2,8,0,0;36,8,0,0,8,0;-72,8,0,2,6,0;45,8,0,4,4,0;-9,8,0,6,2,0 ## STEP 1 3 64 | 4,0,8,0,8,0;-8,0,8,2,6,0;5,0,8,4,4,0;-1,0,8,6,2,0;304,2,6,0,8,0;-608,2,6,2,6,0;348,2,6,4,4,0;-44,2,6,6,2,0;1,2,6,8,0,0;120,4,4,0,8,0;-240,4,4,2,6,0;182,4,4,4,4,0;-62,4,4,6,2,0;2,4,4,8,0,0;-144,6,2,0,8,0;288,6,2,2,6,0;-180,6,2,4,4,0;36,6,2,6,2,0;1,6,2,8,0,0;36,8,0,0,8,0;-72,8,0,2,6,0;45,8,0,4,4,0;-9,8,0,6,2,0 | 36,0,8,0,4,0;-36,0,8,2,2,0;9,0,8,4,0,0;-368,2,6,0,4,0;368,2,6,2,2,0;-108,2,6,4,0,0;1240,4,4,0,4,0;-1240,4,4,2,2,0;342,4,4,4,0,0;-368,6,2,0,4,0;368,6,2,2,2,0;-108,6,2,4,0,0;36,8,0,0,4,0;-36,8,0,2,2,0;9,8,0,4,0,0 | 5184,0,24,0,4,0;-5184,0,24,2,2,0;288000,2,22,0,4,0;-288000,2,22,2,2,0;-39168,2,22,4,0,0;-7000448,4,20,0,4,0;7000448,4,20,2,2,0;1036288,4,20,4,0,0;61187328,6,18,0,4,0;-61187328,6,18,2,2,0;-9980672,6,18,4,0,0;-247426624,8,16,0,4,0;247426624,8,16,2,2,0;45895680,8,16,4,0,0;400792064,10,14,0,4,0;-400792064,10,14,2,2,0;-98621952,10,14,4,0,0;76051200,12,12,0,4,0;-76051200,12,12,2,2,0;86700032,12,12,4,0,0;-339090944,14,10,0,4,0;339090944,14,10,2,2,0;-26949120,14,10,4,0,0;219347904,16,8,0,4,0;-219347904,16,8,2,2,0;880640,16,8,4,0,0;-68951808,18,6,0,4,0;68951808,18,6,2,2,0;1352448,18,6,4,0,0;12060288,20,4,0,4,0;-12060288,20,4,2,2,0;-294912,20,4,4,0,0;-1140480,22,2,0,4,0;1140480,22,2,2,2,0;20736,22,2,4,0,0;46656,24,0,0,4,0;-46656,24,0,2,2,0 | 6237,2,30,8,0,0;-232722,4,28,8,0,0;3621447,6,26,8,0,0;-30655988,8,24,8,0,0;152953205,10,22,8,0,0;-451794542,12,20,8,0,0;752137879,14,18,8,0,0;-650387800,16,16,8,0,0;301658575,18,14,8,0,0;-70985678,20,12,8,0,0;4095149,22,10,8,0,0;2013580,24,8,8,0,0;-538785,26,6,8,0,0;55566,28,4,8,0,0;-2187,30,2,8,0,0 || END 6237,2,30,8,0,0;-232722,4,28,8,0,0;3621447,6,26,8,0,0;-30655988,8,24,8,0,0;152953205,10,22,8,0,0;-451794542,12,20,8,0,0;752137879,14,18,8,0,0;-650387800,16,16,8,0,0;301658575,18,14,8,0,0;-70985678,20,12,8,0,0;4095149,22,10,8,0,0;2013580,24,8,8,0,0;-538785,26,6,8,0,0;55566,28,4,8,0,0;-2187,30,2,8,0,0
CORES -1,0,4,2,2;1,0,4,4,0;2,1,3,4,0;-2,3,1,0,4;-1,4,0,0,4;1,4,0,2,2 | im | 2,0,4,0,2;1,0,4,2,0;1,4,0,0,2;2,4,0,2,0 | re || LEAF 5 || STEP 0 3 8 | 8,0,4,0,1,3;-8,0,4,0,3,1;-8,1,3,0,0,4;-16,1,3,0,2,2;-8,1,3,0,4,0;48,2,2,0,1,3;-48,2,2,0,3,1;-8,3,1,0,0,4;112,3,1,0,2,2;-8,3,1,0,4,0;-24,4,0,0,1,3;24,4,0,0,3,1 | 1,0,0,0,0,2;1,0,0,0,2,0;-1,0,0,2,0,0 | 8,0,4,0,1,1;-8,1,3,0,0,2;-8,1,3,0,2,0;-8,1,3,2,0,0;48,2,2,0,1,1;-8,3,1,0,0,2;120,3,1,0,2,0;-8,3,1,2,0,0;-24,4,0,0,1,1 | -2,0,4,0,3,1;1,0,4,2,1,1;-1,1,3,4,0,0;-12,2,2,0,3,1;6,2,2,2,1,1;-16,3,1,0,4,0;16,3,1,2,2,0;-1,3,1,4,0,0;6,4,0,0,3,1;-3,4,0,2,1,1 ## STEP 0 2 1 | 1,0,0,0,0,2;1,0,0,0,2,0;-1,0,0,2,0,0 | -2,0,4,0,3,1;1,0,4,2,1,1;-1,1,3,4,0,0;-12,2,2,0,3,1;6,2,2,2,1,1;-16,3,1,0,4,0;16,3,1,2,2,0;-1,3,1,4,0,0;6,4,0,0,3,1;-3,4,0,2,1,1 | -2,0,4,0,3,1;1,0,4,2,1,1;1,1,3,4,0,0;-12,2,2,0,3,1;6,2,2,2,1,1;16,3,1,0,4,0;-16,3,1,2,2,0;1,3,1,4,0,0;6,4,0,0,3,1;-3,4,0,2,1,1 | 4,0,8,0,8,0;-8,0,8,2,6,0;5,0,8,4,4,0;-1,0,8,6,2,0;48,2,6,0,8,0;-96,2,6,2,6,0;60,2,6,4,4,0;-12,2,6,6,2,0;1,2,6,8,0,0;120,4,4,0,8,0;-240,4,4,2,6,0;182,4,4,4,4,0;-62,4,4,6,2,0;2,4,4,8,0,0;112,6,2,0,8,0;-224,6,2,2,6,0;108,6,2,4,4,0;4,6,2,6,2,0;1,6,2,8,0,0;36,8,0,0,8,0;-72,8,0,2,6,0;45,8,0,4,4,0;-9,8,0,6,2,0 ## STEP 0 1 2 | -6,0,4,0,0,2;6,0,4,0,2,0;16,1,3,0,1,1;36,2,2,0,0,2;-36,2,2,0,2,0;-16,3,1,0,1,1;-6,4,0,0,0,2;6,4,0,0,2,0 | 1,0,0,0,0,2;1,0,0,0,2,0;-1,0,0,2,0,0 | -6,0,4,0,0,0;36,2,2,0,0,0;-6,4,0,0,0,0 | 6,0,4,0,2,0;-3,0,4,2,0,0;8,1,3,0,1,1;-36,2,2,0,2,0;18,2,2,2,0,0;-8,3,1,0,1,1;6,4,0,0,2,0;-3,4,0,2,0,0 ## STEP 0 2 1 | 1,0,0,0,0,2;1,0,0,0,2,0;-1,0,0,2,0,0 | 6,0,4,0,2,0;-3,0,4,2,0,0;8,1,3,0,1,1;-36,2,2,0,2,0;18,2,2,2,0,0;-8,3,1,0,1,1;6,4,0,0,2,0;-3,4,0,2,0,0 | -6,0,4,0,2,0;3,0,4,2,0,0;8,1,3,0,1,1;36,2,2,0,2,0;-18,2,2,2,0,0;-8,3,1,0,1,1;-6,4,0,0,2,0;3,4,0,2,0,0 | 36,0,8,0,4,0;-36,0,8,2,2,0;9,0,8,4,0,0;-368,2,6,0,4,0;368,2,6,2,2,0;-108,2,6,4,0,0;1240,4,4,0,4,0;-1240,4,4,2,2,0;342,4,4,4,0,0;-368,6,2,0,4,0;368,6,2,2,2,0;-108,6,2,4,0,0;36,8,0,0,4,0;-36,8,0,2,2,0;9,8,0,4,0,0 ## STEP 1 3 64 | 4,0,8,0,8,0;-8,0,8,2,6,0;5,0,8,4,4,0;-1,0,8,6,2,0;48,2,6,0,8,0;-96,2,6,2,6,0;60,2,6,4,4,0;-12,2,6,6,2,0;1,2,6,8,0,0;120,4,4,0,8,0;-240,4,4,2,6,0;182,4,4,4,4,0;-62,4,4,6,2,0;2,4,4,8,0,0;112,6,2,0,8,0;-224,6,2,2,6,0;108,6,2,4,4,0;4,6,2,6,2,0;1,6,2,8,0,0;36,8,0,0,8,0;-72,8,0,2,6,0;45,8,0,4,4,0;-9,8,0,6,2,0 | 36,0,8,0,4,0;-36,0,8,2,2,0;9,0,8,4,0,0;-368,2,6,0,4,0;368,2,6,2,2,0;-108,2,6,4,0,0;1240,4,4,0,4,0;-1240,4,4,2,2,0;342,4,4,4,0,0;-368,6,2,0,4,0;368,6,2,2,2,0;-108,6,2,4,0,0;36,8,0,0,4,0;-36,8,0,2,2,0;9,8,0,4,0,0 | 5184,0,24,0,4,0;-5184,0,24,2,2,0;-43776,2,22,0,4,0;43776,2,22,2,2,0;2304,2,22,4,0,0;-217472,4,20,0,4,0;217472,4,20,2,2,0;40960,4,20,4,0,0;3994880,6,18,0,4,0;-3994880,6,18,2,2,0;-1029376,6,18,4,0,0;-13790784,8,16,0,4,0;13790784,8,16,2,2,0;8597504,8,16,4,0,0;-5309952,10,14,0,4,0;5309952,10,14,2,2,0;-36488704,10,14,4,0,0;76051200,12,12,0,4,0;-76051200,12,12,2,2,0;86700032,12,12,4,0,0;67011072,14,10,0,4,0;-67011072,14,10,2,2,0;-89082368,14,10,4,0,0;-14287936,16,8,0,4,0;14287936,16,8,2,2,0;38178816,16,8,4,0,0;-11759360,18,6,0,4,0;11759360,18,6,2,2,0;-7598848,18,6,4,0,0;5277312,20,4,0,4,0;-5277312,20,4,2,2,0;700416,20,4,4,0,0;-808704,22,2,0,4,0;808704,22,2,2,2,0;-20736,22,2,4,0,0;46656,24,0,0,4,0;-46656,24,0,2,2,0 | 405,2,30,8,0,0;-22770,4,28,8,0,0;461439,6,26,8,0,0;-4916852,8,24,8,0,0;31756109,10,22,8,0,0;-132387278,12,20,8,0,0;364651375,14,18,8,0,0;-650387800,16,16,8,0,0;689145079,18,14,8,0,0;-390392942,20,12,8,0,0;125292245,22,10,8,0,0;-23725556,24,8,8,0,0;2621223,26,6,8,0,0;-154386,28,4,8,0,0;3645,30,2,8,0,0 || END 405,2,30,8,0,0;-22770,4,28,8,0,0;461439,6,26,8,0,0;-4916852,8,24,8,0,0;31756109,10,22,8,0,0;-132387278,12,20,8,0,0;364651375,14,18,8,0,0;-650387800,16,16,8,0,0;689145079,18,14,8,0,0;-390392942,20,12,8,0,0;125292245,22,10,8,0,0;-23725556,24,8,8,0,0;2621223,26,6,8,0,0;-154386,28,4,8,0,0;3645,30,2,8,0,0
CORES 1,0,4,0,2;1,0,4,2,0;-2,2,2,1,1;1,4,0,0,2;1,4,0,2,0 | re | -1,0,4,0,4;-1,0,4,4,0;2,1,3,4,0;-2,3,1,0,4;1,4,0,0,4;1,4,0,4,0 | im || LEAF 4 || STEP 0 1 2 | -6,0,4,0,0,2;2,0,4,0,2,0;20,2,2,0,0,2;-28,2,2,0,2,0;-6,4,0,0,0,2;2,4,0,0,2,0 | 1,0,0,0,0,2;1,0,0,0,2,0;-1,0,0,2,0,0 | -6,0,4,0,0,0;20,2,2,0,0,0;-6,4,0,0,0,0 | 4,0,4,0,2,0;-3,0,4,2,0,0;-24,2,2,0,2,0;10,2,2,2,0,0;4,4,0,0,2,0;-3,4,0,2,0,0 ## STEP 0 3 8 | 16,0,4,0,1,3;-16,0,4,0,3,1;-24,1,3,0,0,4;144,1,3,0,2,2;-24,1,3,0,4,0;8,3,1,0,0,4;-48,3,1,0,2,2;8,3,1,0,4,0;-16,4,0,0,1,3;16,4,0,0,3,1 | 1,0,0,0,0,2;1,0,0,0,2,0;-1,0,0,2,0,0 | 16,0,4,0,1,1;-24,1,3,0,0,2;168,1,3,0,2,0;-24,1,3,2,0,0;8,3,1,0,0,2;-56,3,1,0,2,0;8,3,1,2,0,0;-16,4,0,0,1,1 | -4,0,4,0,3,1;2,0,4,2,1,1;-24,1,3,0,4,0;24,1,3,2,2,0;-3,1,3,4,0,0;8,3,1,0,4,0;-8,3,1,2,2,0;1,3,1,4,0,0;4,4,0,0,3,1;-2,4,0,2,1,1 ## STEP 0 2 1 | 1,0,0,0,0,2;1,0,0,0,2,0;-1,0,0,2,0,0 | -4,0,4,0,3,1;2,0,4,2,1,1;-24,1,3,0,4,0;24,1,3,2,2,0;-3,1,3,4,0,0;8,3,1,0,4,0;-8,3,1,2,2,0;1,3,1,4,0,0;4,4,0,0,3,1;-2,4,0,2,1,1 | -4,0,4,0,3,1;2,0,4,2,1,1;24,1,3,0,4,0;-24,1,3,2,2,0;3,1,3,4,0,0;-8,3,1,0,4,0;8,3,1,2,2,0;-1,3,1,4,0,0;4,4,0,0,3,1;-2,4,0,2,1,1 | 16,0,8,0,8,0;-32,0,8,2,6,0;20,0,8,4,4,0;-4,0,8,6,2,0;576,2,6,0,8,0;-1152,2,6,2,6,0;720,2,6,4,4,0;-144,2,6,6,2,0;9,2,6,8,0,0;-416,4,4,0,8,0;832,4,4,2,6,0;-520,4,4,4,4,0;104,4,4,6,2,0;-6,4,4,8,0,0;64,6,2,0,8,0;-128,6,2,2,6,0;80,6,2,4,4,0;-16,6,2,6,2,0;1,6,2,8,0,0;16,8,0,0,8,0;-32,8,0,2,6,0;20,8,0,4,4,0;-4,8,0,6,2,0 ## STEP 1 4 16 | 16,0,8,0,8,0;-32,0,8,2,6,0;20,0,8,4,4,0;-4,0,8,6,2,0;576,2,6,0,8,0;-1152,2,6,2,6,0;720,2,6,4,4,0;-144,2,6,6,2,0;9,2,6,8,0,0;-416,4,4,0,8,0;832,4,4,2,6,0;-520,4,4,4,4,0;104,4,4,6,2,0;-6,4,4,8,0,0;64,6,2,0,8,0;-128,6,2,2,6,0;80,6,2,4,4,0;-16,6,2,6,2,0;1,6,2,8,0,0;16,8,0,0,8,0;-32,8,0,2,6,0;20,8,0,4,4,0;-4,8,0,6,2,0 | 4,0,4,0,2,0;-3,0,4,2,0,0;-24,2,2,0,2,0;10,2,2,2,0,0;4,4,0,0,2,0;-3,4,0,2,0,0 | 1024,0,20,0,6,0;-1280,0,20,2,4,0;320,0,20,4,2,0;-16,0,20,6,0,0;18432,2,18,0,6,0;-20992,2,18,2,4,0;4736,2,18,4,2,0;-416,2,18,6,0,0;-576512,4,16,0,6,0;769792,4,16,2,4,0;-200640,4,16,4,2,0;6960,4,16,6,0,0;4317184,6,14,0,6,0;-6256640,6,14,2,4,0;1902080,6,14,4,2,0;25216,6,14,6,0,0;-12204032,8,12,0,6,0;18679296,8,12,2,4,0;-6513024,8,12,4,2,0;24800,8,12,6,0,0;11218944,10,10,0,6,0;-17026048,10,10,2,4,0;5809920,10,10,4,2,0;64,10,10,6,0,0;-4536320,12,8,0,6,0;6669824,12,8,2,4,0;-2118016,12,8,4,2,0;-8992,12,8,6,0,0;712704,14,6,0,6,0;-964608,14,6,2,4,0;251392,14,6,4,2,0;-384,14,6,6,0,0;13312,16,4,0,6,0;-33024,16,4,2,4,0;16448,16,4,4,2,0;1840,16,4,6,0,0;-14336,18,2,0,6,0;19968,18,2,2,4,0;-5504,18,2,4,2,0;96,18,2,6,0,0;1024,20,0,0,6,0;-1280,20,0,2,4,0;320,20,0,4,2,0;-16,20,0,6,0,0 | -3,0,24,8,0,0;76,2,22,8,0,0;-1990,4,20,8,0,0;34300,6,18,8,0,0;-166093,8,16,8,0,0;332312,10,14,8,0,0;-313300,12,12,8,0,0;154840,14,10,8,0,0;-40653,16,8,8,0,0;4764,18,6,8,0,0;-198,20,4,8,0,0;44,22,2,8,0,0;-3,24,0,8,0,0 || END -3,0,24,8,0,0;76,2,22,8,0,0;-1990,4,20,8,0,0;34300,6,18,8,0,0;-166093,8,16,8,0,0;332312,10,14,8,0,0;-313300,12,12,8,0,0;154840,14,10,8,0,0;-40653,16,8,8,0,0;4764,18,6,8,0,0;-198,20,4,8,0,0;44,22,2,8,0,0;-3,24,0,8,0,0
CORES -1,0,4,0,4;-1,0,4,4,0;2,1,3,0,4;-2,3,1,4,0;1,4,0,0,4;1,4,0,4,0 | im | -1,0,4,0,2;-1,0,4,2,0;-2,2,2,1,1;-1,4,0,0,2;-1,4,0,2,0 | re || LEAF 4 || STEP 0 3 8 | -16,0,4,0,1,3;16,0,4,0,3,1;-24,1,3,0,0,4;144,1,3,0,2,2;-24,1,3,0,4,0;8,3,1,0,0,4;-48,3,1,0,2,2;8,3,1,0,4,0;16,4,0,0,1,3;-16,4,0,0,3,1 | 1,0,0,0,0,2;1,0,0,0,2,0;-1,0,0,2,0,0 | -16,0,4,0,1,1;-24,1,3,0,0,2;168,1,3,0,2,0;-24,1,3,2,0,0;8,3,1,0,0,2;-56,3,1,0,2,0;8,3,1,2,0,0;16,4,0,0,1,1 | 4,0,4,0,3,1;-2,0,4,2,1,1;-24,1,3,0,4,0;24,1,3,2,2,0;-3,1,3,4,0,0;8,3,1,0,4,0;-8,3,1,2,2,0;1,3,1,4,0,0;-4,4,0,0,3,1;2,4,0,2,1,1 ## STEP 0 2 1 | 1,0,0,0,0,2;1,0,0,0,2,0;-1,0,0,2,0,0 | 4,0,4,0,3,1;-2,0,4,2,1,1;-24,1,3,0,4,0;24,1,3,2,2,0;-3,1,3,4,0,0;8,3,1,0,4,0;-8,3,1,2,2,0;1,3,1,4,0,0;-4,4,0,0,3,1;2,4,0,2,1,1 | 4,0,4,0,3,1;-2,0,4,2,1,1;24,1,3,0,4,0;-24,1,3,2,2,0;3,1,3,4,0,0;-8,3,1,0,4,0;8,3,1,2,2,0;-1,3,1,4,0,0;-4,4,0,0,3,1;2,4,0,2,1,1 | 16,0,8,0,8,0;-32,0,8,2,6,0;20,0,8,4,4,0;-4,0,8,6,2,0;576,2,6,0,8,0;-1152,2,6,2,6,0;720,2,6,4,4,0;-144,2,6,6,2,0;9,2,6,8,0,0;-416,4,4,0,8,0;832,4,4,2,6,0;-520,4,4,4,4,0;104,4,4,6,2,0;-6,4,4,8,0,0;64,6,2,0,8,0;-128,6,2,2,6,0;80,6,2,4,4,0;-16,6,2,6,2,0;1,6,2,8,0,0;16,8,0,0,8,0;-32,8,0,2,6,0;20,8,0,4,4,0;-4,8,0,6,2,0 ## STEP 0 1 2 | 2,0,4,0,0,2;-6,0,4,0,2,0;-28,2,2,0,0,2;20,2,2,0,2,0;2,4,0,0,0,2;-6,4,0,0,2,0 | 1,0,0,0,0,2;1,0,0,0,2,0;-1,0,0,2,0,0 | 2,0,4,0,0,0;-28,2,2,0,0,0;2,4,0,0,0,0 | -4,0,4,0,2,0;1,0,4,2,0,0;24,2,2,0,2,0;-14,2,2,2,0,0;-4,4,0,0,2,0;1,4,0,2,0,0 ## STEP 1 4 16 | 16,0,8,0,8,0;-32,0,8,2,6,0;20,0,8,4,4,0;-4,0,8,6,2,0;576,2,6,0,8,0;-1152,2,6,2,6,0;720,2,6,4,4,0;-144,2,6,6,2,0;9,2,6,8,0,0;-416,4,4,0,8,0;832,4,4,2,6,0;-520,4,4,4,4,0;104,4,4,6,2,0;-6,4,4,8,0,0;64,6,2,0,8,0;-128,6,2,2,6,0;80,6,2,4,4,0;-16,6,2,6,2,0;1,6,2,8,0,0;16,8,0,0,8,0;-32,8,0,2,6,0;20,8,0,4,4,0;-4,8,0,6,2,0 | -4,0,4,0,2,0;1,0,4,2,0,0;24,2,2,0,2,0;-14,2,2,2,0,0;-4,4,0,0,2,0;1,4,0,2,0,0 | -1024,0,20,0,6,0;1792,0,20,2,4,0;-832,0,20,4,2,0;48,0,20,6,0,0;-18432,2,18,0,6,0;34304,2,18,2,4,0;-18048,2,18,4,2,0;1760,2,18,6,0,0;576512,4,16,0,6,0;-959744,4,16,2,4,0;390592,4,16,4,2,0;-400,4,16,6,0,0;-4317184,6,14,0,6,0;6694912,6,14,2,4,0;-2340352,6,14,4,2,0;-12160,6,14,6,0,0;12204032,8,12,0,6,0;-17932800,8,12,2,4,0;5766528,8,12,4,2,0;-12960,8,12,6,0,0;-11218944,10,10,0,6,0;16630784,10,10,2,4,0;-5414656,10,10,4,2,0;2880,10,10,6,0,0;4536320,12,8,0,6,0;-6939136,12,8,2,4,0;2387328,12,8,4,2,0;6496,12,8,6,0,0;-712704,14,6,0,6,0;1173504,14,6,2,4,0;-460288,14,6,4,2,0;-896,14,6,6,0,0;-13312,16,4,0,6,0;6912,16,4,2,4,0;9664,16,4,4,2,0;-1424,16,4,6,0,0;14336,18,2,0,6,0;-23040,18,2,2,4,0;8576,18,2,4,2,0;224,18,2,6,0,0;-1024,20,0,0,6,0;1792,20,0,2,4,0;-832,20,0,4,2,0;48,20,0,6,0,0 | -3,0,24,8,0,0;76,2,22,8,0,0;-1990,4,20,8,0,0;34300,6,18,8,0,0;-166093,8,16,8,0,0;332312,10,14,8,0,0;-313300,12,12,8,0,0;154840,14,10,8,0,0;-40653,16,8,8,0,0;4764,18,6,8,0,0;-198,20,4,8,0,0;44,22,2,8,0,0;-3,24,0,8,0,0 || END -3,0,24,8,0,0;76,2,22,8,0,0;-1990,4,20,8,0,0;34300,6,18,8,0,0;-166093,8,16,8,0,0;332312,10,14,8,0,0;-313300,12,12,8,0,0;154840,14,10,8,0,0;-40653,16,8,8,0,0;4764,18,6,8,0,0;-198,20,4,8,0,0;44,22,2,8,0,0;-3,24,0,8,0,0
CORES -1,0,2,0,4;-1,0,2,4,0;-2,1,1,2,2;-1,2,0,0,4;-1,2,0,4,0 | re | -1,0,4,0,2;-1,0,4,2,0;-2,2,2,1,1;-1,4,0,0,2;-1,4,0,2,0 | re || LEAF 3 || STEP 0 2 2 | 2,0,2,0,0,4;-28,0,2,0,2,2;2,0,2,0,4,0;-6,2,0,0,0,4;20,2,0,0,2,2;-6,2,0,0,4,0 | 1,0,0,0,0,2;1,0,0,0,2,0;-1,0,0,2,0,0 | 2,0,2,0,0,2;-30,0,2,0,2,0;2,0,2,2,0,0;-6,2,0,0,0,2;26,2,0,0,2,0;-6,2,0,2,0,0 | 16,0,2,0,4,0;-16,0,2,2,2,0;1,0,2,4,0,0;-16,2,0,0,4,0;16,2,0,2,2,0;-3,2,0,4,0,0 ## STEP 0 1 2 | 2,0,4,0,0,2;-6,0,4,0,2,0;-28,2,2,0,0,2;20,2,2,0,2,0;2,4,0,0,0,2;-6,4,0,0,2,0 | 1,0,0,0,0,2;1,0,0,0,2,0;-1,0,0,2,0,0 | 2,0,4,0,0,0;-28,2,2,0,0,0;2,4,0,0,0,0 | -4,0,4,0,2,0;1,0,4,2,0,0;24,2,2,0,2,0;-14,2,2,2,0,0;-4,4,0,0,2,0;1,4,0,2,0,0 ## STEP 1 2 32 | 16,0,2,0,4,0;-16,0,2,2,2,0;1,0,2,4,0,0;-16,2,0,0,4,0;16,2,0,2,2,0;-3,2,0,4,0,0 | -4,0,4,0,2,0;1,0,4,2,0,0;24,2,2,0,2,0;-14,2,2,2,0,0;-4,4,0,0,2,0;1,4,0,2,0,0 | -64,0,6,0,2,0;48,0,6,2,0,0;448,2,4,0,2,0;-208,2,4,2,0,0;-448,4,2,0,2,0;208,4,2,2,0,0;64,6,0,0,2,0;-48,6,0,2,0,0 | -1,0,10,4,0,0;20,2,8,4,0,0;-62,4,6,4,0,0;36,6,4,4,0,0;-9,8,2,4,0,0 || END -1,0,10,4,0,0;20,2,8,4,0,0;-62,4,6,4,0,0;36,6,4,4,0,0;-9,8,2,4,0,0
CORES 1,0,4,2,2;1,0,4,4,0;2,1,3,4,0;-2,3,1,0,4;-1,4,0,0,4;-1,4,0,2,2 | im | 2,0,4,0,2;-1,0,4,2,0;1,4,0,0,2;-2,4,0,2,0 | im || LEAF 5 || STEP 0 3 8 | 8,0,4,0,1,3;-8,0,4,0,3,1;8,1,3,0,0,4;16,1,3,0,2,2;8,1,3,0,4,0;48,2,2,0,1,3;-48,2,2,0,3,1;-24,3,1,0,0,4;80,3,1,0,2,2;-24,3,1,0,4,0;-24,4,0,0,1,3;24,4,0,0,3,1 | 1,0,0,0,0,2;1,0,0,0,2,0;-1,0,0,2,0,0 | 8,0,4,0,1,1;8,1,3,0,0,2;8,1,3,0,2,0;8,1,3,2,0,0;48,2,2,0,1,1;-24,3,1,0,0,2;104,3,1,0,2,0;-24,3,1,2,0,0;-24,4,0,0,1,1 | -2,0,4,0,3,1;1,0,4,2,1,1;1,1,3,4,0,0;-12,2,2,0,3,1;6,2,2,2,1,1;-16,3,1,0,4,0;16,3,1,2,2,0;-3,3,1,4,0,0;6,4,0,0,3,1;-3,4,0,2,1,1 ## STEP 0 2 1 | 1,0,0,0,0,2;1,0,0,0,2,0;-1,0,0,2,0,0 | -2,0,4,0,3,1;1,0,4,2,1,1;1,1,3,4,0,0;-12,2,2,0,3,1;6,2,2,2,1,1;-16,3,1,0,4,0;16,3,1,2,2,0;-3,3,1,4,0,0;6,4,0,0,3,1;-3,4,0,2,1,1 | -2,0,4,0,3,1;1,0,4,2,1,1;-1,1,3,4,0,0;-12,2,2,0,3,1;6,2,2,2,1,1;16,3,1,0,4,0;-16,3,1,2,2,0;3,3,1,4,0,0;6,4,0,0,3,1;-3,4,0,2,1,1 | 4,0,8,0,8,0;-8,0,8,2,6,0;5,0,8,4,4,0;-1,0,8,6,2,0;48,2,6,0,8,0;-96,2,6,2,6,0;60,2,6,4,4,0;-12,2,6,6,2,0;1,2,6,8,0,0;120,4,4,0,8,0;-240,4,4,2,6,0;118,4,4,4,4,0;2,4,4,6,2,0;-6,4,4,8,0,0;112,6,2,0,8,0;-224,6,2,2,6,0;172,6,2,4,4,0;-60,6,2,6,2,0;9,6,2,8,0,0;36,8,0,0,8,0;-72,8,0,2,6,0;45,8,0,4,4,0;-9,8,0,6,2,0 ## STEP 0 1 4 | -12,0,4,0,1,1;-8,1,3,0,0,2;8,1,3,0,2,0;72,2,2,0,1,1;8,3,1,0,0,2;-8,3,1,0,2,0;-12,4,0,0,1,1 | 1,0,0,0,0,2;1,0,0,0,2,0;-1,0,0,2,0,0 | -8,1,3,0,0,0;8,3,1,0,0,0 | -3,0,4,0,1,1;4,1,3,0,2,0;-2,1,3,2,0,0;18,2,2,0,1,1;-4,3,1,0,2,0;2,3,1,2,0,0;-3,4,0,0,1,1 ## STEP 0 2 1 | 1,0,0,0,0,2;1,0,0,0,2,0;-1,0,0,2,0,0 | -3,0,4,0,1,1;4,1,3,0,2,0;-2,1,3,2,0,0;18,2,2,0,1,1;-4,3,1,0,2,0;2,3,1,2,0,0;-3,4,0,0,1,1 | -3,0,4,0,1,1;-4,1,3,0,2,0;2,1,3,2,0,0;18,2,2,0,1,1;4,3,1,0,2,0;-2,3,1,2,0,0;-3,4,0,0,1,1 | 9,0,8,0,4,0;-9,0,8,2,2,0;-92,2,6,0,4,0;92,2,6,2,2,0;4,2,6,4,0,0;310,4,4,0,4,0;-310,4,4,2,2,0;-8,4,4,4,0,0;-92,6,2,0,4,0;92,6,2,2,2,0;4,6,2,4,0,0;9,8,0,0,4,0;-9,8,0,2,2,0 ## STEP 1 3 1 | 4,0,8,0,8,0;-8,0,8,2,6,0;5,0,8,4,4,0;-1,0,8,6,2,0;48,2,6,0,8,0;-96,2,6,2,6,0;60,2,6,4,4,0;-12,2,6,6,2,0;1,2,6,8,0,0;120,4,4,0,8,0;-240,4,4,2,6,0;118,4,4,4,4,0;2,4,4,6,2,0;-6,4,4,8,0,0;112,6,2,0,8,0;-224,6,2,2,6,0;172,6,2,4,4,0;-60,6,2,6,2,0;9,6,2,8,0,0;36,8,0,0,8,0;-72,8,0,2,6,0;45,8,0,4,4,0;-9,8,0,6,2,0 | 9,0,8,0,4,0;-9,0,8,2,2,0;-92,2,6,0,4,0;92,2,6,2,2,0;4,2,6,4,0,0;310,4,4,0,4,0;-310,4,4,2,2,0;-8,4,4,4,0,0;-92,6,2,0,4,0;92,6,2,2,2,0;4,6,2,4,0,0;9,8,0,0,4,0;-9,8,0,2,2,0 | 324,0,24,0,4,0;-324,0,24,2,2,0;81,0,24,4,0,0;-2736,2,22,0,4,0;2736,2,22,2,2,0;-828,2,22,4,0,0;-13592,4,20,0,4,0;13592,4,20,2,2,0;-5958,4,20,4,0,0;249680,6,18,0,4,0;-249680,6,18,2,2,0;126756,6,18,4,0,0;-861924,8,16,0,4,0;861924,8,16,2,2,0;-752825,8,16,4,0,0;-331872,10,14,0,4,0;331872,10,14,2,2,0;2197576,10,14,4,0,0;4753200,12,12,0,4,0;-4753200,12,12,2,2,0;-4230452,12,12,4,0,0;4188192,14,10,0,4,0;-4188192,14,10,2,2,0;6614696,14,10,4,0,0;-892996,16,8,0,4,0;892996,16,8,2,2,0;-2609425,16,8,4,0,0;-734960,18,6,0,4,0;734960,18,6,2,2,0;291188,18,6,4,0,0;329832,20,4,0,4,0;-329832,20,4,2,2,0;38682,20,4,4,0,0;-50544,22,2,0,4,0;50544,22,2,2,2,0;-11340,22,2,4,0,0;2916,24,0,0,4,0;-2916,24,0,2,2,0;729,24,0,4,0,0 | 405,2,30,8,0,0;-22770,4,28,8,0,0;461439,6,26,8,0,0;-4916852,8,24,8,0,0;31756109,10,22,8,0,0;-132387278,12,20,8,0,0;364651375,14,18,8,0,0;-650387800,16,16,8,0,0;689145079,18,14,8,0,0;-390392942,20,12,8,0,0;125292245,22,10,8,0,0;-23725556,24,8,8,0,0;2621223,26,6,8,0,0;-154386,28,4,8,0,0;3645,30,2,8,0,0 || END 405,2,30,8,0,0;-22770,4,28,8,0,0;461439,6,26,8,0,0;-4916852,8,24,8,0,0;31756109,10,22,8,0,0;-132387278,12,20,8,0,0;364651375,14,18,8,0,0;-650387800,16,16,8,0,0;689145079,18,14,8,0,0;-390392942,20,12,8,0,0;125292245,22,10,8,0,0;-23725556,24,8,8,0,0;2621223,26,6,8,0,0;-154386,28,4,8,0,0;3645,30,2,8,0,0
CORES 1,0,4,0,4;1,0,4,4,0;2,1,3,0,4;-2,3,1,4,0;-1,4,0,0,4;-1,4,0,4,0 | im | -1,0,4,0,2;-1,0,4,2,0;-2,2,2,1,1;-1,4,0,0,2;-1,4,0,2,0 | re || LEAF 4 || STEP 0 3 8 | -16,0,4,0,1,3;16,0,4,0,3,1;8,1,3,0,0,4;-48,1,3,0,2,2;8,1,3,0,4,0;-24,3,1,0,0,4;144,3,1,0,2,2;-24,3,1,0,4,0;16,4,0,0,1,3;-16,4,0,0,3,1 | 1,0,0,0,0,2;1,0,0,0,2,0;-1,0,0,2,0,0 | -16,0,4,0,1,1;8,1,3,0,0,2;-56,1,3,0,2,0;8,1,3,2,0,0;-24,3,1,0,0,2;168,3,1,0,2,0;-24,3,1,2,0,0;16,4,0,0,1,1 | 4,0,4,0,3,1;-2,0,4,2,1,1;8,1,3,0,4,0;-8,1,3,2,2,0;1,1,3,4,0,0;-24,3,1,0,4,0;24,3,1,2,2,0;-3,3,1,4,0,0;-4,4,0,0,3,1;2,4,0,2,1,1 ## STEP 0 2 1 | 1,0,0,0,0,2;1,0,0,0,2,0;-1,0,0,2,0,0 | 4,0,4,0,3,1;-2,0,4,2,1,1;8,1,3,0,4,0;-8,1,3,2,2,0;1,1,3,4,0,0;-24,3,1,0,4,0;24,3,1,2,2,0;-3,3,1,4,0,0;-4,4,0,0,3,1;2,4,0,2,1,1 | 4,0,4,0,3,1;-2,0,4,2,1,1;-8,1,3,0,4,0;8,1,3,2,2,0;-1,1,3,4,0,0;24,3,1,0,4,0;-24,3,1,2,2,0;3,3,1,4,0,0;-4,4,0,0,3,1;2,4,0,2,1,1 | 16,0,8,0,8,0;-32,0,8,2,6,0;20,0,8,4,4,0;-4,0,8,6,2,0;64,2,6,0,8,0;-128,2,6,2,6,0;80,2,6,4,4,0;-16,2,6,6,2,0;1,2,6,8,0,0;-416,4,4,0,8,0;832,4,4,2,6,0;-520,4,4,4,4,0;104,4,4,6,2,0;-6,4,4,8,0,0;576,6,2,0,8,0;-1152,6,2,2,6,0;720,6,2,4,4,0;-144,6,2,6,2,0;9,6,2,8,0,0;16,8,0,0,8,0;-32,8,0,2,6,0;20,8,0,4,4,0;-4,8,0,6,2,0 ## STEP 0 1 2 | 2,0,4,0,0,2;-6,0,4,0,2,0;-28,2,2,0,0,2;20,2,2,0,2,0;2,4,0,0,0,2;-6,4,0,0,2,0 | 1,0,0,0,0,2;1,0,0,0,2,0;-1,0,0,2,0,0 | 2,0,4,0,0,0;-28,2,2,0,0,0;2,4,0,0,0,0 | -4,0,4,0,2,0;1,0,4,2,0,0;24,2,2,0,2,0;-14,2,2,2,0,0;-4,4,0,0,2,0;1,4,0,2,0,0 ## STEP 1 4 16 | 16,0,8,0,8,0;-32,0,8,2,6,0;20,0,8,4,4,0;-4,0,8,6,2,0;64,2,6,0,8,0;-128,2,6,2,6,0;80,2,6,4,4,0;-16,2,6,6,2,0;1,2,6,8,0,0;-416,4,4,0,8,0;832,4,4,2,6,0;-520,4,4,4,4,0;104,4,4,6,2,0;-6,4,4,8,0,0;576,6,2,0,8,0;-1152,6,2,2,6,0;720,6,2,4,4,0;-144,6,2,6,2,0;9,6,2,8,0,0;16,8,0,0,8,0;-32,8,0,2,6,0;20,8,0,4,4,0;-4,8,0,6,2,0 | -4,0,4,0,2,0;1,0,4,2,0,0;24,2,2,0,2,0;-14,2,2,2,0,0;-4,4,0,0,2,0;1,4,0,2,0,0 | -1024,0,20,0,6,0;1792,0,20,2,4,0;-832,0,20,4,2,0;48,0,20,6,0,0;14336,2,18,0,6,0;-23040,2,18,2,4,0;8576,2,18,4,2,0;224,2,18,6,0,0;-13312,4,16,0,6,0;6912,4,16,2,4,0;9664,4,16,4,2,0;-1424,4,16,6,0,0;-712704,6,14,0,6,0;1173504,6,14,2,4,0;-460288,6,14,4,2,0;-896,6,14,6,0,0;4536320,8,12,0,6,0;-6939136,8,12,2,4,0;2387328,8,12,4,2,0;6496,8,12,6,0,0;-11218944,10,10,0,6,0;16630784,10,10,2,4,0;-5414656,10,10,4,2,0;2880,10,10,6,0,0;12204032,12,8,0,6,0;-17932800,12,8,2,4,0;5766528,12,8,4,2,0;-12960,12,8,6,0,0;-4317184,14,6,0,6,0;6694912,14,6,2,4,0;-2340352,14,6,4,2,0;-12160,14,6,6,0,0;576512,16,4,0,6,0;-959744,16,4,2,4,0;390592,16,4,4,2,0;-400,16,4,6,0,0;-18432,18,2,0,6,0;34304,18,2,2,4,0;-18048,18,2,4,2,0;1760,18,2,6,0,0;-1024,20,0,0,6,0;1792,20,0,2,4,0;-832,20,0,4,2,0;48,20,0,6,0,0 | -3,0,24,8,0,0;44,2,22,8,0,0;-198,4,20,8,0,0;4764,6,18,8,0,0;-40653,8,16,8,0,0;154840,10,14,8,0,0;-313300,12,12,8,0,0;332312,14,10,8,0,0;-166093,16,8,8,0,0;34300,18,6,8,0,0;-1990,20,4,8,0,0;76,22,2,8,0,0;-3,24,0,8,0,0 || END -3,0,24,8,0,0;44,2,22,8,0,0;-198,4,20,8,0,0;4764,6,18,8,0,0;-40653,8,16,8,0,0;154840,10,14,8,0,0;-313300,12,12,8,0,0;332312,14,10,8,0,0;-166093,16,8,8,0,0;34300,18,6,8,0,0;-1990,20,4,8,0,0;76,22,2,8,0,0;-3,24,0,8,0,0
CORES 2,0,4,0,2;1,0,4,2,0;1,4,0,0,2;2,4,0,2,0 | re | -1,0,4,2,2;1,0,4,4,0;2,1,3,0,4;-2,3,1,4,0;-1,4,0,0,4;1,4,0,2,2 | im || LEAF 5 || STEP 0 1 2 | -6,0,4,0,0,2;6,0,4,0,2,0;16,1,3,0,1,1;36,2,2,0,0,2;-36,2,2,0,2,0;-16,3,1,0,1,1;-6,4,0,0,0,2;6,4,0,0,2,0 | 1,0,0,0,0,2;1,0,0,0,2,0;-1,0,0,2,0,0 | -6,0,4,0,0,0;36,2,2,0,0,0;-6,4,0,0,0,0 | 6,0,4,0,2,0;-3,0,4,2,0,0;8,1,3,0,1,1;-36,2,2,0,2,0;18,2,2,2,0,0;-8,3,1,0,1,1;6,4,0,0,2,0;-3,4,0,2,0,0 ## STEP 0 2 1 | 1,0,0,0,0,2;1,0,0,0,2,0;-1,0,0,2,0,0 | 6,0,4,0,2,0;-3,0,4,2,0,0;8,1,3,0,1,1;-36,2,2,0,2,0;18,2,2,2,0,0;-8,3,1,0,1,1;6,4,0,0,2,0;-3,4,0,2,0,0 | -6,0,4,0,2,0;3,0,4,2,0,0;8,1,3,0,1,1;36,2,2,0,2,0;-18,2,2,2,0,0;-8,3,1,0,1,1;-6,4,0,0,2,0;3,4,0,2,0,0 | 36,0,8,0,4,0;-36,0,8,2,2,0;9,0,8,4,0,0;-368,2,6,0,4,0;368,2,6,2,2,0;-108,2,6,4,0,0;1240,4,4,0,4,0;-1240,4,4,2,2,0;342,4,4,4,0,0;-368,6,2,0,4,0;368,6,2,2,2,0;-108,6,2,4,0,0;36,8,0,0,4,0;-36,8,0,2,2,0;9,8,0,4,0,0 ## STEP 0 3 8 | -24,0,4,0,1,3;24,0,4,0,3,1;-8,1,3,0,0,4;-16,1,3,0,2,2;-8,1,3,0,4,0;48,2,2,0,1,3;-48,2,2,0,3,1;-8,3,1,0,0,4;112,3,1,0,2,2;-8,3,1,0,4,0;8,4,0,0,1,3;-8,4,0,0,3,1 | 1,0,0,0,0,2;1,0,0,0,2,0;-1,0,0,2,0,0 | -24,0,4,0,1,1;-8,1,3,0,0,2;-8,1,3,0,2,0;-8,1,3,2,0,0;48,2,2,0,1,1;-8,3,1,0,0,2;120,3,1,0,2,0;-8,3,1,2,0,0;8,4,0,0,1,1 | 6,0,4,0,3,1;-3,0,4,2,1,1;-1,1,3,4,0,0;-12,2,2,0,3,1;6,2,2,2,1,1;-16,3,1,0,4,0;16,3,1,2,2,0;-1,3,1,4,0,0;-2,4,0,0,3,1;1,4,0,2,1,1 ## STEP 0 2 1 | 1,0,0,0,0,2;1,0,0,0,2,0;-1,0,0,2,0,0 | 6,0,4,0,3,1;-3,0,4,2,1,1;-1,1,3,4,0,0;-12,2,2,0,3,1;6,2,2,2,1,1;-16,3,1,0,4,0;16,3,1,2,2,0;-1,3,1,4,0,0;-2,4,0,0,3,1;1,4,0,2,1,1 | 6,0,4,0,3,1;-3,0,4,2,1,1;1,1,3,4,0,0;-12,2,2,0,3,1;6,2,2,2,1,1;16,3,1,0,4,0;-16,3,1,2,2,0;1,3,1,4,0,0;-2,4,0,0,3,1;1,4,0,2,1,1 | 36,0,8,0,8,0;-72,0,8,2,6,0;45,0,8,4,4,0;-9,0,8,6,2,0;-144,2,6,0,8,0;288,2,6,2,6,0;-180,2,6,4,4,0;36,2,6,6,2,0;1,2,6,8,0,0;120,4,4,0,8,0;-240,4,4,2,6,0;182,4,4,4,4,0;-62,4,4,6,2,0;2,4,4,8,0,0;304,6,2,0,8,0;-608,6,2,2,6,0;348,6,2,4,4,0;-44,6,2,6,2,0;1,6,2,8,0,0;4,8,0,0,8,0;-8,8,0,2,6,0;5,8,0,4,4,0;-1,8,0,6,2,0 ## STEP 1 3 64 | 36,0,8,0,8,0;-72,0,8,2,6,0;45,0,8,4,4,0;-9,0,8,6,2,0;-144,2,6,0,8,0;288,2,6,2,6,0;-180,2,6,4,4,0;36,2,6,6,2,0;1,2,6,8,0,0;120,4,4,0,8,0;-240,4,4,2,6,0;182,4,4,4,4,0;-62,4,4,6,2,0;2,4,4,8,0,0;304,6,2,0,8,0;-608,6,2,2,6,0;348,6,2,4,4,0;-44,6,2,6,2,0;1,6,2,8,0,0;4,8,0,0,8,0;-8,8,0,2,6,0;5,8,0,4,4,0;-1,8,0,6,2,0 | 36,0,8,0,4,0;-36,0,8,2,2,0;9,0,8,4,0,0;-368,2,6,0,4,0;368,2,6,2,2,0;-108,2,6,4,0,0;1240,4,4,0,4,0;-1240,4,4,2,2,0;342,4,4,4,0,0;-368,6,2,0,4,0;368,6,2,2,2,0;-108,6,2,4,0,0;36,8,0,0,4,0;-36,8,0,2,2,0;9,8,0,4,0,0 | 46656,0,24,0,4,0;-46656,0,24,2,2,0;-1140480,2,22,0,4,0;1140480,2,22,2,2,0;20736,2,22,4,0,0;12060288,4,20,0,4,0;-12060288,4,20,2,2,0;-294912,4,20,4,0,0;-68951808,6,18,0,4,0;68951808,6,18,2,2,0;1352448,6,18,4,0,0;219347904,8,16,0,4,0;-219347904,8,16,2,2,0;880640,8,16,4,0,0;-339090944,10,14,0,4,0;339090944,10,14,2,2,0;-26949120,10,14,4,0,0;76051200,12,12,0,4,0;-76051200,12,12,2,2,0;86700032,12,12,4,0,0;400792064,14,10,0,4,0;-400792064,14,10,2,2,0;-98621952,14,10,4,0,0;-247426624,16,8,0,4,0;247426624,16,8,2,2,0;45895680,16,8,4,0,0;61187328,18,6,0,4,0;-61187328,18,6,2,2,0;-9980672,18,6,4,0,0;-7000448,20,4,0,4,0;7000448,20,4,2,2,0;1036288,20,4,4,0,0;288000,22,2,0,4,0;-288000,22,2,2,2,0;-39168,22,2,4,0,0;5184,24,0,0,4,0;-5184,24,0,2,2,0 | -2187,2,30,8,0,0;55566,4,28,8,0,0;-538785,6,26,8,0,0;2013580,8,24,8,0,0;4095149,10,22,8,0,0;-70985678,12,20,8,0,0;301658575,14,18,8,0,0;-650387800,16,16,8,0,0;752137879,18,14,8,0,0;-451794542,20,12,8,0,0;152953205,22,10,8,0,0;-30655988,24,8,8,0,0;3621447,26,6,8,0,0;-232722,28,4,8,0,0;6237,30,2,8,0,0 || END -2187,2,30,8,0,0;55566,4,28,8,0,0;-538785,6,26,8,0,0;2013580,8,24,8,0,0;4095149,10,22,8,0,0;-70985678,12,20,8,0,0;301658575,14,18,8,0,0;-650387800,16,16,8,0,0;752137879,18,14,8,0,0;-451794542,20,12,8,0,0;152953205,22,10,8,0,0;-30655988,24,8,8,0,0;3621447,26,6,8,0,0;-232722,28,4,8,0,0;6237,30,2,8,0,0
CORES 1,0,4,2,2;1,0,4,4,0;2,1,3,0,4;-2,3,1,4,0;-1,4,0,0,4;-1,4,0,2,2 | im | 2,0,4,0,2;-1,0,4,2,0;1,4,0,0,2;-2,4,0,2,0 | im || LEAF 5 || STEP 0 3 8 | -24,0,4,0,1,3;24,0,4,0,3,1;8,1,3,0,0,4;16,1,3,0,2,2;8,1,3,0,4,0;48,2,2,0,1,3;-48,2,2,0,3,1;-24,3,1,0,0,4;80,3,1,0,2,2;-24,3,1,0,4,0;8,4,0,0,1,3;-8,4,0,0,3,1 | 1,0,0,0,0,2;1,0,0,0,2,0;-1,0,0,2,0,0 | -24,0,4,0,1,1;8,1,3,0,0,2;8,1,3,0,2,0;8,1,3,2,0,0;48,2,2,0,1,1;-24,3,1,0,0,2;104,3,1,0,2,0;-24,3,1,2,0,0;8,4,0,0,1,1 | 6,0,4,0,3,1;-3,0,4,2,1,1;1,1,3,4,0,0;-12,2,2,0,3,1;6,2,2,2,1,1;-16,3,1,0,4,0;16,3,1,2,2,0;-3,3,1,4,0,0;-2,4,0,0,3,1;1,4,0,2,1,1 ## STEP 0 2 1 | 1,0,0,0,0,2;1,0,0,0,2,0;-1,0,0,2,0,0 | 6,0,4,0,3,1;-3,0,4,2,1,1;1,1,3,4,0,0;-12,2,2,0,3,1;6,2,2,2,1,1;-16,3,1,0,4,0;16,3,1,2,2,0;-3,3,1,4,0,0;-2,4,0,0,3,1;1,4,0,2,1,1 | 6,0,4,0,3,1;-3,0,4,2,1,1;-1,1,3,4,0,0;-12,2,2,0,3,1;6,2,2,2,1,1;16,3,1,0,4,0;-16,3,1,2,2,0;3,3,1,4,0,0;-2,4,0,0,3,1;1,4,0,2,1,1 | 36,0,8,0,8,0;-72,0,8,2,6,0;45,0,8,4,4,0;-9,0,8,6,2,0;-144,2,6,0,8,0;288,2,6,2,6,0;-180,2,6,4,4,0;36,2,6,6,2,0;1,2,6,8,0,0;120,4,4,0,8,0;-240,4,4,2,6,0;118,4,4,4,4,0;2,4,4,6,2,0;-6,4,4,8,0,0;304,6,2,0,8,0;-608,6,2,2,6,0;412,6,2,4,4,0;-108,6,2,6,2,0;9,6,2,8,0,0;4,8,0,0,8,0;-8,8,0,2,6,0;5,8,0,4,4,0;-1,8,0,6,2,0 ## STEP 0 1 4 | -12,0,4,0,1,1;-8,1,3,0,0,2;8,1,3,0,2,0;72,2,2,0,1,1;8,3,1,0,0,2;-8,3,1,0,2,0;-12,4,0,0,1,1 | 1,0,0,0,0,2;1,0,0,0,2,0;-1,0,0,2,0,0 | -8,1,3,0,0,0;8,3,1,0,0,0 | -3,0,4,0,1,1;4,1,3,0,2,0;-2,1,3,2,0,0;18,2,2,0,1,1;-4,3,1,0,2,0;2,3,1,2,0,0;-3,4,0,0,1,1 ## STEP 0 2 1 | 1,0,0,0,0,2;1,0,0,0,2,0;-1,0,0,2,0,0 | -3,0,4,0,1,1;4,1,3,0,2,0;-2,1,3,2,0,0;18,2,2,0,1,1;-4,3,1,0,2,0;2,3,1,2,0,0;-3,4,0,0,1,1 | -3,0,4,0,1,1;-4,1,3,0,2,0;2,1,3,2,0,0;18,2,2,0,1,1;4,3,1,0,2,0;-2,3,1,2,0,0;-3,4,0,0,1,1 | 9,0,8,0,4,0;-9,0,8,2,2,0;-92,2,6,0,4,0;92,2,6,2,2,0;4,2,6,4,0,0;310,4,4,0,4,0;-310,4,4,2,2,0;-8,4,4,4,0,0;-92,6,2,0,4,0;92,6,2,2,2,0;4,6,2,4,0,0;9,8,0,0,4,0;-9,8,0,2,2,0 ## STEP 1 3 1 | 36,0,8,0,8,0;-72,0,8,2,6,0;45,0,8,4,4,0;-9,0,8,6,2,0;-144,2,6,0,8,0;288,2,6,2,6,0;-180,2,6,4,4,0;36,2,6,6,2,0;1,2,6,8,0,0;120,4,4,0,8,0;-240,4,4,2,6,0;118,4,4,4,4,0;2,4,4,6,2,0;-6,4,4,8,0,0;304,6,2,0,8,0;-608,6,2,2,6,0;412,6,2,4,4,0;-108,6,2,6,2,0;9,6,2,8,0,0;4,8,0,0,8,0;-8,8,0,2,6,0;5,8,0,4,4,0;-1,8,0,6,2,0 | 9,0,8,0,4,0;-9,0,8,2,2,0;-92,2,6,0,4,0;92,2,6,2,2,0;4,2,6,4,0,0;310,4,4,0,4,0;-310,4,4,2,2,0;-8,4,4,4,0,0;-92,6,2,0,4,0;92,6,2,2,2,0;4,6,2,4,0,0;9,8,0,0,4,0;-9,8,0,2,2,0 | 2916,0,24,0,4,0;-2916,0,24,2,2,0;729,0,24,4,0,0;-71280,2,22,0,4,0;71280,2,22,2,2,0;-19116,2,22,4,0,0;753768,4,20,0,4,0;-753768,4,20,2,2,0;206874,4,20,4,0,0;-4309488,6,18,0,4,0;4309488,6,18,2,2,0;-1161900,6,18,4,0,0;13709244,8,16,0,4,0;-13709244,8,16,2,2,0;3372271,8,16,4,0,0;-21193184,10,14,0,4,0;21193184,10,14,2,2,0;-3613976,10,14,4,0,0;4753200,12,12,0,4,0;-4753200,12,12,2,2,0;-4230452,12,12,4,0,0;25049504,14,10,0,4,0;-25049504,14,10,2,2,0;12426248,14,10,4,0,0;-15464164,16,8,0,4,0;15464164,16,8,2,2,0;-6734521,16,8,4,0,0;3824208,18,6,0,4,0;-3824208,18,6,2,2,0;1579844,18,6,4,0,0;-437528,20,4,0,4,0;437528,20,4,2,2,0;-174150,20,4,4,0,0;18000,22,2,0,4,0;-18000,22,2,2,2,0;6948,22,2,4,0,0;324,24,0,0,4,0;-324,24,0,2,2,0;81,24,0,4,0,0 | -2187,2,30,8,0,0;55566,4,28,8,0,0;-538785,6,26,8,0,0;2013580,8,24,8,0,0;4095149,10,22,8,0,0;-70985678,12,20,8,0,0;301658575,14,18,8,0,0;-650387800,16,16,8,0,0;752137879,18,14,8,0,0;-451794542,20,12,8,0,0;152953205,22,10,8,0,0;-30655988,24,8,8,0,0;3621447,26,6,8,0,0;-232722,28,4,8,0,0;6237,30,2,8,0,0 || END -2187,2,30,8,0,0;55566,4,28,8,0,0;-538785,6,26,8,0,0;2013580,8,24,8,0,0;4095149,10,22,8,0,0;-70985678,12,20,8,0,0;301658575,14,18,8,0,0;-650387800,16,16,8,0,0;752137879,18,14,8,0,0;-451794542,20,12,8,0,0;152953205,22,10,8,0,0;-30655988,24,8,8,0,0;3621447,26,6,8,0,0;-232722,28,4,8,0,0;6237,30,2,8,0,0
CORES -1,0,4,0,1;2,0,4,1,0;-2,4,0,0,1;1,4,0,1,0 | im | -1,0,4,0,2;-1,0,4,1,1;2,1,3,0,2;-2,3,1,2,0;1,4,0,1,1;1,4,0,2,0 | im || LEAF 4 || STEP 0 2 4 | 1,0,0,0,0,2;1,0,0,0,2,0;-1,0,0,2,0,0 | 6,0,4,0,0,1;8,1,3,0,1,0;-36,2,2,0,0,1;-8,3,1,0,1,0;6,4,0,0,0,1 | 6,0,4,0,0,1;-8,1,3,0,1,0;-36,2,2,0,0,1;8,3,1,0,1,0;6,4,0,0,0,1 | 9,0,8,0,2,0;-9,0,8,2,0,0;-92,2,6,0,2,0;108,2,6,2,0,0;310,4,4,0,2,0;-342,4,4,2,0,0;-92,6,2,0,2,0;108,6,2,2,0,0;9,8,0,0,2,0;-9,8,0,2,0,0 ## STEP 0 1 4 | 12,0,4,0,1,1;8,1,3,0,0,2;-24,1,3,0,2,0;-24,2,2,0,1,1;8,3,1,0,0,2;8,3,1,0,2,0;-4,4,0,0,1,1 | 1,0,0,0,0,2;1,0,0,0,2,0;-1,0,0,2,0,0 | 8,1,3,0,0,0;8,3,1,0,0,0 | 3,0,4,0,1,1;-8,1,3,0,2,0;2,1,3,2,0,0;-6,2,2,0,1,1;2,3,1,2,0,0;-1,4,0,0,1,1 ## STEP 0 2 1 | 1,0,0,0,0,2;1,0,0,0,2,0;-1,0,0,2,0,0 | 3,0,4,0,1,1;-8,1,3,0,2,0;2,1,3,2,0,0;-6,2,2,0,1,1;2,3,1,2,0,0;-1,4,0,0,1,1 | 3,0,4,0,1,1;8,1,3,0,2,0;-2,1,3,2,0,0;-6,2,2,0,1,1;-2,3,1,2,0,0;-1,4,0,0,1,1 | 9,0,8,0,4,0;-9,0,8,2,2,0;28,2,6,0,4,0;4,2,6,2,2,0;4,2,6,4,0,0;30,4,4,0,4,0;-62,4,4,2,2,0;8,4,4,4,0,0;12,6,2,0,4,0;-12,6,2,2,2,0;4,6,2,4,0,0;1,8,0,0,4,0;-1,8,0,2,2,0 ## STEP 1 2 4 | 9,0,8,0,4,0;-9,0,8,2,2,0;28,2,6,0,4,0;4,2,6,2,2,0;4,2,6,4,0,0;30,4,4,0,4,0;-62,4,4,2,2,0;8,4,4,4,0,0;12,6,2,0,4,0;-12,6,2,2,2,0;4,6,2,4,0,0;1,8,0,0,4,0;-1,8,0,2,2,0 | 9,0,8,0,2,0;-9,0,8,2,0,0;-92,2,6,0,2,0;108,2,6,2,0,0;310,4,4,0,2,0;-342,4,4,2,0,0;-92,6,2,0,2,0;108,6,2,2,0,0;9,8,0,0,2,0;-9,8,0,2,0,0 | 81,0,16,0,2,0;-576,2,14,0,2,0;144,2,14,2,0,0;484,4,12,0,2,0;-3392,4,12,2,0,0;5200,6,10,0,2,0;13136,6,10,2,0,0;5710,8,8,0,2,0;-12544,8,8,2,0,0;1120,10,6,0,2,0;3120,10,6,2,0,0;-524,12,4,0,2,0;-448,12,4,2,0,0;16,14,2,0,2,0;-16,14,2,2,0,0;9,16,0,0,2,0 | 405,2,22,4,0,0;-13014,4,20,4,0,0;144265,6,18,4,0,0;-709064,8,16,4,0,0;1570586,10,14,4,0,0;-1411076,12,12,4,0,0;656906,14,10,4,0,0;-182600,16,8,4,0,0;28561,18,6,4,0,0;-2070,20,4,4,0,0;45,22,2,4,0,0 || END 405,2,22,4,0,0;-13014,4,20,4,0,0;144265,6,18,4,0,0;-709064,8,16,4,0,0;1570586,10,14,4,0,0;-1411076,12,12,4,0,0;656906,14,10,4,0,0;-182600,16,8,4,0,0;28561,18,6,4,0,0;-2070,20,4,4,0,0;45,22,2,4,0,0
CORES 1,0,4,0,2;1,0,4,1,1;2,1,3,2,0;-2,3,1,0,2;-1,4,0,1,1;-1,4,0,2,0 | im | -1,0,4,0,1;2,0,4,1,0;-2,4,0,0,1;1,4,0,1,0 | im || LEAF 4 || STEP 0 1 4 | -12,0,4,0,1,1;8,1,3,0,0,2;8,1,3,0,2,0;24,2,2,0,1,1;8,3,1,0,0,2;-24,3,1,0,2,0;4,4,0,0,1,1 | 1,0,0,0,0,2;1,0,0,0,2,0;-1,0,0,2,0,0 | 8,1,3,0,0,0;8,3,1,0,0,0 | -3,0,4,0,1,1;2,1,3,2,0,0;6,2,2,0,1,1;-8,3,1,0,2,0;2,3,1,2,0,0;1,4,0,0,1,1 ## STEP 0 2 1 | 1,0,0,0,0,2;1,0,0,0,2,0;-1,0,0,2,0,0 | -3,0,4,0,1,1;2,1,3,2,0,0;6,2,2,0,1,1;-8,3,1,0,2,0;2,3,1,2,0,0;1,4,0,0,1,1 | -3,0,4,0,1,1;-2,1,3,2,0,0;6,2,2,0,1,1;8,3,1,0,2,0;-2,3,1,2,0,0;1,4,0,0,1,1 | 9,0,8,0,4,0;-9,0,8,2,2,0;-36,2,6,0,4,0;36,2,6,2,2,0;4,2,6,4,0,0;30,4,4,0,4,0;-62,4,4,2,2,0;8,4,4,4,0,0;76,6,2,0,4,0;-44,6,2,2,2,0;4,6,2,4,0,0;1,8,0,0,4,0;-1,8,0,2,2,0 ## STEP 0 2 4 | 1,0,0,0,0,2;1,0,0,0,2,0;-1,0,0,2,0,0 | 6,0,4,0,0,1;8,1,3,0,1,0;-36,2,2,0,0,1;-8,3,1,0,1,0;6,4,0,0,0,1 | 6,0,4,0,0,1;-8,1,3,0,1,0;-36,2,2,0,0,1;8,3,1,0,1,0;6,4,0,0,0,1 | 9,0,8,0,2,0;-9,0,8,2,0,0;-92,2,6,0,2,0;108,2,6,2,0,0;310,4,4,0,2,0;-342,4,4,2,0,0;-92,6,2,0,2,0;108,6,2,2,0,0;9,8,0,0,2,0;-9,8,0,2,0,0 ## STEP 1 2 4 | 9,0,8,0,4,0;-9,0,8,2,2,0;-36,2,6,0,4,0;36,2,6,2,2,0;4,2,6,4,0,0;30,4,4,0,4,0;-62,4,4,2,2,0;8,4,4,4,0,0;76,6,2,0,4,0;-44,6,2,2,2,0;4,6,2,4,0,0;1,8,0,0,4,0;-1,8,0,2,2,0 | 9,0,8,0,2,0;-9,0,8,2,0,0;-92,2,6,0,2,0;108,2,6,2,0,0;310,4,4,0,2,0;-342,4,4,2,0,0;-92,6,2,0,2,0;108,6,2,2,0,0;9,8,0,0,2,0;-9,8,0,2,0,0 | 81,0,16,0,2,0;-1152,2,14,0,2,0;-144,2,14,2,0,0;6372,4,12,0,2,0;576,4,12,2,0,0;-14064,6,10,0,2,0;1456,6,10,2,0,0;5710,8,8,0,2,0;-12544,8,8,2,0,0;20384,10,6,0,2,0;14800,10,6,2,0,0;-6412,12,4,0,2,0;-4416,12,4,2,0,0;592,14,2,0,2,0;272,14,2,2,0,0;9,16,0,0,2,0 | -243,2,22,4,0,0;3690,4,20,4,0,0;-13775,6,18,4,0,0;-46664,8,16,4,0,0;490442,10,14,4,0,0;-1411076,12,12,4,0,0;1737050,14,10,4,0,0;-845000,16,8,4,0,0;186601,18,6,4,0,0;-18774,20,4,4,0,0;693,22,2,4,0,0 || END -243,2,22,4,0,0;3690,4,20,4,0,0;-13775,6,18,4,0,0;-46664,8,16,4,0,0;490442,10,14,4,0,0;-1411076,12,12,4,0,0;1737050,14,10,4,0,0;-845000,16,8,4,0,0;186601,18,6,4,0,0;-18774,20,4,4,0,0;693,22,2,4,0,0
CORES -1,0,4,0,2;-1,0,4,2,0;-2,2,2,1,1;-1,4,0,0,2;-1,4,0,2,0 | re | 1,0,4,0,4;1,0,4,4,0;2,1,3,0,4;-2,3,1,4,0;-1,4,0,0,4;-1,4,0,4,0 | im || LEAF 4 || STEP 0 1 2 | 2,0,4,0,0,2;-6,0,4,0,2,0;-28,2,2,0,0,2;20,2,2,0,2,0;2,4,0,0,0,2;-6,4,0,0,2,0 | 1,0,0,0,0,2;1,0,0,0,2,0;-1,0,0,2,0,0 | 2,0,4,0,0,0;-28,2,2,0,0,0;2,4,0,0,0,0 | -4,0,4,0,2,0;1,0,4,2,0,0;24,2,2,0,2,0;-14,2,2,2,0,0;-4,4,0,0,2,0;1,4,0,2,0,0 ## STEP 0 3 8 | -16,0,4,0,1,3;16,0,4,0,3,1;8,1,3,0,0,4;-48,1,3,0,2,2;8,1,3,0,4,0;-24,3,1,0,0,4;144,3,1,0,2,2;-24,3,1,0,4,0;16,4,0,0,1,3;-16,4,0,0,3,1 | 1,0,0,0,0,2;1,0,0,0,2,0;-1,0,0,2,0,0 | -16,0,4,0,1,1;8,1,3,0,0,2;-56,1,3,0,2,0;8,1,3,2,0,0;-24,3,1,0,0,2;168,3,1,0,2,0;-24,3,1,2,0,0;16,4,0,0,1,1 | 4,0,4,0,3,1;-2,0,4,2,1,1;8,1,3,0,4,0;-8,1,3,2,2,0;1,1,3,4,0,0;-24,3,1,0,4,0;24,3,1,2,2,0;-3,3,1,4,0,0;-4,4,0,0,3,1;2,4,0,2,1,1 ## STEP 0 2 1 | 1,0,0,0,0,2;1,0,0,0,2,0;-1,0,0,2,0,0 | 4,0,4,0,3,1;-2,0,4,2,1,1;8,1,3,0,4,0;-8,1,3,2,2,0;1,1,3,4,0,0;-24,3,1,0,4,0;24,3,1,2,2,0;-3,3,1,4,0,0;-4,4,0,0,3,1;2,4,0,2,1,1 | 4,0,4,0,3,1;-2,0,4,2,1,1;-8,1,3,0,4,0;8,1,3,2,2,0;-1,1,3,4,0,0;24,3,1,0,4,0;-24,3,1,2,2,0;3,3,1,4,0,0;-4,4,0,0,3,1;2,4,0,2,1,1 | 16,0,8,0,8,0;-32,0,8,2,6,0;20,0,8,4,4,0;-4,0,8,6,2,0;64,2,6,0,8,0;-128,2,6,2,6,0;80,2,6,4,4,0;-16,2,6,6,2,0;1,2,6,8,0,0;-416,4,4,0,8,0;832,4,4,2,6,0;-520,4,4,4,4,0;104,4,4,6,2,0;-6,4,4,8,0,0;576,6,2,0,8,0;-1152,6,2,2,6,0;720,6,2,4,4,0;-144,6,2,6,2,0;9,6,2,8,0,0;16,8,0,0,8,0;-32,8,0,2,6,0;20,8,0,4,4,0;-4,8,0,6,2,0 ## STEP 1 4 16 | 16,0,8,0,8,0;-32,0,8,2,6,0;20,0,8,4,4,0;-4,0,8,6,2,0;64,2,6,0,8,0;-128,2,6,2,6,0;80,2,6,4,4,0;-16,2,6,6,2,0;1,2,6,8,0,0;-416,4,4,0,8,0;832,4,4,2,6,0;-520,4,4,4,4,0;104,4,4,6,2,0;-6,4,4,8,0,0;576,6,2,0,8,0;-1152,6,2,2,6,0;720,6,2,4,4,0;-144,6,2,6,2,0;9,6,2,8,0,0;16,8,0,0,8,0;-32,8,0,2,6,0;20,8,0,4,4,0;-4,8,0,6,2,0 | -4,0,4,0,2,0;1,0,4,2,0,0;24,2,2,0,2,0;-14,2,2,2,0,0;-4,4,0,0,2,0;1,4,0,2,0,0 | -1024,0,20,0,6,0;1792,0,20,2,4,0;-832,0,20,4,2,0;48,0,20,6,0,0;14336,2,18,0,6,0;-23040,2,18,2,4,0;8576,2,18,4,2,0;224,2,18,6,0,0;-13312,4,16,0,6,0;6912,4,16,2,4,0;9664,4,16,4,2,0;-1424,4,16,6,0,0;-712704,6,14,0,6,0;1173504,6,14,2,4,0;-460288,6,14,4,2,0;-896,6,14,6,0,0;4536320,8,12,0,6,0;-6939136,8,12,2,4,0;2387328,8,12,4,2,0;6496,8,12,6,0,0;-11218944,10,10,0,6,0;16630784,10,10,2,4,0;-5414656,10,10,4,2,0;2880,10,10,6,0,0;12204032,12,8,0,6,0;-17932800,12,8,2,4,0;5766528,12,8,4,2,0;-12960,12,8,6,0,0;-4317184,14,6,0,6,0;6694912,14,6,2,4,0;-2340352,14,6,4,2,0;-12160,14,6,6,0,0;576512,16,4,0,6,0;-959744,16,4,2,4,0;390592,16,4,4,2,0;-400,16,4,6,0,0;-18432,18,2,0,6,0;34304,18,2,2,4,0;-18048,18,2,4,2,0;1760,18,2,6,0,0;-1024,20,0,0,6,0;1792,20,0,2,4,0;-832,20,0,4,2,0;48,20,0,6,0,0 | -3,0,24,8,0,0;44,2,22,8,0,0;-198,4,20,8,0,0;4764,6,18,8,0,0;-40653,8,16,8,0,0;154840,10,14,8,0,0;-313300,12,12,8,0,0;332312,14,10,8,0,0;-166093,16,8,8,0,0;34300,18,6,8,0,0;-1990,20,4,8,0,0;76,22,2,8,0,0;-3,24,0,8,0,0 || END -3,0,24,8,0,0;44,2,22,8,0,0;-198,4,20,8,0,0;4764,6,18,8,0,0;-40653,8,16,8,0,0;154840,10,14,8,0,0;-313300,12,12,8,0,0;332312,14,10,8,0,0;-166093,16,8,8,0,0;34300,18,6,8,0,0;-1990,20,4,8,0,0;76,22,2,8,0,0;-3,24,0,8,0,0
CORES -1,0,4,1,1;-1,0,4,2,0;2,1,3,0,2;-2,3,1,2,0;1,4,0,0,2;1,4,0,1,1 | im | 2,0,4,0,1;-1,0,4,1,0;1,4,0,0,1;-2,4,0,1,0 | im || LEAF 4 || STEP 0 1 4 | 4,0,4,0,1,1;8,1,3,0,0,2;-24,1,3,0,2,0;24,2,2,0,1,1;8,3,1,0,0,2;8,3,1,0,2,0;-12,4,0,0,1,1 | 1,0,0,0,0,2;1,0,0,0,2,0;-1,0,0,2,0,0 | 8,1,3,0,0,0;8,3,1,0,0,0 | 1,0,4,0,1,1;-8,1,3,0,2,0;2,1,3,2,0,0;6,2,2,0,1,1;2,3,1,2,0,0;-3,4,0,0,1,1 ## STEP 0 2 1 | 1,0,0,0,0,2;1,0,0,0,2,0;-1,0,0,2,0,0 | 1,0,4,0,1,1;-8,1,3,0,2,0;2,1,3,2,0,0;6,2,2,0,1,1;2,3,1,2,0,0;-3,4,0,0,1,1 | 1,0,4,0,1,1;8,1,3,0,2,0;-2,1,3,2,0,0;6,2,2,0,1,1;-2,3,1,2,0,0;-3,4,0,0,1,1 | 1,0,8,0,4,0;-1,0,8,2,2,0;76,2,6,0,4,0;-44,2,6,2,2,0;4,2,6,4,0,0;30,4,4,0,4,0;-62,4,4,2,2,0;8,4,4,4,0,0;-36,6,2,0,4,0;36,6,2,2,2,0;4,6,2,4,0,0;9,8,0,0,4,0;-9,8,0,2,2,0 ## STEP 0 2 4 | 1,0,0,0,0,2;1,0,0,0,2,0;-1,0,0,2,0,0 | -6,0,4,0,0,1;8,1,3,0,1,0;36,2,2,0,0,1;-8,3,1,0,1,0;-6,4,0,0,0,1 | -6,0,4,0,0,1;-8,1,3,0,1,0;36,2,2,0,0,1;8,3,1,0,1,0;-6,4,0,0,0,1 | 9,0,8,0,2,0;-9,0,8,2,0,0;-92,2,6,0,2,0;108,2,6,2,0,0;310,4,4,0,2,0;-342,4,4,2,0,0;-92,6,2,0,2,0;108,6,2,2,0,0;9,8,0,0,2,0;-9,8,0,2,0,0 ## STEP 1 2 4 | 1,0,8,0,4,0;-1,0,8,2,2,0;76,2,6,0,4,0;-44,2,6,2,2,0;4,2,6,4,0,0;30,4,4,0,4,0;-62,4,4,2,2,0;8,4,4,4,0,0;-36,6,2,0,4,0;36,6,2,2,2,0;4,6,2,4,0,0;9,8,0,0,4,0;-9,8,0,2,2,0 | 9,0,8,0,2,0;-9,0,8,2,0,0;-92,2,6,0,2,0;108,2,6,2,0,0;310,4,4,0,2,0;-342,4,4,2,0,0;-92,6,2,0,2,0;108,6,2,2,0,0;9,8,0,0,2,0;-9,8,0,2,0,0 | 9,0,16,0,2,0;592,2,14,0,2,0;272,2,14,2,0,0;-6412,4,12,0,2,0;-4416,4,12,2,0,0;20384,6,10,0,2,0;14800,6,10,2,0,0;5710,8,8,0,2,0;-12544,8,8,2,0,0;-14064,10,6,0,2,0;1456,10,6,2,0,0;6372,12,4,0,2,0;576,12,4,2,0,0;-1152,14,2,0,2,0;-144,14,2,2,0,0;81,16,0,0,2,0 | 693,2,22,4,0,0;-18774,4,20,4,0,0;186601,6,18,4,0,0;-845000,8,16,4,0,0;1737050,10,14,4,0,0;-1411076,12,12,4,0,0;490442,14,10,4,0,0;-46664,16,8,4,0,0;-13775,18,6,4,0,0;3690,20,4,4,0,0;-243,22,2,4,0,0 || END 693,2,22,4,0,0;-18774,4,20,4,0,0;186601,6,18,4,0,0;-845000,8,16,4,0,0;1737050,10,14,4,0,0;-1411076,12,12,4,0,0;490442,14,10,4,0,0;-46664,16,8,4,0,0;-13775,18,6,4,0,0;3690,20,4,4,0,0;-243,22,2,4,0,0
CORES -1,0,4,0,2;2,0,4,2,0;-2,4,0,0,2;1,4,0,2,0 | im | -1,0,4,0,4;-1,0,4,2,2;2,1,3,0,4;-2,3,1,4,0;1,4,0,2,2;1,4,0,4,0 | im || LEAF 5 || STEP 0 1 4 | 12,0,4,0,1,1;-8,1,3,0,0,2;8,1,3,0,2,0;-72,2,2,0,1,1;8,3,1,0,0,2;-8,3,1,0,2,0;12,4,0,0,1,1 | 1,0,0,0,0,2;1,0,0,0,2,0;-1,0,0,2,0,0 | -8,1,3,0,0,0;8,3,1,0,0,0 | 3,0,4,0,1,1;4,1,3,0,2,0;-2,1,3,2,0,0;-18,2,2,0,1,1;-4,3,1,0,2,0;2,3,1,2,0,0;3,4,0,0,1,1 ## STEP 0 2 1 | 1,0,0,0,0,2;1,0,0,0,2,0;-1,0,0,2,0,0 | 3,0,4,0,1,1;4,1,3,0,2,0;-2,1,3,2,0,0;-18,2,2,0,1,1;-4,3,1,0,2,0;2,3,1,2,0,0;3,4,0,0,1,1 | 3,0,4,0,1,1;-4,1,3,0,2,0;2,1,3,2,0,0;-18,2,2,0,1,1;4,3,1,0,2,0;-2,3,1,2,0,0;3,4,0,0,1,1 | 9,0,8,0,4,0;-9,0,8,2,2,0;-92,2,6,0,4,0;92,2,6,2,2,0;4,2,6,4,0,0;310,4,4,0,4,0;-310,4,4,2,2,0;-8,4,4,4,0,0;-92,6,2,0,4,0;92,6,2,2,2,0;4,6,2,4,0,0;9,8,0,0,4,0;-9,8,0,2,2,0 ## STEP 0 3 8 | -24,0,4,0,1,3;24,0,4,0,3,1;-24,1,3,0,0,4;80,1,3,0,2,2;-24,1,3,0,4,0;48,2,2,0,1,3;-48,2,2,0,3,1;8,3,1,0,0,4;16,3,1,0,2,2;8,3,1,0,4,0;8,4,0,0,1,3;-8,4,0,0,3,1 | 1,0,0,0,0,2;1,0,0,0,2,0;-1,0,0,2,0,0 | -24,0,4,0,1,1;-24,1,3,0,0,2;104,1,3,0,2,0;-24,1,3,2,0,0;48,2,2,0,1,1;8,3,1,0,0,2;8,3,1,0,2,0;8,3,1,2,0,0;8,4,0,0,1,1 | 6,0,4,0,3,1;-3,0,4,2,1,1;-16,1,3,0,4,0;16,1,3,2,2,0;-3,1,3,4,0,0;-12,2,2,0,3,1;6,2,2,2,1,1;1,3,1,4,0,0;-2,4,0,0,3,1;1,4,0,2,1,1 ## STEP 0 2 1 | 1,0,0,0,0,2;1,0,0,0,2,0;-1,0,0,2,0,0 | 6,0,4,0,3,1;-3,0,4,2,1,1;-16,1,3,0,4,0;16,1,3,2,2,0;-3,1,3,4,0,0;-12,2,2,0,3,1;6,2,2,2,1,1;1,3,1,4,0,0;-2,4,0,0,3,1;1,4,0,2,1,1 | 6,0,4,0,3,1;-3,0,4,2,1,1;16,1,3,0,4,0;-16,1,3,2,2,0;3,1,3,4,0,0;-12,2,2,0,3,1;6,2,2,2,1,1;-1,3,1,4,0,0;-2,4,0,0,3,1;1,4,0,2,1,1 | 36,0,8,0,8,0;-72,0,8,2,6,0;45,0,8,4,4,0;-9,0,8,6,2,0;112,2,6,0,8,0;-224,2,6,2,6,0;172,2,6,4,4,0;-60,2,6,6,2,0;9,2,6,8,0,0;120,4,4,0,8,0;-240,4,4,2,6,0;118,4,4,4,4,0;2,4,4,6,2,0;-6,4,4,8,0,0;48,6,2,0,8,0;-96,6,2,2,6,0;60,6,2,4,4,0;-12,6,2,6,2,0;1,6,2,8,0,0;4,8,0,0,8,0;-8,8,0,2,6,0;5,8,0,4,4,0;-1,8,0,6,2,0 ## STEP 1 3 1 | 36,0,8,0,8,0;-72,0,8,2,6,0;45,0,8,4,4,0;-9,0,8,6,2,0;112,2,6,0,8,0;-224,2,6,2,6,0;172,2,6,4,4,0;-60,2,6,6,2,0;9,2,6,8,0,0;120,4,4,0,8,0;-240,4,4,2,6,0;118,4,4,4,4,0;2,4,4,6,2,0;-6,4,4,8,0,0;48,6,2,0,8,0;-96,6,2,2,6,0;60,6,2,4,4,0;-12,6,2,6,2,0;1,6,2,8,0,0;4,8,0,0,8,0;-8,8,0,2,6,0;5,8,0,4,4,0;-1,8,0,6,2,0 | 9,0,8,0,4,0;-9,0,8,2,2,0;-92,2,6,0,4,0;92,2,6,2,2,0;4,2,6,4,0,0;310,4,4,0,4,0;-310,4,4,2,2,0;-8,4,4,4,0,0;-92,6,2,0,4,0;92,6,2,2,2,0;4,6,2,4,0,0;9,8,0,0,4,0;-9,8,0,2,2,0 | 2916,0,24,0,4,0;-2916,0,24,2,2,0;729,0,24,4,0,0;-50544,2,22,0,4,0;50544,2,22,2,2,0;-11340,2,22,4,0,0;329832,4,20,0,4,0;-329832,4,20,2,2,0;38682,4,20,4,0,0;-734960,6,18,0,4,0;734960,6,18,2,2,0;291188,6,18,4,0,0;-892996,8,16,0,4,0;892996,8,16,2,2,0;-2609425,8,16,4,0,0;4188192,10,14,0,4,0;-4188192,10,14,2,2,0;6614696,10,14,4,0,0;4753200,12,12,0,4,0;-4753200,12,12,2,2,0;-4230452,12,12,4,0,0;-331872,14,10,0,4,0;331872,14,10,2,2,0;2197576,14,10,4,0,0;-861924,16,8,0,4,0;861924,16,8,2,2,0;-752825,16,8,4,0,0;249680,18,6,0,4,0;-249680,18,6,2,2,0;126756,18,6,4,0,0;-13592,20,4,0,4,0;13592,20,4,2,2,0;-5958,20,4,4,0,0;-2736,22,2,0,4,0;2736,22,2,2,2,0;-828,22,2,4,0,0;324,24,0,0,4,0;-324,24,0,2,2,0;81,24,0,4,0,0 | 3645,2,30,8,0,0;-154386,4,28,8,0,0;2621223,6,26,8,0,0;-23725556,8,24,8,0,0;125292245,10,22,8,0,0;-390392942,12,20,8,0,0;689145079,14,18,8,0,0;-650387800,16,16,8,0,0;364651375,18,14,8,0,0;-132387278,20,12,8,0,0;31756109,22,10,8,0,0;-4916852,24,8,8,0,0;461439,26,6,8,0,0;-22770,28,4,8,0,0;405,30,2,8,0,0 || END 3645,2,30,8,0,0;-154386,4,28,8,0,0;2621223,6,26,8,0,0;-23725556,8,24,8,0,0;125292245,10,22,8,0,0;-390392942,12,20,8,0,0;689145079,14,18,8,0,0;-650387800,16,16,8,0,0;364651375,18,14,8,0,0;-132387278,20,12,8,0,0;31756109,22,10,8,0,0;-4916852,24,8,8,0,0;461439,26,6,8,0,0;-22770,28,4,8,0,0;405,30,2,8,0,0
CORES -1,0,4,0,2;-1,0,4,1,1;2,1,3,2,0;-2,3,1,0,2;1,4,0,1,1;1,4,0,2,0 | im | -1,0,4,0,1;2,0,4,1,0;-2,4,0,0,1;1,4,0,1,0 | im || LEAF 4 || STEP 0 1 4 | -4,0,4,0,1,1;8,1,3,0,0,2;-24,1,3,0,2,0;-24,2,2,0,1,1;8,3,1,0,0,2;8,3,1,0,2,0;12,4,0,0,1,1 | 1,0,0,0,0,2;1,0,0,0,2,0;-1,0,0,2,0,0 | 8,1,3,0,0,0;8,3,1,0,0,0 | -1,0,4,0,1,1;-8,1,3,0,2,0;2,1,3,2,0,0;-6,2,2,0,1,1;2,3,1,2,0,0;3,4,0,0,1,1 ## STEP 0 2 1 | 1,0,0,0,0,2;1,0,0,0,2,0;-1,0,0,2,0,0 | -1,0,4,0,1,1;-8,1,3,0,2,0;2,1,3,2,0,0;-6,2,2,0,1,1;2,3,1,2,0,0;3,4,0,0,1,1 | -1,0,4,0,1,1;8,1,3,0,2,0;-2,1,3,2,0,0;-6,2,2,0,1,1;-2,3,1,2,0,0;3,4,0,0,1,1 | 1,0,8,0,4,0;-1,0,8,2,2,0;76,2,6,0,4,0;-44,2,6,2,2,0;4,2,6,4,0,0;30,4,4,0,4,0;-62,4,4,2,2,0;8,4,4,4,0,0;-36,6,2,0,4,0;36,6,2,2,2,0;4,6,2,4,0,0;9,8,0,0,4,0;-9,8,0,2,2,0 ## STEP 0 2 4 | 1,0,0,0,0,2;1,0,0,0,2,0;-1,0,0,2,0,0 | 6,0,4,0,0,1;8,1,3,0,1,0;-36,2,2,0,0,1;-8,3,1,0,1,0;6,4,0,0,0,1 | 6,0,4,0,0,1;-8,1,3,0,1,0;-36,2,2,0,0,1;8,3,1,0,1,0;6,4,0,0,0,1 | 9,0,8,0,2,0;-9,0,8,2,0,0;-92,2,6,0,2,0;108,2,6,2,0,0;310,4,4,0,2,0;-342,4,4,2,0,0;-92,6,2,0,2,0;108,6,2,2,0,0;9,8,0,0,2,0;-9,8,0,2,0,0 ## STEP 1 2 4 | 1,0,8,0,4,0;-1,0,8,2,2,0;76,2,6,0,4,0;-44,2,6,2,2,0;4,2,6,4,0,0;30,4,4,0,4,0;-62,4,4,2,2,0;8,4,4,4,0,0;-36,6,2,0,4,0;36,6,2,2,2,0;4,6,2,4,0,0;9,8,0,0,4,0;-9,8,0,2,2,0 | 9,0,8,0,2,0;-9,0,8,2,0,0;-92,2,6,0,2,0;108,2,6,2,0,0;310,4,4,0,2,0;-342,4,4,2,0,0;-92,6,2,0,2,0;108,6,2,2,0,0;9,8,0,0,2,0;-9,8,0,2,0,0 | 9,0,16,0,2,0;592,2,14,0,2,0;272,2,14,2,0,0;-6412,4,12,0,2,0;-4416,4,12,2,0,0;20384,6,10,0,2,0;14800,6,10,2,0,0;5710,8,8,0,2,0;-12544,8,8,2,0,0;-14064,10,6,0,2,0;1456,10,6,2,0,0;6372,12,4,0,2,0;576,12,4,2,0,0;-1152,14,2,0,2,0;-144,14,2,2,0,0;81,16,0,0,2,0 | 693,2,22,4,0,0;-18774,4,20,4,0,0;186601,6,18,4,0,0;-845000,8,16,4,0,0;1737050,10,14,4,0,0;-1411076,12,12,4,0,0;490442,14,10,4,0,0;-46664,16,8,4,0,0;-13775,18,6,4,0,0;3690,20,4,4,0,0;-243,22,2,4,0,0 || END 693,2,22,4,0,0;-18774,4,20,4,0,0;186601,6,18,4,0,0;-845000,8,16,4,0,0;1737050,10,14,4,0,0;-1411076,12,12,4,0,0;490442,14,10,4,0,0;-46664,16,8,4,0,0;-13775,18,6,4,0,0;3690,20,4,4,0,0;-243,22,2,4,0,0
CORES 1,0,4,0,2;1,0,4,2,0;-2,2,2,1,1;1,4,0,0,2;1,4,0,2,0 | re | -1,0,2,0,4;-1,0,2,4,0;-2,1,1,2,2;-1,2,0,0,4;-1,2,0,4,0 | re || LEAF 3 || STEP 0 1 2 | -6,0,4,0,0,2;2,0,4,0,2,0;20,2,2,0,0,2;-28,2,2,0,2,0;-6,4,0,0,0,2;2,4,0,0,2,0 | 1,0,0,0,0,2;1,0,0,0,2,0;-1,0,0,2,0,0 | -6,0,4,0,0,0;20,2,2,0,0,0;-6,4,0,0,0,0 | 4,0,4,0,2,0;-3,0,4,2,0,0;-24,2,2,0,2,0;10,2,2,2,0,0;4,4,0,0,2,0;-3,4,0,2,0,0 ## STEP 0 2 2 | 2,0,2,0,0,4;-28,0,2,0,2,2;2,0,2,0,4,0;-6,2,0,0,0,4;20,2,0,0,2,2;-6,2,0,0,4,0 | 1,0,0,0,0,2;1,0,0,0,2,0;-1,0,0,2,0,0 | 2,0,2,0,0,2;-30,0,2,0,2,0;2,0,2,2,0,0;-6,2,0,0,0,2;26,2,0,0,2,0;-6,2,0,2,0,0 | 16,0,2,0,4,0;-16,0,2,2,2,0;1,0,2,4,0,0;-16,2,0,0,4,0;16,2,0,2,2,0;-3,2,0,4,0,0 ## STEP 1 2 32 | 16,0,2,0,4,0;-16,0,2,2,2,0;1,0,2,4,0,0;-16,2,0,0,4,0;16,2,0,2,2,0;-3,2,0,4,0,0 | 4,0,4,0,2,0;-3,0,4,2,0,0;-24,2,2,0,2,0;10,2,2,2,0,0;4,4,0,0,2,0;-3,4,0,2,0,0 | 64,0,6,0,2,0;-16,0,6,2,0,0;-448,2,4,0,2,0;240,2,4,2,0,0;448,4,2,0,2,0;-240,4,2,2,0,0;-64,6,0,0,2,0;16,6,0,2,0,0 | -1,0,10,4,0,0;20,2,8,4,0,0;-62,4,6,4,0,0;36,6,4,4,0,0;-9,8,2,4,0,0 || END -1,0,10,4,0,0;20,2,8,4,0,0;-62,4,6,4,0,0;36,6,4,4,0,0;-9,8,2,4,0,0
CORES 1,0,4,0,4;1,0,4,4,0;2,1,3,4,0;-2,3,1,0,4;-1,4,0,0,4;-1,4,0,4,0 | im | -1,0,4,0,2;-1,0,4,2,0;-2,2,2,1,1;-1,4,0,0,2;-1,4,0,2,0 | re || LEAF 4 || STEP 0 3 8 | 16,0,4,0,1,3;-16,0,4,0,3,1;8,1,3,0,0,4;-48,1,3,0,2,2;8,1,3,0,4,0;-24,3,1,0,0,4;144,3,1,0,2,2;-24,3,1,0,4,0;-16,4,0,0,1,3;16,4,0,0,3,1 | 1,0,0,0,0,2;1,0,0,0,2,0;-1,0,0,2,0,0 | 16,0,4,0,1,1;8,1,3,0,0,2;-56,1,3,0,2,0;8,1,3,2,0,0;-24,3,1,0,0,2;168,3,1,0,2,0;-24,3,1,2,0,0;-16,4,0,0,1,1 | -4,0,4,0,3,1;2,0,4,2,1,1;8,1,3,0,4,0;-8,1,3,2,2,0;1,1,3,4,0,0;-24,3,1,0,4,0;24,3,1,2,2,0;-3,3,1,4,0,0;4,4,0,0,3,1;-2,4,0,2,1,1 ## STEP 0 2 1 | 1,0,0,0,0,2;1,0,0,0,2,0;-1,0,0,2,0,0 | -4,0,4,0,3,1;2,0,4,2,1,1;8,1,3,0,4,0;-8,1,3,2,2,0;1,1,3,4,0,0;-24,3,1,0,4,0;24,3,1,2,2,0;-3,3,1,4,0,0;4,4,0,0,3,1;-2,4,0,2,1,1 | -4,0,4,0,3,1;2,0,4,2,1,1;-8,1,3,0,4,0;8,1,3,2,2,0;-1,1,3,4,0,0;24,3,1,0,4,0;-24,3,1,2,2,0;3,3,1,4,0,0;4,4,0,0,3,1;-2,4,0,2,1,1 | 16,0,8,0,8,0;-32,0,8,2,6,0;20,0,8,4,4,0;-4,0,8,6,2,0;64,2,6,0,8,0;-128,2,6,2,6,0;80,2,6,4,4,0;-16,2,6,6,2,0;1,2,6,8,0,0;-416,4,4,0,8,0;832,4,4,2,6,0;-520,4,4,4,4,0;104,4,4,6,2,0;-6,4,4,8,0,0;576,6,2,0,8,0;-1152,6,2,2,6,0;720,6,2,4,4,0;-144,6,2,6,2,0;9,6,2,8,0,0;16,8,0,0,8,0;-32,8,0,2,6,0;20,8,0,4,4,0;-4,8,0,6,2,0 ## STEP 0 1 2 | 2,0,4,0,0,2;-6,0,4,0,2,0;-28,2,2,0,0,2;20,2,2,0,2,0;2,4,0,0,0,2;-6,4,0,0,2,0 | 1,0,0,0,0,2;1,0,0,0,2,0;-1,0,0,2,0,0 | 2,0,4,0,0,0;-28,2,2,0,0,0;2,4,0,0,0,0 | -4,0,4,0,2,0;1,0,4,2,0,0;24,2,2,0,2,0;-14,2,2,2,0,0;-4,4,0,0,2,0;1,4,0,2,0,0 ## STEP 1 4 16 | 16,0,8,0,8,0;-32,0,8,2,6,0;20,0,8,4,4,0;-4,0,8,6,2,0;64,2,6,0,8,0;-128,2,6,2,6,0;80,2,6,4,4,0;-16,2,6,6,2,0;1,2,6,8,0,0;-416,4,4,0,8,0;832,4,4,2,6,0;-520,4,4,4,4,0;104,4,4,6,2,0;-6,4,4,8,0,0;576,6,2,0,8,0;-1152,6,2,2,6,0;720,6,2,4,4,0;-144,6,2,6,2,0;9,6,2,8,0,0;16,8,0,0,8,0;-32,8,0,2,6,0;20,8,0,4,4,0;-4,8,0,6,2,0 | -4,0,4,0,2,0;1,0,4,2,0,0;24,2,2,0,2,0;-14,2,2,2,0,0;-4,4,0,0,2,0;1,4,0,2,0,0 | -1024,0,20,0,6,0;1792,0,20,2,4,0;-832,0,20,4,2,0;48,0,20,6,0,0;14336,2,18,0,6,0;-23040,2,18,2,4,0;8576,2,18,4,2,0;224,2,18,6,0,0;-13312,4,16,0,6,0;6912,4,16,2,4,0;9664,4,16,4,2,0;-1424,4,16,6,0,0;-712704,6,14,0,6,0;1173504,6,14,2,4,0;-460288,6,14,4,2,0;-896,6,14,6,0,0;4536320,8,12,0,6,0;-6939136,8,12,2,4,0;2387328,8,12,4,2,0;6496,8,12,6,0,0;-11218944,10,10,0,6,0;16630784,10,10,2,4,0;-5414656,10,10,4,2,0;2880,10,10,6,0,0;12204032,12,8,0,6,0;-17932800,12,8,2,4,0;5766528,12,8,4,2,0;-12960,12,8,6,0,0;-4317184,14,6,0,6,0;6694912,14,6,2,4,0;-2340352,14,6,4,2,0;-12160,14,6,6,0,0;576512,16,4,0,6,0;-959744,16,4,2,4,0;390592,16,4,4,2,0;-400,16,4,6,0,0;-18432,18,2,0,6,0;34304,18,2,2,4,0;-18048,18,2,4,2,0;1760,18,2,6,0,0;-1024,20,0,0,6,0;1792,20,0,2,4,0;-832,20,0,4,2,0;48,20,0,6,0,0 | -3,0,24,8,0,0;44,2,22,8,0,0;-198,4,20,8,0,0;4764,6,18,8,0,0;-40653,8,16,8,0,0;154840,10,14,8,0,0;-313300,12,12,8,0,0;332312,14,10,8,0,0;-166093,16,8,8,0,0;34300,18,6,8,0,0;-1990,20,4,8,0,0;76,22,2,8,0,0;-3,24,0,8,0,0 || END -3,0,24,8,0,0;44,2,22,8,0,0;-198,4,20,8,0,0;4764,6,18,8,0,0;-40653,8,16,8,0,0;154840,10,14,8,0,0;-313300,12,12,8,0,0;332312,14,10,8,0,0;-166093,16,8,8,0,0;34300,18,6,8,0,0;-1990,20,4,8,0,0;76,22,2,8,0,0;-3,24,0,8,0,0
CORES 2,0,4,0,1;-1,0,4,1,0;1,4,0,0,1;-2,4,0,1,0 | im | 1,0,4,1,1;1,0,4,2,0;2,1,3,0,2;-2,3,1,2,0;-1,4,0,0,2;-1,4,0,1,1 | im || LEAF 4 || STEP 0 2 4 | 1,0,0,0,0,2;1,0,0,0,2,0;-1,0,0,2,0,0 | -6,0,4,0,0,1;8,1,3,0,1,0;36,2,2,0,0,1;-8,3,1,0,1,0;-6,4,0,0,0,1 | -6,0,4,0,0,1;-8,1,3,0,1,0;36,2,2,0,0,1;8,3,1,0,1,0;-6,4,0,0,0,1 | 9,0,8,0,2,0;-9,0,8,2,0,0;-92,2,6,0,2,0;108,2,6,2,0,0;310,4,4,0,2,0;-342,4,4,2,0,0;-92,6,2,0,2,0;108,6,2,2,0,0;9,8,0,0,2,0;-9,8,0,2,0,0 ## STEP 0 1 4 | 12,0,4,0,1,1;8,1,3,0,0,2;8,1,3,0,2,0;-24,2,2,0,1,1;8,3,1,0,0,2;-24,3,1,0,2,0;-4,4,0,0,1,1 | 1,0,0,0,0,2;1,0,0,0,2,0;-1,0,0,2,0,0 | 8,1,3,0,0,0;8,3,1,0,0,0 | 3,0,4,0,1,1;2,1,3,2,0,0;-6,2,2,0,1,1;-8,3,1,0,2,0;2,3,1,2,0,0;-1,4,0,0,1,1 ## STEP 0 2 1 | 1,0,0,0,0,2;1,0,0,0,2,0;-1,0,0,2,0,0 | 3,0,4,0,1,1;2,1,3,2,0,0;-6,2,2,0,1,1;-8,3,1,0,2,0;2,3,1,2,0,0;-1,4,0,0,1,1 | 3,0,4,0,1,1;-2,1,3,2,0,0;-6,2,2,0,1,1;8,3,1,0,2,0;-2,3,1,2,0,0;-1,4,0,0,1,1 | 9,0,8,0,4,0;-9,0,8,2,2,0;-36,2,6,0,4,0;36,2,6,2,2,0;4,2,6,4,0,0;30,4,4,0,4,0;-62,4,4,2,2,0;8,4,4,4,0,0;76,6,2,0,4,0;-44,6,2,2,2,0;4,6,2,4,0,0;1,8,0,0,4,0;-1,8,0,2,2,0 ## STEP 1 2 4 | 9,0,8,0,4,0;-9,0,8,2,2,0;-36,2,6,0,4,0;36,2,6,2,2,0;4,2,6,4,0,0;30,4,4,0,4,0;-62,4,4,2,2,0;8,4,4,4,0,0;76,6,2,0,4,0;-44,6,2,2,2,0;4,6,2,4,0,0;1,8,0,0,4,0;-1,8,0,2,2,0 | 9,0,8,0,2,0;-9,0,8,2,0,0;-92,2,6,0,2,0;108,2,6,2,0,0;310,4,4,0,2,0;-342,4,4,2,0,0;-92,6,2,0,2,0;108,6,2,2,0,0;9,8,0,0,2,0;-9,8,0,2,0,0 | 81,0,16,0,2,0;-1152,2,14,0,2,0;-144,2,14,2,0,0;6372,4,12,0,2,0;576,4,12,2,0,0;-14064,6,10,0,2,0;1456,6,10,2,0,0;5710,8,8,0,2,0;-12544,8,8,2,0,0;20384,10,6,0,2,0;14800,10,6,2,0,0;-6412,12,4,0,2,0;-4416,12,4,2,0,0;592,14,2,0,2,0;272,14,2,2,0,0;9,16,0,0,2,0 | -243,2,22,4,0,0;3690,4,20,4,0,0;-13775,6,18,4,0,0;-46664,8,16,4,0,0;490442,10,14,4,0,0;-1411076,12,12,4,0,0;1737050,14,10,4,0,0;-845000,16,8,4,0,0;186601,18,6,4,0,0;-18774,20,4,4,0,0;693,22,2,4,0,0 || END -243,2,22,4,0,0;3690,4,20,4,0,0;-13775,6,18,4,0,0;-46664,8,16,4,0,0;490442,10,14,4,0,0;-1411076,12,12,4,0,0;1737050,14,10,4,0,0;-845000,16,8,4,0,0;186601,18,6,4,0,0;-18774,20,4,4,0,0;693,22,2,4,0,0
CORES -1,0,4,0,4;-1,0,4,4,0;2,2,2,0,4;-2,2,2,4,0;1,4,0,0,4;1,4,0,4,0 | im | 1,0,4,0,2;1,0,4,2,0;-2,2,2,1,1;1,4,0,0,2;1,4,0,2,0 | re || LEAF 4 || STEP 0 3 16 | 16,0,4,0,1,3;-16,0,4,0,3,1;-16,1,3,0,0,4;96,1,3,0,2,2;-16,1,3,0,4,0;32,2,2,0,1,3;-32,2,2,0,3,1;16,3,1,0,0,4;-96,3,1,0,2,2;16,3,1,0,4,0;16,4,0,0,1,3;-16,4,0,0,3,1 | 1,0,0,0,0,2;1,0,0,0,2,0;-1,0,0,2,0,0 | 16,0,4,0,1,1;-16,1,3,0,0,2;112,1,3,0,2,0;-16,1,3,2,0,0;32,2,2,0,1,1;16,3,1,0,0,2;-112,3,1,0,2,0;16,3,1,2,0,0;16,4,0,0,1,1 | -2,0,4,0,3,1;1,0,4,2,1,1;-8,1,3,0,4,0;8,1,3,2,2,0;-1,1,3,4,0,0;-4,2,2,0,3,1;2,2,2,2,1,1;8,3,1,0,4,0;-8,3,1,2,2,0;1,3,1,4,0,0;-2,4,0,0,3,1;1,4,0,2,1,1 ## STEP 0 2 1 | 1,0,0,0,0,2;1,0,0,0,2,0;-1,0,0,2,0,0 | -2,0,4,0,3,1;1,0,4,2,1,1;-8,1,3,0,4,0;8,1,3,2,2,0;-1,1,3,4,0,0;-4,2,2,0,3,1;2,2,2,2,1,1;8,3,1,0,4,0;-8,3,1,2,2,0;1,3,1,4,0,0;-2,4,0,0,3,1;1,4,0,2,1,1 | -2,0,4,0,3,1;1,0,4,2,1,1;8,1,3,0,4,0;-8,1,3,2,2,0;1,1,3,4,0,0;-4,2,2,0,3,1;2,2,2,2,1,1;-8,3,1,0,4,0;8,3,1,2,2,0;-1,3,1,4,0,0;-2,4,0,0,3,1;1,4,0,2,1,1 | 4,0,8,0,8,0;-8,0,8,2,6,0;5,0,8,4,4,0;-1,0,8,6,2,0;80,2,6,0,8,0;-160,2,6,2,6,0;100,2,6,4,4,0;-20,2,6,6,2,0;1,2,6,8,0,0;-104,4,4,0,8,0;208,4,4,2,6,0;-130,4,4,4,4,0;26,4,4,6,2,0;-2,4,4,8,0,0;80,6,2,0,8,0;-160,6,2,2,6,0;100,6,2,4,4,0;-20,6,2,6,2,0;1,6,2,8,0,0;4,8,0,0,8,0;-8,8,0,2,6,0;5,8,0,4,4,0;-1,8,0,6,2,0 ## STEP 0 1 2 | -6,0,4,0,0,2;2,0,4,0,2,0;20,2,2,0,0,2;-28,2,2,0,2,0;-6,4,0,0,0,2;2,4,0,0,2,0 | 1,0,0,0,0,2;1,0,0,0,2,0;-1,0,0,2,0,0 | -6,0,4,0,0,0;20,2,2,0,0,0;-6,4,0,0,0,0 | 4,0,4,0,2,0;-3,0,4,2,0,0;-24,2,2,0,2,0;10,2,2,2,0,0;4,4,0,0,2,0;-3,4,0,2,0,0 ## STEP 1 4 4 | 4,0,8,0,8,0;-8,0,8,2,6,0;5,0,8,4,4,0;-1,0,8,6,2,0;80,2,6,0,8,0;-160,2,6,2,6,0;100,2,6,4,4,0;-20,2,6,6,2,0;1,2,6,8,0,0;-104,4,4,0,8,0;208,4,4,2,6,0;-130,4,4,4,4,0;26,4,4,6,2,0;-2,4,4,8,0,0;80,6,2,0,8,0;-160,6,2,2,6,0;100,6,2,4,4,0;-20,6,2,6,2,0;1,6,2,8,0,0;4,8,0,0,8,0;-8,8,0,2,6,0;5,8,0,4,4,0;-1,8,0,6,2,0 | 4,0,4,0,2,0;-3,0,4,2,0,0;-24,2,2,0,2,0;10,2,2,2,0,0;4,4,0,0,2,0;-3,4,0,2,0,0 | 256,0,20,0,6,0;-320,0,20,2,4,0;80,0,20,4,2,0;-4,0,20,6,0,0;512,2,18,0,6,0;-128,2,18,2,4,0;-96,2,18,4,2,0;-40,2,18,6,0,0;-70400,4,16,0,6,0;92096,4,16,2,4,0;-23024,4,16,4,2,0;1100,4,16,6,0,0;628736,6,14,0,6,0;-902656,6,14,2,4,0;269184,6,14,4,2,0;3104,6,14,6,0,0;-2092544,8,12,0,6,0;3168640,8,12,2,4,0;-1078880,8,12,4,2,0;1976,8,12,6,0,0;2804736,10,10,0,6,0;-4256512,10,10,2,4,0;1452480,10,10,4,2,0;16,10,10,6,0,0;-2092544,12,8,0,6,0;3168640,12,8,2,4,0;-1078880,12,8,4,2,0;1976,12,8,6,0,0;628736,14,6,0,6,0;-902656,14,6,2,4,0;269184,14,6,4,2,0;3104,14,6,6,0,0;-70400,16,4,0,6,0;92096,16,4,2,4,0;-23024,16,4,4,2,0;1100,16,4,6,0,0;512,18,2,0,6,0;-128,18,2,2,4,0;-96,18,2,4,2,0;-40,18,2,6,0,0;256,20,0,0,6,0;-320,20,0,2,4,0;80,20,0,4,2,0;-4,20,0,6,0,0 | -3,0,24,8,0,0;44,2,22,8,0,0;-742,4,20,8,0,0;16764,6,18,8,0,0;-95053,8,16,8,0,0;242264,10,14,8,0,0;-338836,12,12,8,0,0;242264,14,10,8,0,0;-95053,16,8,8,0,0;16764,18,6,8,0,0;-742,20,4,8,0,0;44,22,2,8,0,0;-3,24,0,8,0,0 || END -3,0,24,8,0,0;44,2,22,8,0,0;-742,4,20,8,0,0;16764,6,18,8,0,0;-95053,8,16,8,0,0;242264,10,14,8,0,0;-338836,12,12,8,0,0;242264,14,10,8,0,0;-95053,16,8,8,0,0;16764,18,6,8,0,0;-742,20,4,8,0,0;44,22,2,8,0,0;-3,24,0,8,0,0
CORES 1,0,4,0,4;1,0,4,4,0;2,2,2,0,4;-2,2,2,4,0;-1,4,0,0,4;-1,4,0,4,0 | im | 1,0,4,0,2;1,0,4,2,0;-2,2,2,1,1;1,4,0,0,2;1,4,0,2,0 | re || LEAF 4 || STEP 0 3 16 | 16,0,4,0,1,3;-16,0,4,0,3,1;16,1,3,0,0,4;-96,1,3,0,2,2;16,1,3,0,4,0;32,2,2,0,1,3;-32,2,2,0,3,1;-16,3,1,0,0,4;96,3,1,0,2,2;-16,3,1,0,4,0;16,4,0,0,1,3;-16,4,0,0,3,1 | 1,0,0,0,0,2;1,0,0,0,2,0;-1,0,0,2,0,0 | 16,0,4,0,1,1;16,1,3,0,0,2;-112,1,3,0,2,0;16,1,3,2,0,0;32,2,2,0,1,1;-16,3,1,0,0,2;112,3,1,0,2,0;-16,3,1,2,0,0;16,4,0,0,1,1 | -2,0,4,0,3,1;1,0,4,2,1,1;8,1,3,0,4,0;-8,1,3,2,2,0;1,1,3,4,0,0;-4,2,2,0,3,1;2,2,2,2,1,1;-8,3,1,0,4,0;8,3,1,2,2,0;-1,3,1,4,0,0;-2,4,0,0,3,1;1,4,0,2,1,1 ## STEP 0 2 1 | 1,0,0,0,0,2;1,0,0,0,2,0;-1,0,0,2,0,0 | -2,0,4,0,3,1;1,0,4,2,1,1;8,1,3,0,4,0;-8,1,3,2,2,0;1,1,3,4,0,0;-4,2,2,0,3,1;2,2,2,2,1,1;-8,3,1,0,4,0;8,3,1,2,2,0;-1,3,1,4,0,0;-2,4,0,0,3,1;1,4,0,2,1,1 | -2,0,4,0,3,1;1,0,4,2,1,1;-8,1,3,0,4,0;8,1,3,2,2,0;-1,1,3,4,0,0;-4,2,2,0,3,1;2,2,2,2,1,1;8,3,1,0,4,0;-8,3,1,2,2,0;1,3,1,4,0,0;-2,4,0,0,3,1;1,4,0,2,1,1 | 4,0,8,0,8,0;-8,0,8,2,6,0;5,0,8,4,4,0;-1,0,8,6,2,0;80,2,6,0,8,0;-160,2,6,2,6,0;100,2,6,4,4,0;-20,2,6,6,2,0;1,2,6,8,0,0;-104,4,4,0,8,0;208,4,4,2,6,0;-130,4,4,4,4,0;26,4,4,6,2,0;-2,4,4,8,0,0;80,6,2,0,8,0;-160,6,2,2,6,0;100,6,2,4,4,0;-20,6,2,6,2,0;1,6,2,8,0,0;4,8,0,0,8,0;-8,8,0,2,6,0;5,8,0,4,4,0;-1,8,0,6,2,0 ## STEP 0 1 2 | -6,0,4,0,0,2;2,0,4,0,2,0;20,2,2,0,0,2;-28,2,2,0,2,0;-6,4,0,0,0,2;2,4,0,0,2,0 | 1,0,0,0,0,2;1,0,0,0,2,0;-1,0,0,2,0,0 | -6,0,4,0,0,0;20,2,2,0,0,0;-6,4,0,0,0,0 | 4,0,4,0,2,0;-3,0,4,2,0,0;-24,2,2,0,2,0;10,2,2,2,0,0;4,4,0,0,2,0;-3,4,0,2,0,0 ## STEP 1 4 4 | 4,0,8,0,8,0;-8,0,8,2,6,0;5,0,8,4,4,0;-1,0,8,6,2,0;80,2,6,0,8,0;-160,2,6,2,6,0;100,2,6,4,4,0;-20,2,6,6,2,0;1,2,6,8,0,0;-104,4,4,0,8,0;208,4,4,2,6,0;-130,4,4,4,4,0;26,4,4,6,2,0;-2,4,4,8,0,0;80,6,2,0,8,0;-160,6,2,2,6,0;100,6,2,4,4,0;-20,6,2,6,2,0;1,6,2,8,0,0;4,8,0,0,8,0;-8,8,0,2,6,0;5,8,0,4,4,0;-1,8,0,6,2,0 | 4,0,4,0,2,0;-3,0,4,2,0,0;-24,2,2,0,2,0;10,2,2,2,0,0;4,4,0,0,2,0;-3,4,0,2,0,0 | 256,0,20,0,6,0;-320,0,20,2,4,0;80,0,20,4,2,0;-4,0,20,6,0,0;512,2,18,0,6,0;-128,2,18,2,4,0;-96,2,18,4,2,0;-40,2,18,6,0,0;-70400,4,16,0,6,0;92096,4,16,2,4,0;-23024,4,16,4,2,0;1100,4,16,6,0,0;628736,6,14,0,6,0;-902656,6,14,2,4,0;269184,6,14,4,2,0;3104,6,14,6,0,0;-2092544,8,12,0,6,0;3168640,8,12,2,4,0;-1078880,8,12,4,2,0;1976,8,12,6,0,0;2804736,10,10,0,6,0;-4256512,10,10,2,4,0;1452480,10,10,4,2,0;16,10,10,6,0,0;-2092544,12,8,0,6,0;3168640,12,8,2,4,0;-1078880,12,8,4,2,0;1976,12,8,6,0,0;628736,14,6,0,6,0;-902656,14,6,2,4,0;269184,14,6,4,2,0;3104,14,6,6,0,0;-70400,16,4,0,6,0;92096,16,4,2,4,0;-23024,16,4,4,2,0;1100,16,4,6,0,0;512,18,2,0,6,0;-128,18,2,2,4,0;-96,18,2,4,2,0;-40,18,2,6,0,0;256,20,0,0,6,0;-320,20,0,2,4,0;80,20,0,4,2,0;-4,20,0,6,0,0 | -3,0,24,8,0,0;44,2,22,8,0,0;-742,4,20,8,0,0;16764,6,18,8,0,0;-95053,8,16,8,0,0;242264,10,14,8,0,0;-338836,12,12,8,0,0;242264,14,10,8,0,0;-95053,16,8,8,0,0;16764,18,6,8,0,0;-742,20,4,8,0,0;44,22,2,8,0,0;-3,24,0,8,0,0 || END -3,0,24,8,0,0;44,2,22,8,0,0;-742,4,20,8,0,0;16764,6,18,8,0,0;-95053,8,16,8,0,0;242264,10,14,8,0,0;-338836,12,12,8,0,0;242264,14,10,8,0,0;-95053,16,8,8,0,0;16764,18,6,8,0,0;-742,20,4,8,0,0;44,22,2,8,0,0;-3,24,0,8,0,0
