REL 3,-2 4,-1 5,1 | 1,2,4,2,4;2,2,4,3,3;-1,2,4,4,2;1,4,2,2,4;-2,4,2,3,3;-1,4,2,4,2 ||  || CORE 1,0,2,0,2;2,0,2,1,1;-1,0,2,2,0;1,2,0,0,2;-2,2,0,1,1;-1,2,0,2,0 | live
REL 14,-1 18,-2 20,-1 | 1,0,6,1,5;2,0,6,2,4;1,1,5,5,1;-1,5,1,1,5;-2,6,0,4,2;-1,6,0,5,1 ||  || CORE 1,0,6,0,4;2,0,6,1,3;1,1,5,4,0;-1,5,1,0,4;-2,6,0,3,1;-1,6,0,4,0 | live
REL 6,-1 10,1 14,2 | -1,1,5,3,3;-2,1,5,5,1;1,2,4,1,5;-1,4,2,5,1;2,5,1,1,5;1,5,1,3,3 ||  || CORE -1,0,4,2,2;-2,0,4,4,0;1,1,3,0,4;-1,3,1,4,0;2,4,0,0,4;1,4,0,2,2 | live
REL 15,-1 21,-2 23,-1 | 2,0,6,5,1;1,0,6,6,0;1,1,5,0,6;-1,5,1,6,0;-1,6,0,0,6;-2,6,0,1,5 ||  || CORE 2,0,6,5,1;1,0,6,6,0;1,1,5,0,6;-1,5,1,6,0;-1,6,0,0,6;-2,6,0,1,5 | live
REL 9,-2 20,1 23,1 | -1,0,6,1,5;-1,0,6,6,0;2,2,4,6,0;-2,4,2,0,6;1,6,0,0,6;1,6,0,5,1 ||  || CORE -1,0,6,1,5;-1,0,6,6,0;2,2,4,6,0;-2,4,2,0,6;1,6,0,0,6;1,6,0,5,1 | live
REL 8,-1 10,1 16,-2 | -1,1,5,3,3;2,1,5,6,0;1,2,4,0,6;-1,4,2,6,0;-2,5,1,0,6;1,5,1,3,3 ||  || CORE -1,0,4,3,3;2,0,4,6,0;1,1,3,0,6;-1,3,1,6,0;-2,4,0,0,6;1,4,0,3,3 | live
REL 3,-1 6,-2 7,-1 | 2,2,4,1,5;1,2,4,3,3;1,2,4,5,1;-1,4,2,1,5;-1,4,2,3,3;-2,4,2,5,1 ||  || CORE 2,0,2,0,4;1,0,2,2,2;1,0,2,4,0;-1,2,0,0,4;-1,2,0,2,2;-2,2,0,4,0 | live
REL 12,-1 18,2 19,-1 | -2,0,6,2,4;1,0,6,4,2;1,1,5,4,2;-1,5,1,2,4;-1,6,0,2,4;2,6,0,4,2 ||  || CORE -2,0,6,0,2;1,0,6,2,0;1,1,5,2,0;-1,5,1,0,2;-1,6,0,0,2;2,6,0,2,0 | live
REL 7,-2 11,1 14,1 | -1,1,5,2,4;-1,1,5,5,1;2,2,4,5,1;-2,4,2,1,5;1,5,1,1,5;1,5,1,4,2 ||  || CORE -1,0,4,1,3;-1,0,4,4,0;2,1,3,4,0;-2,3,1,0,4;1,4,0,0,4;1,4,0,3,1 | live
REL 6,-1 10,-2 13,1 | -1,1,5,1,5;2,1,5,3,3;1,2,4,1,5;-1,4,2,5,1;-2,5,1,3,3;1,5,1,5,1 || F -1,0,1,0,0;1,1,0,0,0 | 1,0,3,0,4;-2,0,3,2,2;-2,1,2,2,2;-2,2,1,2,2;-2,3,0,2,2;1,3,0,4,0 || CORE 1,0,3,0,4;-2,0,3,2,2;-2,1,2,2,2;-2,2,1,2,2;-2,3,0,2,2;1,3,0,4,0 | unit
REL 4,-1 17,-1 19,-2 | 1,0,6,3,3;2,0,6,4,2;1,2,4,2,4;-1,4,2,4,2;-2,6,0,2,4;-1,6,0,3,3 ||  || CORE 1,0,6,1,1;2,0,6,2,0;1,2,4,0,2;-1,4,2,2,0;-2,6,0,0,2;-1,6,0,1,1 | live
REL 7,-1 18,1 20,2 | -2,0,6,1,5;-1,0,6,2,4;1,2,4,5,1;-1,4,2,1,5;1,6,0,4,2;2,6,0,5,1 ||  || CORE -2,0,6,0,4;-1,0,6,1,3;1,2,4,4,0;-1,4,2,0,4;1,6,0,3,1;2,6,0,4,0 | live
REL 0,-2 8,-1 9,-1 | 1,2,4,0,6;1,2,4,6,0;2,3,3,2,4;-2,3,3,4,2;-1,4,2,0,6;-1,4,2,6,0 ||  || CORE 1,0,2,0,6;1,0,2,6,0;2,1,1,2,4;-2,1,1,4,2;-1,2,0,0,6;-1,2,0,6,0 | live
REL 2,-1 4,2 8,1 | -1,2,4,0,6;-2,2,4,2,4;1,3,3,0,6;-1,3,3,6,0;2,4,2,4,2;1,4,2,6,0 ||  || CORE -1,0,2,0,6;-2,0,2,2,4;1,1,1,0,6;-1,1,1,6,0;2,2,0,4,2;1,2,0,6,0 | live
REL 2,-1 22,2 23,-1 | -2,0,6,0,6;1,0,6,6,0;1,3,3,0,6;-1,3,3,6,0;-1,6,0,0,6;2,6,0,6,0 ||  || CORE -2,0,6,0,6;1,0,6,6,0;1,3,3,0,6;-1,3,3,6,0;-1,6,0,0,6;2,6,0,6,0 | live
REL 8,-2 19,-1 23,-1 | 1,0,6,4,2;1,0,6,6,0;2,2,4,0,6;-2,4,2,6,0;-1,6,0,0,6;-1,6,0,2,4 ||  || CORE 1,0,6,4,2;1,0,6,6,0;2,2,4,0,6;-2,4,2,6,0;-1,6,0,0,6;-1,6,0,2,4 | live
REL 8,-1 20,-1 23,-2 | 1,0,6,1,5;2,0,6,6,0;1,2,4,0,6;-1,4,2,6,0;-2,6,0,0,6;-1,6,0,5,1 ||  || CORE 1,0,6,1,5;2,0,6,6,0;1,2,4,0,6;-1,4,2,6,0;-2,6,0,0,6;-1,6,0,5,1 | live
REL 4,-2 17,-1 18,1 | -1,0,6,2,4;1,0,6,3,3;2,2,4,2,4;-2,4,2,4,2;-1,6,0,3,3;1,6,0,4,2 ||  || CORE -1,0,6,0,2;1,0,6,1,1;2,2,4,0,2;-2,4,2,2,0;-1,6,0,1,1;1,6,0,2,0 | live
REL 2,-2 12,-1 15,-1 | 1,1,5,0,6;1,1,5,4,2;2,3,3,0,6;-2,3,3,6,0;-1,5,1,2,4;-1,5,1,6,0 ||  || CORE 1,0,4,0,6;1,0,4,4,2;2,2,2,0,6;-2,2,2,6,0;-1,4,0,2,4;-1,4,0,6,0 | live
REL 15,-1 20,-2 23,-1 | 2,0,6,1,5;1,0,6,6,0;1,1,5,0,6;-1,5,1,6,0;-1,6,0,0,6;-2,6,0,5,1 ||  || CORE 2,0,6,1,5;1,0,6,6,0;1,1,5,0,6;-1,5,1,6,0;-1,6,0,0,6;-2,6,0,5,1 | live
REL 7,-1 10,2 13,-1 | 1,1,5,1,5;-2,1,5,3,3;1,2,4,5,1;-1,4,2,1,5;2,5,1,3,3;-1,5,1,5,1 || F -1,0,1,0,0;1,1,0,0,0 | -1,0,3,0,4;2,0,3,2,2;-1,1,2,0,4;2,1,2,2,2;-1,1,2,4,0;-1,2,1,0,4;2,2,1,2,2;-1,2,1,4,0;2,3,0,2,2;-1,3,0,4,0 || CORE -1,0,3,0,4;2,0,3,2,2;-1,1,2,0,4;2,1,2,2,2;-1,1,2,4,0;-1,2,1,0,4;2,2,1,2,2;-1,2,1,4,0;2,3,0,2,2;-1,3,0,4,0 | live
REL 8,-1 10,-2 15,-1 | 1,1,5,0,6;2,1,5,3,3;1,2,4,0,6;-1,4,2,6,0;-2,5,1,3,3;-1,5,1,6,0 || F 1,0,1,0,0;1,1,0,0,0 | 1,0,3,0,6;2,0,3,3,3;-2,1,2,3,3;2,2,1,3,3;-2,3,0,3,3;-1,3,0,6,0 || CORE 1,0,3,0,6;2,0,3,3,3;-2,1,2,3,3;2,2,1,3,3;-2,3,0,3,3;-1,3,0,6,0 | unit
REL 1,-1 5,1 7,-2 | -1,2,4,4,2;2,2,4,5,1;1,3,3,1,5;-1,3,3,5,1;-2,4,2,1,5;1,4,2,2,4 ||  || CORE -1,0,2,3,1;2,0,2,4,0;1,1,1,0,4;-1,1,1,4,0;-2,2,0,0,4;1,2,0,1,3 | live
REL 6,-2 22,-1 23,1 | 1,0,6,0,6;-1,0,6,6,0;2,2,4,1,5;-2,4,2,5,1;1,6,0,0,6;-1,6,0,6,0 ||  || CORE 1,0,6,0,6;-1,0,6,6,0;2,2,4,1,5;-2,4,2,5,1;1,6,0,0,6;-1,6,0,6,0 | live
REL 0,-2 3,1 5,1 | -1,2,4,3,3;-1,2,4,4,2;2,3,3,2,4;-2,3,3,4,2;1,4,2,2,4;1,4,2,3,3 || F 1,0,0,0,1;1,0,0,1,0 | -1,0,2,1,0;2,1,1,0,1;-2,1,1,1,0;1,2,0,0,1 || CORE -1,0,2,1,0;2,1,1,0,1;-2,1,1,1,0;1,2,0,0,1 | unit
REL 9,-1 12,2 16,1 | -2,1,5,4,2;-1,1,5,6,0;1,2,4,6,0;-1,4,2,0,6;1,5,1,0,6;2,5,1,2,4 ||  || CORE -2,0,4,4,2;-1,0,4,6,0;1,1,3,6,0;-1,3,1,0,6;1,4,0,0,6;2,4,0,2,4 | live
REL 0,-2 15,1 16,1 | -1,1,5,0,6;-1,1,5,6,0;2,3,3,2,4;-2,3,3,4,2;1,5,1,0,6;1,5,1,6,0 ||  || CORE -1,0,4,0,6;-1,0,4,6,0;2,2,2,2,4;-2,2,2,4,2;1,4,0,0,6;1,4,0,6,0 | live
REL 3,-2 11,1 12,-1 | -1,1,5,2,4;1,1,5,4,2;2,2,4,3,3;-2,4,2,3,3;-1,5,1,2,4;1,5,1,4,2 ||  || CORE -1,0,4,0,2;1,0,4,2,0;2,1,3,1,1;-2,3,1,1,1;-1,4,0,0,2;1,4,0,2,0 | live
REL 1,-2 12,1 13,-1 | 1,1,5,1,5;-1,1,5,4,2;2,3,3,1,5;-2,3,3,5,1;1,5,1,2,4;-1,5,1,5,1 || F -1,0,0,0,1;1,0,0,1,0 | -1,0,4,0,3;-1,0,4,1,2;-1,0,4,2,1;-2,2,2,0,3;-2,2,2,1,2;-2,2,2,2,1;-2,2,2,3,0;-1,4,0,1,2;-1,4,0,2,1;-1,4,0,3,0 || CORE -1,0,4,0,3;-1,0,4,1,2;-1,0,4,2,1;-2,2,2,0,3;-2,2,2,1,2;-2,2,2,2,1;-2,2,2,3,0;-1,4,0,1,2;-1,4,0,2,1;-1,4,0,3,0 | live
REL 9,-2 17,1 23,-1 | -1,0,6,3,3;1,0,6,6,0;2,2,4,6,0;-2,4,2,0,6;-1,6,0,0,6;1,6,0,3,3 ||  || CORE -1,0,6,3,3;1,0,6,6,0;2,2,4,6,0;-2,4,2,0,6;-1,6,0,0,6;1,6,0,3,3 | live
REL 14,-1 18,-1 21,-2 | 1,0,6,2,4;2,0,6,5,1;1,1,5,5,1;-1,5,1,1,5;-2,6,0,1,5;-1,6,0,4,2 ||  || CORE 1,0,6,1,3;2,0,6,4,0;1,1,5,4,0;-1,5,1,0,4;-2,6,0,0,4;-1,6,0,3,1 | live
REL 0,-2 10,1 12,1 | -1,1,5,3,3;-1,1,5,4,2;2,3,3,2,4;-2,3,3,4,2;1,5,1,2,4;1,5,1,3,3 || F 1,0,0,0,1;1,0,0,1,0 | -1,0,4,1,0;2,2,2,0,1;-2,2,2,1,0;1,4,0,0,1 || CORE -1,0,4,1,0;2,2,2,0,1;-2,2,2,1,0;1,4,0,0,1 | unit
REL 16,-1 20,-2 23,1 | 2,0,6,1,5;-1,0,6,6,0;1,1,5,6,0;-1,5,1,0,6;1,6,0,0,6;-2,6,0,5,1 ||  || CORE 2,0,6,1,5;-1,0,6,6,0;1,1,5,6,0;-1,5,1,0,6;1,6,0,0,6;-2,6,0,5,1 | live
REL 8,-2 22,1 23,1 | -1,0,6,0,6;-1,0,6,6,0;2,2,4,0,6;-2,4,2,6,0;1,6,0,0,6;1,6,0,6,0 ||  || CORE -1,0,6,0,6;-1,0,6,6,0;2,2,4,0,6;-2,4,2,6,0;1,6,0,0,6;1,6,0,6,0 | live
REL 9,-1 22,-2 23,1 | 2,0,6,0,6;-1,0,6,6,0;1,2,4,6,0;-1,4,2,0,6;1,6,0,0,6;-2,6,0,6,0 || F 1,0,2,0,0;1,2,0,0,0 | 2,0,4,0,6;-1,0,4,6,0;-2,2,2,0,6;2,2,2,6,0;1,4,0,0,6;-2,4,0,6,0 || CORE 2,0,4,0,6;-1,0,4,6,0;-2,2,2,0,6;2,2,2,6,0;1,4,0,0,6;-2,4,0,6,0 | live
REL 4,-1 17,2 19,1 | -2,0,6,3,3;-1,0,6,4,2;1,2,4,2,4;-1,4,2,4,2;1,6,0,2,4;2,6,0,3,3 ||  || CORE -2,0,6,1,1;-1,0,6,2,0;1,2,4,0,2;-1,4,2,2,0;1,6,0,0,2;2,6,0,1,1 | live
REL 15,-1 19,1 22,2 | -2,0,6,0,6;-1,0,6,4,2;1,1,5,0,6;-1,5,1,6,0;1,6,0,2,4;2,6,0,6,0 ||  || CORE -2,0,6,0,6;-1,0,6,4,2;1,1,5,0,6;-1,5,1,6,0;1,6,0,2,4;2,6,0,6,0 | live
REL 17,-1 18,1 19,2 | -1,0,6,2,4;1,0,6,3,3;-2,0,6,4,2;2,6,0,2,4;-1,6,0,3,3;1,6,0,4,2 ||  || CORE -1,0,6,0,2;1,0,6,1,1;-2,0,6,2,0;2,6,0,0,2;-1,6,0,1,1;1,6,0,2,0 | live
REL 1,-1 19,-2 20,-1 | 1,0,6,1,5;2,0,6,4,2;1,3,3,1,5;-1,3,3,5,1;-2,6,0,2,4;-1,6,0,5,1 ||  || CORE 1,0,6,0,4;2,0,6,3,1;1,3,3,0,4;-1,3,3,4,0;-2,6,0,1,3;-1,6,0,4,0 | live
REL 9,-1 12,-1 16,-2 | 1,1,5,4,2;2,1,5,6,0;1,2,4,6,0;-1,4,2,0,6;-2,5,1,0,6;-1,5,1,2,4 ||  || CORE 1,0,4,4,2;2,0,4,6,0;1,1,3,6,0;-1,3,1,0,6;-2,4,0,0,6;-1,4,0,2,4 | live
REL 8,-1 15,-2 16,1 | 2,1,5,0,6;-1,1,5,6,0;1,2,4,0,6;-1,4,2,6,0;1,5,1,0,6;-2,5,1,6,0 ||  || CORE 2,0,4,0,6;-1,0,4,6,0;1,1,3,0,6;-1,3,1,6,0;1,4,0,0,6;-2,4,0,6,0 | live
REL 7,-1 12,-1 14,2 | 1,1,5,4,2;-2,1,5,5,1;1,2,4,5,1;-1,4,2,1,5;2,5,1,1,5;-1,5,1,2,4 ||  || CORE 1,0,4,3,1;-2,0,4,4,0;1,1,3,4,0;-1,3,1,0,4;2,4,0,0,4;-1,4,0,1,3 | live
REL 1,-1 10,1 14,-2 | -1,1,5,3,3;2,1,5,5,1;1,3,3,1,5;-1,3,3,5,1;-2,5,1,1,5;1,5,1,3,3 ||  || CORE -1,0,4,2,2;2,0,4,4,0;1,2,2,0,4;-1,2,2,4,0;-2,4,0,0,4;1,4,0,2,2 | live
REL 9,-1 18,-1 23,-2 | 1,0,6,2,4;2,0,6,6,0;1,2,4,6,0;-1,4,2,0,6;-2,6,0,0,6;-1,6,0,4,2 ||  || CORE 1,0,6,2,4;2,0,6,6,0;1,2,4,6,0;-1,4,2,0,6;-2,6,0,0,6;-1,6,0,4,2 | live
REL 7,-1 19,-2 20,1 | -1,0,6,1,5;2,0,6,4,2;1,2,4,5,1;-1,4,2,1,5;-2,6,0,2,4;1,6,0,5,1 ||  || CORE -1,0,6,0,4;2,0,6,3,1;1,2,4,4,0;-1,4,2,0,4;-2,6,0,1,3;1,6,0,4,0 | live
REL 16,-2 18,1 23,1 | -1,0,6,2,4;-1,0,6,6,0;2,1,5,6,0;-2,5,1,0,6;1,6,0,0,6;1,6,0,4,2 ||  || CORE -1,0,6,2,4;-1,0,6,6,0;2,1,5,6,0;-2,5,1,0,6;1,6,0,0,6;1,6,0,4,2 | live
REL 1,-1 19,2 21,1 | -2,0,6,4,2;-1,0,6,5,1;1,3,3,1,5;-1,3,3,5,1;1,6,0,1,5;2,6,0,2,4 ||  || CORE -2,0,6,3,1;-1,0,6,4,0;1,3,3,0,4;-1,3,3,4,0;1,6,0,0,4;2,6,0,1,3 | live
REL 2,-1 10,-1 15,-2 | 2,1,5,0,6;1,1,5,3,3;1,3,3,0,6;-1,3,3,6,0;-1,5,1,3,3;-2,5,1,6,0 ||  || CORE 2,0,4,0,6;1,0,4,3,3;1,2,2,0,6;-1,2,2,6,0;-1,4,0,3,3;-2,4,0,6,0 | live
REL 8,-2 20,1 22,-1 | 1,0,6,0,6;-1,0,6,1,5;2,2,4,0,6;-2,4,2,6,0;1,6,0,5,1;-1,6,0,6,0 ||  || CORE 1,0,6,0,6;-1,0,6,1,5;2,2,4,0,6;-2,4,2,6,0;1,6,0,5,1;-1,6,0,6,0 | live
REL 9,-1 10,-1 15,-2 | 2,1,5,0,6;1,1,5,3,3;1,2,4,6,0;-1,4,2,0,6;-1,5,1,3,3;-2,5,1,6,0 ||  || CORE 2,0,4,0,6;1,0,4,3,3;1,1,3,6,0;-1,3,1,0,6;-1,4,0,3,3;-2,4,0,6,0 | live
REL 11,-1 17,-1 19,2 | 1,0,6,3,3;-2,0,6,4,2;1,1,5,2,4;-1,5,1,4,2;2,6,0,2,4;-1,6,0,3,3 ||  || CORE 1,0,6,1,1;-2,0,6,2,0;1,1,5,0,2;-1,5,1,2,0;2,6,0,0,2;-1,6,0,1,1 | live
REL 6,-2 20,-1 21,-1 | 1,0,6,1,5;1,0,6,5,1;2,2,4,1,5;-2,4,2,5,1;-1,6,0,1,5;-1,6,0,5,1 || F 1,0,2,0,0;1,2,0,0,0 | 1,0,4,0,4;1,0,4,4,0;1,2,2,0,4;-1,2,2,4,0;-1,4,0,0,4;-1,4,0,4,0 || CORE 1,0,4,0,4;1,0,4,4,0;1,2,2,0,4;-1,2,2,4,0;-1,4,0,0,4;-1,4,0,4,0 | live
REL 2,-2 10,1 16,-1 | -1,1,5,3,3;1,1,5,6,0;2,3,3,0,6;-2,3,3,6,0;-1,5,1,0,6;1,5,1,3,3 || F -1,0,0,0,1;1,0,0,1,0 | 1,0,4,3,2;1,0,4,4,1;1,0,4,5,0;-2,2,2,0,5;-2,2,2,1,4;-2,2,2,2,3;-2,2,2,3,2;-2,2,2,4,1;-2,2,2,5,0;1,4,0,0,5;1,4,0,1,4;1,4,0,2,3 ## F 1,0,0,0,2;1,0,0,1,1;1,0,0,2,0 | 1,0,4,3,0;-2,2,2,0,3;-2,2,2,3,0;1,4,0,0,3 || CORE 1,0,4,3,0;-2,2,2,0,3;-2,2,2,3,0;1,4,0,0,3 | unit
REL 15,-1 19,-1 22,2 | -2,0,6,0,6;1,0,6,4,2;1,1,5,0,6;-1,5,1,6,0;-1,6,0,2,4;2,6,0,6,0 ||  || CORE -2,0,6,0,6;1,0,6,4,2;1,1,5,0,6;-1,5,1,6,0;-1,6,0,2,4;2,6,0,6,0 | live
REL 16,-2 17,-1 22,1 | -1,0,6,0,6;1,0,6,3,3;2,1,5,6,0;-2,5,1,0,6;-1,6,0,3,3;1,6,0,6,0 ||  || CORE -1,0,6,0,6;1,0,6,3,3;2,1,5,6,0;-2,5,1,0,6;-1,6,0,3,3;1,6,0,6,0 | live
REL 8,-1 12,2 16,-1 | -2,1,5,4,2;1,1,5,6,0;1,2,4,0,6;-1,4,2,6,0;-1,5,1,0,6;2,5,1,2,4 ||  || CORE -2,0,4,4,2;1,0,4,6,0;1,1,3,0,6;-1,3,1,6,0;-1,4,0,0,6;2,4,0,2,4 | live
REL 0,-2 4,1 5,-1 | -1,2,4,2,4;1,2,4,4,2;2,3,3,2,4;-2,3,3,4,2;-1,4,2,2,4;1,4,2,4,2 || F 1,0,0,0,1;1,0,0,1,0 | -1,0,2,0,1;1,0,2,1,0;2,1,1,0,1;-2,1,1,1,0;-1,2,0,0,1;1,2,0,1,0 ## F -1,0,1,0,0;1,1,0,0,0 | 1,0,1,0,1;-1,0,1,1,0;-1,1,0,0,1;1,1,0,1,0 ## F -1,0,0,0,1;1,0,0,1,0 | -1,0,1,0,0;1,1,0,0,0 ## F -1,0,1,0,0;1,1,0,0,0 | 1,0,0,0,0 || CORE 1,0,0,0,0 | monomial
REL 9,-1 17,-1 22,2 | -2,0,6,0,6;1,0,6,3,3;1,2,4,6,0;-1,4,2,0,6;-1,6,0,3,3;2,6,0,6,0 ||  || CORE -2,0,6,0,6;1,0,6,3,3;1,2,4,6,0;-1,4,2,0,6;-1,6,0,3,3;2,6,0,6,0 | live
REL 14,-1 18,2 21,1 | -2,0,6,2,4;-1,0,6,5,1;1,1,5,5,1;-1,5,1,1,5;1,6,0,1,5;2,6,0,4,2 ||  || CORE -2,0,6,1,3;-1,0,6,4,0;1,1,5,4,0;-1,5,1,0,4;1,6,0,0,4;2,6,0,3,1 | live
REL 7,-1 11,-1 14,2 | 1,1,5,2,4;-2,1,5,5,1;1,2,4,5,1;-1,4,2,1,5;2,5,1,1,5;-1,5,1,4,2 ||  || CORE 1,0,4,1,3;-2,0,4,4,0;1,1,3,4,0;-1,3,1,0,4;2,4,0,0,4;-1,4,0,3,1 | live
REL 2,-1 3,2 8,1 | -1,2,4,0,6;-2,2,4,3,3;1,3,3,0,6;-1,3,3,6,0;2,4,2,3,3;1,4,2,6,0 || F -1,0,1,0,0;1,1,0,0,0 | 1,0,1,0,6;2,0,1,3,3;2,1,0,3,3;1,1,0,6,0 || CORE 1,0,1,0,6;2,0,1,3,3;2,1,0,3,3;1,1,0,6,0 | unit
REL 15,-1 20,1 23,2 | -1,0,6,1,5;-2,0,6,6,0;1,1,5,0,6;-1,5,1,6,0;2,6,0,0,6;1,6,0,5,1 ||  || CORE -1,0,6,1,5;-2,0,6,6,0;1,1,5,0,6;-1,5,1,6,0;2,6,0,0,6;1,6,0,5,1 | live
REL 9,-1 19,-2 23,1 | 2,0,6,4,2;-1,0,6,6,0;1,2,4,6,0;-1,4,2,0,6;1,6,0,0,6;-2,6,0,2,4 ||  || CORE 2,0,6,4,2;-1,0,6,6,0;1,2,4,6,0;-1,4,2,0,6;1,6,0,0,6;-2,6,0,2,4 | live
REL 2,-1 19,1 23,-2 | -1,0,6,4,2;2,0,6,6,0;1,3,3,0,6;-1,3,3,6,0;-2,6,0,0,6;1,6,0,2,4 ||  || CORE -1,0,6,4,2;2,0,6,6,0;1,3,3,0,6;-1,3,3,6,0;-2,6,0,0,6;1,6,0,2,4 | live
REL 6,-2 12,-1 13,1 | -1,1,5,1,5;1,1,5,4,2;2,2,4,1,5;-2,4,2,5,1;-1,5,1,2,4;1,5,1,5,1 ||  || CORE -1,0,4,0,4;1,0,4,3,1;2,1,3,0,4;-2,3,1,4,0;-1,4,0,1,3;1,4,0,4,0 | live
REL 10,-2 20,-1 21,1 | 1,0,6,1,5;-1,0,6,5,1;2,1,5,3,3;-2,5,1,3,3;1,6,0,1,5;-1,6,0,5,1 || F 1,0,2,0,0;1,2,0,0,0 | 1,0,4,0,4;-1,0,4,4,0;2,1,3,2,2;-1,2,2,0,4;1,2,2,4,0;-2,3,1,2,2;1,4,0,0,4;-1,4,0,4,0 || CORE 1,0,4,0,4;-1,0,4,4,0;2,1,3,2,2;-1,2,2,0,4;1,2,2,4,0;-2,3,1,2,2;1,4,0,0,4;-1,4,0,4,0 | live
REL 17,-2 20,1 21,1 | -1,0,6,1,5;2,0,6,3,3;-1,0,6,5,1;1,6,0,1,5;-2,6,0,3,3;1,6,0,5,1 || F 1,0,1,0,0;1,1,0,0,0 | -1,0,5,0,4;2,0,5,2,2;-1,0,5,4,0;1,1,4,0,4;-2,1,4,2,2;1,1,4,4,0;-1,2,3,0,4;2,2,3,2,2;-1,2,3,4,0;1,3,2,0,4;-2,3,2,2,2;1,3,2,4,0;-1,4,1,0,4;2,4,1,2,2;-1,4,1,4,0;1,5,0,0,4;-2,5,0,2,2;1,5,0,4,0 ## F 1,0,0,0,1;1,0,0,1,0 | -1,0,5,0,3;1,0,5,1,2;1,0,5,2,1;-1,0,5,3,0;1,1,4,0,3;-1,1,4,1,2;-1,1,4,2,1;1,1,4,3,0;-1,2,3,0,3;1,2,3,1,2;1,2,3,2,1;-1,2,3,3,0;1,3,2,0,3;-1,3,2,1,2;-1,3,2,2,1;1,3,2,3,0;-1,4,1,0,3;1,4,1,1,2;1,4,1,2,1;-1,4,1,3,0;1,5,0,0,3;-1,5,0,1,2;-1,5,0,2,1;1,5,0,3,0 ## F -1,0,1,0,0;1,1,0,0,0 | 1,0,4,0,3;-1,0,4,1,2;-1,0,4,2,1;1,0,4,3,0;1,2,2,0,3;-1,2,2,1,2;-1,2,2,2,1;1,2,2,3,0;1,4,0,0,3;-1,4,0,1,2;-1,4,0,2,1;1,4,0,3,0 ## F -1,0,0,0,1;1,0,0,1,0 | -1,0,4,0,2;1,0,4,2,0;-1,2,2,0,2;1,2,2,2,0;-1,4,0,0,2;1,4,0,2,0 ## F 1,0,2,0,0;1,1,1,0,0;1,2,0,0,0 | -1,0,2,0,2;1,0,2,2,0;1,1,1,0,2;-1,1,1,2,0;-1,2,0,0,2;1,2,0,2,0 ## F 1,0,2,0,0;-1,1,1,0,0;1,2,0,0,0 | -1,0,0,0,2;1,0,0,2,0 ## F -1,0,0,0,2;1,0,0,2,0 | 1,0,0,0,0 || CORE 1,0,0,0,0 | monomial
REL 9,-2 13,1 15,1 | -1,1,5,0,6;-1,1,5,1,5;2,2,4,6,0;-2,4,2,0,6;1,5,1,5,1;1,5,1,6,0 ||  || CORE -1,0,4,0,6;-1,0,4,1,5;2,1,3,6,0;-2,3,1,0,6;1,4,0,5,1;1,4,0,6,0 | live
REL 6,-2 18,-1 20,-1 | 1,0,6,1,5;1,0,6,2,4;2,2,4,1,5;-2,4,2,5,1;-1,6,0,4,2;-1,6,0,5,1 ||  || CORE 1,0,6,0,4;1,0,6,1,3;2,2,4,0,4;-2,4,2,4,0;-1,6,0,3,1;-1,6,0,4,0 | live
REL 0,-2 3,-1 4,1 | -1,2,4,2,4;1,2,4,3,3;2,3,3,2,4;-2,3,3,4,2;-1,4,2,3,3;1,4,2,4,2 || F -1,0,0,0,1;1,0,0,1,0 | 1,0,2,0,1;-2,1,1,0,1;-2,1,1,1,0;1,2,0,1,0 || CORE 1,0,2,0,1;-2,1,1,0,1;-2,1,1,1,0;1,2,0,1,0 | unit
REL 7,-2 10,1 13,1 | -1,1,5,1,5;-1,1,5,3,3;2,2,4,5,1;-2,4,2,1,5;1,5,1,3,3;1,5,1,5,1 ||  || CORE -1,0,4,0,4;-1,0,4,2,2;2,1,3,4,0;-2,3,1,0,4;1,4,0,2,2;1,4,0,4,0 | live
REL 2,-1 18,-2 22,1 | -1,0,6,0,6;2,0,6,2,4;1,3,3,0,6;-1,3,3,6,0;-2,6,0,4,2;1,6,0,6,0 ||  || CORE -1,0,6,0,6;2,0,6,2,4;1,3,3,0,6;-1,3,3,6,0;-2,6,0,4,2;1,6,0,6,0 | live
REL 1,-2 12,-1 14,-1 | 1,1,5,4,2;1,1,5,5,1;2,3,3,1,5;-2,3,3,5,1;-1,5,1,1,5;-1,5,1,2,4 || F 1,0,0,0,1;1,0,0,1,0 | 1,0,4,3,0;2,2,2,0,3;-2,2,2,1,2;2,2,2,2,1;-2,2,2,3,0;-1,4,0,0,3 || CORE 1,0,4,3,0;2,2,2,0,3;-2,2,2,1,2;2,2,2,2,1;-2,2,2,3,0;-1,4,0,0,3 | unit
REL 16,-2 21,-1 23,1 | 1,0,6,5,1;-1,0,6,6,0;2,1,5,6,0;-2,5,1,0,6;1,6,0,0,6;-1,6,0,1,5 ||  || CORE 1,0,6,5,1;-1,0,6,6,0;2,1,5,6,0;-2,5,1,0,6;1,6,0,0,6;-1,6,0,1,5 | live
REL 8,-2 13,1 16,1 | -1,1,5,1,5;-1,1,5,6,0;2,2,4,0,6;-2,4,2,6,0;1,5,1,0,6;1,5,1,5,1 ||  || CORE -1,0,4,1,5;-1,0,4,6,0;2,1,3,0,6;-2,3,1,6,0;1,4,0,0,6;1,4,0,5,1 | live
REL 11,-1 17,2 18,1 | -1,0,6,2,4;-2,0,6,3,3;1,1,5,2,4;-1,5,1,4,2;2,6,0,3,3;1,6,0,4,2 || F -1,0,1,0,0;1,1,0,0,0 | 1,0,5,0,2;2,0,5,1,1;2,1,4,1,1;2,2,3,1,1;2,3,2,1,1;2,4,1,1,1;2,5,0,1,1;1,5,0,2,0 || CORE 1,0,5,0,2;2,0,5,1,1;2,1,4,1,1;2,2,3,1,1;2,3,2,1,1;2,4,1,1,1;2,5,0,1,1;1,5,0,2,0 | unit
REL 8,-1 13,-2 16,-1 | 2,1,5,1,5;1,1,5,6,0;1,2,4,0,6;-1,4,2,6,0;-1,5,1,0,6;-2,5,1,5,1 ||  || CORE 2,0,4,1,5;1,0,4,6,0;1,1,3,0,6;-1,3,1,6,0;-1,4,0,0,6;-2,4,0,5,1 | live
REL 11,-1 18,1 19,2 | -1,0,6,2,4;-2,0,6,4,2;1,1,5,2,4;-1,5,1,4,2;2,6,0,2,4;1,6,0,4,2 || F 1,0,1,0,0;1,1,0,0,0 | -1,0,5,0,2;-2,0,5,2,0;2,1,4,0,2;2,1,4,2,0;-2,2,3,0,2;-2,2,3,2,0;2,3,2,0,2;2,3,2,2,0;-2,4,1,0,2;-2,4,1,2,0;2,5,0,0,2;1,5,0,2,0 || CORE -1,0,5,0,2;-2,0,5,2,0;2,1,4,0,2;2,1,4,2,0;-2,2,3,0,2;-2,2,3,2,0;2,3,2,0,2;2,3,2,2,0;-2,4,1,0,2;-2,4,1,2,0;2,5,0,0,2;1,5,0,2,0 | live
REL 10,-2 15,1 16,1 | -1,1,5,0,6;2,1,5,3,3;-1,1,5,6,0;1,5,1,0,6;-2,5,1,3,3;1,5,1,6,0 || F 1,0,1,0,0;1,1,0,0,0 | -1,0,3,0,6;2,0,3,3,3;-1,0,3,6,0;1,1,2,0,6;-2,1,2,3,3;1,1,2,6,0;-1,2,1,0,6;2,2,1,3,3;-1,2,1,6,0;1,3,0,0,6;-2,3,0,3,3;1,3,0,6,0 ## F -1,0,1,0,0;1,1,0,0,0 | 1,0,2,0,6;-2,0,2,3,3;1,0,2,6,0;1,2,0,0,6;-2,2,0,3,3;1,2,0,6,0 ## F -1,0,0,0,1;1,0,0,1,0 | -1,0,2,0,5;-1,0,2,1,4;-1,0,2,2,3;1,0,2,3,2;1,0,2,4,1;1,0,2,5,0;-1,2,0,0,5;-1,2,0,1,4;-1,2,0,2,3;1,2,0,3,2;1,2,0,4,1;1,2,0,5,0 ## F 1,0,0,0,2;1,0,0,1,1;1,0,0,2,0 | -1,0,2,0,3;1,0,2,3,0;-1,2,0,0,3;1,2,0,3,0 ## F 1,0,2,0,0;1,2,0,0,0 | -1,0,0,0,3;1,0,0,3,0 ## F -1,0,0,0,3;1,0,0,3,0 | 1,0,0,0,0 || CORE 1,0,0,0,0 | monomial
REL 1,-1 18,-2 21,-1 | 2,0,6,2,4;1,0,6,5,1;1,3,3,1,5;-1,3,3,5,1;-1,6,0,1,5;-2,6,0,4,2 ||  || CORE 2,0,6,1,3;1,0,6,4,0;1,3,3,0,4;-1,3,3,4,0;-1,6,0,0,4;-2,6,0,3,1 | live
REL 7,-2 17,-1 20,-1 | 1,0,6,1,5;1,0,6,3,3;2,2,4,5,1;-2,4,2,1,5;-1,6,0,3,3;-1,6,0,5,1 ||  || CORE 1,0,6,0,4;1,0,6,2,2;2,2,4,4,0;-2,4,2,0,4;-1,6,0,2,2;-1,6,0,4,0 | live
REL 15,-1 17,1 23,-2 | -1,0,6,3,3;2,0,6,6,0;1,1,5,0,6;-1,5,1,6,0;-2,6,0,0,6;1,6,0,3,3 ||  || CORE -1,0,6,3,3;2,0,6,6,0;1,1,5,0,6;-1,5,1,6,0;-2,6,0,0,6;1,6,0,3,3 | live
REL 5,-1 11,1 12,-2 | -1,1,5,2,4;2,1,5,4,2;1,2,4,4,2;-1,4,2,2,4;-2,5,1,2,4;1,5,1,4,2 ||  || CORE -1,0,4,0,2;2,0,4,2,0;1,1,3,2,0;-1,3,1,0,2;-2,4,0,0,2;1,4,0,2,0 | live
REL 2,-1 17,-2 23,1 | 2,0,6,3,3;-1,0,6,6,0;1,3,3,0,6;-1,3,3,6,0;1,6,0,0,6;-2,6,0,3,3 || F 1,0,1,0,0;1,1,0,0,0 | 2,0,5,3,3;-1,0,5,6,0;-2,1,4,3,3;1,1,4,6,0;2,2,3,3,3;-1,2,3,6,0;1,3,2,0,6;-2,3,2,3,3;-1,4,1,0,6;2,4,1,3,3;1,5,0,0,6;-2,5,0,3,3 ## F 1,0,2,0,0;-1,1,1,0,0;1,2,0,0,0 | 2,0,3,3,3;-1,0,3,6,0;1,3,0,0,6;-2,3,0,3,3 || CORE 2,0,3,3,3;-1,0,3,6,0;1,3,0,0,6;-2,3,0,3,3 | unit
REL 2,-2 12,1 16,-1 | -1,1,5,4,2;1,1,5,6,0;2,3,3,0,6;-2,3,3,6,0;-1,5,1,0,6;1,5,1,2,4 || F 1,0,0,0,1;1,0,0,1,0 | -1,0,4,4,1;1,0,4,5,0;2,2,2,0,5;-2,2,2,1,4;2,2,2,2,3;-2,2,2,3,2;2,2,2,4,1;-2,2,2,5,0;-1,4,0,0,5;1,4,0,1,4 ## F -1,0,0,0,1;1,0,0,1,0 | 1,0,4,4,0;-2,2,2,0,4;-2,2,2,2,2;-2,2,2,4,0;1,4,0,0,4 || CORE 1,0,4,4,0;-2,2,2,0,4;-2,2,2,2,2;-2,2,2,4,0;1,4,0,0,4 | unit
REL 14,-1 18,-2 20,1 | -1,0,6,1,5;2,0,6,2,4;1,1,5,5,1;-1,5,1,1,5;-2,6,0,4,2;1,6,0,5,1 ||  || CORE -1,0,6,0,4;2,0,6,1,3;1,1,5,4,0;-1,5,1,0,4;-2,6,0,3,1;1,6,0,4,0 | live
REL 1,-1 17,2 21,-1 | -2,0,6,3,3;1,0,6,5,1;1,3,3,1,5;-1,3,3,5,1;-1,6,0,1,5;2,6,0,3,3 || F -1,0,1,0,0;1,1,0,0,0 | 2,0,5,2,2;-1,0,5,4,0;2,1,4,2,2;-1,1,4,4,0;2,2,3,2,2;-1,2,3,4,0;-1,3,2,0,4;2,3,2,2,2;-1,4,1,0,4;2,4,1,2,2;-1,5,0,0,4;2,5,0,2,2 ## F 1,0,2,0,0;1,1,1,0,0;1,2,0,0,0 | 2,0,3,2,2;-1,0,3,4,0;-1,3,0,0,4;2,3,0,2,2 || CORE 2,0,3,2,2;-1,0,3,4,0;-1,3,0,0,4;2,3,0,2,2 | unit
REL 8,-2 18,-1 23,-1 | 1,0,6,2,4;1,0,6,6,0;2,2,4,0,6;-2,4,2,6,0;-1,6,0,0,6;-1,6,0,4,2 ||  || CORE 1,0,6,2,4;1,0,6,6,0;2,2,4,0,6;-2,4,2,6,0;-1,6,0,0,6;-1,6,0,4,2 | live
REL 9,-1 18,-2 22,-1 | 1,0,6,0,6;2,0,6,2,4;1,2,4,6,0;-1,4,2,0,6;-2,6,0,4,2;-1,6,0,6,0 ||  || CORE 1,0,6,0,6;2,0,6,2,4;1,2,4,6,0;-1,4,2,0,6;-2,6,0,4,2;-1,6,0,6,0 | live
REL 2,-2 4,-1 8,1 | -1,2,4,0,6;1,2,4,2,4;2,3,3,0,6;-2,3,3,6,0;-1,4,2,4,2;1,4,2,6,0 || F 1,0,0,0,1;1,0,0,1,0 | -1,0,2,0,5;1,0,2,1,4;2,1,1,0,5;-2,1,1,1,4;2,1,1,2,3;-2,1,1,3,2;2,1,1,4,1;-2,1,1,5,0;-1,2,0,4,1;1,2,0,5,0 ## F -1,0,0,0,1;1,0,0,1,0 | 1,0,2,0,4;-2,1,1,0,4;-2,1,1,2,2;-2,1,1,4,0;1,2,0,4,0 || CORE 1,0,2,0,4;-2,1,1,0,4;-2,1,1,2,2;-2,1,1,4,0;1,2,0,4,0 | unit
REL 6,-2 11,-1 13,-1 | 1,1,5,1,5;1,1,5,2,4;2,2,4,1,5;-2,4,2,5,1;-1,5,1,4,2;-1,5,1,5,1 ||  || CORE 1,0,4,0,4;1,0,4,1,3;2,1,3,0,4;-2,3,1,4,0;-1,4,0,3,1;-1,4,0,4,0 | live
REL 16,-2 18,-1 23,1 | 1,0,6,2,4;-1,0,6,6,0;2,1,5,6,0;-2,5,1,0,6;1,6,0,0,6;-1,6,0,4,2 ||  || CORE 1,0,6,2,4;-1,0,6,6,0;2,1,5,6,0;-2,5,1,0,6;1,6,0,0,6;-1,6,0,4,2 | live
REL 1,-1 5,1 6,-2 | 2,2,4,1,5;-1,2,4,4,2;1,3,3,1,5;-1,3,3,5,1;1,4,2,2,4;-2,4,2,5,1 ||  || CORE 2,0,2,0,4;-1,0,2,3,1;1,1,1,0,4;-1,1,1,4,0;1,2,0,1,3;-2,2,0,4,0 | live
REL 9,-1 15,-1 16,2 | 1,1,5,0,6;-2,1,5,6,0;1,2,4,6,0;-1,4,2,0,6;2,5,1,0,6;-1,5,1,6,0 ||  || CORE 1,0,4,0,6;-2,0,4,6,0;1,1,3,6,0;-1,3,1,0,6;2,4,0,0,6;-1,4,0,6,0 | live
REL 6,-2 12,1 14,-1 | -1,1,5,4,2;1,1,5,5,1;2,2,4,1,5;-2,4,2,5,1;-1,5,1,1,5;1,5,1,2,4 ||  || CORE -1,0,4,3,1;1,0,4,4,0;2,1,3,0,4;-2,3,1,4,0;-1,4,0,0,4;1,4,0,1,3 | live
REL 0,-2 3,-1 5,1 | 1,2,4,3,3;-1,2,4,4,2;2,3,3,2,4;-2,3,3,4,2;1,4,2,2,4;-1,4,2,3,3 || F -1,0,0,0,1;1,0,0,1,0 | -1,0,2,1,0;-2,1,1,0,1;-2,1,1,1,0;-1,2,0,0,1 || CORE -1,0,2,1,0;-2,1,1,0,1;-2,1,1,1,0;-1,2,0,0,1 | unit
REL 8,-1 12,2 15,-1 | 1,1,5,0,6;-2,1,5,4,2;1,2,4,0,6;-1,4,2,6,0;2,5,1,2,4;-1,5,1,6,0 ||  || CORE 1,0,4,0,6;-2,0,4,4,2;1,1,3,0,6;-1,3,1,6,0;2,4,0,2,4;-1,4,0,6,0 | live
REL 0,-1 18,-2 19,-1 | 2,0,6,2,4;1,0,6,4,2;1,3,3,2,4;-1,3,3,4,2;-1,6,0,2,4;-2,6,0,4,2 || F 1,0,1,0,0;1,1,0,0,0 | 2,0,5,0,2;1,0,5,2,0;-2,1,4,0,2;-1,1,4,2,0;2,2,3,0,2;1,2,3,2,0;-1,3,2,0,2;-2,3,2,2,0;1,4,1,0,2;2,4,1,2,0;-1,5,0,0,2;-2,5,0,2,0 ## F 1,0,2,0,0;-1,1,1,0,0;1,2,0,0,0 | 2,0,3,0,2;1,0,3,2,0;-1,3,0,0,2;-2,3,0,2,0 || CORE 2,0,3,0,2;1,0,3,2,0;-1,3,0,0,2;-2,3,0,2,0 | live
REL 7,-1 10,2 14,-1 | -2,1,5,3,3;1,1,5,5,1;1,2,4,5,1;-1,4,2,1,5;-1,5,1,1,5;2,5,1,3,3 || F 1,0,1,0,0;1,1,0,0,0 | -2,0,3,2,2;1,0,3,4,0;2,1,2,2,2;-2,2,1,2,2;-1,3,0,0,4;2,3,0,2,2 || CORE -2,0,3,2,2;1,0,3,4,0;2,1,2,2,2;-2,2,1,2,2;-1,3,0,0,4;2,3,0,2,2 | unit
REL 2,-1 13,1 15,2 | -2,1,5,0,6;-1,1,5,1,5;1,3,3,0,6;-1,3,3,6,0;1,5,1,5,1;2,5,1,6,0 ||  || CORE -2,0,4,0,6;-1,0,4,1,5;1,2,2,0,6;-1,2,2,6,0;1,4,0,5,1;2,4,0,6,0 | live
REL 2,-1 17,-1 23,2 | 1,0,6,3,3;-2,0,6,6,0;1,3,3,0,6;-1,3,3,6,0;2,6,0,0,6;-1,6,0,3,3 ||  || CORE 1,0,6,3,3;-2,0,6,6,0;1,3,3,0,6;-1,3,3,6,0;2,6,0,0,6;-1,6,0,3,3 | live
REL 3,-2 18,1 19,-1 | -1,0,6,2,4;1,0,6,4,2;2,2,4,3,3;-2,4,2,3,3;-1,6,0,2,4;1,6,0,4,2 ||  || CORE -1,0,6,0,2;1,0,6,2,0;2,2,4,1,1;-2,4,2,1,1;-1,6,0,0,2;1,6,0,2,0 | live
REL 15,-1 18,2 22,1 | -1,0,6,0,6;-2,0,6,2,4;1,1,5,0,6;-1,5,1,6,0;2,6,0,4,2;1,6,0,6,0 ||  || CORE -1,0,6,0,6;-2,0,6,2,4;1,1,5,0,6;-1,5,1,6,0;2,6,0,4,2;1,6,0,6,0 | live
REL 11,-1 17,-2 19,-1 | 2,0,6,3,3;1,0,6,4,2;1,1,5,2,4;-1,5,1,4,2;-1,6,0,2,4;-2,6,0,3,3 || F -1,0,1,0,0;1,1,0,0,0 | -2,0,5,1,1;-1,0,5,2,0;-1,1,4,0,2;-2,1,4,1,1;-1,1,4,2,0;-1,2,3,0,2;-2,2,3,1,1;-1,2,3,2,0;-1,3,2,0,2;-2,3,2,1,1;-1,3,2,2,0;-1,4,1,0,2;-2,4,1,1,1;-1,4,1,2,0;-1,5,0,0,2;-2,5,0,1,1 || CORE -2,0,5,1,1;-1,0,5,2,0;-1,1,4,0,2;-2,1,4,1,1;-1,1,4,2,0;-1,2,3,0,2;-2,2,3,1,1;-1,2,3,2,0;-1,3,2,0,2;-2,3,2,1,1;-1,3,2,2,0;-1,4,1,0,2;-2,4,1,1,1;-1,4,1,2,0;-1,5,0,0,2;-2,5,0,1,1 | live
REL 2,-1 22,-1 23,2 | 1,0,6,0,6;-2,0,6,6,0;1,3,3,0,6;-1,3,3,6,0;2,6,0,0,6;-1,6,0,6,0 ||  || CORE 1,0,6,0,6;-2,0,6,6,0;1,3,3,0,6;-1,3,3,6,0;2,6,0,0,6;-1,6,0,6,0 | live
REL 5,-1 10,2 12,1 | -2,1,5,3,3;-1,1,5,4,2;1,2,4,4,2;-1,4,2,2,4;1,5,1,2,4;2,5,1,3,3 || F -1,0,1,0,0;1,1,0,0,0 | 2,0,3,1,1;1,0,3,2,0;2,1,2,1,1;2,2,1,1,1;1,3,0,0,2;2,3,0,1,1 || CORE 2,0,3,1,1;1,0,3,2,0;2,1,2,1,1;2,2,1,1,1;1,3,0,0,2;2,3,0,1,1 | unit
REL 4,-2 13,-1 14,1 | 1,1,5,1,5;-1,1,5,5,1;2,2,4,2,4;-2,4,2,4,2;1,5,1,1,5;-1,5,1,5,1 ||  || CORE 1,0,4,0,4;-1,0,4,4,0;2,1,3,1,3;-2,3,1,3,1;1,4,0,0,4;-1,4,0,4,0 | live
REL 15,-2 18,1 22,-1 | 1,0,6,0,6;-1,0,6,2,4;2,1,5,0,6;-2,5,1,6,0;1,6,0,4,2;-1,6,0,6,0 ||  || CORE 1,0,6,0,6;-1,0,6,2,4;2,1,5,0,6;-2,5,1,6,0;1,6,0,4,2;-1,6,0,6,0 | live
REL 15,-1 18,-2 23,1 | 2,0,6,2,4;-1,0,6,6,0;1,1,5,0,6;-1,5,1,6,0;1,6,0,0,6;-2,6,0,4,2 ||  || CORE 2,0,6,2,4;-1,0,6,6,0;1,1,5,0,6;-1,5,1,6,0;1,6,0,0,6;-2,6,0,4,2 | live
REL 5,-1 6,-1 7,2 | 1,2,4,1,5;1,2,4,4,2;-2,2,4,5,1;2,4,2,1,5;-1,4,2,2,4;-1,4,2,5,1 || F -1,0,0,0,1;1,0,0,1,0 | -1,0,2,0,3;-1,0,2,1,2;-1,0,2,2,1;-2,0,2,3,0;-2,2,0,0,3;-1,2,0,1,2;-1,2,0,2,1;-1,2,0,3,0 || CORE -1,0,2,0,3;-1,0,2,1,2;-1,0,2,2,1;-2,0,2,3,0;-2,2,0,0,3;-1,2,0,1,2;-1,2,0,2,1;-1,2,0,3,0 | live
REL 16,-1 19,1 23,2 | -1,0,6,4,2;-2,0,6,6,0;1,1,5,6,0;-1,5,1,0,6;2,6,0,0,6;1,6,0,2,4 ||  || CORE -1,0,6,4,2;-2,0,6,6,0;1,1,5,6,0;-1,5,1,0,6;2,6,0,0,6;1,6,0,2,4 | live
REL 8,-1 21,-2 22,1 | -1,0,6,0,6;2,0,6,5,1;1,2,4,0,6;-1,4,2,6,0;-2,6,0,1,5;1,6,0,6,0 ||  || CORE -1,0,6,0,6;2,0,6,5,1;1,2,4,0,6;-1,4,2,6,0;-2,6,0,1,5;1,6,0,6,0 | live
REL 8,-2 15,1 16,-1 | -1,1,5,0,6;1,1,5,6,0;2,2,4,0,6;-2,4,2,6,0;-1,5,1,0,6;1,5,1,6,0 || F -1,0,1,0,0;1,1,0,0,0 | 1,0,3,0,6;-1,0,3,6,0;-1,1,2,0,6;-1,1,2,6,0;-1,2,1,0,6;-1,2,1,6,0;-1,3,0,0,6;1,3,0,6,0 || CORE 1,0,3,0,6;-1,0,3,6,0;-1,1,2,0,6;-1,1,2,6,0;-1,2,1,0,6;-1,2,1,6,0;-1,3,0,0,6;1,3,0,6,0 | live
REL 4,-2 17,1 18,1 | -1,0,6,2,4;-1,0,6,3,3;2,2,4,2,4;-2,4,2,4,2;1,6,0,3,3;1,6,0,4,2 ||  || CORE -1,0,6,0,2;-1,0,6,1,1;2,2,4,0,2;-2,4,2,2,0;1,6,0,1,1;1,6,0,2,0 | live
REL 15,-2 21,1 22,1 | -1,0,6,0,6;-1,0,6,5,1;2,1,5,0,6;-2,5,1,6,0;1,6,0,1,5;1,6,0,6,0 ||  || CORE -1,0,6,0,6;-1,0,6,5,1;2,1,5,0,6;-2,5,1,6,0;1,6,0,1,5;1,6,0,6,0 | live
REL 2,-1 14,1 15,-2 | 2,1,5,0,6;-1,1,5,5,1;1,3,3,0,6;-1,3,3,6,0;1,5,1,1,5;-2,5,1,6,0 ||  || CORE 2,0,4,0,6;-1,0,4,5,1;1,2,2,0,6;-1,2,2,6,0;1,4,0,1,5;-2,4,0,6,0 | live
REL 2,-1 7,1 8,2 | -2,2,4,0,6;-1,2,4,5,1;1,3,3,0,6;-1,3,3,6,0;1,4,2,1,5;2,4,2,6,0 ||  || CORE -2,0,2,0,6;-1,0,2,5,1;1,1,1,0,6;-1,1,1,6,0;1,2,0,1,5;2,2,0,6,0 | live
REL 5,-1 18,-2 19,1 | 2,0,6,2,4;-1,0,6,4,2;1,2,4,4,2;-1,4,2,2,4;1,6,0,2,4;-2,6,0,4,2 || F 1,0,2,0,0;1,2,0,0,0 | 2,0,4,0,2;-1,0,4,2,0;-2,2,2,0,2;2,2,2,2,0;1,4,0,0,2;-2,4,0,2,0 || CORE 2,0,4,0,2;-1,0,4,2,0;-2,2,2,0,2;2,2,2,2,0;1,4,0,0,2;-2,4,0,2,0 | live
REL 8,-2 19,-1 23,1 | 1,0,6,4,2;-1,0,6,6,0;2,2,4,0,6;-2,4,2,6,0;1,6,0,0,6;-1,6,0,2,4 ||  || CORE 1,0,6,4,2;-1,0,6,6,0;2,2,4,0,6;-2,4,2,6,0;1,6,0,0,6;-1,6,0,2,4 | live
REL 15,-2 20,-1 22,1 | -1,0,6,0,6;1,0,6,1,5;2,1,5,0,6;-2,5,1,6,0;-1,6,0,5,1;1,6,0,6,0 ||  || CORE -1,0,6,0,6;1,0,6,1,5;2,1,5,0,6;-2,5,1,6,0;-1,6,0,5,1;1,6,0,6,0 | live
REL 2,-2 5,1 8,-1 | 1,2,4,0,6;-1,2,4,4,2;2,3,3,0,6;-2,3,3,6,0;1,4,2,2,4;-1,4,2,6,0 || F 1,0,0,0,1;1,0,0,1,0 | 1,0,2,0,5;-1,0,2,1,4;1,0,2,2,3;-1,0,2,3,2;2,1,1,0,5;-2,1,1,1,4;2,1,1,2,3;-2,1,1,3,2;2,1,1,4,1;-2,1,1,5,0;1,2,0,2,3;-1,2,0,3,2;1,2,0,4,1;-1,2,0,5,0 ## F -1,0,0,0,1;1,0,0,1,0 | -1,0,2,0,4;-1,0,2,2,2;-2,1,1,0,4;-2,1,1,2,2;-2,1,1,4,0;-1,2,0,2,2;-1,2,0,4,0 || CORE -1,0,2,0,4;-1,0,2,2,2;-2,1,1,0,4;-2,1,1,2,2;-2,1,1,4,0;-1,2,0,2,2;-1,2,0,4,0 | live
REL 6,-1 10,-1 13,-2 | 2,1,5,1,5;1,1,5,3,3;1,2,4,1,5;-1,4,2,5,1;-1,5,1,3,3;-2,5,1,5,1 ||  || CORE 2,0,4,0,4;1,0,4,2,2;1,1,3,0,4;-1,3,1,4,0;-1,4,0,2,2;-2,4,0,4,0 | live
REL 9,-1 12,1 15,-2 | 2,1,5,0,6;-1,1,5,4,2;1,2,4,6,0;-1,4,2,0,6;1,5,1,2,4;-2,5,1,6,0 ||  || CORE 2,0,4,0,6;-1,0,4,4,2;1,1,3,6,0;-1,3,1,0,6;1,4,0,2,4;-2,4,0,6,0 | live
REL 8,-1 17,1 23,-2 | -1,0,6,3,3;2,0,6,6,0;1,2,4,0,6;-1,4,2,6,0;-2,6,0,0,6;1,6,0,3,3 ||  || CORE -1,0,6,3,3;2,0,6,6,0;1,2,4,0,6;-1,4,2,6,0;-2,6,0,0,6;1,6,0,3,3 | live
REL 15,-1 17,2 23,-1 | -2,0,6,3,3;1,0,6,6,0;1,1,5,0,6;-1,5,1,6,0;-1,6,0,0,6;2,6,0,3,3 || F -1,0,1,0,0;1,1,0,0,0 | 2,0,5,3,3;-1,0,5,6,0;-1,1,4,0,6;2,1,4,3,3;-1,1,4,6,0;-1,2,3,0,6;2,2,3,3,3;-1,2,3,6,0;-1,3,2,0,6;2,3,2,3,3;-1,3,2,6,0;-1,4,1,0,6;2,4,1,3,3;-1,4,1,6,0;-1,5,0,0,6;2,5,0,3,3 || CORE 2,0,5,3,3;-1,0,5,6,0;-1,1,4,0,6;2,1,4,3,3;-1,1,4,6,0;-1,2,3,0,6;2,2,3,3,3;-1,2,3,6,0;-1,3,2,0,6;2,3,2,3,3;-1,3,2,6,0;-1,4,1,0,6;2,4,1,3,3;-1,4,1,6,0;-1,5,0,0,6;2,5,0,3,3 | live
REL 1,-2 22,1 23,1 | -1,0,6,0,6;-1,0,6,6,0;2,3,3,1,5;-2,3,3,5,1;1,6,0,0,6;1,6,0,6,0 || F 1,0,0,0,2;1,0,0,2,0 | -1,0,6,0,4;1,0,6,2,2;-1,0,6,4,0;2,3,3,1,3;-2,3,3,3,1;1,6,0,0,4;-1,6,0,2,2;1,6,0,4,0 || CORE -1,0,6,0,4;1,0,6,2,2;-1,0,6,4,0;2,3,3,1,3;-2,3,3,3,1;1,6,0,0,4;-1,6,0,2,2;1,6,0,4,0 | live
REL 2,-2 15,1 16,1 | -1,1,5,0,6;-1,1,5,6,0;2,3,3,0,6;-2,3,3,6,0;1,5,1,0,6;1,5,1,6,0 ||  || CORE -1,0,4,0,6;-1,0,4,6,0;2,2,2,0,6;-2,2,2,6,0;1,4,0,0,6;1,4,0,6,0 | live
REL 1,-2 18,-1 21,1 | 1,0,6,2,4;-1,0,6,5,1;2,3,3,1,5;-2,3,3,5,1;1,6,0,1,5;-1,6,0,4,2 || F -1,0,0,0,1;1,0,0,1,0 | -1,0,6,1,2;-1,0,6,2,1;-1,0,6,3,0;-2,3,3,0,3;-2,3,3,1,2;-2,3,3,2,1;-2,3,3,3,0;-1,6,0,0,3;-1,6,0,1,2;-1,6,0,2,1 || CORE -1,0,6,1,2;-1,0,6,2,1;-1,0,6,3,0;-2,3,3,0,3;-2,3,3,1,2;-2,3,3,2,1;-2,3,3,3,0;-1,6,0,0,3;-1,6,0,1,2;-1,6,0,2,1 | live
REL 7,-1 18,-2 20,-1 | 1,0,6,1,5;2,0,6,2,4;1,2,4,5,1;-1,4,2,1,5;-2,6,0,4,2;-1,6,0,5,1 ||  || CORE 1,0,6,0,4;2,0,6,1,3;1,2,4,4,0;-1,4,2,0,4;-2,6,0,3,1;-1,6,0,4,0 | live
REL 8,-2 22,-1 23,1 | 1,0,6,0,6;-1,0,6,6,0;2,2,4,0,6;-2,4,2,6,0;1,6,0,0,6;-1,6,0,6,0 ||  || CORE 1,0,6,0,6;-1,0,6,6,0;2,2,4,0,6;-2,4,2,6,0;1,6,0,0,6;-1,6,0,6,0 | live
REL 10,-2 11,-1 12,1 | 1,1,5,2,4;2,1,5,3,3;-1,1,5,4,2;1,5,1,2,4;-2,5,1,3,3;-1,5,1,4,2 ||  || CORE 1,0,4,0,2;2,0,4,1,1;-1,0,4,2,0;1,4,0,0,2;-2,4,0,1,1;-1,4,0,2,0 | live
REL 8,-1 19,2 22,-1 | 1,0,6,0,6;-2,0,6,4,2;1,2,4,0,6;-1,4,2,6,0;2,6,0,2,4;-1,6,0,6,0 ||  || CORE 1,0,6,0,6;-2,0,6,4,2;1,2,4,0,6;-1,4,2,6,0;2,6,0,2,4;-1,6,0,6,0 | live
REL 2,-2 4,1 9,-1 | -1,2,4,2,4;1,2,4,6,0;2,3,3,0,6;-2,3,3,6,0;-1,4,2,0,6;1,4,2,4,2 || F 1,0,0,0,1;1,0,0,1,0 | -1,0,2,2,3;1,0,2,3,2;-1,0,2,4,1;1,0,2,5,0;2,1,1,0,5;-2,1,1,1,4;2,1,1,2,3;-2,1,1,3,2;2,1,1,4,1;-2,1,1,5,0;-1,2,0,0,5;1,2,0,1,4;-1,2,0,2,3;1,2,0,3,2 ## F -1,0,0,0,1;1,0,0,1,0 | 1,0,2,2,2;1,0,2,4,0;-2,1,1,0,4;-2,1,1,2,2;-2,1,1,4,0;1,2,0,0,4;1,2,0,2,2 || CORE 1,0,2,2,2;1,0,2,4,0;-2,1,1,0,4;-2,1,1,2,2;-2,1,1,4,0;1,2,0,0,4;1,2,0,2,2 | live
REL 16,-1 21,2 22,1 | -1,0,6,0,6;-2,0,6,5,1;1,1,5,6,0;-1,5,1,0,6;2,6,0,1,5;1,6,0,6,0 ||  || CORE -1,0,6,0,6;-2,0,6,5,1;1,1,5,6,0;-1,5,1,0,6;2,6,0,1,5;1,6,0,6,0 | live
REL 15,-2 22,-1 23,1 | 1,0,6,0,6;-1,0,6,6,0;2,1,5,0,6;-2,5,1,6,0;1,6,0,0,6;-1,6,0,6,0 || F 1,0,1,0,0;1,1,0,0,0 | 1,0,5,0,6;-1,0,5,6,0;1,1,4,0,6;1,1,4,6,0;-1,2,3,0,6;-1,2,3,6,0;1,3,2,0,6;1,3,2,6,0;-1,4,1,0,6;-1,4,1,6,0;1,5,0,0,6;-1,5,0,6,0 || CORE 1,0,5,0,6;-1,0,5,6,0;1,1,4,0,6;1,1,4,6,0;-1,2,3,0,6;-1,2,3,6,0;1,3,2,0,6;1,3,2,6,0;-1,4,1,0,6;-1,4,1,6,0;1,5,0,0,6;-1,5,0,6,0 | live
REL 15,-2 20,1 22,1 | -1,0,6,0,6;-1,0,6,1,5;2,1,5,0,6;-2,5,1,6,0;1,6,0,5,1;1,6,0,6,0 ||  || CORE -1,0,6,0,6;-1,0,6,1,5;2,1,5,0,6;-2,5,1,6,0;1,6,0,5,1;1,6,0,6,0 | live
REL 19,-2 22,-1 23,1 | 1,0,6,0,6;2,0,6,4,2;-1,0,6,6,0;1,6,0,0,6;-2,6,0,2,4;-1,6,0,6,0 ||  || CORE 1,0,6,0,6;2,0,6,4,2;-1,0,6,6,0;1,6,0,0,6;-2,6,0,2,4;-1,6,0,6,0 | live
REL 4,-1 17,1 19,2 | -1,0,6,3,3;-2,0,6,4,2;1,2,4,2,4;-1,4,2,4,2;2,6,0,2,4;1,6,0,3,3 ||  || CORE -1,0,6,1,1;-2,0,6,2,0;1,2,4,0,2;-1,4,2,2,0;2,6,0,0,2;1,6,0,1,1 | live
REL 12,-1 15,-1 16,2 | 1,1,5,0,6;1,1,5,4,2;-2,1,5,6,0;2,5,1,0,6;-1,5,1,2,4;-1,5,1,6,0 || F 1,0,0,0,1;1,0,0,1,0 | 1,0,4,0,5;-1,0,4,1,4;1,0,4,2,3;-1,0,4,3,2;2,0,4,4,1;-2,0,4,5,0;2,4,0,0,5;-2,4,0,1,4;1,4,0,2,3;-1,4,0,3,2;1,4,0,4,1;-1,4,0,5,0 ## F -1,0,0,0,1;1,0,0,1,0 | -1,0,4,0,4;-1,0,4,2,2;-2,0,4,4,0;-2,4,0,0,4;-1,4,0,2,2;-1,4,0,4,0 || CORE -1,0,4,0,4;-1,0,4,2,2;-2,0,4,4,0;-2,4,0,0,4;-1,4,0,2,2;-1,4,0,4,0 | live
REL 19,-2 20,1 21,1 | -1,0,6,1,5;2,0,6,4,2;-1,0,6,5,1;1,6,0,1,5;-2,6,0,2,4;1,6,0,5,1 || F -1,0,0,0,1;1,0,0,1,0 | 1,0,6,0,3;1,0,6,1,2;1,0,6,2,1;-1,0,6,3,0;-1,6,0,0,3;1,6,0,1,2;1,6,0,2,1;1,6,0,3,0 || CORE 1,0,6,0,3;1,0,6,1,2;1,0,6,2,1;-1,0,6,3,0;-1,6,0,0,3;1,6,0,1,2;1,6,0,2,1;1,6,0,3,0 | live
REL 21,-1 22,2 23,1 | -2,0,6,0,6;1,0,6,5,1;-1,0,6,6,0;1,6,0,0,6;-1,6,0,1,5;2,6,0,6,0 ||  || CORE -2,0,6,0,6;1,0,6,5,1;-1,0,6,6,0;1,6,0,0,6;-1,6,0,1,5;2,6,0,6,0 | live
REL 0,-1 18,-2 19,1 | 2,0,6,2,4;-1,0,6,4,2;1,3,3,2,4;-1,3,3,4,2;1,6,0,2,4;-2,6,0,4,2 ||  || CORE 2,0,6,0,2;-1,0,6,2,0;1,3,3,0,2;-1,3,3,2,0;1,6,0,0,2;-2,6,0,2,0 | live
REL 0,-2 8,1 9,1 | -1,2,4,0,6;-1,2,4,6,0;2,3,3,2,4;-2,3,3,4,2;1,4,2,0,6;1,4,2,6,0 ||  || CORE -1,0,2,0,6;-1,0,2,6,0;2,1,1,2,4;-2,1,1,4,2;1,2,0,0,6;1,2,0,6,0 | live
REL 9,-2 12,-1 15,-1 | 1,1,5,0,6;1,1,5,4,2;2,2,4,6,0;-2,4,2,0,6;-1,5,1,2,4;-1,5,1,6,0 ||  || CORE 1,0,4,0,6;1,0,4,4,2;2,1,3,6,0;-2,3,1,0,6;-1,4,0,2,4;-1,4,0,6,0 | live
REL 15,-1 20,2 22,-1 | 1,0,6,0,6;-2,0,6,1,5;1,1,5,0,6;-1,5,1,6,0;2,6,0,5,1;-1,6,0,6,0 ||  || CORE 1,0,6,0,6;-2,0,6,1,5;1,1,5,0,6;-1,5,1,6,0;2,6,0,5,1;-1,6,0,6,0 | live
REL 7,-2 8,-1 9,-1 | 1,2,4,0,6;2,2,4,5,1;1,2,4,6,0;-1,4,2,0,6;-2,4,2,1,5;-1,4,2,6,0 || F 1,0,0,0,1;1,0,0,1,0 | 1,0,2,0,5;-1,0,2,1,4;1,0,2,2,3;-1,0,2,3,2;1,0,2,4,1;1,0,2,5,0;-1,2,0,0,5;-1,2,0,1,4;1,2,0,2,3;-1,2,0,3,2;1,2,0,4,1;-1,2,0,5,0 || CORE 1,0,2,0,5;-1,0,2,1,4;1,0,2,2,3;-1,0,2,3,2;1,0,2,4,1;1,0,2,5,0;-1,2,0,0,5;-1,2,0,1,4;1,2,0,2,3;-1,2,0,3,2;1,2,0,4,1;-1,2,0,5,0 | live
REL 6,-1 18,-1 20,2 | -2,0,6,1,5;1,0,6,2,4;1,2,4,1,5;-1,4,2,5,1;-1,6,0,4,2;2,6,0,5,1 ||  || CORE -2,0,6,0,4;1,0,6,1,3;1,2,4,0,4;-1,4,2,4,0;-1,6,0,3,1;2,6,0,4,0 | live
REL 6,-1 19,-1 20,-2 | 2,0,6,1,5;1,0,6,4,2;1,2,4,1,5;-1,4,2,5,1;-1,6,0,2,4;-2,6,0,5,1 ||  || CORE 2,0,6,0,4;1,0,6,3,1;1,2,4,0,4;-1,4,2,4,0;-1,6,0,1,3;-2,6,0,4,0 | live
REL 8,-1 12,-1 15,-2 | 2,1,5,0,6;1,1,5,4,2;1,2,4,0,6;-1,4,2,6,0;-1,5,1,2,4;-2,5,1,6,0 ||  || CORE 2,0,4,0,6;1,0,4,4,2;1,1,3,0,6;-1,3,1,6,0;-1,4,0,2,4;-2,4,0,6,0 | live
REL 5,-2 17,-1 19,-1 | 1,0,6,3,3;1,0,6,4,2;2,2,4,4,2;-2,4,2,2,4;-1,6,0,2,4;-1,6,0,3,3 ||  || CORE 1,0,6,1,1;1,0,6,2,0;2,2,4,2,0;-2,4,2,0,2;-1,6,0,0,2;-1,6,0,1,1 | live
REL 8,-2 20,1 23,-1 | -1,0,6,1,5;1,0,6,6,0;2,2,4,0,6;-2,4,2,6,0;-1,6,0,0,6;1,6,0,5,1 ||  || CORE -1,0,6,1,5;1,0,6,6,0;2,2,4,0,6;-2,4,2,6,0;-1,6,0,0,6;1,6,0,5,1 | live
REL 4,-1 10,1 11,2 | -2,1,5,2,4;-1,1,5,3,3;1,2,4,2,4;-1,4,2,4,2;1,5,1,3,3;2,5,1,4,2 ||  || CORE -2,0,4,0,2;-1,0,4,1,1;1,1,3,0,2;-1,3,1,2,0;1,4,0,1,1;2,4,0,2,0 | live
REL 7,-2 22,1 23,-1 | -1,0,6,0,6;1,0,6,6,0;2,2,4,5,1;-2,4,2,1,5;-1,6,0,0,6;1,6,0,6,0 ||  || CORE -1,0,6,0,6;1,0,6,6,0;2,2,4,5,1;-2,4,2,1,5;-1,6,0,0,6;1,6,0,6,0 | live
REL 15,-1 17,1 22,2 | -2,0,6,0,6;-1,0,6,3,3;1,1,5,0,6;-1,5,1,6,0;1,6,0,3,3;2,6,0,6,0 ||  || CORE -2,0,6,0,6;-1,0,6,3,3;1,1,5,0,6;-1,5,1,6,0;1,6,0,3,3;2,6,0,6,0 | live
REL 4,-1 8,2 9,1 | -2,2,4,0,6;1,2,4,2,4;-1,2,4,6,0;1,4,2,0,6;-1,4,2,4,2;2,4,2,6,0 ||  || CORE -2,0,2,0,6;1,0,2,2,4;-1,0,2,6,0;1,2,0,0,6;-1,2,0,4,2;2,2,0,6,0 | live
REL 3,-2 11,1 12,1 | -1,1,5,2,4;-1,1,5,4,2;2,2,4,3,3;-2,4,2,3,3;1,5,1,2,4;1,5,1,4,2 || F 1,0,1,0,0;1,1,0,0,0 | -1,0,3,0,2;-1,0,3,2,0;1,1,2,0,2;2,1,2,1,1;1,1,2,2,0;-1,2,1,0,2;-2,2,1,1,1;-1,2,1,2,0;1,3,0,0,2;1,3,0,2,0 ## F -1,0,1,0,0;1,1,0,0,0 | 1,0,2,0,2;1,0,2,2,0;-2,1,1,1,1;1,2,0,0,2;1,2,0,2,0 || CORE 1,0,2,0,2;1,0,2,2,0;-2,1,1,1,1;1,2,0,0,2;1,2,0,2,0 | live
REL 2,-1 3,1 9,-2 | -1,2,4,3,3;2,2,4,6,0;1,3,3,0,6;-1,3,3,6,0;-2,4,2,0,6;1,4,2,3,3 ||  || CORE -1,0,2,3,3;2,0,2,6,0;1,1,1,0,6;-1,1,1,6,0;-2,2,0,0,6;1,2,0,3,3 | live
REL 5,-1 10,-1 11,2 | -2,1,5,2,4;1,1,5,3,3;1,2,4,4,2;-1,4,2,2,4;-1,5,1,3,3;2,5,1,4,2 ||  || CORE -2,0,4,0,2;1,0,4,1,1;1,1,3,2,0;-1,3,1,0,2;-1,4,0,1,1;2,4,0,2,0 | live
REL 0,-1 17,-1 18,2 | -2,0,6,2,4;1,0,6,3,3;1,3,3,2,4;-1,3,3,4,2;-1,6,0,3,3;2,6,0,4,2 ||  || CORE -2,0,6,0,2;1,0,6,1,1;1,3,3,0,2;-1,3,3,2,0;-1,6,0,1,1;2,6,0,2,0 | live
REL 8,-1 11,-2 16,1 | 2,1,5,2,4;-1,1,5,6,0;1,2,4,0,6;-1,4,2,6,0;1,5,1,0,6;-2,5,1,4,2 ||  || CORE 2,0,4,2,4;-1,0,4,6,0;1,1,3,0,6;-1,3,1,6,0;1,4,0,0,6;-2,4,0,4,2 | live
REL 9,-1 14,1 16,-2 | -1,1,5,5,1;2,1,5,6,0;1,2,4,6,0;-1,4,2,0,6;-2,5,1,0,6;1,5,1,1,5 ||  || CORE -1,0,4,5,1;2,0,4,6,0;1,1,3,6,0;-1,3,1,0,6;-2,4,0,0,6;1,4,0,1,5 | live
REL 1,-1 5,1 7,2 | -1,2,4,4,2;-2,2,4,5,1;1,3,3,1,5;-1,3,3,5,1;2,4,2,1,5;1,4,2,2,4 ||  || CORE -1,0,2,3,1;-2,0,2,4,0;1,1,1,0,4;-1,1,1,4,0;2,2,0,0,4;1,2,0,1,3 | live
REL 2,-2 21,-1 23,-1 | 1,0,6,5,1;1,0,6,6,0;2,3,3,0,6;-2,3,3,6,0;-1,6,0,0,6;-1,6,0,1,5 || F 1,0,0,0,1;1,0,0,1,0 | 1,0,6,5,0;2,3,3,0,5;-2,3,3,1,4;2,3,3,2,3;-2,3,3,3,2;2,3,3,4,1;-2,3,3,5,0;-1,6,0,0,5 || CORE 1,0,6,5,0;2,3,3,0,5;-2,3,3,1,4;2,3,3,2,3;-2,3,3,3,2;2,3,3,4,1;-2,3,3,5,0;-1,6,0,0,5 | unit
REL 12,-1 17,2 18,-1 | 1,0,6,2,4;-2,0,6,3,3;1,1,5,4,2;-1,5,1,2,4;2,6,0,3,3;-1,6,0,4,2 || F -1,0,1,0,0;1,1,0,0,0 | -1,0,5,0,2;2,0,5,1,1;-1,1,4,0,2;2,1,4,1,1;-1,1,4,2,0;-1,2,3,0,2;2,2,3,1,1;-1,2,3,2,0;-1,3,2,0,2;2,3,2,1,1;-1,3,2,2,0;-1,4,1,0,2;2,4,1,1,1;-1,4,1,2,0;2,5,0,1,1;-1,5,0,2,0 || CORE -1,0,5,0,2;2,0,5,1,1;-1,1,4,0,2;2,1,4,1,1;-1,1,4,2,0;-1,2,3,0,2;2,2,3,1,1;-1,2,3,2,0;-1,3,2,0,2;2,3,2,1,1;-1,3,2,2,0;-1,4,1,0,2;2,4,1,1,1;-1,4,1,2,0;2,5,0,1,1;-1,5,0,2,0 | live
REL 3,-1 8,-2 9,1 | 2,2,4,0,6;1,2,4,3,3;-1,2,4,6,0;1,4,2,0,6;-1,4,2,3,3;-2,4,2,6,0 || F 1,0,0,0,1;1,0,0,1,0 | 2,0,2,0,5;-2,0,2,1,4;2,0,2,2,3;-1,0,2,3,2;1,0,2,4,1;-1,0,2,5,0;1,2,0,0,5;-1,2,0,1,4;1,2,0,2,3;-2,2,0,3,2;2,2,0,4,1;-2,2,0,5,0 ## F 1,0,0,0,2;-1,0,0,1,1;1,0,0,2,0 | 2,0,2,0,3;-1,0,2,3,0;1,2,0,0,3;-2,2,0,3,0 || CORE 2,0,2,0,3;-1,0,2,3,0;1,2,0,0,3;-2,2,0,3,0 | live
REL 2,-1 12,2 15,-1 | 1,1,5,0,6;-2,1,5,4,2;1,3,3,0,6;-1,3,3,6,0;2,5,1,2,4;-1,5,1,6,0 ||  || CORE 1,0,4,0,6;-2,0,4,4,2;1,2,2,0,6;-1,2,2,6,0;2,4,0,2,4;-1,4,0,6,0 | live
REL 4,-2 8,1 9,-1 | -1,2,4,0,6;2,2,4,2,4;1,2,4,6,0;-1,4,2,0,6;-2,4,2,4,2;1,4,2,6,0 ||  || CORE -1,0,2,0,6;2,0,2,2,4;1,0,2,6,0;-1,2,0,0,6;-2,2,0,4,2;1,2,0,6,0 | live
REL 14,-2 19,1 21,1 | -1,0,6,4,2;-1,0,6,5,1;2,1,5,5,1;-2,5,1,1,5;1,6,0,1,5;1,6,0,2,4 ||  || CORE -1,0,6,3,1;-1,0,6,4,0;2,1,5,4,0;-2,5,1,0,4;1,6,0,0,4;1,6,0,1,3 | live
REL 9,-1 18,-2 23,1 | 2,0,6,2,4;-1,0,6,6,0;1,2,4,6,0;-1,4,2,0,6;1,6,0,0,6;-2,6,0,4,2 ||  || CORE 2,0,6,2,4;-1,0,6,6,0;1,2,4,6,0;-1,4,2,0,6;1,6,0,0,6;-2,6,0,4,2 | live
REL 0,-2 20,1 21,-1 | -1,0,6,1,5;1,0,6,5,1;2,3,3,2,4;-2,3,3,4,2;-1,6,0,1,5;1,6,0,5,1 || F 1,0,0,0,1;1,0,0,1,0 | -1,0,6,0,3;1,0,6,1,2;-1,0,6,2,1;1,0,6,3,0;2,3,3,1,2;-2,3,3,2,1;-1,6,0,0,3;1,6,0,1,2;-1,6,0,2,1;1,6,0,3,0 ## F -1,0,0,0,1;1,0,0,1,0 | 1,0,6,0,2;1,0,6,2,0;-2,3,3,1,1;1,6,0,0,2;1,6,0,2,0 || CORE 1,0,6,0,2;1,0,6,2,0;-2,3,3,1,1;1,6,0,0,2;1,6,0,2,0 | live
REL 9,-2 12,1 16,1 | -1,1,5,4,2;-1,1,5,6,0;2,2,4,6,0;-2,4,2,0,6;1,5,1,0,6;1,5,1,2,4 ||  || CORE -1,0,4,4,2;-1,0,4,6,0;2,1,3,6,0;-2,3,1,0,6;1,4,0,0,6;1,4,0,2,4 | live
REL 9,-2 18,-1 22,1 | -1,0,6,0,6;1,0,6,2,4;2,2,4,6,0;-2,4,2,0,6;-1,6,0,4,2;1,6,0,6,0 ||  || CORE -1,0,6,0,6;1,0,6,2,4;2,2,4,6,0;-2,4,2,0,6;-1,6,0,4,2;1,6,0,6,0 | live
REL 1,-1 17,-2 20,-1 | 1,0,6,1,5;2,0,6,3,3;1,3,3,1,5;-1,3,3,5,1;-2,6,0,3,3;-1,6,0,5,1 || F 1,0,1,0,0;1,1,0,0,0 | 1,0,5,0,4;2,0,5,2,2;-1,1,4,0,4;-2,1,4,2,2;1,2,3,0,4;2,2,3,2,2;-2,3,2,2,2;-1,3,2,4,0;2,4,1,2,2;1,4,1,4,0;-2,5,0,2,2;-1,5,0,4,0 ## F 1,0,2,0,0;-1,1,1,0,0;1,2,0,0,0 | 1,0,3,0,4;2,0,3,2,2;-2,3,0,2,2;-1,3,0,4,0 || CORE 1,0,3,0,4;2,0,3,2,2;-2,3,0,2,2;-1,3,0,4,0 | unit
REL 0,-1 4,-2 5,1 | 2,2,4,2,4;-1,2,4,4,2;1,3,3,2,4;-1,3,3,4,2;1,4,2,2,4;-2,4,2,4,2 ||  || CORE 2,0,2,0,2;-1,0,2,2,0;1,1,1,0,2;-1,1,1,2,0;1,2,0,0,2;-2,2,0,2,0 | live
REL 6,-1 18,-1 21,-2 | 1,0,6,2,4;2,0,6,5,1;1,2,4,1,5;-1,4,2,5,1;-2,6,0,1,5;-1,6,0,4,2 ||  || CORE 1,0,6,1,3;2,0,6,4,0;1,2,4,0,4;-1,4,2,4,0;-2,6,0,0,4;-1,6,0,3,1 | live
REL 1,-1 19,1 21,-2 | -1,0,6,4,2;2,0,6,5,1;1,3,3,1,5;-1,3,3,5,1;-2,6,0,1,5;1,6,0,2,4 ||  || CORE -1,0,6,3,1;2,0,6,4,0;1,3,3,0,4;-1,3,3,4,0;-2,6,0,0,4;1,6,0,1,3 | live
REL 11,-1 17,-1 19,-2 | 1,0,6,3,3;2,0,6,4,2;1,1,5,2,4;-1,5,1,4,2;-2,6,0,2,4;-1,6,0,3,3 ||  || CORE 1,0,6,1,1;2,0,6,2,0;1,1,5,0,2;-1,5,1,2,0;-2,6,0,0,2;-1,6,0,1,1 | live
REL 6,-1 17,-2 20,-1 | 1,0,6,1,5;2,0,6,3,3;1,2,4,1,5;-1,4,2,5,1;-2,6,0,3,3;-1,6,0,5,1 ||  || CORE 1,0,6,0,4;2,0,6,2,2;1,2,4,0,4;-1,4,2,4,0;-2,6,0,2,2;-1,6,0,4,0 | live
REL 17,-1 22,1 23,2 | -1,0,6,0,6;1,0,6,3,3;-2,0,6,6,0;2,6,0,0,6;-1,6,0,3,3;1,6,0,6,0 ||  || CORE -1,0,6,0,6;1,0,6,3,3;-2,0,6,6,0;2,6,0,0,6;-1,6,0,3,3;1,6,0,6,0 | live
REL 13,-2 18,-1 20,-1 | 1,0,6,1,5;1,0,6,2,4;2,1,5,1,5;-2,5,1,5,1;-1,6,0,4,2;-1,6,0,5,1 ||  || CORE 1,0,6,0,4;1,0,6,1,3;2,1,5,0,4;-2,5,1,4,0;-1,6,0,3,1;-1,6,0,4,0 | live
REL 6,-1 8,2 9,-1 | -2,2,4,0,6;1,2,4,1,5;1,2,4,6,0;-1,4,2,0,6;-1,4,2,5,1;2,4,2,6,0 || F -1,0,0,0,1;1,0,0,1,0 | 2,0,2,0,5;1,0,2,1,4;1,0,2,2,3;1,0,2,3,2;1,0,2,4,1;1,0,2,5,0;1,2,0,0,5;1,2,0,1,4;1,2,0,2,3;1,2,0,3,2;1,2,0,4,1;2,2,0,5,0 || CORE 2,0,2,0,5;1,0,2,1,4;1,0,2,2,3;1,0,2,3,2;1,0,2,4,1;1,0,2,5,0;1,2,0,0,5;1,2,0,1,4;1,2,0,2,3;1,2,0,3,2;1,2,0,4,1;2,2,0,5,0 | live
REL 2,-1 21,2 23,1 | -2,0,6,5,1;-1,0,6,6,0;1,3,3,0,6;-1,3,3,6,0;1,6,0,0,6;2,6,0,1,5 ||  || CORE -2,0,6,5,1;-1,0,6,6,0;1,3,3,0,6;-1,3,3,6,0;1,6,0,0,6;2,6,0,1,5 | live
REL 2,-1 18,2 22,1 | -1,0,6,0,6;-2,0,6,2,4;1,3,3,0,6;-1,3,3,6,0;2,6,0,4,2;1,6,0,6,0 ||  || CORE -1,0,6,0,6;-2,0,6,2,4;1,3,3,0,6;-1,3,3,6,0;2,6,0,4,2;1,6,0,6,0 | live
REL 0,-2 3,-1 5,-1 | 1,2,4,3,3;1,2,4,4,2;2,3,3,2,4;-2,3,3,4,2;-1,4,2,2,4;-1,4,2,3,3 || F 1,0,0,0,1;1,0,0,1,0 | 1,0,2,1,0;2,1,1,0,1;-2,1,1,1,0;-1,2,0,0,1 || CORE 1,0,2,1,0;2,1,1,0,1;-2,1,1,1,0;-1,2,0,0,1 | unit
REL 14,-1 19,-1 20,2 | -2,0,6,1,5;1,0,6,4,2;1,1,5,5,1;-1,5,1,1,5;-1,6,0,2,4;2,6,0,5,1 ||  || CORE -2,0,6,0,4;1,0,6,3,1;1,1,5,4,0;-1,5,1,0,4;-1,6,0,1,3;2,6,0,4,0 | live
REL 13,-1 20,2 21,1 | -2,0,6,1,5;-1,0,6,5,1;1,1,5,1,5;-1,5,1,5,1;1,6,0,1,5;2,6,0,5,1 || F -1,0,1,0,0;1,1,0,0,0 | 2,0,5,0,4;1,0,5,4,0;1,1,4,0,4;1,1,4,4,0;1,2,3,0,4;1,2,3,4,0;1,3,2,0,4;1,3,2,4,0;1,4,1,0,4;1,4,1,4,0;1,5,0,0,4;2,5,0,4,0 || CORE 2,0,5,0,4;1,0,5,4,0;1,1,4,0,4;1,1,4,4,0;1,2,3,0,4;1,2,3,4,0;1,3,2,0,4;1,3,2,4,0;1,4,1,0,4;1,4,1,4,0;1,5,0,0,4;2,5,0,4,0 | live
REL 7,-1 12,-2 14,1 | 2,1,5,4,2;-1,1,5,5,1;1,2,4,5,1;-1,4,2,1,5;1,5,1,1,5;-2,5,1,2,4 ||  || CORE 2,0,4,3,1;-1,0,4,4,0;1,1,3,4,0;-1,3,1,0,4;1,4,0,0,4;-2,4,0,1,3 | live
REL 8,-2 18,1 22,1 | -1,0,6,0,6;-1,0,6,2,4;2,2,4,0,6;-2,4,2,6,0;1,6,0,4,2;1,6,0,6,0 ||  || CORE -1,0,6,0,6;-1,0,6,2,4;2,2,4,0,6;-2,4,2,6,0;1,6,0,4,2;1,6,0,6,0 | live
REL 16,-1 22,-1 23,-2 | 1,0,6,0,6;2,0,6,6,0;1,1,5,6,0;-1,5,1,0,6;-2,6,0,0,6;-1,6,0,6,0 || F 1,0,1,0,0;1,1,0,0,0 | 1,0,5,0,6;2,0,5,6,0;-1,1,4,0,6;-1,1,4,6,0;1,2,3,0,6;1,2,3,6,0;-1,3,2,0,6;-1,3,2,6,0;1,4,1,0,6;1,4,1,6,0;-2,5,0,0,6;-1,5,0,6,0 || CORE 1,0,5,0,6;2,0,5,6,0;-1,1,4,0,6;-1,1,4,6,0;1,2,3,0,6;1,2,3,6,0;-1,3,2,0,6;-1,3,2,6,0;1,4,1,0,6;1,4,1,6,0;-2,5,0,0,6;-1,5,0,6,0 | live
REL 5,-1 18,2 19,1 | -2,0,6,2,4;-1,0,6,4,2;1,2,4,4,2;-1,4,2,2,4;1,6,0,2,4;2,6,0,4,2 ||  || CORE -2,0,6,0,2;-1,0,6,2,0;1,2,4,2,0;-1,4,2,0,2;1,6,0,0,2;2,6,0,2,0 | live
REL 8,-1 20,-2 22,1 | -1,0,6,0,6;2,0,6,1,5;1,2,4,0,6;-1,4,2,6,0;-2,6,0,5,1;1,6,0,6,0 ||  || CORE -1,0,6,0,6;2,0,6,1,5;1,2,4,0,6;-1,4,2,6,0;-2,6,0,5,1;1,6,0,6,0 | live
REL 7,-1 19,-2 21,1 | 2,0,6,4,2;-1,0,6,5,1;1,2,4,5,1;-1,4,2,1,5;1,6,0,1,5;-2,6,0,2,4 ||  || CORE 2,0,6,3,1;-1,0,6,4,0;1,2,4,4,0;-1,4,2,0,4;1,6,0,0,4;-2,6,0,1,3 | live
REL 6,-1 19,2 21,1 | -2,0,6,4,2;-1,0,6,5,1;1,2,4,1,5;-1,4,2,5,1;1,6,0,1,5;2,6,0,2,4 ||  || CORE -2,0,6,3,1;-1,0,6,4,0;1,2,4,0,4;-1,4,2,4,0;1,6,0,0,4;2,6,0,1,3 | live
REL 0,-2 4,-1 5,1 | 1,2,4,2,4;-1,2,4,4,2;2,3,3,2,4;-2,3,3,4,2;1,4,2,2,4;-1,4,2,4,2 || F 1,0,1,0,0;1,1,0,0,0 | 1,0,1,0,2;-1,0,1,2,0;1,1,0,0,2;-1,1,0,2,0 ## F 1,0,0,0,1;1,0,0,1,0 | 1,0,1,0,1;-1,0,1,1,0;1,1,0,0,1;-1,1,0,1,0 ## F -1,0,0,0,1;1,0,0,1,0 | -1,0,1,0,0;-1,1,0,0,0 ## F 1,0,1,0,0;1,1,0,0,0 | -1,0,0,0,0 || CORE -1,0,0,0,0 | monomial
REL 9,-1 19,-1 22,-2 | 2,0,6,0,6;1,0,6,4,2;1,2,4,6,0;-1,4,2,0,6;-1,6,0,2,4;-2,6,0,6,0 ||  || CORE 2,0,6,0,6;1,0,6,4,2;1,2,4,6,0;-1,4,2,0,6;-1,6,0,2,4;-2,6,0,6,0 | live
REL 2,-1 4,-2 8,-1 | 1,2,4,0,6;2,2,4,2,4;1,3,3,0,6;-1,3,3,6,0;-2,4,2,4,2;-1,4,2,6,0 ||  || CORE 1,0,2,0,6;2,0,2,2,4;1,1,1,0,6;-1,1,1,6,0;-2,2,0,4,2;-1,2,0,6,0 | live
REL 13,-1 17,1 20,-2 | 2,0,6,1,5;-1,0,6,3,3;1,1,5,1,5;-1,5,1,5,1;1,6,0,3,3;-2,6,0,5,1 ||  || CORE 2,0,6,0,4;-1,0,6,2,2;1,1,5,0,4;-1,5,1,4,0;1,6,0,2,2;-2,6,0,4,0 | live
REL 3,-2 20,-1 21,1 | 1,0,6,1,5;-1,0,6,5,1;2,2,4,3,3;-2,4,2,3,3;1,6,0,1,5;-1,6,0,5,1 ||  || CORE 1,0,6,0,4;-1,0,6,4,0;2,2,4,2,2;-2,4,2,2,2;1,6,0,0,4;-1,6,0,4,0 | live
REL 8,-1 13,2 15,1 | -1,1,5,0,6;-2,1,5,1,5;1,2,4,0,6;-1,4,2,6,0;2,5,1,5,1;1,5,1,6,0 ||  || CORE -1,0,4,0,6;-2,0,4,1,5;1,1,3,0,6;-1,3,1,6,0;2,4,0,5,1;1,4,0,6,0 | live
REL 11,-1 15,-1 16,-2 | 1,1,5,0,6;1,1,5,2,4;2,1,5,6,0;-2,5,1,0,6;-1,5,1,4,2;-1,5,1,6,0 ||  || CORE 1,0,4,0,6;1,0,4,2,4;2,0,4,6,0;-2,4,0,0,6;-1,4,0,4,2;-1,4,0,6,0 | live
REL 7,-2 10,1 13,-1 | 1,1,5,1,5;-1,1,5,3,3;2,2,4,5,1;-2,4,2,1,5;1,5,1,3,3;-1,5,1,5,1 ||  || CORE 1,0,4,0,4;-1,0,4,2,2;2,1,3,4,0;-2,3,1,0,4;1,4,0,2,2;-1,4,0,4,0 | live
REL 7,-2 11,-1 13,-1 | 1,1,5,1,5;1,1,5,2,4;2,2,4,5,1;-2,4,2,1,5;-1,5,1,4,2;-1,5,1,5,1 ||  || CORE 1,0,4,0,4;1,0,4,1,3;2,1,3,4,0;-2,3,1,0,4;-1,4,0,3,1;-1,4,0,4,0 | live
REL 6,-2 15,1 16,1 | -1,1,5,0,6;-1,1,5,6,0;2,2,4,1,5;-2,4,2,5,1;1,5,1,0,6;1,5,1,6,0 ||  || CORE -1,0,4,0,6;-1,0,4,6,0;2,1,3,1,5;-2,3,1,5,1;1,4,0,0,6;1,4,0,6,0 | live
REL 17,-1 20,-1 21,2 | 1,0,6,1,5;1,0,6,3,3;-2,0,6,5,1;2,6,0,1,5;-1,6,0,3,3;-1,6,0,5,1 || F 1,0,0,0,1;1,0,0,1,0 | 1,0,6,0,3;-1,0,6,1,2;2,0,6,2,1;-2,0,6,3,0;2,6,0,0,3;-2,6,0,1,2;1,6,0,2,1;-1,6,0,3,0 ## F -1,0,0,0,1;1,0,0,1,0 | -1,0,6,0,2;-2,0,6,2,0;-2,6,0,0,2;-1,6,0,2,0 || CORE -1,0,6,0,2;-2,0,6,2,0;-2,6,0,0,2;-1,6,0,2,0 | live
REL 15,-2 19,1 22,-1 | 1,0,6,0,6;-1,0,6,4,2;2,1,5,0,6;-2,5,1,6,0;1,6,0,2,4;-1,6,0,6,0 ||  || CORE 1,0,6,0,6;-1,0,6,4,2;2,1,5,0,6;-2,5,1,6,0;1,6,0,2,4;-1,6,0,6,0 | live
REL 4,-2 10,-1 12,1 | 1,1,5,3,3;-1,1,5,4,2;2,2,4,2,4;-2,4,2,4,2;1,5,1,2,4;-1,5,1,3,3 ||  || CORE 1,0,4,1,1;-1,0,4,2,0;2,1,3,0,2;-2,3,1,2,0;1,4,0,0,2;-1,4,0,1,1 | live
REL 0,-1 10,1 11,-2 | 2,1,5,2,4;-1,1,5,3,3;1,3,3,2,4;-1,3,3,4,2;1,5,1,3,3;-2,5,1,4,2 ||  || CORE 2,0,4,0,2;-1,0,4,1,1;1,2,2,0,2;-1,2,2,2,0;1,4,0,1,1;-2,4,0,2,0 | live
REL 2,-1 12,-1 16,2 | 1,1,5,4,2;-2,1,5,6,0;1,3,3,0,6;-1,3,3,6,0;2,5,1,0,6;-1,5,1,2,4 ||  || CORE 1,0,4,4,2;-2,0,4,6,0;1,2,2,0,6;-1,2,2,6,0;2,4,0,0,6;-1,4,0,2,4 | live
REL 6,-1 12,-1 14,-2 | 1,1,5,4,2;2,1,5,5,1;1,2,4,1,5;-1,4,2,5,1;-2,5,1,1,5;-1,5,1,2,4 ||  || CORE 1,0,4,3,1;2,0,4,4,0;1,1,3,0,4;-1,3,1,4,0;-2,4,0,0,4;-1,4,0,1,3 | live
REL 9,-1 20,-1 22,-2 | 2,0,6,0,6;1,0,6,1,5;1,2,4,6,0;-1,4,2,0,6;-1,6,0,5,1;-2,6,0,6,0 ||  || CORE 2,0,6,0,6;1,0,6,1,5;1,2,4,6,0;-1,4,2,0,6;-1,6,0,5,1;-2,6,0,6,0 | live
REL 8,-1 13,1 16,2 | -1,1,5,1,5;-2,1,5,6,0;1,2,4,0,6;-1,4,2,6,0;2,5,1,0,6;1,5,1,5,1 ||  || CORE -1,0,4,1,5;-2,0,4,6,0;1,1,3,0,6;-1,3,1,6,0;2,4,0,0,6;1,4,0,5,1 | live
REL 13,-1 20,2 21,-1 | -2,0,6,1,5;1,0,6,5,1;1,1,5,1,5;-1,5,1,5,1;-1,6,0,1,5;2,6,0,5,1 ||  || CORE -2,0,6,0,4;1,0,6,4,0;1,1,5,0,4;-1,5,1,4,0;-1,6,0,0,4;2,6,0,4,0 | live
REL 9,-2 11,1 16,1 | -1,1,5,2,4;-1,1,5,6,0;2,2,4,6,0;-2,4,2,0,6;1,5,1,0,6;1,5,1,4,2 ||  || CORE -1,0,4,2,4;-1,0,4,6,0;2,1,3,6,0;-2,3,1,0,6;1,4,0,0,6;1,4,0,4,2 | live
REL 7,-1 18,-1 21,2 | 1,0,6,2,4;-2,0,6,5,1;1,2,4,5,1;-1,4,2,1,5;2,6,0,1,5;-1,6,0,4,2 ||  || CORE 1,0,6,1,3;-2,0,6,4,0;1,2,4,4,0;-1,4,2,0,4;2,6,0,0,4;-1,6,0,3,1 | live
REL 1,-1 19,-1 21,-2 | 1,0,6,4,2;2,0,6,5,1;1,3,3,1,5;-1,3,3,5,1;-2,6,0,1,5;-1,6,0,2,4 ||  || CORE 1,0,6,3,1;2,0,6,4,0;1,3,3,0,4;-1,3,3,4,0;-2,6,0,0,4;-1,6,0,1,3 | live
REL 6,-1 10,2 14,-1 | -2,1,5,3,3;1,1,5,5,1;1,2,4,1,5;-1,4,2,5,1;-1,5,1,1,5;2,5,1,3,3 || F -1,0,1,0,0;1,1,0,0,0 | 2,0,3,2,2;-1,0,3,4,0;-1,1,2,0,4;2,1,2,2,2;-1,1,2,4,0;-1,2,1,0,4;2,2,1,2,2;-1,2,1,4,0;-1,3,0,0,4;2,3,0,2,2 || CORE 2,0,3,2,2;-1,0,3,4,0;-1,1,2,0,4;2,1,2,2,2;-1,1,2,4,0;-1,2,1,0,4;2,2,1,2,2;-1,2,1,4,0;-1,3,0,0,4;2,3,0,2,2 | live
REL 10,-2 18,1 19,1 | -1,0,6,2,4;-1,0,6,4,2;2,1,5,3,3;-2,5,1,3,3;1,6,0,2,4;1,6,0,4,2 || F 1,0,1,0,0;1,1,0,0,0 | -1,0,5,0,2;-1,0,5,2,0;1,1,4,0,2;2,1,4,1,1;1,1,4,2,0;-1,2,3,0,2;-2,2,3,1,1;-1,2,3,2,0;1,3,2,0,2;2,3,2,1,1;1,3,2,2,0;-1,4,1,0,2;-2,4,1,1,1;-1,4,1,2,0;1,5,0,0,2;1,5,0,2,0 ## F -1,0,1,0,0;1,1,0,0,0 | 1,0,4,0,2;1,0,4,2,0;-2,1,3,1,1;1,2,2,0,2;1,2,2,2,0;-2,3,1,1,1;1,4,0,0,2;1,4,0,2,0 || CORE 1,0,4,0,2;1,0,4,2,0;-2,1,3,1,1;1,2,2,0,2;1,2,2,2,0;-2,3,1,1,1;1,4,0,0,2;1,4,0,2,0 | live
REL 9,-1 18,2 22,1 | -1,0,6,0,6;-2,0,6,2,4;1,2,4,6,0;-1,4,2,0,6;2,6,0,4,2;1,6,0,6,0 ||  || CORE -1,0,6,0,6;-2,0,6,2,4;1,2,4,6,0;-1,4,2,0,6;2,6,0,4,2;1,6,0,6,0 | live
REL 13,-2 17,1 20,1 | -1,0,6,1,5;-1,0,6,3,3;2,1,5,1,5;-2,5,1,5,1;1,6,0,3,3;1,6,0,5,1 ||  || CORE -1,0,6,0,4;-1,0,6,2,2;2,1,5,0,4;-2,5,1,4,0;1,6,0,2,2;1,6,0,4,0 | live
REL 1,-1 10,2 14,-1 | -2,1,5,3,3;1,1,5,5,1;1,3,3,1,5;-1,3,3,5,1;-1,5,1,1,5;2,5,1,3,3 || F 1,0,1,0,0;1,1,0,0,0 | -2,0,3,2,2;1,0,3,4,0;2,1,2,2,2;-1,1,2,4,0;1,2,1,0,4;-2,2,1,2,2;-1,3,0,0,4;2,3,0,2,2 ## F -1,0,1,0,0;1,1,0,0,0 | 2,0,2,2,2;-1,0,2,4,0;-1,2,0,0,4;2,2,0,2,2 || CORE 2,0,2,2,2;-1,0,2,4,0;-1,2,0,0,4;2,2,0,2,2 | unit
REL 9,-2 11,-1 15,-1 | 1,1,5,0,6;1,1,5,2,4;2,2,4,6,0;-2,4,2,0,6;-1,5,1,4,2;-1,5,1,6,0 ||  || CORE 1,0,4,0,6;1,0,4,2,4;2,1,3,6,0;-2,3,1,0,6;-1,4,0,4,2;-1,4,0,6,0 | live
REL 9,-1 11,-2 15,-1 | 1,1,5,0,6;2,1,5,2,4;1,2,4,6,0;-1,4,2,0,6;-2,5,1,4,2;-1,5,1,6,0 ||  || CORE 1,0,4,0,6;2,0,4,2,4;1,1,3,6,0;-1,3,1,0,6;-2,4,0,4,2;-1,4,0,6,0 | live
REL 9,-2 15,-1 16,-1 | 1,1,5,0,6;1,1,5,6,0;2,2,4,6,0;-2,4,2,0,6;-1,5,1,0,6;-1,5,1,6,0 ||  || CORE 1,0,4,0,6;1,0,4,6,0;2,1,3,6,0;-2,3,1,0,6;-1,4,0,0,6;-1,4,0,6,0 | live
REL 8,-1 18,-1 23,2 | 1,0,6,2,4;-2,0,6,6,0;1,2,4,0,6;-1,4,2,6,0;2,6,0,0,6;-1,6,0,4,2 ||  || CORE 1,0,6,2,4;-2,0,6,6,0;1,2,4,0,6;-1,4,2,6,0;2,6,0,0,6;-1,6,0,4,2 | live
REL 8,-2 19,-1 22,-1 | 1,0,6,0,6;1,0,6,4,2;2,2,4,0,6;-2,4,2,6,0;-1,6,0,2,4;-1,6,0,6,0 ||  || CORE 1,0,6,0,6;1,0,6,4,2;2,2,4,0,6;-2,4,2,6,0;-1,6,0,2,4;-1,6,0,6,0 | live
REL 7,-2 20,1 21,1 | -1,0,6,1,5;-1,0,6,5,1;2,2,4,5,1;-2,4,2,1,5;1,6,0,1,5;1,6,0,5,1 ||  || CORE -1,0,6,0,4;-1,0,6,4,0;2,2,4,4,0;-2,4,2,0,4;1,6,0,0,4;1,6,0,4,0 | live
REL 3,-2 13,1 14,-1 | -1,1,5,1,5;1,1,5,5,1;2,2,4,3,3;-2,4,2,3,3;-1,5,1,1,5;1,5,1,5,1 ||  || CORE -1,0,4,0,4;1,0,4,4,0;2,1,3,2,2;-2,3,1,2,2;-1,4,0,0,4;1,4,0,4,0 | live
REL 4,-2 20,-1 21,1 | 1,0,6,1,5;-1,0,6,5,1;2,2,4,2,4;-2,4,2,4,2;1,6,0,1,5;-1,6,0,5,1 ||  || CORE 1,0,6,0,4;-1,0,6,4,0;2,2,4,1,3;-2,4,2,3,1;1,6,0,0,4;-1,6,0,4,0 | live
REL 19,-1 22,-2 23,1 | 2,0,6,0,6;1,0,6,4,2;-1,0,6,6,0;1,6,0,0,6;-1,6,0,2,4;-2,6,0,6,0 ||  || CORE 2,0,6,0,6;1,0,6,4,2;-1,0,6,6,0;1,6,0,0,6;-1,6,0,2,4;-2,6,0,6,0 | live
REL 9,-1 10,-1 16,-2 | 1,1,5,3,3;2,1,5,6,0;1,2,4,6,0;-1,4,2,0,6;-2,5,1,0,6;-1,5,1,3,3 ||  || CORE 1,0,4,3,3;2,0,4,6,0;1,1,3,6,0;-1,3,1,0,6;-2,4,0,0,6;-1,4,0,3,3 | live
REL 17,-1 22,2 23,1 | -2,0,6,0,6;1,0,6,3,3;-1,0,6,6,0;1,6,0,0,6;-1,6,0,3,3;2,6,0,6,0 ||  || CORE -2,0,6,0,6;1,0,6,3,3;-1,0,6,6,0;1,6,0,0,6;-1,6,0,3,3;2,6,0,6,0 | live
REL 5,-2 6,-1 7,-1 | 1,2,4,1,5;2,2,4,4,2;1,2,4,5,1;-1,4,2,1,5;-2,4,2,2,4;-1,4,2,5,1 || F 1,0,0,0,1;1,0,0,1,0 | 1,0,2,0,3;-1,0,2,1,2;1,0,2,2,1;1,0,2,3,0;-1,2,0,0,3;-1,2,0,1,2;1,2,0,2,1;-1,2,0,3,0 || CORE 1,0,2,0,3;-1,0,2,1,2;1,0,2,2,1;1,0,2,3,0;-1,2,0,0,3;-1,2,0,1,2;1,2,0,2,1;-1,2,0,3,0 | live
REL 8,-1 18,1 22,2 | -2,0,6,0,6;-1,0,6,2,4;1,2,4,0,6;-1,4,2,6,0;1,6,0,4,2;2,6,0,6,0 ||  || CORE -2,0,6,0,6;-1,0,6,2,4;1,2,4,0,6;-1,4,2,6,0;1,6,0,4,2;2,6,0,6,0 | live
REL 2,-2 6,1 9,1 | -1,2,4,1,5;-1,2,4,6,0;2,3,3,0,6;-2,3,3,6,0;1,4,2,0,6;1,4,2,5,1 || F 1,0,0,0,1;1,0,0,1,0 | -1,0,2,1,4;1,0,2,2,3;-1,0,2,3,2;1,0,2,4,1;-1,0,2,5,0;2,1,1,0,5;-2,1,1,1,4;2,1,1,2,3;-2,1,1,3,2;2,1,1,4,1;-2,1,1,5,0;1,2,0,0,5;-1,2,0,1,4;1,2,0,2,3;-1,2,0,3,2;1,2,0,4,1 || CORE -1,0,2,1,4;1,0,2,2,3;-1,0,2,3,2;1,0,2,4,1;-1,0,2,5,0;2,1,1,0,5;-2,1,1,1,4;2,1,1,2,3;-2,1,1,3,2;2,1,1,4,1;-2,1,1,5,0;1,2,0,0,5;-1,2,0,1,4;1,2,0,2,3;-1,2,0,3,2;1,2,0,4,1 | live
REL 17,-1 20,-1 21,-2 | 1,0,6,1,5;1,0,6,3,3;2,0,6,5,1;-2,6,0,1,5;-1,6,0,3,3;-1,6,0,5,1 ||  || CORE 1,0,6,0,4;1,0,6,2,2;2,0,6,4,0;-2,6,0,0,4;-1,6,0,2,2;-1,6,0,4,0 | live
REL 2,-2 10,-1 16,1 | 1,1,5,3,3;-1,1,5,6,0;2,3,3,0,6;-2,3,3,6,0;1,5,1,0,6;-1,5,1,3,3 || F -1,0,0,0,1;1,0,0,1,0 | -1,0,4,3,2;-1,0,4,4,1;-1,0,4,5,0;-2,2,2,0,5;-2,2,2,1,4;-2,2,2,2,3;-2,2,2,3,2;-2,2,2,4,1;-2,2,2,5,0;-1,4,0,0,5;-1,4,0,1,4;-1,4,0,2,3 ## F 1,0,0,0,2;1,0,0,1,1;1,0,0,2,0 | -1,0,4,3,0;-2,2,2,0,3;-2,2,2,3,0;-1,4,0,0,3 || CORE -1,0,4,3,0;-2,2,2,0,3;-2,2,2,3,0;-1,4,0,0,3 | unit
REL 5,-1 6,1 7,-2 | -1,2,4,1,5;1,2,4,4,2;2,2,4,5,1;-2,4,2,1,5;-1,4,2,2,4;1,4,2,5,1 || F 1,0,0,0,1;1,0,0,1,0 | -1,0,2,0,3;1,0,2,1,2;-1,0,2,2,1;2,0,2,3,0;-2,2,0,0,3;1,2,0,1,2;-1,2,0,2,1;1,2,0,3,0 || CORE -1,0,2,0,3;1,0,2,1,2;-1,0,2,2,1;2,0,2,3,0;-2,2,0,0,3;1,2,0,1,2;-1,2,0,2,1;1,2,0,3,0 | live
REL 9,-2 18,-1 23,-1 | 1,0,6,2,4;1,0,6,6,0;2,2,4,6,0;-2,4,2,0,6;-1,6,0,0,6;-1,6,0,4,2 ||  || CORE 1,0,6,2,4;1,0,6,6,0;2,2,4,6,0;-2,4,2,0,6;-1,6,0,0,6;-1,6,0,4,2 | live
REL 2,-2 12,1 16,1 | -1,1,5,4,2;-1,1,5,6,0;2,3,3,0,6;-2,3,3,6,0;1,5,1,0,6;1,5,1,2,4 ||  || CORE -1,0,4,4,2;-1,0,4,6,0;2,2,2,0,6;-2,2,2,6,0;1,4,0,0,6;1,4,0,2,4 | live
REL 9,-2 21,-1 22,-1 | 1,0,6,0,6;1,0,6,5,1;2,2,4,6,0;-2,4,2,0,6;-1,6,0,1,5;-1,6,0,6,0 ||  || CORE 1,0,6,0,6;1,0,6,5,1;2,2,4,6,0;-2,4,2,0,6;-1,6,0,1,5;-1,6,0,6,0 | live
REL 13,-1 19,-1 21,-2 | 1,0,6,4,2;2,0,6,5,1;1,1,5,1,5;-1,5,1,5,1;-2,6,0,1,5;-1,6,0,2,4 ||  || CORE 1,0,6,3,1;2,0,6,4,0;1,1,5,0,4;-1,5,1,4,0;-2,6,0,0,4;-1,6,0,1,3 | live
REL 0,-2 17,-1 19,-1 | 1,0,6,3,3;1,0,6,4,2;2,3,3,2,4;-2,3,3,4,2;-1,6,0,2,4;-1,6,0,3,3 || F 1,0,0,0,1;1,0,0,1,0 | 1,0,6,1,0;2,3,3,0,1;-2,3,3,1,0;-1,6,0,0,1 || CORE 1,0,6,1,0;2,3,3,0,1;-2,3,3,1,0;-1,6,0,0,1 | unit
REL 16,-1 18,1 23,-2 | -1,0,6,2,4;2,0,6,6,0;1,1,5,6,0;-1,5,1,0,6;-2,6,0,0,6;1,6,0,4,2 ||  || CORE -1,0,6,2,4;2,0,6,6,0;1,1,5,6,0;-1,5,1,0,6;-2,6,0,0,6;1,6,0,4,2 | live
REL 1,-1 11,-1 14,-2 | 1,1,5,2,4;2,1,5,5,1;1,3,3,1,5;-1,3,3,5,1;-2,5,1,1,5;-1,5,1,4,2 ||  || CORE 1,0,4,1,3;2,0,4,4,0;1,2,2,0,4;-1,2,2,4,0;-2,4,0,0,4;-1,4,0,3,1 | live
REL 1,-1 5,2 7,1 | -2,2,4,4,2;-1,2,4,5,1;1,3,3,1,5;-1,3,3,5,1;1,4,2,1,5;2,4,2,2,4 ||  || CORE -2,0,2,3,1;-1,0,2,4,0;1,1,1,0,4;-1,1,1,4,0;1,2,0,0,4;2,2,0,1,3 | live
REL 10,-2 20,-1 21,-1 | 1,0,6,1,5;1,0,6,5,1;2,1,5,3,3;-2,5,1,3,3;-1,6,0,1,5;-1,6,0,5,1 || F 1,0,1,0,0;1,1,0,0,0 | 1,0,5,0,4;1,0,5,4,0;-1,1,4,0,4;2,1,4,2,2;-1,1,4,4,0;1,2,3,0,4;-2,2,3,2,2;1,2,3,4,0;-1,3,2,0,4;2,3,2,2,2;-1,3,2,4,0;1,4,1,0,4;-2,4,1,2,2;1,4,1,4,0;-1,5,0,0,4;-1,5,0,4,0 ## F -1,0,1,0,0;1,1,0,0,0 | -1,0,4,0,4;-1,0,4,4,0;-2,1,3,2,2;-1,2,2,0,4;-1,2,2,4,0;-2,3,1,2,2;-1,4,0,0,4;-1,4,0,4,0 || CORE -1,0,4,0,4;-1,0,4,4,0;-2,1,3,2,2;-1,2,2,0,4;-1,2,2,4,0;-2,3,1,2,2;-1,4,0,0,4;-1,4,0,4,0 | live
REL 2,-1 11,2 15,1 | -1,1,5,0,6;-2,1,5,2,4;1,3,3,0,6;-1,3,3,6,0;2,5,1,4,2;1,5,1,6,0 ||  || CORE -1,0,4,0,6;-2,0,4,2,4;1,2,2,0,6;-1,2,2,6,0;2,4,0,4,2;1,4,0,6,0 | live
REL 13,-1 15,-1 16,2 | 1,1,5,0,6;1,1,5,1,5;-2,1,5,6,0;2,5,1,0,6;-1,5,1,5,1;-1,5,1,6,0 || F -1,0,0,0,1;1,0,0,1,0 | -1,0,4,0,5;-2,0,4,1,4;-2,0,4,2,3;-2,0,4,3,2;-2,0,4,4,1;-2,0,4,5,0;-2,4,0,0,5;-2,4,0,1,4;-2,4,0,2,3;-2,4,0,3,2;-2,4,0,4,1;-1,4,0,5,0 || CORE -1,0,4,0,5;-2,0,4,1,4;-2,0,4,2,3;-2,0,4,3,2;-2,0,4,4,1;-2,0,4,5,0;-2,4,0,0,5;-2,4,0,1,4;-2,4,0,2,3;-2,4,0,3,2;-2,4,0,4,1;-1,4,0,5,0 | live
REL 4,-2 17,1 18,-1 | 1,0,6,2,4;-1,0,6,3,3;2,2,4,2,4;-2,4,2,4,2;1,6,0,3,3;-1,6,0,4,2 ||  || CORE 1,0,6,0,2;-1,0,6,1,1;2,2,4,0,2;-2,4,2,2,0;1,6,0,1,1;-1,6,0,2,0 | live
REL 2,-1 19,-2 22,-1 | 1,0,6,0,6;2,0,6,4,2;1,3,3,0,6;-1,3,3,6,0;-2,6,0,2,4;-1,6,0,6,0 ||  || CORE 1,0,6,0,6;2,0,6,4,2;1,3,3,0,6;-1,3,3,6,0;-2,6,0,2,4;-1,6,0,6,0 | live
REL 16,-1 20,1 23,2 | -1,0,6,1,5;-2,0,6,6,0;1,1,5,6,0;-1,5,1,0,6;2,6,0,0,6;1,6,0,5,1 ||  || CORE -1,0,6,1,5;-2,0,6,6,0;1,1,5,6,0;-1,5,1,0,6;2,6,0,0,6;1,6,0,5,1 | live
REL 17,-1 22,-1 23,2 | 1,0,6,0,6;1,0,6,3,3;-2,0,6,6,0;2,6,0,0,6;-1,6,0,3,3;-1,6,0,6,0 || F -1,0,0,0,1;1,0,0,1,0 | -1,0,6,0,5;-1,0,6,1,4;-1,0,6,2,3;-2,0,6,3,2;-2,0,6,4,1;-2,0,6,5,0;-2,6,0,0,5;-2,6,0,1,4;-2,6,0,2,3;-1,6,0,3,2;-1,6,0,4,1;-1,6,0,5,0 ## F 1,0,0,0,2;1,0,0,1,1;1,0,0,2,0 | -1,0,6,0,3;-2,0,6,3,0;-2,6,0,0,3;-1,6,0,3,0 || CORE -1,0,6,0,3;-2,0,6,3,0;-2,6,0,0,3;-1,6,0,3,0 | live
REL 11,-2 22,1 23,-1 | -1,0,6,0,6;1,0,6,6,0;2,1,5,2,4;-2,5,1,4,2;-1,6,0,0,6;1,6,0,6,0 ||  || CORE -1,0,6,0,6;1,0,6,6,0;2,1,5,2,4;-2,5,1,4,2;-1,6,0,0,6;1,6,0,6,0 | live
REL 6,-1 12,-2 13,-1 | 1,1,5,1,5;2,1,5,4,2;1,2,4,1,5;-1,4,2,5,1;-2,5,1,2,4;-1,5,1,5,1 ||  || CORE 1,0,4,0,4;2,0,4,3,1;1,1,3,0,4;-1,3,1,4,0;-2,4,0,1,3;-1,4,0,4,0 | live
REL 2,-1 14,-2 15,1 | -1,1,5,0,6;2,1,5,5,1;1,3,3,0,6;-1,3,3,6,0;-2,5,1,1,5;1,5,1,6,0 ||  || CORE -1,0,4,0,6;2,0,4,5,1;1,2,2,0,6;-1,2,2,6,0;-2,4,0,1,5;1,4,0,6,0 | live
REL 9,-2 19,1 23,1 | -1,0,6,4,2;-1,0,6,6,0;2,2,4,6,0;-2,4,2,0,6;1,6,0,0,6;1,6,0,2,4 ||  || CORE -1,0,6,4,2;-1,0,6,6,0;2,2,4,6,0;-2,4,2,0,6;1,6,0,0,6;1,6,0,2,4 | live
REL 15,-1 21,2 22,-1 | 1,0,6,0,6;-2,0,6,5,1;1,1,5,0,6;-1,5,1,6,0;2,6,0,1,5;-1,6,0,6,0 ||  || CORE 1,0,6,0,6;-2,0,6,5,1;1,1,5,0,6;-1,5,1,6,0;2,6,0,1,5;-1,6,0,6,0 | live
REL 1,-1 5,1 6,2 | -2,2,4,1,5;-1,2,4,4,2;1,3,3,1,5;-1,3,3,5,1;1,4,2,2,4;2,4,2,5,1 ||  || CORE -2,0,2,0,4;-1,0,2,3,1;1,1,1,0,4;-1,1,1,4,0;1,2,0,1,3;2,2,0,4,0 | live
REL 8,-2 19,1 23,-1 | -1,0,6,4,2;1,0,6,6,0;2,2,4,0,6;-2,4,2,6,0;-1,6,0,0,6;1,6,0,2,4 ||  || CORE -1,0,6,4,2;1,0,6,6,0;2,2,4,0,6;-2,4,2,6,0;-1,6,0,0,6;1,6,0,2,4 | live
REL 17,-2 20,-1 21,1 | 1,0,6,1,5;2,0,6,3,3;-1,0,6,5,1;1,6,0,1,5;-2,6,0,3,3;-1,6,0,5,1 ||  || CORE 1,0,6,0,4;2,0,6,2,2;-1,0,6,4,0;1,6,0,0,4;-2,6,0,2,2;-1,6,0,4,0 | live
REL 9,-1 19,2 23,-1 | -2,0,6,4,2;1,0,6,6,0;1,2,4,6,0;-1,4,2,0,6;-1,6,0,0,6;2,6,0,2,4 ||  || CORE -2,0,6,4,2;1,0,6,6,0;1,2,4,6,0;-1,4,2,0,6;-1,6,0,0,6;2,6,0,2,4 | live
REL 5,-2 10,1 11,1 | -1,1,5,2,4;-1,1,5,3,3;2,2,4,4,2;-2,4,2,2,4;1,5,1,3,3;1,5,1,4,2 ||  || CORE -1,0,4,0,2;-1,0,4,1,1;2,1,3,2,0;-2,3,1,0,2;1,4,0,1,1;1,4,0,2,0 | live
REL 14,-2 18,1 21,-1 | -1,0,6,2,4;1,0,6,5,1;2,1,5,5,1;-2,5,1,1,5;-1,6,0,1,5;1,6,0,4,2 ||  || CORE -1,0,6,1,3;1,0,6,4,0;2,1,5,4,0;-2,5,1,0,4;-1,6,0,0,4;1,6,0,3,1 | live
REL 15,-2 21,-1 23,1 | 1,0,6,5,1;-1,0,6,6,0;2,1,5,0,6;-2,5,1,6,0;1,6,0,0,6;-1,6,0,1,5 ||  || CORE 1,0,6,5,1;-1,0,6,6,0;2,1,5,0,6;-2,5,1,6,0;1,6,0,0,6;-1,6,0,1,5 | live
REL 2,-1 3,1 8,-2 | 2,2,4,0,6;-1,2,4,3,3;1,3,3,0,6;-1,3,3,6,0;1,4,2,3,3;-2,4,2,6,0 ||  || CORE 2,0,2,0,6;-1,0,2,3,3;1,1,1,0,6;-1,1,1,6,0;1,2,0,3,3;-2,2,0,6,0 | live
REL 9,-2 21,-1 22,1 | -1,0,6,0,6;1,0,6,5,1;2,2,4,6,0;-2,4,2,0,6;-1,6,0,1,5;1,6,0,6,0 ||  || CORE -1,0,6,0,6;1,0,6,5,1;2,2,4,6,0;-2,4,2,0,6;-1,6,0,1,5;1,6,0,6,0 | live
REL 0,-2 17,-1 18,-1 | 1,0,6,2,4;1,0,6,3,3;2,3,3,2,4;-2,3,3,4,2;-1,6,0,3,3;-1,6,0,4,2 || F 1,0,0,0,1;1,0,0,1,0 | 1,0,6,0,1;2,3,3,0,1;-2,3,3,1,0;-1,6,0,1,0 || CORE 1,0,6,0,1;2,3,3,0,1;-2,3,3,1,0;-1,6,0,1,0 | unit
REL 3,-2 18,-1 19,-1 | 1,0,6,2,4;1,0,6,4,2;2,2,4,3,3;-2,4,2,3,3;-1,6,0,2,4;-1,6,0,4,2 || F 1,0,1,0,0;1,1,0,0,0 | 1,0,5,0,2;1,0,5,2,0;-1,1,4,0,2;-1,1,4,2,0;1,2,3,0,2;2,2,3,1,1;1,2,3,2,0;-1,3,2,0,2;-2,3,2,1,1;-1,3,2,2,0;1,4,1,0,2;1,4,1,2,0;-1,5,0,0,2;-1,5,0,2,0 ## F -1,0,1,0,0;1,1,0,0,0 | -1,0,4,0,2;-1,0,4,2,0;-1,2,2,0,2;-2,2,2,1,1;-1,2,2,2,0;-1,4,0,0,2;-1,4,0,2,0 || CORE -1,0,4,0,2;-1,0,4,2,0;-1,2,2,0,2;-2,2,2,1,1;-1,2,2,2,0;-1,4,0,0,2;-1,4,0,2,0 | live
REL 1,-2 18,-1 21,-1 | 1,0,6,2,4;1,0,6,5,1;2,3,3,1,5;-2,3,3,5,1;-1,6,0,1,5;-1,6,0,4,2 || F 1,0,0,0,1;1,0,0,1,0 | 1,0,6,1,2;-1,0,6,2,1;1,0,6,3,0;2,3,3,0,3;-2,3,3,1,2;2,3,3,2,1;-2,3,3,3,0;-1,6,0,0,3;1,6,0,1,2;-1,6,0,2,1 || CORE 1,0,6,1,2;-1,0,6,2,1;1,0,6,3,0;2,3,3,0,3;-2,3,3,1,2;2,3,3,2,1;-2,3,3,3,0;-1,6,0,0,3;1,6,0,1,2;-1,6,0,2,1 | live
REL 19,-1 22,-1 23,2 | 1,0,6,0,6;1,0,6,4,2;-2,0,6,6,0;2,6,0,0,6;-1,6,0,2,4;-1,6,0,6,0 || F 1,0,0,0,1;1,0,0,1,0 | 1,0,6,0,5;-1,0,6,1,4;1,0,6,2,3;-1,0,6,3,2;2,0,6,4,1;-2,0,6,5,0;2,6,0,0,5;-2,6,0,1,4;1,6,0,2,3;-1,6,0,3,2;1,6,0,4,1;-1,6,0,5,0 ## F -1,0,0,0,1;1,0,0,1,0 | -1,0,6,0,4;-1,0,6,2,2;-2,0,6,4,0;-2,6,0,0,4;-1,6,0,2,2;-1,6,0,4,0 || CORE -1,0,6,0,4;-1,0,6,2,2;-2,0,6,4,0;-2,6,0,0,4;-1,6,0,2,2;-1,6,0,4,0 | live
REL 2,-1 3,-2 9,1 | 2,2,4,3,3;-1,2,4,6,0;1,3,3,0,6;-1,3,3,6,0;1,4,2,0,6;-2,4,2,3,3 || F 1,0,1,0,0;1,1,0,0,0 | 2,0,1,3,3;-1,0,1,6,0;1,1,0,0,6;-2,1,0,3,3 || CORE 2,0,1,3,3;-1,0,1,6,0;1,1,0,0,6;-2,1,0,3,3 | unit
REL 14,-1 17,2 20,1 | -1,0,6,1,5;-2,0,6,3,3;1,1,5,5,1;-1,5,1,1,5;2,6,0,3,3;1,6,0,5,1 || F 1,0,1,0,0;1,1,0,0,0 | -1,0,5,0,4;-2,0,5,2,2;1,1,4,0,4;2,1,4,2,2;1,1,4,4,0;-1,2,3,0,4;-2,2,3,2,2;-1,2,3,4,0;1,3,2,0,4;2,3,2,2,2;1,3,2,4,0;-1,4,1,0,4;-2,4,1,2,2;-1,4,1,4,0;2,5,0,2,2;1,5,0,4,0 || CORE -1,0,5,0,4;-2,0,5,2,2;1,1,4,0,4;2,1,4,2,2;1,1,4,4,0;-1,2,3,0,4;-2,2,3,2,2;-1,2,3,4,0;1,3,2,0,4;2,3,2,2,2;1,3,2,4,0;-1,4,1,0,4;-2,4,1,2,2;-1,4,1,4,0;2,5,0,2,2;1,5,0,4,0 | live
REL 15,-1 20,1 22,2 | -2,0,6,0,6;-1,0,6,1,5;1,1,5,0,6;-1,5,1,6,0;1,6,0,5,1;2,6,0,6,0 ||  || CORE -2,0,6,0,6;-1,0,6,1,5;1,1,5,0,6;-1,5,1,6,0;1,6,0,5,1;2,6,0,6,0 | live
REL 2,-1 4,2 9,-1 | -2,2,4,2,4;1,2,4,6,0;1,3,3,0,6;-1,3,3,6,0;-1,4,2,0,6;2,4,2,4,2 ||  || CORE -2,0,2,2,4;1,0,2,6,0;1,1,1,0,6;-1,1,1,6,0;-1,2,0,0,6;2,2,0,4,2 | live
REL 2,-1 3,1 8,2 | -2,2,4,0,6;-1,2,4,3,3;1,3,3,0,6;-1,3,3,6,0;1,4,2,3,3;2,4,2,6,0 ||  || CORE -2,0,2,0,6;-1,0,2,3,3;1,1,1,0,6;-1,1,1,6,0;1,2,0,3,3;2,2,0,6,0 | live
REL 1,-1 19,-2 21,-1 | 2,0,6,4,2;1,0,6,5,1;1,3,3,1,5;-1,3,3,5,1;-1,6,0,1,5;-2,6,0,2,4 ||  || CORE 2,0,6,3,1;1,0,6,4,0;1,3,3,0,4;-1,3,3,4,0;-1,6,0,0,4;-2,6,0,1,3 | live
REL 8,-1 19,2 23,-1 | -2,0,6,4,2;1,0,6,6,0;1,2,4,0,6;-1,4,2,6,0;-1,6,0,0,6;2,6,0,2,4 ||  || CORE -2,0,6,4,2;1,0,6,6,0;1,2,4,0,6;-1,4,2,6,0;-1,6,0,0,6;2,6,0,2,4 | live
REL 2,-1 3,-2 8,-1 | 1,2,4,0,6;2,2,4,3,3;1,3,3,0,6;-1,3,3,6,0;-2,4,2,3,3;-1,4,2,6,0 || F 1,0,1,0,0;1,1,0,0,0 | 1,0,1,0,6;2,0,1,3,3;-2,1,0,3,3;-1,1,0,6,0 || CORE 1,0,1,0,6;2,0,1,3,3;-2,1,0,3,3;-1,1,0,6,0 | unit
REL 2,-2 10,1 15,-1 | 1,1,5,0,6;-1,1,5,3,3;2,3,3,0,6;-2,3,3,6,0;1,5,1,3,3;-1,5,1,6,0 || F -1,0,0,0,1;1,0,0,1,0 | -1,0,4,0,5;-1,0,4,1,4;-1,0,4,2,3;-2,2,2,0,5;-2,2,2,1,4;-2,2,2,2,3;-2,2,2,3,2;-2,2,2,4,1;-2,2,2,5,0;-1,4,0,3,2;-1,4,0,4,1;-1,4,0,5,0 ## F 1,0,0,0,2;1,0,0,1,1;1,0,0,2,0 | -1,0,4,0,3;-2,2,2,0,3;-2,2,2,3,0;-1,4,0,3,0 || CORE -1,0,4,0,3;-2,2,2,0,3;-2,2,2,3,0;-1,4,0,3,0 | unit
REL 8,-2 19,1 22,1 | -1,0,6,0,6;-1,0,6,4,2;2,2,4,0,6;-2,4,2,6,0;1,6,0,2,4;1,6,0,6,0 ||  || CORE -1,0,6,0,6;-1,0,6,4,2;2,2,4,0,6;-2,4,2,6,0;1,6,0,2,4;1,6,0,6,0 | live
REL 12,-1 17,-1 18,-2 | 2,0,6,2,4;1,0,6,3,3;1,1,5,4,2;-1,5,1,2,4;-1,6,0,3,3;-2,6,0,4,2 ||  || CORE 2,0,6,0,2;1,0,6,1,1;1,1,5,2,0;-1,5,1,0,2;-1,6,0,1,1;-2,6,0,2,0 | live
REL 10,-2 22,1 23,1 | -1,0,6,0,6;-1,0,6,6,0;2,1,5,3,3;-2,5,1,3,3;1,6,0,0,6;1,6,0,6,0 || F 1,0,1,0,0;1,1,0,0,0 | -1,0,5,0,6;-1,0,5,6,0;1,1,4,0,6;2,1,4,3,3;1,1,4,6,0;-1,2,3,0,6;-2,2,3,3,3;-1,2,3,6,0;1,3,2,0,6;2,3,2,3,3;1,3,2,6,0;-1,4,1,0,6;-2,4,1,3,3;-1,4,1,6,0;1,5,0,0,6;1,5,0,6,0 ## F -1,0,1,0,0;1,1,0,0,0 | 1,0,4,0,6;1,0,4,6,0;-2,1,3,3,3;1,2,2,0,6;1,2,2,6,0;-2,3,1,3,3;1,4,0,0,6;1,4,0,6,0 || CORE 1,0,4,0,6;1,0,4,6,0;-2,1,3,3,3;1,2,2,0,6;1,2,2,6,0;-2,3,1,3,3;1,4,0,0,6;1,4,0,6,0 | live
REL 15,-2 22,1 23,-1 | -1,0,6,0,6;1,0,6,6,0;2,1,5,0,6;-2,5,1,6,0;-1,6,0,0,6;1,6,0,6,0 || F -1,0,1,0,0;1,1,0,0,0 | 1,0,5,0,6;-1,0,5,6,0;-1,1,4,0,6;-1,1,4,6,0;-1,2,3,0,6;-1,2,3,6,0;-1,3,2,0,6;-1,3,2,6,0;-1,4,1,0,6;-1,4,1,6,0;-1,5,0,0,6;1,5,0,6,0 || CORE 1,0,5,0,6;-1,0,5,6,0;-1,1,4,0,6;-1,1,4,6,0;-1,2,3,0,6;-1,2,3,6,0;-1,3,2,0,6;-1,3,2,6,0;-1,4,1,0,6;-1,4,1,6,0;-1,5,0,0,6;1,5,0,6,0 | live
REL 9,-1 11,-1 15,-2 | 2,1,5,0,6;1,1,5,2,4;1,2,4,6,0;-1,4,2,0,6;-1,5,1,4,2;-2,5,1,6,0 ||  || CORE 2,0,4,0,6;1,0,4,2,4;1,1,3,6,0;-1,3,1,0,6;-1,4,0,4,2;-2,4,0,6,0 | live
REL 1,-1 17,-1 21,2 | 1,0,6,3,3;-2,0,6,5,1;1,3,3,1,5;-1,3,3,5,1;2,6,0,1,5;-1,6,0,3,3 ||  || CORE 1,0,6,2,2;-2,0,6,4,0;1,3,3,0,4;-1,3,3,4,0;2,6,0,0,4;-1,6,0,2,2 | live
REL 2,-2 7,-1 8,-1 | 1,2,4,0,6;1,2,4,5,1;2,3,3,0,6;-2,3,3,6,0;-1,4,2,1,5;-1,4,2,6,0 || F 1,0,0,0,1;1,0,0,1,0 | 1,0,2,0,5;-1,0,2,1,4;1,0,2,2,3;-1,0,2,3,2;1,0,2,4,1;2,1,1,0,5;-2,1,1,1,4;2,1,1,2,3;-2,1,1,3,2;2,1,1,4,1;-2,1,1,5,0;-1,2,0,1,4;1,2,0,2,3;-1,2,0,3,2;1,2,0,4,1;-1,2,0,5,0 || CORE 1,0,2,0,5;-1,0,2,1,4;1,0,2,2,3;-1,0,2,3,2;1,0,2,4,1;2,1,1,0,5;-2,1,1,1,4;2,1,1,2,3;-2,1,1,3,2;2,1,1,4,1;-2,1,1,5,0;-1,2,0,1,4;1,2,0,2,3;-1,2,0,3,2;1,2,0,4,1;-1,2,0,5,0 | live
REL 8,-2 10,1 15,-1 | 1,1,5,0,6;-1,1,5,3,3;2,2,4,0,6;-2,4,2,6,0;1,5,1,3,3;-1,5,1,6,0 ||  || CORE 1,0,4,0,6;-1,0,4,3,3;2,1,3,0,6;-2,3,1,6,0;1,4,0,3,3;-1,4,0,6,0 | live
REL 1,-2 6,-1 7,1 | 1,2,4,1,5;-1,2,4,5,1;2,3,3,1,5;-2,3,3,5,1;1,4,2,1,5;-1,4,2,5,1 || F 1,0,1,0,0;1,1,0,0,0 | 1,0,1,0,4;-1,0,1,4,0;1,1,0,0,4;-1,1,0,4,0 ## F 1,0,0,0,1;1,0,0,1,0 | 1,0,1,0,3;-1,0,1,1,2;1,0,1,2,1;-1,0,1,3,0;1,1,0,0,3;-1,1,0,1,2;1,1,0,2,1;-1,1,0,3,0 ## F -1,0,0,0,1;1,0,0,1,0 | -1,0,1,0,2;-1,0,1,2,0;-1,1,0,0,2;-1,1,0,2,0 ## F 1,0,0,0,2;1,0,0,2,0 | -1,0,1,0,0;-1,1,0,0,0 ## F 1,0,1,0,0;1,1,0,0,0 | -1,0,0,0,0 || CORE -1,0,0,0,0 | monomial
REL 6,-2 18,-1 21,-1 | 1,0,6,2,4;1,0,6,5,1;2,2,4,1,5;-2,4,2,5,1;-1,6,0,1,5;-1,6,0,4,2 ||  || CORE 1,0,6,1,3;1,0,6,4,0;2,2,4,0,4;-2,4,2,4,0;-1,6,0,0,4;-1,6,0,3,1 | live
REL 5,-1 17,-2 18,-1 | 1,0,6,2,4;2,0,6,3,3;1,2,4,4,2;-1,4,2,2,4;-2,6,0,3,3;-1,6,0,4,2 || F 1,0,1,0,0;1,1,0,0,0 | 1,0,5,0,2;2,0,5,1,1;-1,1,4,0,2;-2,1,4,1,1;1,2,3,0,2;2,2,3,1,1;1,2,3,2,0;-1,3,2,0,2;-2,3,2,1,1;-1,3,2,2,0;2,4,1,1,1;1,4,1,2,0;-2,5,0,1,1;-1,5,0,2,0 ## F -1,0,1,0,0;1,1,0,0,0 | -1,0,4,0,2;-2,0,4,1,1;-1,2,2,0,2;-2,2,2,1,1;-1,2,2,2,0;-2,4,0,1,1;-1,4,0,2,0 || CORE -1,0,4,0,2;-2,0,4,1,1;-1,2,2,0,2;-2,2,2,1,1;-1,2,2,2,0;-2,4,0,1,1;-1,4,0,2,0 | live
REL 6,-1 17,-2 20,1 | -1,0,6,1,5;2,0,6,3,3;1,2,4,1,5;-1,4,2,5,1;-2,6,0,3,3;1,6,0,5,1 || F 1,0,1,0,0;1,1,0,0,0 | -1,0,5,0,4;2,0,5,2,2;1,1,4,0,4;-2,1,4,2,2;2,2,3,2,2;-2,3,2,2,2;2,4,1,2,2;-1,4,1,4,0;-2,5,0,2,2;1,5,0,4,0 ## F -1,0,1,0,0;1,1,0,0,0 | 1,0,4,0,4;-2,0,4,2,2;-2,2,2,2,2;-2,4,0,2,2;1,4,0,4,0 || CORE 1,0,4,0,4;-2,0,4,2,2;-2,2,2,2,2;-2,4,0,2,2;1,4,0,4,0 | unit
REL 6,-2 11,1 13,-1 | 1,1,5,1,5;-1,1,5,2,4;2,2,4,1,5;-2,4,2,5,1;1,5,1,4,2;-1,5,1,5,1 ||  || CORE 1,0,4,0,4;-1,0,4,1,3;2,1,3,0,4;-2,3,1,4,0;1,4,0,3,1;-1,4,0,4,0 | live
REL 1,-1 6,2 7,1 | -2,2,4,1,5;-1,2,4,5,1;1,3,3,1,5;-1,3,3,5,1;1,4,2,1,5;2,4,2,5,1 || F -1,0,1,0,0;1,1,0,0,0 | 2,0,1,0,4;1,0,1,4,0;1,1,0,0,4;2,1,0,4,0 || CORE 2,0,1,0,4;1,0,1,4,0;1,1,0,0,4;2,1,0,4,0 | live
REL 1,-1 4,-2 7,1 | 2,2,4,2,4;-1,2,4,5,1;1,3,3,1,5;-1,3,3,5,1;1,4,2,1,5;-2,4,2,4,2 ||  || CORE 2,0,2,1,3;-1,0,2,4,0;1,1,1,0,4;-1,1,1,4,0;1,2,0,0,4;-2,2,0,3,1 | live
REL 1,-2 5,-1 7,1 | 1,2,4,4,2;-1,2,4,5,1;2,3,3,1,5;-2,3,3,5,1;1,4,2,1,5;-1,4,2,2,4 || F -1,0,0,0,1;1,0,0,1,0 | -1,0,2,3,0;-2,1,1,0,3;-2,1,1,1,2;-2,1,1,2,1;-2,1,1,3,0;-1,2,0,0,3 || CORE -1,0,2,3,0;-2,1,1,0,3;-2,1,1,1,2;-2,1,1,2,1;-2,1,1,3,0;-1,2,0,0,3 | unit
REL 9,-2 18,1 22,-1 | 1,0,6,0,6;-1,0,6,2,4;2,2,4,6,0;-2,4,2,0,6;1,6,0,4,2;-1,6,0,6,0 ||  || CORE 1,0,6,0,6;-1,0,6,2,4;2,2,4,6,0;-2,4,2,0,6;1,6,0,4,2;-1,6,0,6,0 | live
REL 16,-1 20,1 22,2 | -2,0,6,0,6;-1,0,6,1,5;1,1,5,6,0;-1,5,1,0,6;1,6,0,5,1;2,6,0,6,0 ||  || CORE -2,0,6,0,6;-1,0,6,1,5;1,1,5,6,0;-1,5,1,0,6;1,6,0,5,1;2,6,0,6,0 | live
REL 2,-2 6,-1 8,-1 | 1,2,4,0,6;1,2,4,1,5;2,3,3,0,6;-2,3,3,6,0;-1,4,2,5,1;-1,4,2,6,0 || F 1,0,0,0,1;1,0,0,1,0 | 1,0,2,0,5;2,1,1,0,5;-2,1,1,1,4;2,1,1,2,3;-2,1,1,3,2;2,1,1,4,1;-2,1,1,5,0;-1,2,0,5,0 || CORE 1,0,2,0,5;2,1,1,0,5;-2,1,1,1,4;2,1,1,2,3;-2,1,1,3,2;2,1,1,4,1;-2,1,1,5,0;-1,2,0,5,0 | unit
REL 1,-1 6,-2 7,-1 | 2,2,4,1,5;1,2,4,5,1;1,3,3,1,5;-1,3,3,5,1;-1,4,2,1,5;-2,4,2,5,1 || F 1,0,1,0,0;1,1,0,0,0 | 2,0,1,0,4;1,0,1,4,0;-1,1,0,0,4;-2,1,0,4,0 || CORE 2,0,1,0,4;1,0,1,4,0;-1,1,0,0,4;-2,1,0,4,0 | live
REL 16,-1 22,2 23,1 | -2,0,6,0,6;-1,0,6,6,0;1,1,5,6,0;-1,5,1,0,6;1,6,0,0,6;2,6,0,6,0 || F 1,0,1,0,0;1,1,0,0,0 | -2,0,5,0,6;-1,0,5,6,0;2,1,4,0,6;2,1,4,6,0;-2,2,3,0,6;-2,2,3,6,0;2,3,2,0,6;2,3,2,6,0;-2,4,1,0,6;-2,4,1,6,0;1,5,0,0,6;2,5,0,6,0 || CORE -2,0,5,0,6;-1,0,5,6,0;2,1,4,0,6;2,1,4,6,0;-2,2,3,0,6;-2,2,3,6,0;2,3,2,0,6;2,3,2,6,0;-2,4,1,0,6;-2,4,1,6,0;1,5,0,0,6;2,5,0,6,0 | live
REL 2,-1 11,-2 16,1 | 2,1,5,2,4;-1,1,5,6,0;1,3,3,0,6;-1,3,3,6,0;1,5,1,0,6;-2,5,1,4,2 ||  || CORE 2,0,4,2,4;-1,0,4,6,0;1,2,2,0,6;-1,2,2,6,0;1,4,0,0,6;-2,4,0,4,2 | live
REL 10,-1 13,2 14,1 | -2,1,5,1,5;1,1,5,3,3;-1,1,5,5,1;1,5,1,1,5;-1,5,1,3,3;2,5,1,5,1 ||  || CORE -2,0,4,0,4;1,0,4,2,2;-1,0,4,4,0;1,4,0,0,4;-1,4,0,2,2;2,4,0,4,0 | live
REL 15,-1 18,1 23,2 | -1,0,6,2,4;-2,0,6,6,0;1,1,5,0,6;-1,5,1,6,0;2,6,0,0,6;1,6,0,4,2 ||  || CORE -1,0,6,2,4;-2,0,6,6,0;1,1,5,0,6;-1,5,1,6,0;2,6,0,0,6;1,6,0,4,2 | live
REL 6,-2 17,-1 21,1 | 1,0,6,3,3;-1,0,6,5,1;2,2,4,1,5;-2,4,2,5,1;1,6,0,1,5;-1,6,0,3,3 ||  || CORE 1,0,6,2,2;-1,0,6,4,0;2,2,4,0,4;-2,4,2,4,0;1,6,0,0,4;-1,6,0,2,2 | live
REL 8,-1 11,-1 15,-2 | 2,1,5,0,6;1,1,5,2,4;1,2,4,0,6;-1,4,2,6,0;-1,5,1,4,2;-2,5,1,6,0 ||  || CORE 2,0,4,0,6;1,0,4,2,4;1,1,3,0,6;-1,3,1,6,0;-1,4,0,4,2;-2,4,0,6,0 | live
REL 7,-1 17,2 20,1 | -1,0,6,1,5;-2,0,6,3,3;1,2,4,5,1;-1,4,2,1,5;2,6,0,3,3;1,6,0,5,1 ||  || CORE -1,0,6,0,4;-2,0,6,2,2;1,2,4,4,0;-1,4,2,0,4;2,6,0,2,2;1,6,0,4,0 | live
REL 9,-1 10,-2 15,-1 | 1,1,5,0,6;2,1,5,3,3;1,2,4,6,0;-1,4,2,0,6;-2,5,1,3,3;-1,5,1,6,0 || F -1,0,1,0,0;1,1,0,0,0 | -1,0,3,0,6;-2,0,3,3,3;-1,1,2,0,6;-2,1,2,3,3;-1,1,2,6,0;-1,2,1,0,6;-2,2,1,3,3;-1,2,1,6,0;-2,3,0,3,3;-1,3,0,6,0 || CORE -1,0,3,0,6;-2,0,3,3,3;-1,1,2,0,6;-2,1,2,3,3;-1,1,2,6,0;-1,2,1,0,6;-2,2,1,3,3;-1,2,1,6,0;-2,3,0,3,3;-1,3,0,6,0 | live
REL 12,-1 15,1 16,2 | -1,1,5,0,6;1,1,5,4,2;-2,1,5,6,0;2,5,1,0,6;-1,5,1,2,4;1,5,1,6,0 ||  || CORE -1,0,4,0,6;1,0,4,4,2;-2,0,4,6,0;2,4,0,0,6;-1,4,0,2,4;1,4,0,6,0 | live
REL 16,-1 21,1 22,-2 | 2,0,6,0,6;-1,0,6,5,1;1,1,5,6,0;-1,5,1,0,6;1,6,0,1,5;-2,6,0,6,0 ||  || CORE 2,0,6,0,6;-1,0,6,5,1;1,1,5,6,0;-1,5,1,0,6;1,6,0,1,5;-2,6,0,6,0 | live
REL 14,-2 19,-1 20,1 | -1,0,6,1,5;1,0,6,4,2;2,1,5,5,1;-2,5,1,1,5;-1,6,0,2,4;1,6,0,5,1 ||  || CORE -1,0,6,0,4;1,0,6,3,1;2,1,5,4,0;-2,5,1,0,4;-1,6,0,1,3;1,6,0,4,0 | live
REL 2,-1 13,-2 16,1 | 2,1,5,1,5;-1,1,5,6,0;1,3,3,0,6;-1,3,3,6,0;1,5,1,0,6;-2,5,1,5,1 ||  || CORE 2,0,4,1,5;-1,0,4,6,0;1,2,2,0,6;-1,2,2,6,0;1,4,0,0,6;-2,4,0,5,1 | live
REL 2,-2 3,-1 9,1 | 1,2,4,3,3;-1,2,4,6,0;2,3,3,0,6;-2,3,3,6,0;1,4,2,0,6;-1,4,2,3,3 || F -1,0,0,0,1;1,0,0,1,0 | -1,0,2,3,2;-1,0,2,4,1;-1,0,2,5,0;-2,1,1,0,5;-2,1,1,1,4;-2,1,1,2,3;-2,1,1,3,2;-2,1,1,4,1;-2,1,1,5,0;-1,2,0,0,5;-1,2,0,1,4;-1,2,0,2,3 ## F 1,0,0,0,2;1,0,0,1,1;1,0,0,2,0 | -1,0,2,3,0;-2,1,1,0,3;-2,1,1,3,0;-1,2,0,0,3 || CORE -1,0,2,3,0;-2,1,1,0,3;-2,1,1,3,0;-1,2,0,0,3 | unit
REL 16,-1 22,-2 23,-1 | 2,0,6,0,6;1,0,6,6,0;1,1,5,6,0;-1,5,1,0,6;-1,6,0,0,6;-2,6,0,6,0 || F -1,0,1,0,0;1,1,0,0,0 | -2,0,5,0,6;-1,0,5,6,0;-2,1,4,0,6;-2,1,4,6,0;-2,2,3,0,6;-2,2,3,6,0;-2,3,2,0,6;-2,3,2,6,0;-2,4,1,0,6;-2,4,1,6,0;-1,5,0,0,6;-2,5,0,6,0 || CORE -2,0,5,0,6;-1,0,5,6,0;-2,1,4,0,6;-2,1,4,6,0;-2,2,3,0,6;-2,2,3,6,0;-2,3,2,0,6;-2,3,2,6,0;-2,4,1,0,6;-2,4,1,6,0;-1,5,0,0,6;-2,5,0,6,0 | live
REL 14,-1 18,-1 20,2 | -2,0,6,1,5;1,0,6,2,4;1,1,5,5,1;-1,5,1,1,5;-1,6,0,4,2;2,6,0,5,1 ||  || CORE -2,0,6,0,4;1,0,6,1,3;1,1,5,4,0;-1,5,1,0,4;-1,6,0,3,1;2,6,0,4,0 | live
REL 7,-2 22,-1 23,-1 | 1,0,6,0,6;1,0,6,6,0;2,2,4,5,1;-2,4,2,1,5;-1,6,0,0,6;-1,6,0,6,0 ||  || CORE 1,0,6,0,6;1,0,6,6,0;2,2,4,5,1;-2,4,2,1,5;-1,6,0,0,6;-1,6,0,6,0 | live
REL 9,-2 13,-1 15,1 | -1,1,5,0,6;1,1,5,1,5;2,2,4,6,0;-2,4,2,0,6;-1,5,1,5,1;1,5,1,6,0 ||  || CORE -1,0,4,0,6;1,0,4,1,5;2,1,3,6,0;-2,3,1,0,6;-1,4,0,5,1;1,4,0,6,0 | live
REL 11,-1 13,2 14,1 | -2,1,5,1,5;1,1,5,2,4;-1,1,5,5,1;1,5,1,1,5;-1,5,1,4,2;2,5,1,5,1 ||  || CORE -2,0,4,0,4;1,0,4,1,3;-1,0,4,4,0;1,4,0,0,4;-1,4,0,3,1;2,4,0,4,0 | live
REL 5,-1 8,2 9,1 | -2,2,4,0,6;1,2,4,4,2;-1,2,4,6,0;1,4,2,0,6;-1,4,2,2,4;2,4,2,6,0 || F 1,0,0,0,2;1,0,0,2,0 | -2,0,2,0,4;2,0,2,2,2;-1,0,2,4,0;1,2,0,0,4;-2,2,0,2,2;2,2,0,4,0 || CORE -2,0,2,0,4;2,0,2,2,2;-1,0,2,4,0;1,2,0,0,4;-2,2,0,2,2;2,2,0,4,0 | live
REL 9,-1 13,-2 15,1 | -1,1,5,0,6;2,1,5,1,5;1,2,4,6,0;-1,4,2,0,6;-2,5,1,5,1;1,5,1,6,0 ||  || CORE -1,0,4,0,6;2,0,4,1,5;1,1,3,6,0;-1,3,1,0,6;-2,4,0,5,1;1,4,0,6,0 | live
REL 1,-2 5,1 6,1 | -1,2,4,1,5;-1,2,4,4,2;2,3,3,1,5;-2,3,3,5,1;1,4,2,2,4;1,4,2,5,1 || F 1,0,0,0,1;1,0,0,1,0 | -1,0,2,0,3;1,0,2,1,2;-1,0,2,2,1;2,1,1,0,3;-2,1,1,1,2;2,1,1,2,1;-2,1,1,3,0;1,2,0,1,2;-1,2,0,2,1;1,2,0,3,0 || CORE -1,0,2,0,3;1,0,2,1,2;-1,0,2,2,1;2,1,1,0,3;-2,1,1,1,2;2,1,1,2,1;-2,1,1,3,0;1,2,0,1,2;-1,2,0,2,1;1,2,0,3,0 | live
REL 14,-2 18,-1 21,-1 | 1,0,6,2,4;1,0,6,5,1;2,1,5,5,1;-2,5,1,1,5;-1,6,0,1,5;-1,6,0,4,2 ||  || CORE 1,0,6,1,3;1,0,6,4,0;2,1,5,4,0;-2,5,1,0,4;-1,6,0,0,4;-1,6,0,3,1 | live
REL 16,-1 21,-1 23,-2 | 1,0,6,5,1;2,0,6,6,0;1,1,5,6,0;-1,5,1,0,6;-2,6,0,0,6;-1,6,0,1,5 ||  || CORE 1,0,6,5,1;2,0,6,6,0;1,1,5,6,0;-1,5,1,0,6;-2,6,0,0,6;-1,6,0,1,5 | live
REL 7,-1 10,-2 14,1 | 2,1,5,3,3;-1,1,5,5,1;1,2,4,5,1;-1,4,2,1,5;1,5,1,1,5;-2,5,1,3,3 || F -1,0,1,0,0;1,1,0,0,0 | -2,0,3,2,2;1,0,3,4,0;-2,1,2,2,2;-2,2,1,2,2;1,3,0,0,4;-2,3,0,2,2 || CORE -2,0,3,2,2;1,0,3,4,0;-2,1,2,2,2;-2,2,1,2,2;1,3,0,0,4;-2,3,0,2,2 | unit
REL 0,-1 17,-1 19,2 | 1,0,6,3,3;-2,0,6,4,2;1,3,3,2,4;-1,3,3,4,2;2,6,0,2,4;-1,6,0,3,3 ||  || CORE 1,0,6,1,1;-2,0,6,2,0;1,3,3,0,2;-1,3,3,2,0;2,6,0,0,2;-1,6,0,1,1 | live
REL 8,-2 12,-1 15,1 | -1,1,5,0,6;1,1,5,4,2;2,2,4,0,6;-2,4,2,6,0;-1,5,1,2,4;1,5,1,6,0 ||  || CORE -1,0,4,0,6;1,0,4,4,2;2,1,3,0,6;-2,3,1,6,0;-1,4,0,2,4;1,4,0,6,0 | live
REL 15,-1 19,1 22,-2 | 2,0,6,0,6;-1,0,6,4,2;1,1,5,0,6;-1,5,1,6,0;1,6,0,2,4;-2,6,0,6,0 ||  || CORE 2,0,6,0,6;-1,0,6,4,2;1,1,5,0,6;-1,5,1,6,0;1,6,0,2,4;-2,6,0,6,0 | live
REL 0,-1 4,1 5,-2 | -1,2,4,2,4;2,2,4,4,2;1,3,3,2,4;-1,3,3,4,2;-2,4,2,2,4;1,4,2,4,2 ||  || CORE -1,0,2,0,2;2,0,2,2,0;1,1,1,0,2;-1,1,1,2,0;-2,2,0,0,2;1,2,0,2,0 | live
REL 5,-1 17,2 19,1 | -2,0,6,3,3;-1,0,6,4,2;1,2,4,4,2;-1,4,2,2,4;1,6,0,2,4;2,6,0,3,3 || F 1,0,1,0,0;1,1,0,0,0 | -2,0,5,1,1;-1,0,5,2,0;2,1,4,1,1;1,1,4,2,0;-2,2,3,1,1;2,3,2,1,1;-1,4,1,0,2;-2,4,1,1,1;1,5,0,0,2;2,5,0,1,1 ## F -1,0,1,0,0;1,1,0,0,0 | 2,0,4,1,1;1,0,4,2,0;2,2,2,1,1;1,4,0,0,2;2,4,0,1,1 || CORE 2,0,4,1,1;1,0,4,2,0;2,2,2,1,1;1,4,0,0,2;2,4,0,1,1 | unit
REL 15,-1 20,-2 22,1 | -1,0,6,0,6;2,0,6,1,5;1,1,5,0,6;-1,5,1,6,0;-2,6,0,5,1;1,6,0,6,0 ||  || CORE -1,0,6,0,6;2,0,6,1,5;1,1,5,0,6;-1,5,1,6,0;-2,6,0,5,1;1,6,0,6,0 | live
REL 2,-1 10,-2 15,1 | -1,1,5,0,6;2,1,5,3,3;1,3,3,0,6;-1,3,3,6,0;-2,5,1,3,3;1,5,1,6,0 || F 1,0,1,0,0;1,1,0,0,0 | -1,0,3,0,6;2,0,3,3,3;1,1,2,0,6;-2,1,2,3,3;2,2,1,3,3;-1,2,1,6,0;-2,3,0,3,3;1,3,0,6,0 ## F -1,0,1,0,0;1,1,0,0,0 | 1,0,2,0,6;-2,0,2,3,3;-2,2,0,3,3;1,2,0,6,0 || CORE 1,0,2,0,6;-2,0,2,3,3;-2,2,0,3,3;1,2,0,6,0 | unit
REL 9,-1 10,-2 16,-1 | 2,1,5,3,3;1,1,5,6,0;1,2,4,6,0;-1,4,2,0,6;-1,5,1,0,6;-2,5,1,3,3 || F 1,0,1,0,0;1,1,0,0,0 | 2,0,3,3,3;1,0,3,6,0;-2,1,2,3,3;2,2,1,3,3;-1,3,0,0,6;-2,3,0,3,3 || CORE 2,0,3,3,3;1,0,3,6,0;-2,1,2,3,3;2,2,1,3,3;-1,3,0,0,6;-2,3,0,3,3 | unit
REL 8,-1 12,2 16,1 | -2,1,5,4,2;-1,1,5,6,0;1,2,4,0,6;-1,4,2,6,0;1,5,1,0,6;2,5,1,2,4 ||  || CORE -2,0,4,4,2;-1,0,4,6,0;1,1,3,0,6;-1,3,1,6,0;1,4,0,0,6;2,4,0,2,4 | live
REL 3,-1 4,-2 5,1 | 2,2,4,2,4;1,2,4,3,3;-1,2,4,4,2;1,4,2,2,4;-1,4,2,3,3;-2,4,2,4,2 || F 1,0,0,0,1;1,0,0,1,0 | 2,0,2,0,1;-1,0,2,1,0;1,2,0,0,1;-2,2,0,1,0 || CORE 2,0,2,0,1;-1,0,2,1,0;1,2,0,0,1;-2,2,0,1,0 | live
REL 4,-1 18,-2 19,-1 | 2,0,6,2,4;1,0,6,4,2;1,2,4,2,4;-1,4,2,4,2;-1,6,0,2,4;-2,6,0,4,2 ||  || CORE 2,0,6,0,2;1,0,6,2,0;1,2,4,0,2;-1,4,2,2,0;-1,6,0,0,2;-2,6,0,2,0 | live
REL 9,-1 15,-1 16,-2 | 1,1,5,0,6;2,1,5,6,0;1,2,4,6,0;-1,4,2,0,6;-2,5,1,0,6;-1,5,1,6,0 || F 1,0,1,0,0;1,1,0,0,0 | 1,0,3,0,6;2,0,3,6,0;-1,1,2,0,6;-1,1,2,6,0;1,2,1,0,6;1,2,1,6,0;-2,3,0,0,6;-1,3,0,6,0 || CORE 1,0,3,0,6;2,0,3,6,0;-1,1,2,0,6;-1,1,2,6,0;1,2,1,0,6;1,2,1,6,0;-2,3,0,0,6;-1,3,0,6,0 | live
REL 8,-1 19,-2 23,-1 | 2,0,6,4,2;1,0,6,6,0;1,2,4,0,6;-1,4,2,6,0;-1,6,0,0,6;-2,6,0,2,4 ||  || CORE 2,0,6,4,2;1,0,6,6,0;1,2,4,0,6;-1,4,2,6,0;-1,6,0,0,6;-2,6,0,2,4 | live
REL 1,-1 12,-2 14,-1 | 2,1,5,4,2;1,1,5,5,1;1,3,3,1,5;-1,3,3,5,1;-1,5,1,1,5;-2,5,1,2,4 ||  || CORE 2,0,4,3,1;1,0,4,4,0;1,2,2,0,4;-1,2,2,4,0;-1,4,0,0,4;-2,4,0,1,3 | live
REL 11,-1 13,-2 14,-1 | 2,1,5,1,5;1,1,5,2,4;1,1,5,5,1;-1,5,1,1,5;-1,5,1,4,2;-2,5,1,5,1 ||  || CORE 2,0,4,0,4;1,0,4,1,3;1,0,4,4,0;-1,4,0,0,4;-1,4,0,3,1;-2,4,0,4,0 | live
REL 14,-1 19,1 21,-2 | -1,0,6,4,2;2,0,6,5,1;1,1,5,5,1;-1,5,1,1,5;-2,6,0,1,5;1,6,0,2,4 ||  || CORE -1,0,6,3,1;2,0,6,4,0;1,1,5,4,0;-1,5,1,0,4;-2,6,0,0,4;1,6,0,1,3 | live
REL 9,-1 19,2 23,1 | -2,0,6,4,2;-1,0,6,6,0;1,2,4,6,0;-1,4,2,0,6;1,6,0,0,6;2,6,0,2,4 ||  || CORE -2,0,6,4,2;-1,0,6,6,0;1,2,4,6,0;-1,4,2,0,6;1,6,0,0,6;2,6,0,2,4 | live
REL 7,-2 22,1 23,1 | -1,0,6,0,6;-1,0,6,6,0;2,2,4,5,1;-2,4,2,1,5;1,6,0,0,6;1,6,0,6,0 ||  || CORE -1,0,6,0,6;-1,0,6,6,0;2,2,4,5,1;-2,4,2,1,5;1,6,0,0,6;1,6,0,6,0 | live
REL 16,-1 17,2 23,1 | -2,0,6,3,3;-1,0,6,6,0;1,1,5,6,0;-1,5,1,0,6;1,6,0,0,6;2,6,0,3,3 || F -1,0,1,0,0;1,1,0,0,0 | 2,0,5,3,3;1,0,5,6,0;2,1,4,3,3;2,2,3,3,3;2,3,2,3,3;2,4,1,3,3;1,5,0,0,6;2,5,0,3,3 || CORE 2,0,5,3,3;1,0,5,6,0;2,1,4,3,3;2,2,3,3,3;2,3,2,3,3;2,4,1,3,3;1,5,0,0,6;2,5,0,3,3 | unit
REL 3,-2 18,1 19,1 | -1,0,6,2,4;-1,0,6,4,2;2,2,4,3,3;-2,4,2,3,3;1,6,0,2,4;1,6,0,4,2 || F 1,0,1,0,0;1,1,0,0,0 | -1,0,5,0,2;-1,0,5,2,0;1,1,4,0,2;1,1,4,2,0;-1,2,3,0,2;2,2,3,1,1;-1,2,3,2,0;1,3,2,0,2;-2,3,2,1,1;1,3,2,2,0;-1,4,1,0,2;-1,4,1,2,0;1,5,0,0,2;1,5,0,2,0 ## F -1,0,1,0,0;1,1,0,0,0 | 1,0,4,0,2;1,0,4,2,0;1,2,2,0,2;-2,2,2,1,1;1,2,2,2,0;1,4,0,0,2;1,4,0,2,0 || CORE 1,0,4,0,2;1,0,4,2,0;1,2,2,0,2;-2,2,2,1,1;1,2,2,2,0;1,4,0,0,2;1,4,0,2,0 | live
REL 14,-1 20,-1 21,2 | 1,0,6,1,5;-2,0,6,5,1;1,1,5,5,1;-1,5,1,1,5;2,6,0,1,5;-1,6,0,5,1 ||  || CORE 1,0,6,0,4;-2,0,6,4,0;1,1,5,4,0;-1,5,1,0,4;2,6,0,0,4;-1,6,0,4,0 | live
REL 9,-1 20,-1 23,2 | 1,0,6,1,5;-2,0,6,6,0;1,2,4,6,0;-1,4,2,0,6;2,6,0,0,6;-1,6,0,5,1 ||  || CORE 1,0,6,1,5;-2,0,6,6,0;1,2,4,6,0;-1,4,2,0,6;2,6,0,0,6;-1,6,0,5,1 | live
REL 0,-1 10,-1 11,-2 | 2,1,5,2,4;1,1,5,3,3;1,3,3,2,4;-1,3,3,4,2;-1,5,1,3,3;-2,5,1,4,2 ||  || CORE 2,0,4,0,2;1,0,4,1,1;1,2,2,0,2;-1,2,2,2,0;-1,4,0,1,1;-2,4,0,2,0 | live
REL 7,-1 18,-2 20,1 | -1,0,6,1,5;2,0,6,2,4;1,2,4,5,1;-1,4,2,1,5;-2,6,0,4,2;1,6,0,5,1 ||  || CORE -1,0,6,0,4;2,0,6,1,3;1,2,4,4,0;-1,4,2,0,4;-2,6,0,3,1;1,6,0,4,0 | live
REL 14,-2 19,-1 20,-1 | 1,0,6,1,5;1,0,6,4,2;2,1,5,5,1;-2,5,1,1,5;-1,6,0,2,4;-1,6,0,5,1 ||  || CORE 1,0,6,0,4;1,0,6,3,1;2,1,5,4,0;-2,5,1,0,4;-1,6,0,1,3;-1,6,0,4,0 | live
REL 9,-2 17,-1 22,1 | -1,0,6,0,6;1,0,6,3,3;2,2,4,6,0;-2,4,2,0,6;-1,6,0,3,3;1,6,0,6,0 ||  || CORE -1,0,6,0,6;1,0,6,3,3;2,2,4,6,0;-2,4,2,0,6;-1,6,0,3,3;1,6,0,6,0 | live
REL 11,-1 13,1 14,-2 | -1,1,5,1,5;1,1,5,2,4;2,1,5,5,1;-2,5,1,1,5;-1,5,1,4,2;1,5,1,5,1 || F 1,0,0,0,1;1,0,0,1,0 | -1,0,4,0,3;2,0,4,1,2;-2,0,4,2,1;2,0,4,3,0;-2,4,0,0,3;2,4,0,1,2;-2,4,0,2,1;1,4,0,3,0 || CORE -1,0,4,0,3;2,0,4,1,2;-2,0,4,2,1;2,0,4,3,0;-2,4,0,0,3;2,4,0,1,2;-2,4,0,2,1;1,4,0,3,0 | live
REL 1,-2 5,-1 6,-1 | 1,2,4,1,5;1,2,4,4,2;2,3,3,1,5;-2,3,3,5,1;-1,4,2,2,4;-1,4,2,5,1 || F 1,0,0,0,1;1,0,0,1,0 | 1,0,2,0,3;-1,0,2,1,2;1,0,2,2,1;2,1,1,0,3;-2,1,1,1,2;2,1,1,2,1;-2,1,1,3,0;-1,2,0,1,2;1,2,0,2,1;-1,2,0,3,0 || CORE 1,0,2,0,3;-1,0,2,1,2;1,0,2,2,1;2,1,1,0,3;-2,1,1,1,2;2,1,1,2,1;-2,1,1,3,0;-1,2,0,1,2;1,2,0,2,1;-1,2,0,3,0 | live
REL 1,-1 10,-1 14,-2 | 1,1,5,3,3;2,1,5,5,1;1,3,3,1,5;-1,3,3,5,1;-2,5,1,1,5;-1,5,1,3,3 ||  || CORE 1,0,4,2,2;2,0,4,4,0;1,2,2,0,4;-1,2,2,4,0;-2,4,0,0,4;-1,4,0,2,2 | live
REL 2,-2 7,-1 8,1 | -1,2,4,0,6;1,2,4,5,1;2,3,3,0,6;-2,3,3,6,0;-1,4,2,1,5;1,4,2,6,0 || F -1,0,0,0,1;1,0,0,1,0 | 1,0,2,0,5;1,0,2,1,4;1,0,2,2,3;1,0,2,3,2;1,0,2,4,1;-2,1,1,0,5;-2,1,1,1,4;-2,1,1,2,3;-2,1,1,3,2;-2,1,1,4,1;-2,1,1,5,0;1,2,0,1,4;1,2,0,2,3;1,2,0,3,2;1,2,0,4,1;1,2,0,5,0 || CORE 1,0,2,0,5;1,0,2,1,4;1,0,2,2,3;1,0,2,3,2;1,0,2,4,1;-2,1,1,0,5;-2,1,1,1,4;-2,1,1,2,3;-2,1,1,3,2;-2,1,1,4,1;-2,1,1,5,0;1,2,0,1,4;1,2,0,2,3;1,2,0,3,2;1,2,0,4,1;1,2,0,5,0 | live
REL 4,-1 8,-2 9,-1 | 2,2,4,0,6;1,2,4,2,4;1,2,4,6,0;-1,4,2,0,6;-1,4,2,4,2;-2,4,2,6,0 || F 1,0,0,0,2;1,0,0,2,0 | 2,0,2,0,4;-1,0,2,2,2;1,0,2,4,0;-1,2,0,0,4;1,2,0,2,2;-2,2,0,4,0 || CORE 2,0,2,0,4;-1,0,2,2,2;1,0,2,4,0;-1,2,0,0,4;1,2,0,2,2;-2,2,0,4,0 | live
REL 3,-2 15,-1 16,1 | 1,1,5,0,6;-1,1,5,6,0;2,2,4,3,3;-2,4,2,3,3;1,5,1,0,6;-1,5,1,6,0 ||  || CORE 1,0,4,0,6;-1,0,4,6,0;2,1,3,3,3;-2,3,1,3,3;1,4,0,0,6;-1,4,0,6,0 | live
REL 2,-1 13,-2 16,-1 | 2,1,5,1,5;1,1,5,6,0;1,3,3,0,6;-1,3,3,6,0;-1,5,1,0,6;-2,5,1,5,1 ||  || CORE 2,0,4,1,5;1,0,4,6,0;1,2,2,0,6;-1,2,2,6,0;-1,4,0,0,6;-2,4,0,5,1 | live
REL 9,-1 20,-2 23,-1 | 2,0,6,1,5;1,0,6,6,0;1,2,4,6,0;-1,4,2,0,6;-1,6,0,0,6;-2,6,0,5,1 ||  || CORE 2,0,6,1,5;1,0,6,6,0;1,2,4,6,0;-1,4,2,0,6;-1,6,0,0,6;-2,6,0,5,1 | live
REL 17,-1 18,2 19,1 | -2,0,6,2,4;1,0,6,3,3;-1,0,6,4,2;1,6,0,2,4;-1,6,0,3,3;2,6,0,4,2 ||  || CORE -2,0,6,0,2;1,0,6,1,1;-1,0,6,2,0;1,6,0,0,2;-1,6,0,1,1;2,6,0,2,0 | live
REL 1,-2 3,-1 6,1 | -1,2,4,1,5;1,2,4,3,3;2,3,3,1,5;-2,3,3,5,1;-1,4,2,3,3;1,4,2,5,1 || F 1,0,0,0,1;1,0,0,1,0 | -1,0,2,0,3;1,0,2,1,2;2,1,1,0,3;-2,1,1,1,2;2,1,1,2,1;-2,1,1,3,0;-1,2,0,2,1;1,2,0,3,0 ## F -1,0,0,0,1;1,0,0,1,0 | 1,0,2,0,2;-2,1,1,0,2;-2,1,1,2,0;1,2,0,2,0 || CORE 1,0,2,0,2;-2,1,1,0,2;-2,1,1,2,0;1,2,0,2,0 | unit
REL 2,-1 10,2 15,-1 | 1,1,5,0,6;-2,1,5,3,3;1,3,3,0,6;-1,3,3,6,0;2,5,1,3,3;-1,5,1,6,0 || F 1,0,2,0,0;1,2,0,0,0 | 1,0,2,0,6;-2,0,2,3,3;2,2,0,3,3;-1,2,0,6,0 || CORE 1,0,2,0,6;-2,0,2,3,3;2,2,0,3,3;-1,2,0,6,0 | unit
REL 13,-1 18,2 21,-1 | -2,0,6,2,4;1,0,6,5,1;1,1,5,1,5;-1,5,1,5,1;-1,6,0,1,5;2,6,0,4,2 ||  || CORE -2,0,6,1,3;1,0,6,4,0;1,1,5,0,4;-1,5,1,4,0;-1,6,0,0,4;2,6,0,3,1 | live
REL 21,-1 22,-2 23,1 | 2,0,6,0,6;1,0,6,5,1;-1,0,6,6,0;1,6,0,0,6;-1,6,0,1,5;-2,6,0,6,0 || F 1,0,0,0,1;1,0,0,1,0 | 2,0,6,0,5;-2,0,6,1,4;2,0,6,2,3;-2,0,6,3,2;2,0,6,4,1;-1,0,6,5,0;1,6,0,0,5;-2,6,0,1,4;2,6,0,2,3;-2,6,0,3,2;2,6,0,4,1;-2,6,0,5,0 || CORE 2,0,6,0,5;-2,0,6,1,4;2,0,6,2,3;-2,0,6,3,2;2,0,6,4,1;-1,0,6,5,0;1,6,0,0,5;-2,6,0,1,4;2,6,0,2,3;-2,6,0,3,2;2,6,0,4,1;-2,6,0,5,0 | live
REL 3,-2 22,1 23,1 | -1,0,6,0,6;-1,0,6,6,0;2,2,4,3,3;-2,4,2,3,3;1,6,0,0,6;1,6,0,6,0 || F 1,0,1,0,0;1,1,0,0,0 | -1,0,5,0,6;-1,0,5,6,0;1,1,4,0,6;1,1,4,6,0;-1,2,3,0,6;2,2,3,3,3;-1,2,3,6,0;1,3,2,0,6;-2,3,2,3,3;1,3,2,6,0;-1,4,1,0,6;-1,4,1,6,0;1,5,0,0,6;1,5,0,6,0 ## F -1,0,1,0,0;1,1,0,0,0 | 1,0,4,0,6;1,0,4,6,0;1,2,2,0,6;-2,2,2,3,3;1,2,2,6,0;1,4,0,0,6;1,4,0,6,0 || CORE 1,0,4,0,6;1,0,4,6,0;1,2,2,0,6;-2,2,2,3,3;1,2,2,6,0;1,4,0,0,6;1,4,0,6,0 | live
REL 8,-2 14,-1 15,1 | -1,1,5,0,6;1,1,5,5,1;2,2,4,0,6;-2,4,2,6,0;-1,5,1,1,5;1,5,1,6,0 ||  || CORE -1,0,4,0,6;1,0,4,5,1;2,1,3,0,6;-2,3,1,6,0;-1,4,0,1,5;1,4,0,6,0 | live
REL 9,-1 19,-1 23,2 | 1,0,6,4,2;-2,0,6,6,0;1,2,4,6,0;-1,4,2,0,6;2,6,0,0,6;-1,6,0,2,4 ||  || CORE 1,0,6,4,2;-2,0,6,6,0;1,2,4,6,0;-1,4,2,0,6;2,6,0,0,6;-1,6,0,2,4 | live
REL 13,-1 17,2 21,-1 | -2,0,6,3,3;1,0,6,5,1;1,1,5,1,5;-1,5,1,5,1;-1,6,0,1,5;2,6,0,3,3 || F -1,0,1,0,0;1,1,0,0,0 | 2,0,5,2,2;-1,0,5,4,0;-1,1,4,0,4;2,1,4,2,2;-1,1,4,4,0;-1,2,3,0,4;2,2,3,2,2;-1,2,3,4,0;-1,3,2,0,4;2,3,2,2,2;-1,3,2,4,0;-1,4,1,0,4;2,4,1,2,2;-1,4,1,4,0;-1,5,0,0,4;2,5,0,2,2 || CORE 2,0,5,2,2;-1,0,5,4,0;-1,1,4,0,4;2,1,4,2,2;-1,1,4,4,0;-1,2,3,0,4;2,2,3,2,2;-1,2,3,4,0;-1,3,2,0,4;2,3,2,2,2;-1,3,2,4,0;-1,4,1,0,4;2,4,1,2,2;-1,4,1,4,0;-1,5,0,0,4;2,5,0,2,2 | live
REL 18,-2 20,-1 21,-1 | 1,0,6,1,5;2,0,6,2,4;1,0,6,5,1;-1,6,0,1,5;-2,6,0,4,2;-1,6,0,5,1 || F 1,0,0,0,1;1,0,0,1,0 | 1,0,6,0,3;1,0,6,1,2;-1,0,6,2,1;1,0,6,3,0;-1,6,0,0,3;1,6,0,1,2;-1,6,0,2,1;-1,6,0,3,0 || CORE 1,0,6,0,3;1,0,6,1,2;-1,0,6,2,1;1,0,6,3,0;-1,6,0,0,3;1,6,0,1,2;-1,6,0,2,1;-1,6,0,3,0 | live
REL 2,-1 12,-2 15,-1 | 1,1,5,0,6;2,1,5,4,2;1,3,3,0,6;-1,3,3,6,0;-2,5,1,2,4;-1,5,1,6,0 ||  || CORE 1,0,4,0,6;2,0,4,4,2;1,2,2,0,6;-1,2,2,6,0;-2,4,0,2,4;-1,4,0,6,0 | live
REL 12,-1 18,-1 19,-2 | 1,0,6,2,4;2,0,6,4,2;1,1,5,4,2;-1,5,1,2,4;-2,6,0,2,4;-1,6,0,4,2 || F 1,0,1,0,0;1,1,0,0,0 | 1,0,5,0,2;2,0,5,2,0;-1,1,4,0,2;-1,1,4,2,0;1,2,3,0,2;1,2,3,2,0;-1,3,2,0,2;-1,3,2,2,0;1,4,1,0,2;1,4,1,2,0;-2,5,0,0,2;-1,5,0,2,0 || CORE 1,0,5,0,2;2,0,5,2,0;-1,1,4,0,2;-1,1,4,2,0;1,2,3,0,2;1,2,3,2,0;-1,3,2,0,2;-1,3,2,2,0;1,4,1,0,2;1,4,1,2,0;-2,5,0,0,2;-1,5,0,2,0 | live
REL 20,-1 22,-1 23,2 | 1,0,6,0,6;1,0,6,1,5;-2,0,6,6,0;2,6,0,0,6;-1,6,0,5,1;-1,6,0,6,0 || F -1,0,0,0,1;1,0,0,1,0 | -1,0,6,0,5;-2,0,6,1,4;-2,0,6,2,3;-2,0,6,3,2;-2,0,6,4,1;-2,0,6,5,0;-2,6,0,0,5;-2,6,0,1,4;-2,6,0,2,3;-2,6,0,3,2;-2,6,0,4,1;-1,6,0,5,0 || CORE -1,0,6,0,5;-2,0,6,1,4;-2,0,6,2,3;-2,0,6,3,2;-2,0,6,4,1;-2,0,6,5,0;-2,6,0,0,5;-2,6,0,1,4;-2,6,0,2,3;-2,6,0,3,2;-2,6,0,4,1;-1,6,0,5,0 | live
REL 15,-1 17,-2 22,-1 | 1,0,6,0,6;2,0,6,3,3;1,1,5,0,6;-1,5,1,6,0;-2,6,0,3,3;-1,6,0,6,0 || F 1,0,1,0,0;1,1,0,0,0 | 1,0,5,0,6;2,0,5,3,3;-2,1,4,3,3;2,2,3,3,3;-2,3,2,3,3;2,4,1,3,3;-2,5,0,3,3;-1,5,0,6,0 || CORE 1,0,5,0,6;2,0,5,3,3;-2,1,4,3,3;2,2,3,3,3;-2,3,2,3,3;2,4,1,3,3;-2,5,0,3,3;-1,5,0,6,0 | unit
REL 15,-2 19,1 23,1 | -1,0,6,4,2;-1,0,6,6,0;2,1,5,0,6;-2,5,1,6,0;1,6,0,0,6;1,6,0,2,4 ||  || CORE -1,0,6,4,2;-1,0,6,6,0;2,1,5,0,6;-2,5,1,6,0;1,6,0,0,6;1,6,0,2,4 | live
REL 13,-2 20,-1 21,1 | 1,0,6,1,5;-1,0,6,5,1;2,1,5,1,5;-2,5,1,5,1;1,6,0,1,5;-1,6,0,5,1 || F 1,0,1,0,0;1,1,0,0,0 | 1,0,5,0,4;-1,0,5,4,0;1,1,4,0,4;1,1,4,4,0;-1,2,3,0,4;-1,2,3,4,0;1,3,2,0,4;1,3,2,4,0;-1,4,1,0,4;-1,4,1,4,0;1,5,0,0,4;-1,5,0,4,0 || CORE 1,0,5,0,4;-1,0,5,4,0;1,1,4,0,4;1,1,4,4,0;-1,2,3,0,4;-1,2,3,4,0;1,3,2,0,4;1,3,2,4,0;-1,4,1,0,4;-1,4,1,4,0;1,5,0,0,4;-1,5,0,4,0 | live
REL 2,-2 7,-1 9,-1 | 1,2,4,5,1;1,2,4,6,0;2,3,3,0,6;-2,3,3,6,0;-1,4,2,0,6;-1,4,2,1,5 || F 1,0,0,0,1;1,0,0,1,0 | 1,0,2,5,0;2,1,1,0,5;-2,1,1,1,4;2,1,1,2,3;-2,1,1,3,2;2,1,1,4,1;-2,1,1,5,0;-1,2,0,0,5 || CORE 1,0,2,5,0;2,1,1,0,5;-2,1,1,1,4;2,1,1,2,3;-2,1,1,3,2;2,1,1,4,1;-2,1,1,5,0;-1,2,0,0,5 | unit
REL 9,-2 13,1 15,-1 | 1,1,5,0,6;-1,1,5,1,5;2,2,4,6,0;-2,4,2,0,6;1,5,1,5,1;-1,5,1,6,0 ||  || CORE 1,0,4,0,6;-1,0,4,1,5;2,1,3,6,0;-2,3,1,0,6;1,4,0,5,1;-1,4,0,6,0 | live
REL 8,-1 21,1 23,-2 | -1,0,6,5,1;2,0,6,6,0;1,2,4,0,6;-1,4,2,6,0;-2,6,0,0,6;1,6,0,1,5 ||  || CORE -1,0,6,5,1;2,0,6,6,0;1,2,4,0,6;-1,4,2,6,0;-2,6,0,0,6;1,6,0,1,5 | live
REL 9,-1 14,2 15,1 | -1,1,5,0,6;-2,1,5,5,1;1,2,4,6,0;-1,4,2,0,6;2,5,1,1,5;1,5,1,6,0 ||  || CORE -1,0,4,0,6;-2,0,4,5,1;1,1,3,6,0;-1,3,1,0,6;2,4,0,1,5;1,4,0,6,0 | live
REL 16,-1 20,1 23,-2 | -1,0,6,1,5;2,0,6,6,0;1,1,5,6,0;-1,5,1,0,6;-2,6,0,0,6;1,6,0,5,1 ||  || CORE -1,0,6,1,5;2,0,6,6,0;1,1,5,6,0;-1,5,1,0,6;-2,6,0,0,6;1,6,0,5,1 | live
REL 2,-2 8,1 9,-1 | -1,2,4,0,6;1,2,4,6,0;2,3,3,0,6;-2,3,3,6,0;-1,4,2,0,6;1,4,2,6,0 || F 1,0,0,0,1;1,0,0,1,0 | -1,0,2,0,5;1,0,2,1,4;-1,0,2,2,3;1,0,2,3,2;-1,0,2,4,1;1,0,2,5,0;2,1,1,0,5;-2,1,1,1,4;2,1,1,2,3;-2,1,1,3,2;2,1,1,4,1;-2,1,1,5,0;-1,2,0,0,5;1,2,0,1,4;-1,2,0,2,3;1,2,0,3,2;-1,2,0,4,1;1,2,0,5,0 ## F -1,0,1,0,0;1,1,0,0,0 | 1,0,1,0,5;-1,0,1,1,4;1,0,1,2,3;-1,0,1,3,2;1,0,1,4,1;-1,0,1,5,0;-1,1,0,0,5;1,1,0,1,4;-1,1,0,2,3;1,1,0,3,2;-1,1,0,4,1;1,1,0,5,0 ## F -1,0,0,0,1;1,0,0,1,0 | -1,0,1,0,4;-1,0,1,2,2;-1,0,1,4,0;1,1,0,0,4;1,1,0,2,2;1,1,0,4,0 ## F 1,0,0,0,2;1,0,0,1,1;1,0,0,2,0 | -1,0,1,0,2;1,0,1,1,1;-1,0,1,2,0;1,1,0,0,2;-1,1,0,1,1;1,1,0,2,0 ## F 1,0,0,0,2;-1,0,0,1,1;1,0,0,2,0 | -1,0,1,0,0;1,1,0,0,0 ## F -1,0,1,0,0;1,1,0,0,0 | 1,0,0,0,0 || CORE 1,0,0,0,0 | monomial
REL 16,-1 18,-2 23,1 | 2,0,6,2,4;-1,0,6,6,0;1,1,5,6,0;-1,5,1,0,6;1,6,0,0,6;-2,6,0,4,2 ||  || CORE 2,0,6,2,4;-1,0,6,6,0;1,1,5,6,0;-1,5,1,0,6;1,6,0,0,6;-2,6,0,4,2 | live
REL 15,-1 17,-1 22,2 | -2,0,6,0,6;1,0,6,3,3;1,1,5,0,6;-1,5,1,6,0;-1,6,0,3,3;2,6,0,6,0 ||  || CORE -2,0,6,0,6;1,0,6,3,3;1,1,5,0,6;-1,5,1,6,0;-1,6,0,3,3;2,6,0,6,0 | live
REL 4,-2 17,1 19,1 | -1,0,6,3,3;-1,0,6,4,2;2,2,4,2,4;-2,4,2,4,2;1,6,0,2,4;1,6,0,3,3 ||  || CORE -1,0,6,1,1;-1,0,6,2,0;2,2,4,0,2;-2,4,2,2,0;1,6,0,0,2;1,6,0,1,1 | live
REL 2,-1 19,2 23,-1 | -2,0,6,4,2;1,0,6,6,0;1,3,3,0,6;-1,3,3,6,0;-1,6,0,0,6;2,6,0,2,4 ||  || CORE -2,0,6,4,2;1,0,6,6,0;1,3,3,0,6;-1,3,3,6,0;-1,6,0,0,6;2,6,0,2,4 | live
REL 9,-2 19,-1 23,-1 | 1,0,6,4,2;1,0,6,6,0;2,2,4,6,0;-2,4,2,0,6;-1,6,0,0,6;-1,6,0,2,4 ||  || CORE 1,0,6,4,2;1,0,6,6,0;2,2,4,6,0;-2,4,2,0,6;-1,6,0,0,6;-1,6,0,2,4 | live
REL 5,-2 10,-1 11,1 | -1,1,5,2,4;1,1,5,3,3;2,2,4,4,2;-2,4,2,2,4;-1,5,1,3,3;1,5,1,4,2 ||  || CORE -1,0,4,0,2;1,0,4,1,1;2,1,3,2,0;-2,3,1,0,2;-1,4,0,1,1;1,4,0,2,0 | live
REL 6,-2 18,1 21,1 | -1,0,6,2,4;-1,0,6,5,1;2,2,4,1,5;-2,4,2,5,1;1,6,0,1,5;1,6,0,4,2 ||  || CORE -1,0,6,1,3;-1,0,6,4,0;2,2,4,0,4;-2,4,2,4,0;1,6,0,0,4;1,6,0,3,1 | live
REL 6,-1 10,2 13,-1 | 1,1,5,1,5;-2,1,5,3,3;1,2,4,1,5;-1,4,2,5,1;2,5,1,3,3;-1,5,1,5,1 || F 1,0,1,0,0;1,1,0,0,0 | 1,0,3,0,4;-2,0,3,2,2;2,1,2,2,2;-2,2,1,2,2;2,3,0,2,2;-1,3,0,4,0 || CORE 1,0,3,0,4;-2,0,3,2,2;2,1,2,2,2;-2,2,1,2,2;2,3,0,2,2;-1,3,0,4,0 | unit
REL 16,-1 18,2 22,1 | -1,0,6,0,6;-2,0,6,2,4;1,1,5,6,0;-1,5,1,0,6;2,6,0,4,2;1,6,0,6,0 ||  || CORE -1,0,6,0,6;-2,0,6,2,4;1,1,5,6,0;-1,5,1,0,6;2,6,0,4,2;1,6,0,6,0 | live
REL 8,-1 11,1 15,2 | -2,1,5,0,6;-1,1,5,2,4;1,2,4,0,6;-1,4,2,6,0;1,5,1,4,2;2,5,1,6,0 ||  || CORE -2,0,4,0,6;-1,0,4,2,4;1,1,3,0,6;-1,3,1,6,0;1,4,0,4,2;2,4,0,6,0 | live
REL 7,-1 19,-2 20,-1 | 1,0,6,1,5;2,0,6,4,2;1,2,4,5,1;-1,4,2,1,5;-2,6,0,2,4;-1,6,0,5,1 ||  || CORE 1,0,6,0,4;2,0,6,3,1;1,2,4,4,0;-1,4,2,0,4;-2,6,0,1,3;-1,6,0,4,0 | live
REL 12,-1 13,-2 14,-1 | 2,1,5,1,5;1,1,5,4,2;1,1,5,5,1;-1,5,1,1,5;-1,5,1,2,4;-2,5,1,5,1 ||  || CORE 2,0,4,0,4;1,0,4,3,1;1,0,4,4,0;-1,4,0,0,4;-1,4,0,1,3;-2,4,0,4,0 | live
REL 3,-2 13,-1 14,1 | 1,1,5,1,5;-1,1,5,5,1;2,2,4,3,3;-2,4,2,3,3;1,5,1,1,5;-1,5,1,5,1 ||  || CORE 1,0,4,0,4;-1,0,4,4,0;2,1,3,2,2;-2,3,1,2,2;1,4,0,0,4;-1,4,0,4,0 | live
REL 7,-1 18,2 20,1 | -1,0,6,1,5;-2,0,6,2,4;1,2,4,5,1;-1,4,2,1,5;2,6,0,4,2;1,6,0,5,1 ||  || CORE -1,0,6,0,4;-2,0,6,1,3;1,2,4,4,0;-1,4,2,0,4;2,6,0,3,1;1,6,0,4,0 | live
REL 3,-2 22,-1 23,1 | 1,0,6,0,6;-1,0,6,6,0;2,2,4,3,3;-2,4,2,3,3;1,6,0,0,6;-1,6,0,6,0 ||  || CORE 1,0,6,0,6;-1,0,6,6,0;2,2,4,3,3;-2,4,2,3,3;1,6,0,0,6;-1,6,0,6,0 | live
REL 2,-1 8,-1 9,2 | 1,2,4,0,6;-2,2,4,6,0;1,3,3,0,6;-1,3,3,6,0;2,4,2,0,6;-1,4,2,6,0 ||  || CORE 1,0,2,0,6;-2,0,2,6,0;1,1,1,0,6;-1,1,1,6,0;2,2,0,0,6;-1,2,0,6,0 | live
REL 0,-1 3,-1 4,-2 | 2,2,4,2,4;1,2,4,3,3;1,3,3,2,4;-1,3,3,4,2;-1,4,2,3,3;-2,4,2,4,2 ||  || CORE 2,0,2,0,2;1,0,2,1,1;1,1,1,0,2;-1,1,1,2,0;-1,2,0,1,1;-2,2,0,2,0 | live
REL 1,-2 4,1 7,1 | -1,2,4,2,4;-1,2,4,5,1;2,3,3,1,5;-2,3,3,5,1;1,4,2,1,5;1,4,2,4,2 || F 1,0,0,0,1;1,0,0,1,0 | -1,0,2,1,2;1,0,2,2,1;-1,0,2,3,0;2,1,1,0,3;-2,1,1,1,2;2,1,1,2,1;-2,1,1,3,0;1,2,0,0,3;-1,2,0,1,2;1,2,0,2,1 || CORE -1,0,2,1,2;1,0,2,2,1;-1,0,2,3,0;2,1,1,0,3;-2,1,1,1,2;2,1,1,2,1;-2,1,1,3,0;1,2,0,0,3;-1,2,0,1,2;1,2,0,2,1 | live
REL 17,-1 22,2 23,-1 | -2,0,6,0,6;1,0,6,3,3;1,0,6,6,0;-1,6,0,0,6;-1,6,0,3,3;2,6,0,6,0 || F -1,0,0,0,1;1,0,0,1,0 | 2,0,6,0,5;2,0,6,1,4;2,0,6,2,3;1,0,6,3,2;1,0,6,4,1;1,0,6,5,0;1,6,0,0,5;1,6,0,1,4;1,6,0,2,3;2,6,0,3,2;2,6,0,4,1;2,6,0,5,0 ## F 1,0,0,0,2;1,0,0,1,1;1,0,0,2,0 | 2,0,6,0,3;1,0,6,3,0;1,6,0,0,3;2,6,0,3,0 || CORE 2,0,6,0,3;1,0,6,3,0;1,6,0,0,3;2,6,0,3,0 | live
REL 4,-1 11,-2 12,1 | 2,1,5,2,4;-1,1,5,4,2;1,2,4,2,4;-1,4,2,4,2;1,5,1,2,4;-2,5,1,4,2 ||  || CORE 2,0,4,0,2;-1,0,4,2,0;1,1,3,0,2;-1,3,1,2,0;1,4,0,0,2;-2,4,0,2,0 | live
REL 8,-2 17,-1 23,1 | 1,0,6,3,3;-1,0,6,6,0;2,2,4,0,6;-2,4,2,6,0;1,6,0,0,6;-1,6,0,3,3 ||  || CORE 1,0,6,3,3;-1,0,6,6,0;2,2,4,0,6;-2,4,2,6,0;1,6,0,0,6;-1,6,0,3,3 | live
REL 1,-1 19,-1 20,-2 | 2,0,6,1,5;1,0,6,4,2;1,3,3,1,5;-1,3,3,5,1;-1,6,0,2,4;-2,6,0,5,1 ||  || CORE 2,0,6,0,4;1,0,6,3,1;1,3,3,0,4;-1,3,3,4,0;-1,6,0,1,3;-2,6,0,4,0 | live
REL 8,-2 12,1 16,-1 | -1,1,5,4,2;1,1,5,6,0;2,2,4,0,6;-2,4,2,6,0;-1,5,1,0,6;1,5,1,2,4 ||  || CORE -1,0,4,4,2;1,0,4,6,0;2,1,3,0,6;-2,3,1,6,0;-1,4,0,0,6;1,4,0,2,4 | live
REL 9,-1 12,-1 15,2 | -2,1,5,0,6;1,1,5,4,2;1,2,4,6,0;-1,4,2,0,6;-1,5,1,2,4;2,5,1,6,0 ||  || CORE -2,0,4,0,6;1,0,4,4,2;1,1,3,6,0;-1,3,1,0,6;-1,4,0,2,4;2,4,0,6,0 | live
REL 1,-1 11,2 13,1 | -1,1,5,1,5;-2,1,5,2,4;1,3,3,1,5;-1,3,3,5,1;2,5,1,4,2;1,5,1,5,1 ||  || CORE -1,0,4,0,4;-2,0,4,1,3;1,2,2,0,4;-1,2,2,4,0;2,4,0,3,1;1,4,0,4,0 | live
REL 4,-2 10,-1 11,1 | -1,1,5,2,4;1,1,5,3,3;2,2,4,2,4;-2,4,2,4,2;-1,5,1,3,3;1,5,1,4,2 ||  || CORE -1,0,4,0,2;1,0,4,1,1;2,1,3,0,2;-2,3,1,2,0;-1,4,0,1,1;1,4,0,2,0 | live
REL 14,-1 18,2 20,-1 | 1,0,6,1,5;-2,0,6,2,4;1,1,5,5,1;-1,5,1,1,5;2,6,0,4,2;-1,6,0,5,1 ||  || CORE 1,0,6,0,4;-2,0,6,1,3;1,1,5,4,0;-1,5,1,0,4;2,6,0,3,1;-1,6,0,4,0 | live
REL 6,-1 17,-1 21,-2 | 1,0,6,3,3;2,0,6,5,1;1,2,4,1,5;-1,4,2,5,1;-2,6,0,1,5;-1,6,0,3,3 ||  || CORE 1,0,6,2,2;2,0,6,4,0;1,2,4,0,4;-1,4,2,4,0;-2,6,0,0,4;-1,6,0,2,2 | live
REL 1,-1 5,2 7,-1 | -2,2,4,4,2;1,2,4,5,1;1,3,3,1,5;-1,3,3,5,1;-1,4,2,1,5;2,4,2,2,4 ||  || CORE -2,0,2,3,1;1,0,2,4,0;1,1,1,0,4;-1,1,1,4,0;-1,2,0,0,4;2,2,0,1,3 | live
REL 4,-1 8,2 9,-1 | -2,2,4,0,6;1,2,4,2,4;1,2,4,6,0;-1,4,2,0,6;-1,4,2,4,2;2,4,2,6,0 || F 1,0,0,0,1;1,0,0,1,0 | -2,0,2,0,5;2,0,2,1,4;-1,0,2,2,3;1,0,2,3,2;-1,0,2,4,1;1,0,2,5,0;-1,2,0,0,5;1,2,0,1,4;-1,2,0,2,3;1,2,0,3,2;-2,2,0,4,1;2,2,0,5,0 ## F -1,0,0,0,1;1,0,0,1,0 | 2,0,2,0,4;1,0,2,2,2;1,0,2,4,0;1,2,0,0,4;1,2,0,2,2;2,2,0,4,0 || CORE 2,0,2,0,4;1,0,2,2,2;1,0,2,4,0;1,2,0,0,4;1,2,0,2,2;2,2,0,4,0 | live
REL 5,-1 17,1 18,-2 | 2,0,6,2,4;-1,0,6,3,3;1,2,4,4,2;-1,4,2,2,4;1,6,0,3,3;-2,6,0,4,2 ||  || CORE 2,0,6,0,2;-1,0,6,1,1;1,2,4,2,0;-1,4,2,0,2;1,6,0,1,1;-2,6,0,2,0 | live
REL 9,-1 10,-2 16,1 | 2,1,5,3,3;-1,1,5,6,0;1,2,4,6,0;-1,4,2,0,6;1,5,1,0,6;-2,5,1,3,3 || F -1,0,1,0,0;1,1,0,0,0 | -2,0,3,3,3;1,0,3,6,0;-2,1,2,3,3;-2,2,1,3,3;1,3,0,0,6;-2,3,0,3,3 || CORE -2,0,3,3,3;1,0,3,6,0;-2,1,2,3,3;-2,2,1,3,3;1,3,0,0,6;-2,3,0,3,3 | unit
REL 7,-2 11,-1 13,1 | -1,1,5,1,5;1,1,5,2,4;2,2,4,5,1;-2,4,2,1,5;-1,5,1,4,2;1,5,1,5,1 ||  || CORE -1,0,4,0,4;1,0,4,1,3;2,1,3,4,0;-2,3,1,0,4;-1,4,0,3,1;1,4,0,4,0 | live
REL 13,-1 15,-2 16,1 | 2,1,5,0,6;1,1,5,1,5;-1,1,5,6,0;1,5,1,0,6;-1,5,1,5,1;-2,5,1,6,0 || F 1,0,0,0,1;1,0,0,1,0 | 2,0,4,0,5;-1,0,4,1,4;1,0,4,2,3;-1,0,4,3,2;1,0,4,4,1;-1,0,4,5,0;1,4,0,0,5;-1,4,0,1,4;1,4,0,2,3;-1,4,0,3,2;1,4,0,4,1;-2,4,0,5,0 || CORE 2,0,4,0,5;-1,0,4,1,4;1,0,4,2,3;-1,0,4,3,2;1,0,4,4,1;-1,0,4,5,0;1,4,0,0,5;-1,4,0,1,4;1,4,0,2,3;-1,4,0,3,2;1,4,0,4,1;-2,4,0,5,0 | live
REL 6,-1 13,-1 14,2 | 1,1,5,1,5;-2,1,5,5,1;1,2,4,1,5;-1,4,2,5,1;2,5,1,1,5;-1,5,1,5,1 ||  || CORE 1,0,4,0,4;-2,0,4,4,0;1,1,3,0,4;-1,3,1,4,0;2,4,0,0,4;-1,4,0,4,0 | live
REL 15,-1 19,2 22,-1 | 1,0,6,0,6;-2,0,6,4,2;1,1,5,0,6;-1,5,1,6,0;2,6,0,2,4;-1,6,0,6,0 ||  || CORE 1,0,6,0,6;-2,0,6,4,2;1,1,5,0,6;-1,5,1,6,0;2,6,0,2,4;-1,6,0,6,0 | live
REL 0,-2 3,1 4,1 | -1,2,4,2,4;-1,2,4,3,3;2,3,3,2,4;-2,3,3,4,2;1,4,2,3,3;1,4,2,4,2 || F 1,0,0,0,1;1,0,0,1,0 | -1,0,2,0,1;2,1,1,0,1;-2,1,1,1,0;1,2,0,1,0 || CORE -1,0,2,0,1;2,1,1,0,1;-2,1,1,1,0;1,2,0,1,0 | unit
REL 0,-2 6,-1 7,-1 | 1,2,4,1,5;1,2,4,5,1;2,3,3,2,4;-2,3,3,4,2;-1,4,2,1,5;-1,4,2,5,1 ||  || CORE 1,0,2,0,4;1,0,2,4,0;2,1,1,1,3;-2,1,1,3,1;-1,2,0,0,4;-1,2,0,4,0 | live
REL 19,-2 22,1 23,1 | -1,0,6,0,6;2,0,6,4,2;-1,0,6,6,0;1,6,0,0,6;-2,6,0,2,4;1,6,0,6,0 || F 1,0,0,0,1;1,0,0,1,0 | -1,0,6,0,5;1,0,6,1,4;-1,0,6,2,3;1,0,6,3,2;1,0,6,4,1;-1,0,6,5,0;1,6,0,0,5;-1,6,0,1,4;-1,6,0,2,3;1,6,0,3,2;-1,6,0,4,1;1,6,0,5,0 ## F -1,0,0,0,1;1,0,0,1,0 | 1,0,6,0,4;1,0,6,2,2;-1,0,6,4,0;-1,6,0,0,4;1,6,0,2,2;1,6,0,4,0 || CORE 1,0,6,0,4;1,0,6,2,2;-1,0,6,4,0;-1,6,0,0,4;1,6,0,2,2;1,6,0,4,0 | live
REL 18,-2 22,-1 23,-1 | 1,0,6,0,6;2,0,6,2,4;1,0,6,6,0;-1,6,0,0,6;-2,6,0,4,2;-1,6,0,6,0 ||  || CORE 1,0,6,0,6;2,0,6,2,4;1,0,6,6,0;-1,6,0,0,6;-2,6,0,4,2;-1,6,0,6,0 | live
REL 7,-1 11,2 13,1 | -1,1,5,1,5;-2,1,5,2,4;1,2,4,5,1;-1,4,2,1,5;2,5,1,4,2;1,5,1,5,1 ||  || CORE -1,0,4,0,4;-2,0,4,1,3;1,1,3,4,0;-1,3,1,0,4;2,4,0,3,1;1,4,0,4,0 | live
REL 2,-2 20,1 22,-1 | 1,0,6,0,6;-1,0,6,1,5;2,3,3,0,6;-2,3,3,6,0;1,6,0,5,1;-1,6,0,6,0 || F -1,0,0,0,1;1,0,0,1,0 | -1,0,6,0,5;-2,3,3,0,5;-2,3,3,1,4;-2,3,3,2,3;-2,3,3,3,2;-2,3,3,4,1;-2,3,3,5,0;-1,6,0,5,0 || CORE -1,0,6,0,5;-2,3,3,0,5;-2,3,3,1,4;-2,3,3,2,3;-2,3,3,3,2;-2,3,3,4,1;-2,3,3,5,0;-1,6,0,5,0 | unit
REL 13,-2 22,-1 23,-1 | 1,0,6,0,6;1,0,6,6,0;2,1,5,1,5;-2,5,1,5,1;-1,6,0,0,6;-1,6,0,6,0 ||  || CORE 1,0,6,0,6;1,0,6,6,0;2,1,5,1,5;-2,5,1,5,1;-1,6,0,0,6;-1,6,0,6,0 | live
REL 4,-1 17,2 18,1 | -1,0,6,2,4;-2,0,6,3,3;1,2,4,2,4;-1,4,2,4,2;2,6,0,3,3;1,6,0,4,2 || F 1,0,1,0,0;1,1,0,0,0 | -1,0,5,0,2;-2,0,5,1,1;1,1,4,0,2;2,1,4,1,1;-2,2,3,1,1;2,3,2,1,1;-2,4,1,1,1;-1,4,1,2,0;2,5,0,1,1;1,5,0,2,0 ## F -1,0,1,0,0;1,1,0,0,0 | 1,0,4,0,2;2,0,4,1,1;2,2,2,1,1;2,4,0,1,1;1,4,0,2,0 || CORE 1,0,4,0,2;2,0,4,1,1;2,2,2,1,1;2,4,0,1,1;1,4,0,2,0 | unit
REL 0,-1 11,-2 12,1 | 2,1,5,2,4;-1,1,5,4,2;1,3,3,2,4;-1,3,3,4,2;1,5,1,2,4;-2,5,1,4,2 ||  || CORE 2,0,4,0,2;-1,0,4,2,0;1,2,2,0,2;-1,2,2,2,0;1,4,0,0,2;-2,4,0,2,0 | live
REL 16,-1 20,-2 22,-1 | 1,0,6,0,6;2,0,6,1,5;1,1,5,6,0;-1,5,1,0,6;-2,6,0,5,1;-1,6,0,6,0 ||  || CORE 1,0,6,0,6;2,0,6,1,5;1,1,5,6,0;-1,5,1,0,6;-2,6,0,5,1;-1,6,0,6,0 | live
REL 4,-2 17,-1 19,-1 | 1,0,6,3,3;1,0,6,4,2;2,2,4,2,4;-2,4,2,4,2;-1,6,0,2,4;-1,6,0,3,3 ||  || CORE 1,0,6,1,1;1,0,6,2,0;2,2,4,0,2;-2,4,2,2,0;-1,6,0,0,2;-1,6,0,1,1 | live
REL 1,-2 22,1 23,-1 | -1,0,6,0,6;1,0,6,6,0;2,3,3,1,5;-2,3,3,5,1;-1,6,0,0,6;1,6,0,6,0 || F 1,0,0,0,1;1,0,0,1,0 | -1,0,6,0,5;1,0,6,1,4;-1,0,6,2,3;1,0,6,3,2;-1,0,6,4,1;1,0,6,5,0;2,3,3,1,4;-2,3,3,2,3;2,3,3,3,2;-2,3,3,4,1;-1,6,0,0,5;1,6,0,1,4;-1,6,0,2,3;1,6,0,3,2;-1,6,0,4,1;1,6,0,5,0 ## F -1,0,0,0,1;1,0,0,1,0 | 1,0,6,0,4;1,0,6,2,2;1,0,6,4,0;-2,3,3,1,3;-2,3,3,3,1;1,6,0,0,4;1,6,0,2,2;1,6,0,4,0 || CORE 1,0,6,0,4;1,0,6,2,2;1,0,6,4,0;-2,3,3,1,3;-2,3,3,3,1;1,6,0,0,4;1,6,0,2,2;1,6,0,4,0 | live
REL 6,-1 19,1 21,-2 | -1,0,6,4,2;2,0,6,5,1;1,2,4,1,5;-1,4,2,5,1;-2,6,0,1,5;1,6,0,2,4 ||  || CORE -1,0,6,3,1;2,0,6,4,0;1,2,4,0,4;-1,4,2,4,0;-2,6,0,0,4;1,6,0,1,3 | live
REL 15,-1 22,1 23,-2 | -1,0,6,0,6;2,0,6,6,0;1,1,5,0,6;-1,5,1,6,0;-2,6,0,0,6;1,6,0,6,0 ||  || CORE -1,0,6,0,6;2,0,6,6,0;1,1,5,0,6;-1,5,1,6,0;-2,6,0,0,6;1,6,0,6,0 | live
REL 14,-1 18,1 21,2 | -1,0,6,2,4;-2,0,6,5,1;1,1,5,5,1;-1,5,1,1,5;2,6,0,1,5;1,6,0,4,2 ||  || CORE -1,0,6,1,3;-2,0,6,4,0;1,1,5,4,0;-1,5,1,0,4;2,6,0,0,4;1,6,0,3,1 | live
REL 2,-2 10,-1 15,1 | -1,1,5,0,6;1,1,5,3,3;2,3,3,0,6;-2,3,3,6,0;-1,5,1,3,3;1,5,1,6,0 || F -1,0,0,0,1;1,0,0,1,0 | 1,0,4,0,5;1,0,4,1,4;1,0,4,2,3;-2,2,2,0,5;-2,2,2,1,4;-2,2,2,2,3;-2,2,2,3,2;-2,2,2,4,1;-2,2,2,5,0;1,4,0,3,2;1,4,0,4,1;1,4,0,5,0 ## F 1,0,0,0,2;1,0,0,1,1;1,0,0,2,0 | 1,0,4,0,3;-2,2,2,0,3;-2,2,2,3,0;1,4,0,3,0 || CORE 1,0,4,0,3;-2,2,2,0,3;-2,2,2,3,0;1,4,0,3,0 | unit
REL 4,-2 10,1 12,1 | -1,1,5,3,3;-1,1,5,4,2;2,2,4,2,4;-2,4,2,4,2;1,5,1,2,4;1,5,1,3,3 ||  || CORE -1,0,4,1,1;-1,0,4,2,0;2,1,3,0,2;-2,3,1,2,0;1,4,0,0,2;1,4,0,1,1 | live
REL 2,-2 7,-1 9,1 | 1,2,4,5,1;-1,2,4,6,0;2,3,3,0,6;-2,3,3,6,0;1,4,2,0,6;-1,4,2,1,5 || F -1,0,0,0,1;1,0,0,1,0 | -1,0,2,5,0;-2,1,1,0,5;-2,1,1,1,4;-2,1,1,2,3;-2,1,1,3,2;-2,1,1,4,1;-2,1,1,5,0;-1,2,0,0,5 || CORE -1,0,2,5,0;-2,1,1,0,5;-2,1,1,1,4;-2,1,1,2,3;-2,1,1,3,2;-2,1,1,4,1;-2,1,1,5,0;-1,2,0,0,5 | unit
REL 15,-1 17,-1 22,-2 | 2,0,6,0,6;1,0,6,3,3;1,1,5,0,6;-1,5,1,6,0;-1,6,0,3,3;-2,6,0,6,0 ||  || CORE 2,0,6,0,6;1,0,6,3,3;1,1,5,0,6;-1,5,1,6,0;-1,6,0,3,3;-2,6,0,6,0 | live
REL 6,-1 10,1 13,2 | -2,1,5,1,5;-1,1,5,3,3;1,2,4,1,5;-1,4,2,5,1;1,5,1,3,3;2,5,1,5,1 ||  || CORE -2,0,4,0,4;-1,0,4,2,2;1,1,3,0,4;-1,3,1,4,0;1,4,0,2,2;2,4,0,4,0 | live
REL 5,-1 8,-2 9,-1 | 2,2,4,0,6;1,2,4,4,2;1,2,4,6,0;-1,4,2,0,6;-1,4,2,2,4;-2,4,2,6,0 ||  || CORE 2,0,2,0,6;1,0,2,4,2;1,0,2,6,0;-1,2,0,0,6;-1,2,0,2,4;-2,2,0,6,0 | live
REL 9,-2 14,-1 16,1 | 1,1,5,5,1;-1,1,5,6,0;2,2,4,6,0;-2,4,2,0,6;1,5,1,0,6;-1,5,1,1,5 ||  || CORE 1,0,4,5,1;-1,0,4,6,0;2,1,3,6,0;-2,3,1,0,6;1,4,0,0,6;-1,4,0,1,5 | live
REL 8,-1 20,-2 22,-1 | 1,0,6,0,6;2,0,6,1,5;1,2,4,0,6;-1,4,2,6,0;-2,6,0,5,1;-1,6,0,6,0 ||  || CORE 1,0,6,0,6;2,0,6,1,5;1,2,4,0,6;-1,4,2,6,0;-2,6,0,5,1;-1,6,0,6,0 | live
REL 2,-2 14,-1 15,-1 | 1,1,5,0,6;1,1,5,5,1;2,3,3,0,6;-2,3,3,6,0;-1,5,1,1,5;-1,5,1,6,0 || F 1,0,0,0,1;1,0,0,1,0 | 1,0,4,0,5;-1,0,4,1,4;1,0,4,2,3;-1,0,4,3,2;1,0,4,4,1;2,2,2,0,5;-2,2,2,1,4;2,2,2,2,3;-2,2,2,3,2;2,2,2,4,1;-2,2,2,5,0;-1,4,0,1,4;1,4,0,2,3;-1,4,0,3,2;1,4,0,4,1;-1,4,0,5,0 || CORE 1,0,4,0,5;-1,0,4,1,4;1,0,4,2,3;-1,0,4,3,2;1,0,4,4,1;2,2,2,0,5;-2,2,2,1,4;2,2,2,2,3;-2,2,2,3,2;2,2,2,4,1;-2,2,2,5,0;-1,4,0,1,4;1,4,0,2,3;-1,4,0,3,2;1,4,0,4,1;-1,4,0,5,0 | live
REL 1,-1 11,1 14,2 | -1,1,5,2,4;-2,1,5,5,1;1,3,3,1,5;-1,3,3,5,1;2,5,1,1,5;1,5,1,4,2 ||  || CORE -1,0,4,1,3;-2,0,4,4,0;1,2,2,0,4;-1,2,2,4,0;2,4,0,0,4;1,4,0,3,1 | live
REL 2,-1 7,2 8,1 | -1,2,4,0,6;-2,2,4,5,1;1,3,3,0,6;-1,3,3,6,0;2,4,2,1,5;1,4,2,6,0 ||  || CORE -1,0,2,0,6;-2,0,2,5,1;1,1,1,0,6;-1,1,1,6,0;2,2,0,1,5;1,2,0,6,0 | live
REL 9,-1 15,1 16,-2 | -1,1,5,0,6;2,1,5,6,0;1,2,4,6,0;-1,4,2,0,6;-2,5,1,0,6;1,5,1,6,0 ||  || CORE -1,0,4,0,6;2,0,4,6,0;1,1,3,6,0;-1,3,1,0,6;-2,4,0,0,6;1,4,0,6,0 | live
REL 8,-1 20,-1 22,2 | -2,0,6,0,6;1,0,6,1,5;1,2,4,0,6;-1,4,2,6,0;-1,6,0,5,1;2,6,0,6,0 ||  || CORE -2,0,6,0,6;1,0,6,1,5;1,2,4,0,6;-1,4,2,6,0;-1,6,0,5,1;2,6,0,6,0 | live
REL 7,-1 11,2 14,-1 | -2,1,5,2,4;1,1,5,5,1;1,2,4,5,1;-1,4,2,1,5;-1,5,1,1,5;2,5,1,4,2 ||  || CORE -2,0,4,1,3;1,0,4,4,0;1,1,3,4,0;-1,3,1,0,4;-1,4,0,0,4;2,4,0,3,1 | live
REL 9,-2 10,1 15,1 | -1,1,5,0,6;-1,1,5,3,3;2,2,4,6,0;-2,4,2,0,6;1,5,1,3,3;1,5,1,6,0 ||  || CORE -1,0,4,0,6;-1,0,4,3,3;2,1,3,6,0;-2,3,1,0,6;1,4,0,3,3;1,4,0,6,0 | live
REL 2,-1 12,1 15,-2 | 2,1,5,0,6;-1,1,5,4,2;1,3,3,0,6;-1,3,3,6,0;1,5,1,2,4;-2,5,1,6,0 ||  || CORE 2,0,4,0,6;-1,0,4,4,2;1,2,2,0,6;-1,2,2,6,0;1,4,0,2,4;-2,4,0,6,0 | live
REL 1,-1 4,2 7,1 | -2,2,4,2,4;-1,2,4,5,1;1,3,3,1,5;-1,3,3,5,1;1,4,2,1,5;2,4,2,4,2 ||  || CORE -2,0,2,1,3;-1,0,2,4,0;1,1,1,0,4;-1,1,1,4,0;1,2,0,0,4;2,2,0,3,1 | live
REL 0,-1 3,-1 5,-2 | 1,2,4,3,3;2,2,4,4,2;1,3,3,2,4;-1,3,3,4,2;-2,4,2,2,4;-1,4,2,3,3 ||  || CORE 1,0,2,1,1;2,0,2,2,0;1,1,1,0,2;-1,1,1,2,0;-2,2,0,0,2;-1,2,0,1,1 | live
REL 11,-1 17,-2 18,1 | -1,0,6,2,4;2,0,6,3,3;1,1,5,2,4;-1,5,1,4,2;-2,6,0,3,3;1,6,0,4,2 || F -1,0,1,0,0;1,1,0,0,0 | 1,0,5,0,2;-2,0,5,1,1;-2,1,4,1,1;-2,2,3,1,1;-2,3,2,1,1;-2,4,1,1,1;-2,5,0,1,1;1,5,0,2,0 || CORE 1,0,5,0,2;-2,0,5,1,1;-2,1,4,1,1;-2,2,3,1,1;-2,3,2,1,1;-2,4,1,1,1;-2,5,0,1,1;1,5,0,2,0 | unit
REL 1,-1 20,-2 21,-1 | 2,0,6,1,5;1,0,6,5,1;1,3,3,1,5;-1,3,3,5,1;-1,6,0,1,5;-2,6,0,5,1 || F 1,0,1,0,0;1,1,0,0,0 | 2,0,5,0,4;1,0,5,4,0;-2,1,4,0,4;-1,1,4,4,0;2,2,3,0,4;1,2,3,4,0;-1,3,2,0,4;-2,3,2,4,0;1,4,1,0,4;2,4,1,4,0;-1,5,0,0,4;-2,5,0,4,0 ## F 1,0,2,0,0;-1,1,1,0,0;1,2,0,0,0 | 2,0,3,0,4;1,0,3,4,0;-1,3,0,0,4;-2,3,0,4,0 || CORE 2,0,3,0,4;1,0,3,4,0;-1,3,0,0,4;-2,3,0,4,0 | live
REL 1,-2 20,1 21,1 | -1,0,6,1,5;-1,0,6,5,1;2,3,3,1,5;-2,3,3,5,1;1,6,0,1,5;1,6,0,5,1 ||  || CORE -1,0,6,0,4;-1,0,6,4,0;2,3,3,0,4;-2,3,3,4,0;1,6,0,0,4;1,6,0,4,0 | live
REL 6,-1 12,1 14,2 | -1,1,5,4,2;-2,1,5,5,1;1,2,4,1,5;-1,4,2,5,1;2,5,1,1,5;1,5,1,2,4 ||  || CORE -1,0,4,3,1;-2,0,4,4,0;1,1,3,0,4;-1,3,1,4,0;2,4,0,0,4;1,4,0,1,3 | live
REL 8,-2 10,1 15,1 | -1,1,5,0,6;-1,1,5,3,3;2,2,4,0,6;-2,4,2,6,0;1,5,1,3,3;1,5,1,6,0 ||  || CORE -1,0,4,0,6;-1,0,4,3,3;2,1,3,0,6;-2,3,1,6,0;1,4,0,3,3;1,4,0,6,0 | live
REL 4,-2 17,-1 18,-1 | 1,0,6,2,4;1,0,6,3,3;2,2,4,2,4;-2,4,2,4,2;-1,6,0,3,3;-1,6,0,4,2 ||  || CORE 1,0,6,0,2;1,0,6,1,1;2,2,4,0,2;-2,4,2,2,0;-1,6,0,1,1;-1,6,0,2,0 | live
REL 8,-1 17,1 23,2 | -1,0,6,3,3;-2,0,6,6,0;1,2,4,0,6;-1,4,2,6,0;2,6,0,0,6;1,6,0,3,3 ||  || CORE -1,0,6,3,3;-2,0,6,6,0;1,2,4,0,6;-1,4,2,6,0;2,6,0,0,6;1,6,0,3,3 | live
REL 2,-1 19,-2 23,-1 | 2,0,6,4,2;1,0,6,6,0;1,3,3,0,6;-1,3,3,6,0;-1,6,0,0,6;-2,6,0,2,4 ||  || CORE 2,0,6,4,2;1,0,6,6,0;1,3,3,0,6;-1,3,3,6,0;-1,6,0,0,6;-2,6,0,2,4 | live
REL 8,-1 10,-2 16,-1 | 2,1,5,3,3;1,1,5,6,0;1,2,4,0,6;-1,4,2,6,0;-1,5,1,0,6;-2,5,1,3,3 || F -1,0,1,0,0;1,1,0,0,0 | -2,0,3,3,3;-1,0,3,6,0;-1,1,2,0,6;-2,1,2,3,3;-1,1,2,6,0;-1,2,1,0,6;-2,2,1,3,3;-1,2,1,6,0;-1,3,0,0,6;-2,3,0,3,3 || CORE -2,0,3,3,3;-1,0,3,6,0;-1,1,2,0,6;-2,1,2,3,3;-1,1,2,6,0;-1,2,1,0,6;-2,2,1,3,3;-1,2,1,6,0;-1,3,0,0,6;-2,3,0,3,3 | live
REL 12,-1 17,2 19,-1 | -2,0,6,3,3;1,0,6,4,2;1,1,5,4,2;-1,5,1,2,4;-1,6,0,2,4;2,6,0,3,3 || F 1,0,1,0,0;1,1,0,0,0 | -2,0,5,1,1;1,0,5,2,0;2,1,4,1,1;-2,2,3,1,1;2,3,2,1,1;-2,4,1,1,1;-1,5,0,0,2;2,5,0,1,1 || CORE -2,0,5,1,1;1,0,5,2,0;2,1,4,1,1;-2,2,3,1,1;2,3,2,1,1;-2,4,1,1,1;-1,5,0,0,2;2,5,0,1,1 | unit
REL 9,-1 20,-1 23,-2 | 1,0,6,1,5;2,0,6,6,0;1,2,4,6,0;-1,4,2,0,6;-2,6,0,0,6;-1,6,0,5,1 ||  || CORE 1,0,6,1,5;2,0,6,6,0;1,2,4,6,0;-1,4,2,0,6;-2,6,0,0,6;-1,6,0,5,1 | live
REL 4,-1 11,2 12,1 | -2,1,5,2,4;-1,1,5,4,2;1,2,4,2,4;-1,4,2,4,2;1,5,1,2,4;2,5,1,4,2 || F -1,0,1,0,0;1,1,0,0,0 | 2,0,3,0,2;1,0,3,2,0;1,1,2,0,2;1,1,2,2,0;1,2,1,0,2;1,2,1,2,0;1,3,0,0,2;2,3,0,2,0 || CORE 2,0,3,0,2;1,0,3,2,0;1,1,2,0,2;1,1,2,2,0;1,2,1,0,2;1,2,1,2,0;1,3,0,0,2;2,3,0,2,0 | live
REL 9,-1 10,2 15,-1 | 1,1,5,0,6;-2,1,5,3,3;1,2,4,6,0;-1,4,2,0,6;2,5,1,3,3;-1,5,1,6,0 || F -1,0,1,0,0;1,1,0,0,0 | -1,0,3,0,6;2,0,3,3,3;-1,1,2,0,6;2,1,2,3,3;-1,1,2,6,0;-1,2,1,0,6;2,2,1,3,3;-1,2,1,6,0;2,3,0,3,3;-1,3,0,6,0 || CORE -1,0,3,0,6;2,0,3,3,3;-1,1,2,0,6;2,1,2,3,3;-1,1,2,6,0;-1,2,1,0,6;2,2,1,3,3;-1,2,1,6,0;2,3,0,3,3;-1,3,0,6,0 | live
REL 2,-2 8,1 9,1 | -1,2,4,0,6;-1,2,4,6,0;2,3,3,0,6;-2,3,3,6,0;1,4,2,0,6;1,4,2,6,0 ||  || CORE -1,0,2,0,6;-1,0,2,6,0;2,1,1,0,6;-2,1,1,6,0;1,2,0,0,6;1,2,0,6,0 | live
REL 15,-2 17,-1 22,-1 | 1,0,6,0,6;1,0,6,3,3;2,1,5,0,6;-2,5,1,6,0;-1,6,0,3,3;-1,6,0,6,0 ||  || CORE 1,0,6,0,6;1,0,6,3,3;2,1,5,0,6;-2,5,1,6,0;-1,6,0,3,3;-1,6,0,6,0 | live
REL 12,-2 17,1 18,-1 | 1,0,6,2,4;-1,0,6,3,3;2,1,5,4,2;-2,5,1,2,4;1,6,0,3,3;-1,6,0,4,2 ||  || CORE 1,0,6,0,2;-1,0,6,1,1;2,1,5,2,0;-2,5,1,0,2;1,6,0,1,1;-1,6,0,2,0 | live
REL 13,-2 19,1 20,1 | -1,0,6,1,5;-1,0,6,4,2;2,1,5,1,5;-2,5,1,5,1;1,6,0,2,4;1,6,0,5,1 ||  || CORE -1,0,6,0,4;-1,0,6,3,1;2,1,5,0,4;-2,5,1,4,0;1,6,0,1,3;1,6,0,4,0 | live
REL 8,-2 21,-1 22,1 | -1,0,6,0,6;1,0,6,5,1;2,2,4,0,6;-2,4,2,6,0;-1,6,0,1,5;1,6,0,6,0 ||  || CORE -1,0,6,0,6;1,0,6,5,1;2,2,4,0,6;-2,4,2,6,0;-1,6,0,1,5;1,6,0,6,0 | live
REL 12,-2 17,-1 19,-1 | 1,0,6,3,3;1,0,6,4,2;2,1,5,4,2;-2,5,1,2,4;-1,6,0,2,4;-1,6,0,3,3 ||  || CORE 1,0,6,1,1;1,0,6,2,0;2,1,5,2,0;-2,5,1,0,2;-1,6,0,0,2;-1,6,0,1,1 | live
REL 0,-2 22,1 23,1 | -1,0,6,0,6;-1,0,6,6,0;2,3,3,2,4;-2,3,3,4,2;1,6,0,0,6;1,6,0,6,0 ||  || CORE -1,0,6,0,6;-1,0,6,6,0;2,3,3,2,4;-2,3,3,4,2;1,6,0,0,6;1,6,0,6,0 | live
REL 9,-1 11,-1 16,-2 | 1,1,5,2,4;2,1,5,6,0;1,2,4,6,0;-1,4,2,0,6;-2,5,1,0,6;-1,5,1,4,2 ||  || CORE 1,0,4,2,4;2,0,4,6,0;1,1,3,6,0;-1,3,1,0,6;-2,4,0,0,6;-1,4,0,4,2 | live
REL 6,-1 13,-1 14,-2 | 1,1,5,1,5;2,1,5,5,1;1,2,4,1,5;-1,4,2,5,1;-2,5,1,1,5;-1,5,1,5,1 || F -1,0,1,0,0;1,1,0,0,0 | -1,0,3,0,4;-2,0,3,4,0;-2,1,2,0,4;-2,1,2,4,0;-2,2,1,0,4;-2,2,1,4,0;-2,3,0,0,4;-1,3,0,4,0 || CORE -1,0,3,0,4;-2,0,3,4,0;-2,1,2,0,4;-2,1,2,4,0;-2,2,1,0,4;-2,2,1,4,0;-2,3,0,0,4;-1,3,0,4,0 | live
REL 9,-1 21,-2 23,-1 | 2,0,6,5,1;1,0,6,6,0;1,2,4,6,0;-1,4,2,0,6;-1,6,0,0,6;-2,6,0,1,5 ||  || CORE 2,0,6,5,1;1,0,6,6,0;1,2,4,6,0;-1,4,2,0,6;-1,6,0,0,6;-2,6,0,1,5 | live
REL 8,-1 17,-2 22,1 | -1,0,6,0,6;2,0,6,3,3;1,2,4,0,6;-1,4,2,6,0;-2,6,0,3,3;1,6,0,6,0 || F 1,0,1,0,0;1,1,0,0,0 | -1,0,5,0,6;2,0,5,3,3;1,1,4,0,6;-2,1,4,3,3;2,2,3,3,3;-2,3,2,3,3;2,4,1,3,3;-1,4,1,6,0;-2,5,0,3,3;1,5,0,6,0 ## F -1,0,1,0,0;1,1,0,0,0 | 1,0,4,0,6;-2,0,4,3,3;-2,2,2,3,3;-2,4,0,3,3;1,4,0,6,0 || CORE 1,0,4,0,6;-2,0,4,3,3;-2,2,2,3,3;-2,4,0,3,3;1,4,0,6,0 | unit
REL 8,-1 21,1 22,-2 | 2,0,6,0,6;-1,0,6,5,1;1,2,4,0,6;-1,4,2,6,0;1,6,0,1,5;-2,6,0,6,0 ||  || CORE 2,0,6,0,6;-1,0,6,5,1;1,2,4,0,6;-1,4,2,6,0;1,6,0,1,5;-2,6,0,6,0 | live
REL 2,-1 7,-1 8,-2 | 2,2,4,0,6;1,2,4,5,1;1,3,3,0,6;-1,3,3,6,0;-1,4,2,1,5;-2,4,2,6,0 ||  || CORE 2,0,2,0,6;1,0,2,5,1;1,1,1,0,6;-1,1,1,6,0;-1,2,0,1,5;-2,2,0,6,0 | live
REL 2,-2 21,1 22,1 | -1,0,6,0,6;-1,0,6,5,1;2,3,3,0,6;-2,3,3,6,0;1,6,0,1,5;1,6,0,6,0 || F 1,0,0,0,1;1,0,0,1,0 | -1,0,6,0,5;1,0,6,1,4;-1,0,6,2,3;1,0,6,3,2;-1,0,6,4,1;2,3,3,0,5;-2,3,3,1,4;2,3,3,2,3;-2,3,3,3,2;2,3,3,4,1;-2,3,3,5,0;1,6,0,1,4;-1,6,0,2,3;1,6,0,3,2;-1,6,0,4,1;1,6,0,5,0 || CORE -1,0,6,0,5;1,0,6,1,4;-1,0,6,2,3;1,0,6,3,2;-1,0,6,4,1;2,3,3,0,5;-2,3,3,1,4;2,3,3,2,3;-2,3,3,3,2;2,3,3,4,1;-2,3,3,5,0;1,6,0,1,4;-1,6,0,2,3;1,6,0,3,2;-1,6,0,4,1;1,6,0,5,0 | live
REL 2,-1 18,-1 22,-2 | 2,0,6,0,6;1,0,6,2,4;1,3,3,0,6;-1,3,3,6,0;-1,6,0,4,2;-2,6,0,6,0 ||  || CORE 2,0,6,0,6;1,0,6,2,4;1,3,3,0,6;-1,3,3,6,0;-1,6,0,4,2;-2,6,0,6,0 | live
REL 15,-1 18,2 22,-1 | 1,0,6,0,6;-2,0,6,2,4;1,1,5,0,6;-1,5,1,6,0;2,6,0,4,2;-1,6,0,6,0 ||  || CORE 1,0,6,0,6;-2,0,6,2,4;1,1,5,0,6;-1,5,1,6,0;2,6,0,4,2;-1,6,0,6,0 | live
REL 3,-1 8,2 9,1 | -2,2,4,0,6;1,2,4,3,3;-1,2,4,6,0;1,4,2,0,6;-1,4,2,3,3;2,4,2,6,0 ||  || CORE -2,0,2,0,6;1,0,2,3,3;-1,0,2,6,0;1,2,0,0,6;-1,2,0,3,3;2,2,0,6,0 | live
REL 8,-1 21,2 22,-1 | 1,0,6,0,6;-2,0,6,5,1;1,2,4,0,6;-1,4,2,6,0;2,6,0,1,5;-1,6,0,6,0 ||  || CORE 1,0,6,0,6;-2,0,6,5,1;1,2,4,0,6;-1,4,2,6,0;2,6,0,1,5;-1,6,0,6,0 | live
REL 2,-1 7,-1 8,2 | -2,2,4,0,6;1,2,4,5,1;1,3,3,0,6;-1,3,3,6,0;-1,4,2,1,5;2,4,2,6,0 ||  || CORE -2,0,2,0,6;1,0,2,5,1;1,1,1,0,6;-1,1,1,6,0;-1,2,0,1,5;2,2,0,6,0 | live
REL 7,-1 12,-2 13,1 | -1,1,5,1,5;2,1,5,4,2;1,2,4,5,1;-1,4,2,1,5;-2,5,1,2,4;1,5,1,5,1 ||  || CORE -1,0,4,0,4;2,0,4,3,1;1,1,3,4,0;-1,3,1,0,4;-2,4,0,1,3;1,4,0,4,0 | live
REL 11,-1 15,-2 16,1 | 2,1,5,0,6;1,1,5,2,4;-1,1,5,6,0;1,5,1,0,6;-1,5,1,4,2;-2,5,1,6,0 ||  || CORE 2,0,4,0,6;1,0,4,2,4;-1,0,4,6,0;1,4,0,0,6;-1,4,0,4,2;-2,4,0,6,0 | live
REL 15,-1 21,2 23,1 | -2,0,6,5,1;-1,0,6,6,0;1,1,5,0,6;-1,5,1,6,0;1,6,0,0,6;2,6,0,1,5 ||  || CORE -2,0,6,5,1;-1,0,6,6,0;1,1,5,0,6;-1,5,1,6,0;1,6,0,0,6;2,6,0,1,5 | live
REL 6,-2 19,-1 20,1 | -1,0,6,1,5;1,0,6,4,2;2,2,4,1,5;-2,4,2,5,1;-1,6,0,2,4;1,6,0,5,1 ||  || CORE -1,0,6,0,4;1,0,6,3,1;2,2,4,0,4;-2,4,2,4,0;-1,6,0,1,3;1,6,0,4,0 | live
REL 1,-2 3,-1 7,-1 | 1,2,4,3,3;1,2,4,5,1;2,3,3,1,5;-2,3,3,5,1;-1,4,2,1,5;-1,4,2,3,3 || F 1,0,0,0,2;1,0,0,2,0 | 1,0,2,2,0;2,1,1,0,2;-2,1,1,2,0;-1,2,0,0,2 || CORE 1,0,2,2,0;2,1,1,0,2;-2,1,1,2,0;-1,2,0,0,2 | unit
REL 11,-2 13,-1 14,1 | 1,1,5,1,5;2,1,5,2,4;-1,1,5,5,1;1,5,1,1,5;-2,5,1,4,2;-1,5,1,5,1 ||  || CORE 1,0,4,0,4;2,0,4,1,3;-1,0,4,4,0;1,4,0,0,4;-2,4,0,3,1;-1,4,0,4,0 | live
REL 8,-1 20,-1 23,2 | 1,0,6,1,5;-2,0,6,6,0;1,2,4,0,6;-1,4,2,6,0;2,6,0,0,6;-1,6,0,5,1 ||  || CORE 1,0,6,1,5;-2,0,6,6,0;1,2,4,0,6;-1,4,2,6,0;2,6,0,0,6;-1,6,0,5,1 | live
REL 8,-1 13,-1 15,2 | -2,1,5,0,6;1,1,5,1,5;1,2,4,0,6;-1,4,2,6,0;-1,5,1,5,1;2,5,1,6,0 ||  || CORE -2,0,4,0,6;1,0,4,1,5;1,1,3,0,6;-1,3,1,6,0;-1,4,0,5,1;2,4,0,6,0 | live
REL 7,-2 15,1 16,1 | -1,1,5,0,6;-1,1,5,6,0;2,2,4,5,1;-2,4,2,1,5;1,5,1,0,6;1,5,1,6,0 ||  || CORE -1,0,4,0,6;-1,0,4,6,0;2,1,3,5,1;-2,3,1,1,5;1,4,0,0,6;1,4,0,6,0 | live
REL 6,-1 18,1 20,2 | -2,0,6,1,5;-1,0,6,2,4;1,2,4,1,5;-1,4,2,5,1;1,6,0,4,2;2,6,0,5,1 ||  || CORE -2,0,6,0,4;-1,0,6,1,3;1,2,4,0,4;-1,4,2,4,0;1,6,0,3,1;2,6,0,4,0 | live
REL 16,-1 18,1 22,2 | -2,0,6,0,6;-1,0,6,2,4;1,1,5,6,0;-1,5,1,0,6;1,6,0,4,2;2,6,0,6,0 ||  || CORE -2,0,6,0,6;-1,0,6,2,4;1,1,5,6,0;-1,5,1,0,6;1,6,0,4,2;2,6,0,6,0 | live
REL 5,-1 10,-1 11,-2 | 2,1,5,2,4;1,1,5,3,3;1,2,4,4,2;-1,4,2,2,4;-1,5,1,3,3;-2,5,1,4,2 ||  || CORE 2,0,4,0,2;1,0,4,1,1;1,1,3,2,0;-1,3,1,0,2;-1,4,0,1,1;-2,4,0,2,0 | live
REL 4,-2 10,1 11,1 | -1,1,5,2,4;-1,1,5,3,3;2,2,4,2,4;-2,4,2,4,2;1,5,1,3,3;1,5,1,4,2 ||  || CORE -1,0,4,0,2;-1,0,4,1,1;2,1,3,0,2;-2,3,1,2,0;1,4,0,1,1;1,4,0,2,0 | live
REL 2,-1 22,2 23,1 | -2,0,6,0,6;-1,0,6,6,0;1,3,3,0,6;-1,3,3,6,0;1,6,0,0,6;2,6,0,6,0 || F -1,0,1,0,0;1,1,0,0,0 | 2,0,5,0,6;1,0,5,6,0;2,1,4,0,6;1,1,4,6,0;2,2,3,0,6;1,2,3,6,0;1,3,2,0,6;2,3,2,6,0;1,4,1,0,6;2,4,1,6,0;1,5,0,0,6;2,5,0,6,0 ## F 1,0,2,0,0;1,1,1,0,0;1,2,0,0,0 | 2,0,3,0,6;1,0,3,6,0;1,3,0,0,6;2,3,0,6,0 || CORE 2,0,3,0,6;1,0,3,6,0;1,3,0,0,6;2,3,0,6,0 | live
REL 8,-1 21,2 23,1 | -2,0,6,5,1;-1,0,6,6,0;1,2,4,0,6;-1,4,2,6,0;1,6,0,0,6;2,6,0,1,5 ||  || CORE -2,0,6,5,1;-1,0,6,6,0;1,2,4,0,6;-1,4,2,6,0;1,6,0,0,6;2,6,0,1,5 | live
REL 7,-2 17,-1 20,1 | -1,0,6,1,5;1,0,6,3,3;2,2,4,5,1;-2,4,2,1,5;-1,6,0,3,3;1,6,0,5,1 ||  || CORE -1,0,6,0,4;1,0,6,2,2;2,2,4,4,0;-2,4,2,0,4;-1,6,0,2,2;1,6,0,4,0 | live
REL 0,-2 11,1 12,1 | -1,1,5,2,4;-1,1,5,4,2;2,3,3,2,4;-2,3,3,4,2;1,5,1,2,4;1,5,1,4,2 ||  || CORE -1,0,4,0,2;-1,0,4,2,0;2,2,2,0,2;-2,2,2,2,0;1,4,0,0,2;1,4,0,2,0 | live
REL 9,-1 14,1 15,-2 | 2,1,5,0,6;-1,1,5,5,1;1,2,4,6,0;-1,4,2,0,6;1,5,1,1,5;-2,5,1,6,0 ||  || CORE 2,0,4,0,6;-1,0,4,5,1;1,1,3,6,0;-1,3,1,0,6;1,4,0,1,5;-2,4,0,6,0 | live
REL 11,-1 18,2 19,-1 | -2,0,6,2,4;1,0,6,4,2;1,1,5,2,4;-1,5,1,4,2;-1,6,0,2,4;2,6,0,4,2 ||  || CORE -2,0,6,0,2;1,0,6,2,0;1,1,5,0,2;-1,5,1,2,0;-1,6,0,0,2;2,6,0,2,0 | live
REL 1,-1 18,-1 20,-2 | 2,0,6,1,5;1,0,6,2,4;1,3,3,1,5;-1,3,3,5,1;-1,6,0,4,2;-2,6,0,5,1 ||  || CORE 2,0,6,0,4;1,0,6,1,3;1,3,3,0,4;-1,3,3,4,0;-1,6,0,3,1;-2,6,0,4,0 | live
REL 16,-1 21,-1 22,2 | -2,0,6,0,6;1,0,6,5,1;1,1,5,6,0;-1,5,1,0,6;-1,6,0,1,5;2,6,0,6,0 ||  || CORE -2,0,6,0,6;1,0,6,5,1;1,1,5,6,0;-1,5,1,0,6;-1,6,0,1,5;2,6,0,6,0 | live
REL 3,-1 8,1 9,-2 | -1,2,4,0,6;1,2,4,3,3;2,2,4,6,0;-2,4,2,0,6;-1,4,2,3,3;1,4,2,6,0 || F 1,0,0,0,1;1,0,0,1,0 | -1,0,2,0,5;1,0,2,1,4;-1,0,2,2,3;2,0,2,3,2;-2,0,2,4,1;2,0,2,5,0;-2,2,0,0,5;2,2,0,1,4;-2,2,0,2,3;1,2,0,3,2;-1,2,0,4,1;1,2,0,5,0 ## F 1,0,0,0,2;-1,0,0,1,1;1,0,0,2,0 | -1,0,2,0,3;2,0,2,3,0;-2,2,0,0,3;1,2,0,3,0 || CORE -1,0,2,0,3;2,0,2,3,0;-2,2,0,0,3;1,2,0,3,0 | live
REL 13,-1 19,1 20,2 | -2,0,6,1,5;-1,0,6,4,2;1,1,5,1,5;-1,5,1,5,1;1,6,0,2,4;2,6,0,5,1 ||  || CORE -2,0,6,0,4;-1,0,6,3,1;1,1,5,0,4;-1,5,1,4,0;1,6,0,1,3;2,6,0,4,0 | live
REL 1,-2 4,-1 6,1 | -1,2,4,1,5;1,2,4,2,4;2,3,3,1,5;-2,3,3,5,1;-1,4,2,4,2;1,4,2,5,1 || F -1,0,0,0,1;1,0,0,1,0 | 1,0,2,0,3;-2,1,1,0,3;-2,1,1,1,2;-2,1,1,2,1;-2,1,1,3,0;1,2,0,3,0 || CORE 1,0,2,0,3;-2,1,1,0,3;-2,1,1,1,2;-2,1,1,2,1;-2,1,1,3,0;1,2,0,3,0 | unit
REL 0,-1 11,1 12,2 | -1,1,5,2,4;-2,1,5,4,2;1,3,3,2,4;-1,3,3,4,2;2,5,1,2,4;1,5,1,4,2 || F 1,0,2,0,0;1,2,0,0,0 | -1,0,2,0,2;-2,0,2,2,0;2,2,0,0,2;1,2,0,2,0 || CORE -1,0,2,0,2;-2,0,2,2,0;2,2,0,0,2;1,2,0,2,0 | live
REL 2,-2 10,-1 16,-1 | 1,1,5,3,3;1,1,5,6,0;2,3,3,0,6;-2,3,3,6,0;-1,5,1,0,6;-1,5,1,3,3 || F 1,0,0,0,1;1,0,0,1,0 | 1,0,4,3,2;-1,0,4,4,1;1,0,4,5,0;2,2,2,0,5;-2,2,2,1,4;2,2,2,2,3;-2,2,2,3,2;2,2,2,4,1;-2,2,2,5,0;-1,4,0,0,5;1,4,0,1,4;-1,4,0,2,3 ## F 1,0,0,0,2;-1,0,0,1,1;1,0,0,2,0 | 1,0,4,3,0;2,2,2,0,3;-2,2,2,3,0;-1,4,0,0,3 || CORE 1,0,4,3,0;2,2,2,0,3;-2,2,2,3,0;-1,4,0,0,3 | unit
REL 0,-1 18,2 19,-1 | -2,0,6,2,4;1,0,6,4,2;1,3,3,2,4;-1,3,3,4,2;-1,6,0,2,4;2,6,0,4,2 ||  || CORE -2,0,6,0,2;1,0,6,2,0;1,3,3,0,2;-1,3,3,2,0;-1,6,0,0,2;2,6,0,2,0 | live
REL 9,-2 21,1 23,1 | -1,0,6,5,1;-1,0,6,6,0;2,2,4,6,0;-2,4,2,0,6;1,6,0,0,6;1,6,0,1,5 ||  || CORE -1,0,6,5,1;-1,0,6,6,0;2,2,4,6,0;-2,4,2,0,6;1,6,0,0,6;1,6,0,1,5 | live
REL 2,-2 17,1 23,1 | -1,0,6,3,3;-1,0,6,6,0;2,3,3,0,6;-2,3,3,6,0;1,6,0,0,6;1,6,0,3,3 || F 1,0,0,0,1;1,0,0,1,0 | -1,0,6,3,2;1,0,6,4,1;-1,0,6,5,0;2,3,3,0,5;-2,3,3,1,4;2,3,3,2,3;-2,3,3,3,2;2,3,3,4,1;-2,3,3,5,0;1,6,0,0,5;-1,6,0,1,4;1,6,0,2,3 ## F 1,0,0,0,2;-1,0,0,1,1;1,0,0,2,0 | -1,0,6,3,0;2,3,3,0,3;-2,3,3,3,0;1,6,0,0,3 || CORE -1,0,6,3,0;2,3,3,0,3;-2,3,3,3,0;1,6,0,0,3 | unit
REL 5,-1 11,-2 12,-1 | 2,1,5,2,4;1,1,5,4,2;1,2,4,4,2;-1,4,2,2,4;-1,5,1,2,4;-2,5,1,4,2 || F -1,0,1,0,0;1,1,0,0,0 | -2,0,3,0,2;-1,0,3,2,0;-2,1,2,0,2;-2,1,2,2,0;-2,2,1,0,2;-2,2,1,2,0;-1,3,0,0,2;-2,3,0,2,0 || CORE -2,0,3,0,2;-1,0,3,2,0;-2,1,2,0,2;-2,1,2,2,0;-2,2,1,0,2;-2,2,1,2,0;-1,3,0,0,2;-2,3,0,2,0 | live
REL 9,-2 19,-1 22,1 | -1,0,6,0,6;1,0,6,4,2;2,2,4,6,0;-2,4,2,0,6;-1,6,0,2,4;1,6,0,6,0 ||  || CORE -1,0,6,0,6;1,0,6,4,2;2,2,4,6,0;-2,4,2,0,6;-1,6,0,2,4;1,6,0,6,0 | live
REL 8,-1 19,1 22,2 | -2,0,6,0,6;-1,0,6,4,2;1,2,4,0,6;-1,4,2,6,0;1,6,0,2,4;2,6,0,6,0 ||  || CORE -2,0,6,0,6;-1,0,6,4,2;1,2,4,0,6;-1,4,2,6,0;1,6,0,2,4;2,6,0,6,0 | live
REL 1,-2 11,-1 14,1 | 1,1,5,2,4;-1,1,5,5,1;2,3,3,1,5;-2,3,3,5,1;1,5,1,1,5;-1,5,1,4,2 || F -1,0,0,0,1;1,0,0,1,0 | -1,0,4,1,2;-1,0,4,2,1;-1,0,4,3,0;-2,2,2,0,3;-2,2,2,1,2;-2,2,2,2,1;-2,2,2,3,0;-1,4,0,0,3;-1,4,0,1,2;-1,4,0,2,1 || CORE -1,0,4,1,2;-1,0,4,2,1;-1,0,4,3,0;-2,2,2,0,3;-2,2,2,1,2;-2,2,2,2,1;-2,2,2,3,0;-1,4,0,0,3;-1,4,0,1,2;-1,4,0,2,1 | live
REL 9,-2 18,1 23,-1 | -1,0,6,2,4;1,0,6,6,0;2,2,4,6,0;-2,4,2,0,6;-1,6,0,0,6;1,6,0,4,2 ||  || CORE -1,0,6,2,4;1,0,6,6,0;2,2,4,6,0;-2,4,2,0,6;-1,6,0,0,6;1,6,0,4,2 | live
REL 16,-2 18,1 23,-1 | -1,0,6,2,4;1,0,6,6,0;2,1,5,6,0;-2,5,1,0,6;-1,6,0,0,6;1,6,0,4,2 ||  || CORE -1,0,6,2,4;1,0,6,6,0;2,1,5,6,0;-2,5,1,0,6;-1,6,0,0,6;1,6,0,4,2 | live
REL 1,-1 17,-2 21,-1 | 2,0,6,3,3;1,0,6,5,1;1,3,3,1,5;-1,3,3,5,1;-1,6,0,1,5;-2,6,0,3,3 || F -1,0,1,0,0;1,1,0,0,0 | -2,0,5,2,2;-1,0,5,4,0;-2,1,4,2,2;-1,1,4,4,0;-2,2,3,2,2;-1,2,3,4,0;-1,3,2,0,4;-2,3,2,2,2;-1,4,1,0,4;-2,4,1,2,2;-1,5,0,0,4;-2,5,0,2,2 ## F 1,0,2,0,0;1,1,1,0,0;1,2,0,0,0 | -2,0,3,2,2;-1,0,3,4,0;-1,3,0,0,4;-2,3,0,2,2 || CORE -2,0,3,2,2;-1,0,3,4,0;-1,3,0,0,4;-2,3,0,2,2 | unit
REL 12,-1 17,-1 19,2 | 1,0,6,3,3;-2,0,6,4,2;1,1,5,4,2;-1,5,1,2,4;2,6,0,2,4;-1,6,0,3,3 ||  || CORE 1,0,6,1,1;-2,0,6,2,0;1,1,5,2,0;-1,5,1,0,2;2,6,0,0,2;-1,6,0,1,1 | live
REL 12,-1 15,-2 16,-1 | 2,1,5,0,6;1,1,5,4,2;1,1,5,6,0;-1,5,1,0,6;-1,5,1,2,4;-2,5,1,6,0 ||  || CORE 2,0,4,0,6;1,0,4,4,2;1,0,4,6,0;-1,4,0,0,6;-1,4,0,2,4;-2,4,0,6,0 | live
REL 8,-1 12,-2 16,-1 | 2,1,5,4,2;1,1,5,6,0;1,2,4,0,6;-1,4,2,6,0;-1,5,1,0,6;-2,5,1,2,4 ||  || CORE 2,0,4,4,2;1,0,4,6,0;1,1,3,0,6;-1,3,1,6,0;-1,4,0,0,6;-2,4,0,2,4 | live
REL 0,-2 13,-1 14,-1 | 1,1,5,1,5;1,1,5,5,1;2,3,3,2,4;-2,3,3,4,2;-1,5,1,1,5;-1,5,1,5,1 ||  || CORE 1,0,4,0,4;1,0,4,4,0;2,2,2,1,3;-2,2,2,3,1;-1,4,0,0,4;-1,4,0,4,0 | live
REL 2,-2 19,-1 23,-1 | 1,0,6,4,2;1,0,6,6,0;2,3,3,0,6;-2,3,3,6,0;-1,6,0,0,6;-1,6,0,2,4 ||  || CORE 1,0,6,4,2;1,0,6,6,0;2,3,3,0,6;-2,3,3,6,0;-1,6,0,0,6;-1,6,0,2,4 | live
REL 6,-1 18,2 20,-1 | 1,0,6,1,5;-2,0,6,2,4;1,2,4,1,5;-1,4,2,5,1;2,6,0,4,2;-1,6,0,5,1 ||  || CORE 1,0,6,0,4;-2,0,6,1,3;1,2,4,0,4;-1,4,2,4,0;2,6,0,3,1;-1,6,0,4,0 | live
REL 17,-2 22,1 23,1 | -1,0,6,0,6;2,0,6,3,3;-1,0,6,6,0;1,6,0,0,6;-2,6,0,3,3;1,6,0,6,0 || F 1,0,1,0,0;1,1,0,0,0 | -1,0,5,0,6;2,0,5,3,3;-1,0,5,6,0;1,1,4,0,6;-2,1,4,3,3;1,1,4,6,0;-1,2,3,0,6;2,2,3,3,3;-1,2,3,6,0;1,3,2,0,6;-2,3,2,3,3;1,3,2,6,0;-1,4,1,0,6;2,4,1,3,3;-1,4,1,6,0;1,5,0,0,6;-2,5,0,3,3;1,5,0,6,0 ## F -1,0,1,0,0;1,1,0,0,0 | 1,0,4,0,6;-2,0,4,3,3;1,0,4,6,0;1,2,2,0,6;-2,2,2,3,3;1,2,2,6,0;1,4,0,0,6;-2,4,0,3,3;1,4,0,6,0 ## F -1,0,0,0,1;1,0,0,1,0 | -1,0,4,0,5;-1,0,4,1,4;-1,0,4,2,3;1,0,4,3,2;1,0,4,4,1;1,0,4,5,0;-1,2,2,0,5;-1,2,2,1,4;-1,2,2,2,3;1,2,2,3,2;1,2,2,4,1;1,2,2,5,0;-1,4,0,0,5;-1,4,0,1,4;-1,4,0,2,3;1,4,0,3,2;1,4,0,4,1;1,4,0,5,0 ## F 1,0,2,0,0;1,1,1,0,0;1,2,0,0,0 | -1,0,2,0,5;-1,0,2,1,4;-1,0,2,2,3;1,0,2,3,2;1,0,2,4,1;1,0,2,5,0;1,1,1,0,5;1,1,1,1,4;1,1,1,2,3;-1,1,1,3,2;-1,1,1,4,1;-1,1,1,5,0;-1,2,0,0,5;-1,2,0,1,4;-1,2,0,2,3;1,2,0,3,2;1,2,0,4,1;1,2,0,5,0 ## F 1,0,0,0,2;1,0,0,1,1;1,0,0,2,0 | -1,0,2,0,3;1,0,2,3,0;1,1,1,0,3;-1,1,1,3,0;-1,2,0,0,3;1,2,0,3,0 ## F 1,0,2,0,0;-1,1,1,0,0;1,2,0,0,0 | -1,0,0,0,3;1,0,0,3,0 ## F -1,0,0,0,3;1,0,0,3,0 | 1,0,0,0,0 || CORE 1,0,0,0,0 | monomial
REL 9,-1 11,-2 15,1 | -1,1,5,0,6;2,1,5,2,4;1,2,4,6,0;-1,4,2,0,6;-2,5,1,4,2;1,5,1,6,0 ||  || CORE -1,0,4,0,6;2,0,4,2,4;1,1,3,6,0;-1,3,1,0,6;-2,4,0,4,2;1,4,0,6,0 | live
REL 2,-1 3,-1 8,2 | -2,2,4,0,6;1,2,4,3,3;1,3,3,0,6;-1,3,3,6,0;-1,4,2,3,3;2,4,2,6,0 ||  || CORE -2,0,2,0,6;1,0,2,3,3;1,1,1,0,6;-1,1,1,6,0;-1,2,0,3,3;2,2,0,6,0 | live
REL 8,-2 11,1 15,-1 | 1,1,5,0,6;-1,1,5,2,4;2,2,4,0,6;-2,4,2,6,0;1,5,1,4,2;-1,5,1,6,0 ||  || CORE 1,0,4,0,6;-1,0,4,2,4;2,1,3,0,6;-2,3,1,6,0;1,4,0,4,2;-1,4,0,6,0 | live
REL 8,-1 20,1 23,-2 | -1,0,6,1,5;2,0,6,6,0;1,2,4,0,6;-1,4,2,6,0;-2,6,0,0,6;1,6,0,5,1 ||  || CORE -1,0,6,1,5;2,0,6,6,0;1,2,4,0,6;-1,4,2,6,0;-2,6,0,0,6;1,6,0,5,1 | live
REL 9,-2 11,1 16,-1 | -1,1,5,2,4;1,1,5,6,0;2,2,4,6,0;-2,4,2,0,6;-1,5,1,0,6;1,5,1,4,2 ||  || CORE -1,0,4,2,4;1,0,4,6,0;2,1,3,6,0;-2,3,1,0,6;-1,4,0,0,6;1,4,0,4,2 | live
REL 9,-1 17,-1 23,-2 | 1,0,6,3,3;2,0,6,6,0;1,2,4,6,0;-1,4,2,0,6;-2,6,0,0,6;-1,6,0,3,3 ||  || CORE 1,0,6,3,3;2,0,6,6,0;1,2,4,6,0;-1,4,2,0,6;-2,6,0,0,6;-1,6,0,3,3 | live
REL 1,-1 19,-2 21,1 | 2,0,6,4,2;-1,0,6,5,1;1,3,3,1,5;-1,3,3,5,1;1,6,0,1,5;-2,6,0,2,4 ||  || CORE 2,0,6,3,1;-1,0,6,4,0;1,3,3,0,4;-1,3,3,4,0;1,6,0,0,4;-2,6,0,1,3 | live
REL 9,-1 13,-1 15,2 | -2,1,5,0,6;1,1,5,1,5;1,2,4,6,0;-1,4,2,0,6;-1,5,1,5,1;2,5,1,6,0 ||  || CORE -2,0,4,0,6;1,0,4,1,5;1,1,3,6,0;-1,3,1,0,6;-1,4,0,5,1;2,4,0,6,0 | live
REL 9,-1 15,2 16,-1 | -2,1,5,0,6;1,1,5,6,0;1,2,4,6,0;-1,4,2,0,6;-1,5,1,0,6;2,5,1,6,0 ||  || CORE -2,0,4,0,6;1,0,4,6,0;1,1,3,6,0;-1,3,1,0,6;-1,4,0,0,6;2,4,0,6,0 | live
REL 0,-2 15,-1 16,1 | 1,1,5,0,6;-1,1,5,6,0;2,3,3,2,4;-2,3,3,4,2;1,5,1,0,6;-1,5,1,6,0 || F 1,0,0,0,1;1,0,0,1,0 | 1,0,4,0,5;-1,0,4,1,4;1,0,4,2,3;-1,0,4,3,2;1,0,4,4,1;-1,0,4,5,0;2,2,2,2,3;-2,2,2,3,2;1,4,0,0,5;-1,4,0,1,4;1,4,0,2,3;-1,4,0,3,2;1,4,0,4,1;-1,4,0,5,0 ## F -1,0,0,0,1;1,0,0,1,0 | -1,0,4,0,4;-1,0,4,2,2;-1,0,4,4,0;-2,2,2,2,2;-1,4,0,0,4;-1,4,0,2,2;-1,4,0,4,0 || CORE -1,0,4,0,4;-1,0,4,2,2;-1,0,4,4,0;-2,2,2,2,2;-1,4,0,0,4;-1,4,0,2,2;-1,4,0,4,0 | live
REL 1,-2 11,1 13,1 | -1,1,5,1,5;-1,1,5,2,4;2,3,3,1,5;-2,3,3,5,1;1,5,1,4,2;1,5,1,5,1 || F 1,0,0,0,1;1,0,0,1,0 | -1,0,4,0,3;2,2,2,0,3;-2,2,2,1,2;2,2,2,2,1;-2,2,2,3,0;1,4,0,3,0 || CORE -1,0,4,0,3;2,2,2,0,3;-2,2,2,1,2;2,2,2,2,1;-2,2,2,3,0;1,4,0,3,0 | unit
REL 14,-1 19,-2 21,-1 | 2,0,6,4,2;1,0,6,5,1;1,1,5,5,1;-1,5,1,1,5;-1,6,0,1,5;-2,6,0,2,4 ||  || CORE 2,0,6,3,1;1,0,6,4,0;1,1,5,4,0;-1,5,1,0,4;-1,6,0,0,4;-2,6,0,1,3 | live
REL 20,-2 22,1 23,1 | -1,0,6,0,6;2,0,6,1,5;-1,0,6,6,0;1,6,0,0,6;-2,6,0,5,1;1,6,0,6,0 || F -1,0,0,0,1;1,0,0,1,0 | 1,0,6,0,5;-1,0,6,1,4;-1,0,6,2,3;-1,0,6,3,2;-1,0,6,4,1;-1,0,6,5,0;-1,6,0,0,5;-1,6,0,1,4;-1,6,0,2,3;-1,6,0,3,2;-1,6,0,4,1;1,6,0,5,0 || CORE 1,0,6,0,5;-1,0,6,1,4;-1,0,6,2,3;-1,0,6,3,2;-1,0,6,4,1;-1,0,6,5,0;-1,6,0,0,5;-1,6,0,1,4;-1,6,0,2,3;-1,6,0,3,2;-1,6,0,4,1;1,6,0,5,0 | live
REL 12,-1 17,-1 18,2 | -2,0,6,2,4;1,0,6,3,3;1,1,5,4,2;-1,5,1,2,4;-1,6,0,3,3;2,6,0,4,2 ||  || CORE -2,0,6,0,2;1,0,6,1,1;1,1,5,2,0;-1,5,1,0,2;-1,6,0,1,1;2,6,0,2,0 | live
REL 13,-1 17,2 20,-1 | 1,0,6,1,5;-2,0,6,3,3;1,1,5,1,5;-1,5,1,5,1;2,6,0,3,3;-1,6,0,5,1 || F 1,0,1,0,0;1,1,0,0,0 | 1,0,5,0,4;-2,0,5,2,2;2,1,4,2,2;-2,2,3,2,2;2,3,2,2,2;-2,4,1,2,2;2,5,0,2,2;-1,5,0,4,0 || CORE 1,0,5,0,4;-2,0,5,2,2;2,1,4,2,2;-2,2,3,2,2;2,3,2,2,2;-2,4,1,2,2;2,5,0,2,2;-1,5,0,4,0 | unit
REL 10,-1 15,1 16,-2 | -1,1,5,0,6;1,1,5,3,3;2,1,5,6,0;-2,5,1,0,6;-1,5,1,3,3;1,5,1,6,0 || F 1,0,0,0,1;1,0,0,1,0 | -1,0,4,0,5;1,0,4,1,4;-1,0,4,2,3;2,0,4,3,2;-2,0,4,4,1;2,0,4,5,0;-2,4,0,0,5;2,4,0,1,4;-2,4,0,2,3;1,4,0,3,2;-1,4,0,4,1;1,4,0,5,0 ## F 1,0,0,0,2;-1,0,0,1,1;1,0,0,2,0 | -1,0,4,0,3;2,0,4,3,0;-2,4,0,0,3;1,4,0,3,0 || CORE -1,0,4,0,3;2,0,4,3,0;-2,4,0,0,3;1,4,0,3,0 | live
REL 14,-1 17,-2 21,1 | 2,0,6,3,3;-1,0,6,5,1;1,1,5,5,1;-1,5,1,1,5;1,6,0,1,5;-2,6,0,3,3 || F -1,0,1,0,0;1,1,0,0,0 | -2,0,5,2,2;1,0,5,4,0;-2,1,4,2,2;-2,2,3,2,2;-2,3,2,2,2;-2,4,1,2,2;1,5,0,0,4;-2,5,0,2,2 || CORE -2,0,5,2,2;1,0,5,4,0;-2,1,4,2,2;-2,2,3,2,2;-2,3,2,2,2;-2,4,1,2,2;1,5,0,0,4;-2,5,0,2,2 | unit
REL 1,-2 5,-1 7,-1 | 1,2,4,4,2;1,2,4,5,1;2,3,3,1,5;-2,3,3,5,1;-1,4,2,1,5;-1,4,2,2,4 || F 1,0,0,0,1;1,0,0,1,0 | 1,0,2,3,0;2,1,1,0,3;-2,1,1,1,2;2,1,1,2,1;-2,1,1,3,0;-1,2,0,0,3 || CORE 1,0,2,3,0;2,1,1,0,3;-2,1,1,1,2;2,1,1,2,1;-2,1,1,3,0;-1,2,0,0,3 | unit
REL 5,-1 17,-1 18,-2 | 2,0,6,2,4;1,0,6,3,3;1,2,4,4,2;-1,4,2,2,4;-1,6,0,3,3;-2,6,0,4,2 ||  || CORE 2,0,6,0,2;1,0,6,1,1;1,2,4,2,0;-1,4,2,0,2;-1,6,0,1,1;-2,6,0,2,0 | live
REL 8,-1 14,1 16,-2 | -1,1,5,5,1;2,1,5,6,0;1,2,4,0,6;-1,4,2,6,0;-2,5,1,0,6;1,5,1,1,5 ||  || CORE -1,0,4,5,1;2,0,4,6,0;1,1,3,0,6;-1,3,1,6,0;-2,4,0,0,6;1,4,0,1,5 | live
REL 21,-1 22,-1 23,2 | 1,0,6,0,6;1,0,6,5,1;-2,0,6,6,0;2,6,0,0,6;-1,6,0,1,5;-1,6,0,6,0 || F -1,0,0,0,1;1,0,0,1,0 | -1,0,6,0,5;-1,0,6,1,4;-1,0,6,2,3;-1,0,6,3,2;-1,0,6,4,1;-2,0,6,5,0;-2,6,0,0,5;-1,6,0,1,4;-1,6,0,2,3;-1,6,0,3,2;-1,6,0,4,1;-1,6,0,5,0 || CORE -1,0,6,0,5;-1,0,6,1,4;-1,0,6,2,3;-1,0,6,3,2;-1,0,6,4,1;-2,0,6,5,0;-2,6,0,0,5;-1,6,0,1,4;-1,6,0,2,3;-1,6,0,3,2;-1,6,0,4,1;-1,6,0,5,0 | live
REL 9,-1 11,1 15,-2 | 2,1,5,0,6;-1,1,5,2,4;1,2,4,6,0;-1,4,2,0,6;1,5,1,4,2;-2,5,1,6,0 ||  || CORE 2,0,4,0,6;-1,0,4,2,4;1,1,3,6,0;-1,3,1,0,6;1,4,0,4,2;-2,4,0,6,0 | live
REL 8,-1 19,-1 22,2 | -2,0,6,0,6;1,0,6,4,2;1,2,4,0,6;-1,4,2,6,0;-1,6,0,2,4;2,6,0,6,0 ||  || CORE -2,0,6,0,6;1,0,6,4,2;1,2,4,0,6;-1,4,2,6,0;-1,6,0,2,4;2,6,0,6,0 | live
REL 5,-1 11,1 12,2 | -1,1,5,2,4;-2,1,5,4,2;1,2,4,4,2;-1,4,2,2,4;2,5,1,2,4;1,5,1,4,2 || F -1,0,1,0,0;1,1,0,0,0 | 1,0,3,0,2;2,0,3,2,0;1,1,2,0,2;1,1,2,2,0;1,2,1,0,2;1,2,1,2,0;2,3,0,0,2;1,3,0,2,0 || CORE 1,0,3,0,2;2,0,3,2,0;1,1,2,0,2;1,1,2,2,0;1,2,1,0,2;1,2,1,2,0;2,3,0,0,2;1,3,0,2,0 | live
REL 2,-1 11,1 16,-2 | -1,1,5,2,4;2,1,5,6,0;1,3,3,0,6;-1,3,3,6,0;-2,5,1,0,6;1,5,1,4,2 ||  || CORE -1,0,4,2,4;2,0,4,6,0;1,2,2,0,6;-1,2,2,6,0;-2,4,0,0,6;1,4,0,4,2 | live
REL 2,-2 3,1 8,1 | -1,2,4,0,6;-1,2,4,3,3;2,3,3,0,6;-2,3,3,6,0;1,4,2,3,3;1,4,2,6,0 || F 1,0,0,0,1;1,0,0,1,0 | -1,0,2,0,5;1,0,2,1,4;-1,0,2,2,3;2,1,1,0,5;-2,1,1,1,4;2,1,1,2,3;-2,1,1,3,2;2,1,1,4,1;-2,1,1,5,0;1,2,0,3,2;-1,2,0,4,1;1,2,0,5,0 ## F 1,0,0,0,2;-1,0,0,1,1;1,0,0,2,0 | -1,0,2,0,3;2,1,1,0,3;-2,1,1,3,0;1,2,0,3,0 || CORE -1,0,2,0,3;2,1,1,0,3;-2,1,1,3,0;1,2,0,3,0 | unit
REL 17,-1 20,-2 21,1 | 2,0,6,1,5;1,0,6,3,3;-1,0,6,5,1;1,6,0,1,5;-1,6,0,3,3;-2,6,0,5,1 || F 1,0,0,0,2;1,0,0,2,0 | 2,0,6,0,2;-1,0,6,2,0;1,6,0,0,2;-2,6,0,2,0 || CORE 2,0,6,0,2;-1,0,6,2,0;1,6,0,0,2;-2,6,0,2,0 | live
REL 4,-2 20,-1 21,-1 | 1,0,6,1,5;1,0,6,5,1;2,2,4,2,4;-2,4,2,4,2;-1,6,0,1,5;-1,6,0,5,1 ||  || CORE 1,0,6,0,4;1,0,6,4,0;2,2,4,1,3;-2,4,2,3,1;-1,6,0,0,4;-1,6,0,4,0 | live
REL 16,-1 18,1 23,2 | -1,0,6,2,4;-2,0,6,6,0;1,1,5,6,0;-1,5,1,0,6;2,6,0,0,6;1,6,0,4,2 ||  || CORE -1,0,6,2,4;-2,0,6,6,0;1,1,5,6,0;-1,5,1,0,6;2,6,0,0,6;1,6,0,4,2 | live
REL 1,-2 10,-1 14,1 | 1,1,5,3,3;-1,1,5,5,1;2,3,3,1,5;-2,3,3,5,1;1,5,1,1,5;-1,5,1,3,3 || F 1,0,0,0,1;1,0,0,1,0 | 1,0,4,2,1;-1,0,4,3,0;2,2,2,0,3;-2,2,2,1,2;2,2,2,2,1;-2,2,2,3,0;1,4,0,0,3;-1,4,0,1,2 ## F -1,0,0,0,1;1,0,0,1,0 | -1,0,4,2,0;-2,2,2,0,2;-2,2,2,2,0;-1,4,0,0,2 || CORE -1,0,4,2,0;-2,2,2,0,2;-2,2,2,2,0;-1,4,0,0,2 | unit
REL 2,-1 5,1 8,-2 | 2,2,4,0,6;-1,2,4,4,2;1,3,3,0,6;-1,3,3,6,0;1,4,2,2,4;-2,4,2,6,0 ||  || CORE 2,0,2,0,6;-1,0,2,4,2;1,1,1,0,6;-1,1,1,6,0;1,2,0,2,4;-2,2,0,6,0 | live
REL 2,-1 10,-2 16,-1 | 2,1,5,3,3;1,1,5,6,0;1,3,3,0,6;-1,3,3,6,0;-1,5,1,0,6;-2,5,1,3,3 || F 1,0,1,0,0;1,1,0,0,0 | 2,0,3,3,3;1,0,3,6,0;-2,1,2,3,3;-1,1,2,6,0;1,2,1,0,6;2,2,1,3,3;-1,3,0,0,6;-2,3,0,3,3 ## F -1,0,1,0,0;1,1,0,0,0 | -2,0,2,3,3;-1,0,2,6,0;-1,2,0,0,6;-2,2,0,3,3 || CORE -2,0,2,3,3;-1,0,2,6,0;-1,2,0,0,6;-2,2,0,3,3 | unit
REL 2,-2 15,1 16,-1 | -1,1,5,0,6;1,1,5,6,0;2,3,3,0,6;-2,3,3,6,0;-1,5,1,0,6;1,5,1,6,0 || F 1,0,1,0,0;1,1,0,0,0 | -1,0,3,0,6;1,0,3,6,0;1,1,2,0,6;-1,1,2,6,0;1,2,1,0,6;-1,2,1,6,0;-1,3,0,0,6;1,3,0,6,0 ## F 1,0,0,0,1;1,0,0,1,0 | -1,0,3,0,5;1,0,3,1,4;-1,0,3,2,3;1,0,3,3,2;-1,0,3,4,1;1,0,3,5,0;1,1,2,0,5;-1,1,2,1,4;1,1,2,2,3;-1,1,2,3,2;1,1,2,4,1;-1,1,2,5,0;1,2,1,0,5;-1,2,1,1,4;1,2,1,2,3;-1,2,1,3,2;1,2,1,4,1;-1,2,1,5,0;-1,3,0,0,5;1,3,0,1,4;-1,3,0,2,3;1,3,0,3,2;-1,3,0,4,1;1,3,0,5,0 ## F -1,0,1,0,0;1,1,0,0,0 | 1,0,2,0,5;-1,0,2,1,4;1,0,2,2,3;-1,0,2,3,2;1,0,2,4,1;-1,0,2,5,0;-1,2,0,0,5;1,2,0,1,4;-1,2,0,2,3;1,2,0,3,2;-1,2,0,4,1;1,2,0,5,0 ## F -1,0,0,0,1;1,0,0,1,0 | -1,0,2,0,4;-1,0,2,2,2;-1,0,2,4,0;1,2,0,0,4;1,2,0,2,2;1,2,0,4,0 ## F 1,0,0,0,2;1,0,0,1,1;1,0,0,2,0 | -1,0,2,0,2;1,0,2,1,1;-1,0,2,2,0;1,2,0,0,2;-1,2,0,1,1;1,2,0,2,0 ## F 1,0,0,0,2;-1,0,0,1,1;1,0,0,2,0 | -1,0,2,0,0;1,2,0,0,0 ## F -1,0,2,0,0;1,2,0,0,0 | 1,0,0,0,0 || CORE 1,0,0,0,0 | monomial
REL 15,-1 17,1 22,-2 | 2,0,6,0,6;-1,0,6,3,3;1,1,5,0,6;-1,5,1,6,0;1,6,0,3,3;-2,6,0,6,0 ||  || CORE 2,0,6,0,6;-1,0,6,3,3;1,1,5,0,6;-1,5,1,6,0;1,6,0,3,3;-2,6,0,6,0 | live
REL 5,-1 10,2 11,1 | -1,1,5,2,4;-2,1,5,3,3;1,2,4,4,2;-1,4,2,2,4;2,5,1,3,3;1,5,1,4,2 || F 1,0,1,0,0;1,1,0,0,0 | -1,0,3,0,2;-2,0,3,1,1;1,1,2,0,2;2,1,2,1,1;1,1,2,2,0;-1,2,1,0,2;-2,2,1,1,1;-1,2,1,2,0;2,3,0,1,1;1,3,0,2,0 || CORE -1,0,3,0,2;-2,0,3,1,1;1,1,2,0,2;2,1,2,1,1;1,1,2,2,0;-1,2,1,0,2;-2,2,1,1,1;-1,2,1,2,0;2,3,0,1,1;1,3,0,2,0 | live
REL 2,-1 18,2 22,-1 | 1,0,6,0,6;-2,0,6,2,4;1,3,3,0,6;-1,3,3,6,0;2,6,0,4,2;-1,6,0,6,0 ||  || CORE 1,0,6,0,6;-2,0,6,2,4;1,3,3,0,6;-1,3,3,6,0;2,6,0,4,2;-1,6,0,6,0 | live
REL 6,-2 19,1 20,1 | -1,0,6,1,5;-1,0,6,4,2;2,2,4,1,5;-2,4,2,5,1;1,6,0,2,4;1,6,0,5,1 ||  || CORE -1,0,6,0,4;-1,0,6,3,1;2,2,4,0,4;-2,4,2,4,0;1,6,0,1,3;1,6,0,4,0 | live
REL 8,-1 15,-1 16,-2 | 1,1,5,0,6;2,1,5,6,0;1,2,4,0,6;-1,4,2,6,0;-2,5,1,0,6;-1,5,1,6,0 || F -1,0,1,0,0;1,1,0,0,0 | -1,0,3,0,6;-2,0,3,6,0;-2,1,2,0,6;-2,1,2,6,0;-2,2,1,0,6;-2,2,1,6,0;-2,3,0,0,6;-1,3,0,6,0 || CORE -1,0,3,0,6;-2,0,3,6,0;-2,1,2,0,6;-2,1,2,6,0;-2,2,1,0,6;-2,2,1,6,0;-2,3,0,0,6;-1,3,0,6,0 | live
REL 19,-1 20,2 21,1 | -2,0,6,1,5;1,0,6,4,2;-1,0,6,5,1;1,6,0,1,5;-1,6,0,2,4;2,6,0,5,1 ||  || CORE -2,0,6,0,4;1,0,6,3,1;-1,0,6,4,0;1,6,0,0,4;-1,6,0,1,3;2,6,0,4,0 | live
REL 9,-1 20,-2 23,1 | 2,0,6,1,5;-1,0,6,6,0;1,2,4,6,0;-1,4,2,0,6;1,6,0,0,6;-2,6,0,5,1 ||  || CORE 2,0,6,1,5;-1,0,6,6,0;1,2,4,6,0;-1,4,2,0,6;1,6,0,0,6;-2,6,0,5,1 | live
REL 6,-1 10,1 14,-2 | -1,1,5,3,3;2,1,5,5,1;1,2,4,1,5;-1,4,2,5,1;-2,5,1,1,5;1,5,1,3,3 ||  || CORE -1,0,4,2,2;2,0,4,4,0;1,1,3,0,4;-1,3,1,4,0;-2,4,0,0,4;1,4,0,2,2 | live
REL 6,-1 12,2 13,-1 | 1,1,5,1,5;-2,1,5,4,2;1,2,4,1,5;-1,4,2,5,1;2,5,1,2,4;-1,5,1,5,1 ||  || CORE 1,0,4,0,4;-2,0,4,3,1;1,1,3,0,4;-1,3,1,4,0;2,4,0,1,3;-1,4,0,4,0 | live
REL 7,-1 19,1 20,-2 | 2,0,6,1,5;-1,0,6,4,2;1,2,4,5,1;-1,4,2,1,5;1,6,0,2,4;-2,6,0,5,1 ||  || CORE 2,0,6,0,4;-1,0,6,3,1;1,2,4,4,0;-1,4,2,0,4;1,6,0,1,3;-2,6,0,4,0 | live
REL 8,-1 20,2 23,-1 | -2,0,6,1,5;1,0,6,6,0;1,2,4,0,6;-1,4,2,6,0;-1,6,0,0,6;2,6,0,5,1 ||  || CORE -2,0,6,1,5;1,0,6,6,0;1,2,4,0,6;-1,4,2,6,0;-1,6,0,0,6;2,6,0,5,1 | live
REL 4,-1 17,-2 19,-1 | 2,0,6,3,3;1,0,6,4,2;1,2,4,2,4;-1,4,2,4,2;-1,6,0,2,4;-2,6,0,3,3 || F 1,0,1,0,0;1,1,0,0,0 | 2,0,5,1,1;1,0,5,2,0;-2,1,4,1,1;-1,1,4,2,0;1,2,3,0,2;2,2,3,1,1;1,2,3,2,0;-1,3,2,0,2;-2,3,2,1,1;-1,3,2,2,0;1,4,1,0,2;2,4,1,1,1;-1,5,0,0,2;-2,5,0,1,1 ## F -1,0,1,0,0;1,1,0,0,0 | -2,0,4,1,1;-1,0,4,2,0;-1,2,2,0,2;-2,2,2,1,1;-1,2,2,2,0;-1,4,0,0,2;-2,4,0,1,1 || CORE -2,0,4,1,1;-1,0,4,2,0;-1,2,2,0,2;-2,2,2,1,1;-1,2,2,2,0;-1,4,0,0,2;-2,4,0,1,1 | live
REL 8,-1 21,-2 22,-1 | 1,0,6,0,6;2,0,6,5,1;1,2,4,0,6;-1,4,2,6,0;-2,6,0,1,5;-1,6,0,6,0 ||  || CORE 1,0,6,0,6;2,0,6,5,1;1,2,4,0,6;-1,4,2,6,0;-2,6,0,1,5;-1,6,0,6,0 | live
REL 7,-2 17,1 21,-1 | -1,0,6,3,3;1,0,6,5,1;2,2,4,5,1;-2,4,2,1,5;-1,6,0,1,5;1,6,0,3,3 ||  || CORE -1,0,6,2,2;1,0,6,4,0;2,2,4,4,0;-2,4,2,0,4;-1,6,0,0,4;1,6,0,2,2 | live
REL 11,-2 20,1 21,1 | -1,0,6,1,5;-1,0,6,5,1;2,1,5,2,4;-2,5,1,4,2;1,6,0,1,5;1,6,0,5,1 ||  || CORE -1,0,6,0,4;-1,0,6,4,0;2,1,5,1,3;-2,5,1,3,1;1,6,0,0,4;1,6,0,4,0 | live
REL 14,-2 17,1 21,-1 | -1,0,6,3,3;1,0,6,5,1;2,1,5,5,1;-2,5,1,1,5;-1,6,0,1,5;1,6,0,3,3 ||  || CORE -1,0,6,2,2;1,0,6,4,0;2,1,5,4,0;-2,5,1,0,4;-1,6,0,0,4;1,6,0,2,2 | live
REL 1,-1 3,-1 7,-2 | 1,2,4,3,3;2,2,4,5,1;1,3,3,1,5;-1,3,3,5,1;-2,4,2,1,5;-1,4,2,3,3 ||  || CORE 1,0,2,2,2;2,0,2,4,0;1,1,1,0,4;-1,1,1,4,0;-2,2,0,0,4;-1,2,0,2,2 | live
REL 0,-1 17,2 19,1 | -2,0,6,3,3;-1,0,6,4,2;1,3,3,2,4;-1,3,3,4,2;1,6,0,2,4;2,6,0,3,3 || F 1,0,1,0,0;1,1,0,0,0 | -2,0,5,1,1;-1,0,5,2,0;2,1,4,1,1;1,1,4,2,0;-2,2,3,1,1;-1,2,3,2,0;1,3,2,0,2;2,3,2,1,1;-1,4,1,0,2;-2,4,1,1,1;1,5,0,0,2;2,5,0,1,1 ## F 1,0,2,0,0;-1,1,1,0,0;1,2,0,0,0 | -2,0,3,1,1;-1,0,3,2,0;1,3,0,0,2;2,3,0,1,1 || CORE -2,0,3,1,1;-1,0,3,2,0;1,3,0,0,2;2,3,0,1,1 | unit
REL 3,-2 6,1 7,-1 | -1,2,4,1,5;2,2,4,3,3;1,2,4,5,1;-1,4,2,1,5;-2,4,2,3,3;1,4,2,5,1 ||  || CORE -1,0,2,0,4;2,0,2,2,2;1,0,2,4,0;-1,2,0,0,4;-2,2,0,2,2;1,2,0,4,0 | live
REL 7,-2 18,1 20,-1 | 1,0,6,1,5;-1,0,6,2,4;2,2,4,5,1;-2,4,2,1,5;1,6,0,4,2;-1,6,0,5,1 ||  || CORE 1,0,6,0,4;-1,0,6,1,3;2,2,4,4,0;-2,4,2,0,4;1,6,0,3,1;-1,6,0,4,0 | live
REL 20,-2 22,-1 23,1 | 1,0,6,0,6;2,0,6,1,5;-1,0,6,6,0;1,6,0,0,6;-2,6,0,5,1;-1,6,0,6,0 ||  || CORE 1,0,6,0,6;2,0,6,1,5;-1,0,6,6,0;1,6,0,0,6;-2,6,0,5,1;-1,6,0,6,0 | live
REL 2,-2 18,-1 22,1 | -1,0,6,0,6;1,0,6,2,4;2,3,3,0,6;-2,3,3,6,0;-1,6,0,4,2;1,6,0,6,0 || F 1,0,0,0,1;1,0,0,1,0 | -1,0,6,0,5;1,0,6,1,4;2,3,3,0,5;-2,3,3,1,4;2,3,3,2,3;-2,3,3,3,2;2,3,3,4,1;-2,3,3,5,0;-1,6,0,4,1;1,6,0,5,0 ## F -1,0,0,0,1;1,0,0,1,0 | 1,0,6,0,4;-2,3,3,0,4;-2,3,3,2,2;-2,3,3,4,0;1,6,0,4,0 || CORE 1,0,6,0,4;-2,3,3,0,4;-2,3,3,2,2;-2,3,3,4,0;1,6,0,4,0 | unit
REL 1,-1 13,1 14,2 | -1,1,5,1,5;-2,1,5,5,1;1,3,3,1,5;-1,3,3,5,1;2,5,1,1,5;1,5,1,5,1 || F 1,0,2,0,0;1,2,0,0,0 | -1,0,2,0,4;-2,0,2,4,0;2,2,0,0,4;1,2,0,4,0 || CORE -1,0,2,0,4;-2,0,2,4,0;2,2,0,0,4;1,2,0,4,0 | live
REL 4,-1 6,1 7,-2 | -1,2,4,1,5;1,2,4,2,4;2,2,4,5,1;-2,4,2,1,5;-1,4,2,4,2;1,4,2,5,1 || F 1,0,0,0,1;1,0,0,1,0 | -1,0,2,0,3;2,0,2,1,2;-2,0,2,2,1;2,0,2,3,0;-2,2,0,0,3;2,2,0,1,2;-2,2,0,2,1;1,2,0,3,0 || CORE -1,0,2,0,3;2,0,2,1,2;-2,0,2,2,1;2,0,2,3,0;-2,2,0,0,3;2,2,0,1,2;-2,2,0,2,1;1,2,0,3,0 | live
REL 9,-1 17,-2 22,-1 | 1,0,6,0,6;2,0,6,3,3;1,2,4,6,0;-1,4,2,0,6;-2,6,0,3,3;-1,6,0,6,0 || F 1,0,1,0,0;1,1,0,0,0 | 1,0,5,0,6;2,0,5,3,3;-1,1,4,0,6;-2,1,4,3,3;1,2,3,0,6;2,2,3,3,3;1,2,3,6,0;-1,3,2,0,6;-2,3,2,3,3;-1,3,2,6,0;2,4,1,3,3;1,4,1,6,0;-2,5,0,3,3;-1,5,0,6,0 ## F -1,0,1,0,0;1,1,0,0,0 | -1,0,4,0,6;-2,0,4,3,3;-1,2,2,0,6;-2,2,2,3,3;-1,2,2,6,0;-2,4,0,3,3;-1,4,0,6,0 || CORE -1,0,4,0,6;-2,0,4,3,3;-1,2,2,0,6;-2,2,2,3,3;-1,2,2,6,0;-2,4,0,3,3;-1,4,0,6,0 | live
REL 16,-1 19,-2 22,1 | -1,0,6,0,6;2,0,6,4,2;1,1,5,6,0;-1,5,1,0,6;-2,6,0,2,4;1,6,0,6,0 ||  || CORE -1,0,6,0,6;2,0,6,4,2;1,1,5,6,0;-1,5,1,0,6;-2,6,0,2,4;1,6,0,6,0 | live
REL 2,-1 12,-2 16,1 | 2,1,5,4,2;-1,1,5,6,0;1,3,3,0,6;-1,3,3,6,0;1,5,1,0,6;-2,5,1,2,4 ||  || CORE 2,0,4,4,2;-1,0,4,6,0;1,2,2,0,6;-1,2,2,6,0;1,4,0,0,6;-2,4,0,2,4 | live
REL 0,-1 11,1 12,-2 | -1,1,5,2,4;2,1,5,4,2;1,3,3,2,4;-1,3,3,4,2;-2,5,1,2,4;1,5,1,4,2 ||  || CORE -1,0,4,0,2;2,0,4,2,0;1,2,2,0,2;-1,2,2,2,0;-2,4,0,0,2;1,4,0,2,0 | live
REL 13,-1 17,-2 20,-1 | 1,0,6,1,5;2,0,6,3,3;1,1,5,1,5;-1,5,1,5,1;-2,6,0,3,3;-1,6,0,5,1 || F 1,0,1,0,0;1,1,0,0,0 | 1,0,5,0,4;2,0,5,2,2;-2,1,4,2,2;2,2,3,2,2;-2,3,2,2,2;2,4,1,2,2;-2,5,0,2,2;-1,5,0,4,0 || CORE 1,0,5,0,4;2,0,5,2,2;-2,1,4,2,2;2,2,3,2,2;-2,3,2,2,2;2,4,1,2,2;-2,5,0,2,2;-1,5,0,4,0 | unit
REL 1,-2 18,1 20,1 | -1,0,6,1,5;-1,0,6,2,4;2,3,3,1,5;-2,3,3,5,1;1,6,0,4,2;1,6,0,5,1 || F 1,0,0,0,1;1,0,0,1,0 | -1,0,6,0,3;2,3,3,0,3;-2,3,3,1,2;2,3,3,2,1;-2,3,3,3,0;1,6,0,3,0 || CORE -1,0,6,0,3;2,3,3,0,3;-2,3,3,1,2;2,3,3,2,1;-2,3,3,3,0;1,6,0,3,0 | unit
REL 9,-1 17,-1 23,2 | 1,0,6,3,3;-2,0,6,6,0;1,2,4,6,0;-1,4,2,0,6;2,6,0,0,6;-1,6,0,3,3 ||  || CORE 1,0,6,3,3;-2,0,6,6,0;1,2,4,6,0;-1,4,2,0,6;2,6,0,0,6;-1,6,0,3,3 | live
REL 9,-2 18,1 23,1 | -1,0,6,2,4;-1,0,6,6,0;2,2,4,6,0;-2,4,2,0,6;1,6,0,0,6;1,6,0,4,2 ||  || CORE -1,0,6,2,4;-1,0,6,6,0;2,2,4,6,0;-2,4,2,0,6;1,6,0,0,6;1,6,0,4,2 | live
REL 8,-1 17,-1 23,-2 | 1,0,6,3,3;2,0,6,6,0;1,2,4,0,6;-1,4,2,6,0;-2,6,0,0,6;-1,6,0,3,3 ||  || CORE 1,0,6,3,3;2,0,6,6,0;1,2,4,0,6;-1,4,2,6,0;-2,6,0,0,6;-1,6,0,3,3 | live
REL 18,-1 20,-2 21,-1 | 2,0,6,1,5;1,0,6,2,4;1,0,6,5,1;-1,6,0,1,5;-1,6,0,4,2;-2,6,0,5,1 ||  || CORE 2,0,6,0,4;1,0,6,1,3;1,0,6,4,0;-1,6,0,0,4;-1,6,0,3,1;-2,6,0,4,0 | live
REL 8,-1 17,2 23,-1 | -2,0,6,3,3;1,0,6,6,0;1,2,4,0,6;-1,4,2,6,0;-1,6,0,0,6;2,6,0,3,3 || F 1,0,1,0,0;1,1,0,0,0 | -2,0,5,3,3;1,0,5,6,0;2,1,4,3,3;-1,1,4,6,0;1,2,3,0,6;-2,2,3,3,3;1,2,3,6,0;-1,3,2,0,6;2,3,2,3,3;-1,3,2,6,0;1,4,1,0,6;-2,4,1,3,3;-1,5,0,0,6;2,5,0,3,3 ## F -1,0,1,0,0;1,1,0,0,0 | 2,0,4,3,3;-1,0,4,6,0;-1,2,2,0,6;2,2,2,3,3;-1,2,2,6,0;-1,4,0,0,6;2,4,0,3,3 || CORE 2,0,4,3,3;-1,0,4,6,0;-1,2,2,0,6;2,2,2,3,3;-1,2,2,6,0;-1,4,0,0,6;2,4,0,3,3 | live
REL 8,-1 21,1 23,2 | -1,0,6,5,1;-2,0,6,6,0;1,2,4,0,6;-1,4,2,6,0;2,6,0,0,6;1,6,0,1,5 ||  || CORE -1,0,6,5,1;-2,0,6,6,0;1,2,4,0,6;-1,4,2,6,0;2,6,0,0,6;1,6,0,1,5 | live
REL 14,-1 18,2 20,1 | -1,0,6,1,5;-2,0,6,2,4;1,1,5,5,1;-1,5,1,1,5;2,6,0,4,2;1,6,0,5,1 ||  || CORE -1,0,6,0,4;-2,0,6,1,3;1,1,5,4,0;-1,5,1,0,4;2,6,0,3,1;1,6,0,4,0 | live
REL 8,-1 14,-1 16,2 | 1,1,5,5,1;-2,1,5,6,0;1,2,4,0,6;-1,4,2,6,0;2,5,1,0,6;-1,5,1,1,5 ||  || CORE 1,0,4,5,1;-2,0,4,6,0;1,1,3,0,6;-1,3,1,6,0;2,4,0,0,6;-1,4,0,1,5 | live
REL 2,-1 11,-1 15,-2 | 2,1,5,0,6;1,1,5,2,4;1,3,3,0,6;-1,3,3,6,0;-1,5,1,4,2;-2,5,1,6,0 ||  || CORE 2,0,4,0,6;1,0,4,2,4;1,2,2,0,6;-1,2,2,6,0;-1,4,0,4,2;-2,4,0,6,0 | live
REL 3,-1 4,2 5,1 | -2,2,4,2,4;1,2,4,3,3;-1,2,4,4,2;1,4,2,2,4;-1,4,2,3,3;2,4,2,4,2 ||  || CORE -2,0,2,0,2;1,0,2,1,1;-1,0,2,2,0;1,2,0,0,2;-1,2,0,1,1;2,2,0,2,0 | live
REL 19,-1 20,-1 21,2 | 1,0,6,1,5;1,0,6,4,2;-2,0,6,5,1;2,6,0,1,5;-1,6,0,2,4;-1,6,0,5,1 || F -1,0,0,0,1;1,0,0,1,0 | -1,0,6,0,3;-1,0,6,1,2;-1,0,6,2,1;-2,0,6,3,0;-2,6,0,0,3;-1,6,0,1,2;-1,6,0,2,1;-1,6,0,3,0 || CORE -1,0,6,0,3;-1,0,6,1,2;-1,0,6,2,1;-2,0,6,3,0;-2,6,0,0,3;-1,6,0,1,2;-1,6,0,2,1;-1,6,0,3,0 | live
REL 8,-1 18,2 22,1 | -1,0,6,0,6;-2,0,6,2,4;1,2,4,0,6;-1,4,2,6,0;2,6,0,4,2;1,6,0,6,0 ||  || CORE -1,0,6,0,6;-2,0,6,2,4;1,2,4,0,6;-1,4,2,6,0;2,6,0,4,2;1,6,0,6,0 | live
REL 8,-2 20,1 22,1 | -1,0,6,0,6;-1,0,6,1,5;2,2,4,0,6;-2,4,2,6,0;1,6,0,5,1;1,6,0,6,0 ||  || CORE -1,0,6,0,6;-1,0,6,1,5;2,2,4,0,6;-2,4,2,6,0;1,6,0,5,1;1,6,0,6,0 | live
REL 2,-2 3,1 9,1 | -1,2,4,3,3;-1,2,4,6,0;2,3,3,0,6;-2,3,3,6,0;1,4,2,0,6;1,4,2,3,3 || F 1,0,0,0,1;1,0,0,1,0 | -1,0,2,3,2;1,0,2,4,1;-1,0,2,5,0;2,1,1,0,5;-2,1,1,1,4;2,1,1,2,3;-2,1,1,3,2;2,1,1,4,1;-2,1,1,5,0;1,2,0,0,5;-1,2,0,1,4;1,2,0,2,3 ## F 1,0,0,0,2;-1,0,0,1,1;1,0,0,2,0 | -1,0,2,3,0;2,1,1,0,3;-2,1,1,3,0;1,2,0,0,3 || CORE -1,0,2,3,0;2,1,1,0,3;-2,1,1,3,0;1,2,0,0,3 | unit
REL 9,-1 12,-2 15,1 | -1,1,5,0,6;2,1,5,4,2;1,2,4,6,0;-1,4,2,0,6;-2,5,1,2,4;1,5,1,6,0 ||  || CORE -1,0,4,0,6;2,0,4,4,2;1,1,3,6,0;-1,3,1,0,6;-2,4,0,2,4;1,4,0,6,0 | live
REL 14,-1 19,1 20,-2 | 2,0,6,1,5;-1,0,6,4,2;1,1,5,5,1;-1,5,1,1,5;1,6,0,2,4;-2,6,0,5,1 ||  || CORE 2,0,6,0,4;-1,0,6,3,1;1,1,5,4,0;-1,5,1,0,4;1,6,0,1,3;-2,6,0,4,0 | live
REL 7,-1 20,1 21,2 | -1,0,6,1,5;-2,0,6,5,1;1,2,4,5,1;-1,4,2,1,5;2,6,0,1,5;1,6,0,5,1 || F 1,0,1,0,0;1,1,0,0,0 | -1,0,5,0,4;-2,0,5,4,0;1,1,4,0,4;2,1,4,4,0;-1,2,3,0,4;-1,2,3,4,0;1,3,2,0,4;1,3,2,4,0;-2,4,1,0,4;-1,4,1,4,0;2,5,0,0,4;1,5,0,4,0 ## F -1,0,1,0,0;1,1,0,0,0 | 1,0,4,0,4;2,0,4,4,0;1,2,2,0,4;1,2,2,4,0;2,4,0,0,4;1,4,0,4,0 || CORE 1,0,4,0,4;2,0,4,4,0;1,2,2,0,4;1,2,2,4,0;2,4,0,0,4;1,4,0,4,0 | live
REL 2,-1 7,-1 9,-2 | 1,2,4,5,1;2,2,4,6,0;1,3,3,0,6;-1,3,3,6,0;-2,4,2,0,6;-1,4,2,1,5 ||  || CORE 1,0,2,5,1;2,0,2,6,0;1,1,1,0,6;-1,1,1,6,0;-2,2,0,0,6;-1,2,0,1,5 | live
REL 8,-1 14,1 16,2 | -1,1,5,5,1;-2,1,5,6,0;1,2,4,0,6;-1,4,2,6,0;2,5,1,0,6;1,5,1,1,5 ||  || CORE -1,0,4,5,1;-2,0,4,6,0;1,1,3,0,6;-1,3,1,6,0;2,4,0,0,6;1,4,0,1,5 | live
REL 16,-2 19,-1 23,1 | 1,0,6,4,2;-1,0,6,6,0;2,1,5,6,0;-2,5,1,0,6;1,6,0,0,6;-1,6,0,2,4 ||  || CORE 1,0,6,4,2;-1,0,6,6,0;2,1,5,6,0;-2,5,1,0,6;1,6,0,0,6;-1,6,0,2,4 | live
REL 12,-1 17,1 18,-2 | 2,0,6,2,4;-1,0,6,3,3;1,1,5,4,2;-1,5,1,2,4;1,6,0,3,3;-2,6,0,4,2 ||  || CORE 2,0,6,0,2;-1,0,6,1,1;1,1,5,2,0;-1,5,1,0,2;1,6,0,1,1;-2,6,0,2,0 | live
REL 12,-1 17,-2 18,1 | -1,0,6,2,4;2,0,6,3,3;1,1,5,4,2;-1,5,1,2,4;-2,6,0,3,3;1,6,0,4,2 || F 1,0,1,0,0;1,1,0,0,0 | -1,0,5,0,2;2,0,5,1,1;1,1,4,0,2;-2,1,4,1,1;1,1,4,2,0;-1,2,3,0,2;2,2,3,1,1;-1,2,3,2,0;1,3,2,0,2;-2,3,2,1,1;1,3,2,2,0;-1,4,1,0,2;2,4,1,1,1;-1,4,1,2,0;-2,5,0,1,1;1,5,0,2,0 || CORE -1,0,5,0,2;2,0,5,1,1;1,1,4,0,2;-2,1,4,1,1;1,1,4,2,0;-1,2,3,0,2;2,2,3,1,1;-1,2,3,2,0;1,3,2,0,2;-2,3,2,1,1;1,3,2,2,0;-1,4,1,0,2;2,4,1,1,1;-1,4,1,2,0;-2,5,0,1,1;1,5,0,2,0 | live
REL 19,-1 20,2 21,-1 | -2,0,6,1,5;1,0,6,4,2;1,0,6,5,1;-1,6,0,1,5;-1,6,0,2,4;2,6,0,5,1 || F -1,0,0,0,1;1,0,0,1,0 | 2,0,6,0,3;2,0,6,1,2;2,0,6,2,1;1,0,6,3,0;1,6,0,0,3;2,6,0,1,2;2,6,0,2,1;2,6,0,3,0 || CORE 2,0,6,0,3;2,0,6,1,2;2,0,6,2,1;1,0,6,3,0;1,6,0,0,3;2,6,0,1,2;2,6,0,2,1;2,6,0,3,0 | live
REL 6,-1 11,1 13,-2 | 2,1,5,1,5;-1,1,5,2,4;1,2,4,1,5;-1,4,2,5,1;1,5,1,4,2;-2,5,1,5,1 ||  || CORE 2,0,4,0,4;-1,0,4,1,3;1,1,3,0,4;-1,3,1,4,0;1,4,0,3,1;-2,4,0,4,0 | live
REL 15,-1 21,1 22,2 | -2,0,6,0,6;-1,0,6,5,1;1,1,5,0,6;-1,5,1,6,0;1,6,0,1,5;2,6,0,6,0 ||  || CORE -2,0,6,0,6;-1,0,6,5,1;1,1,5,0,6;-1,5,1,6,0;1,6,0,1,5;2,6,0,6,0 | live
REL 1,-1 20,-1 21,2 | 1,0,6,1,5;-2,0,6,5,1;1,3,3,1,5;-1,3,3,5,1;2,6,0,1,5;-1,6,0,5,1 ||  || CORE 1,0,6,0,4;-2,0,6,4,0;1,3,3,0,4;-1,3,3,4,0;2,6,0,0,4;-1,6,0,4,0 | live
REL 9,-1 14,2 16,1 | -2,1,5,5,1;-1,1,5,6,0;1,2,4,6,0;-1,4,2,0,6;1,5,1,0,6;2,5,1,1,5 ||  || CORE -2,0,4,5,1;-1,0,4,6,0;1,1,3,6,0;-1,3,1,0,6;1,4,0,0,6;2,4,0,1,5 | live
REL 1,-1 18,1 20,2 | -2,0,6,1,5;-1,0,6,2,4;1,3,3,1,5;-1,3,3,5,1;1,6,0,4,2;2,6,0,5,1 ||  || CORE -2,0,6,0,4;-1,0,6,1,3;1,3,3,0,4;-1,3,3,4,0;1,6,0,3,1;2,6,0,4,0 | live
REL 8,-1 11,1 15,-2 | 2,1,5,0,6;-1,1,5,2,4;1,2,4,0,6;-1,4,2,6,0;1,5,1,4,2;-2,5,1,6,0 ||  || CORE 2,0,4,0,6;-1,0,4,2,4;1,1,3,0,6;-1,3,1,6,0;1,4,0,4,2;-2,4,0,6,0 | live
REL 1,-1 5,-2 6,-1 | 1,2,4,1,5;2,2,4,4,2;1,3,3,1,5;-1,3,3,5,1;-2,4,2,2,4;-1,4,2,5,1 ||  || CORE 1,0,2,0,4;2,0,2,3,1;1,1,1,0,4;-1,1,1,4,0;-2,2,0,1,3;-1,2,0,4,0 | live
REL 7,-1 11,-2 14,1 | 2,1,5,2,4;-1,1,5,5,1;1,2,4,5,1;-1,4,2,1,5;1,5,1,1,5;-2,5,1,4,2 ||  || CORE 2,0,4,1,3;-1,0,4,4,0;1,1,3,4,0;-1,3,1,0,4;1,4,0,0,4;-2,4,0,3,1 | live
REL 2,-1 20,-1 23,2 | 1,0,6,1,5;-2,0,6,6,0;1,3,3,0,6;-1,3,3,6,0;2,6,0,0,6;-1,6,0,5,1 ||  || CORE 1,0,6,1,5;-2,0,6,6,0;1,3,3,0,6;-1,3,3,6,0;2,6,0,0,6;-1,6,0,5,1 | live
REL 2,-1 4,-1 8,2 | -2,2,4,0,6;1,2,4,2,4;1,3,3,0,6;-1,3,3,6,0;-1,4,2,4,2;2,4,2,6,0 ||  || CORE -2,0,2,0,6;1,0,2,2,4;1,1,1,0,6;-1,1,1,6,0;-1,2,0,4,2;2,2,0,6,0 | live
REL 2,-1 19,-1 23,-2 | 1,0,6,4,2;2,0,6,6,0;1,3,3,0,6;-1,3,3,6,0;-2,6,0,0,6;-1,6,0,2,4 ||  || CORE 1,0,6,4,2;2,0,6,6,0;1,3,3,0,6;-1,3,3,6,0;-2,6,0,0,6;-1,6,0,2,4 | live
REL 17,-2 22,1 23,-1 | -1,0,6,0,6;2,0,6,3,3;1,0,6,6,0;-1,6,0,0,6;-2,6,0,3,3;1,6,0,6,0 ||  || CORE -1,0,6,0,6;2,0,6,3,3;1,0,6,6,0;-1,6,0,0,6;-2,6,0,3,3;1,6,0,6,0 | live
REL 6,-2 20,1 21,1 | -1,0,6,1,5;-1,0,6,5,1;2,2,4,1,5;-2,4,2,5,1;1,6,0,1,5;1,6,0,5,1 ||  || CORE -1,0,6,0,4;-1,0,6,4,0;2,2,4,0,4;-2,4,2,4,0;1,6,0,0,4;1,6,0,4,0 | live
REL 1,-1 4,-2 7,-1 | 2,2,4,2,4;1,2,4,5,1;1,3,3,1,5;-1,3,3,5,1;-1,4,2,1,5;-2,4,2,4,2 ||  || CORE 2,0,2,1,3;1,0,2,4,0;1,1,1,0,4;-1,1,1,4,0;-1,2,0,0,4;-2,2,0,3,1 | live
REL 2,-1 11,2 16,1 | -2,1,5,2,4;-1,1,5,6,0;1,3,3,0,6;-1,3,3,6,0;1,5,1,0,6;2,5,1,4,2 ||  || CORE -2,0,4,2,4;-1,0,4,6,0;1,2,2,0,6;-1,2,2,6,0;1,4,0,0,6;2,4,0,4,2 | live
REL 1,-1 10,2 13,1 | -1,1,5,1,5;-2,1,5,3,3;1,3,3,1,5;-1,3,3,5,1;2,5,1,3,3;1,5,1,5,1 || F 1,0,1,0,0;1,1,0,0,0 | -1,0,3,0,4;-2,0,3,2,2;1,1,2,0,4;2,1,2,2,2;-2,2,1,2,2;-1,2,1,4,0;2,3,0,2,2;1,3,0,4,0 ## F -1,0,1,0,0;1,1,0,0,0 | 1,0,2,0,4;2,0,2,2,2;2,2,0,2,2;1,2,0,4,0 || CORE 1,0,2,0,4;2,0,2,2,2;2,2,0,2,2;1,2,0,4,0 | unit
REL 8,-1 17,-1 22,2 | -2,0,6,0,6;1,0,6,3,3;1,2,4,0,6;-1,4,2,6,0;-1,6,0,3,3;2,6,0,6,0 ||  || CORE -2,0,6,0,6;1,0,6,3,3;1,2,4,0,6;-1,4,2,6,0;-1,6,0,3,3;2,6,0,6,0 | live
REL 4,-1 11,2 12,-1 | -2,1,5,2,4;1,1,5,4,2;1,2,4,2,4;-1,4,2,4,2;-1,5,1,2,4;2,5,1,4,2 ||  || CORE -2,0,4,0,2;1,0,4,2,0;1,1,3,0,2;-1,3,1,2,0;-1,4,0,0,2;2,4,0,2,0 | live
REL 6,-1 12,-2 13,1 | -1,1,5,1,5;2,1,5,4,2;1,2,4,1,5;-1,4,2,5,1;-2,5,1,2,4;1,5,1,5,1 ||  || CORE -1,0,4,0,4;2,0,4,3,1;1,1,3,0,4;-1,3,1,4,0;-2,4,0,1,3;1,4,0,4,0 | live
REL 19,-1 22,-2 23,-1 | 2,0,6,0,6;1,0,6,4,2;1,0,6,6,0;-1,6,0,0,6;-1,6,0,2,4;-2,6,0,6,0 ||  || CORE 2,0,6,0,6;1,0,6,4,2;1,0,6,6,0;-1,6,0,0,6;-1,6,0,2,4;-2,6,0,6,0 | live
REL 8,-2 20,-1 22,1 | -1,0,6,0,6;1,0,6,1,5;2,2,4,0,6;-2,4,2,6,0;-1,6,0,5,1;1,6,0,6,0 ||  || CORE -1,0,6,0,6;1,0,6,1,5;2,2,4,0,6;-2,4,2,6,0;-1,6,0,5,1;1,6,0,6,0 | live
REL 4,-2 10,1 11,-1 | 1,1,5,2,4;-1,1,5,3,3;2,2,4,2,4;-2,4,2,4,2;1,5,1,3,3;-1,5,1,4,2 ||  || CORE 1,0,4,0,2;-1,0,4,1,1;2,1,3,0,2;-2,3,1,2,0;1,4,0,1,1;-1,4,0,2,0 | live
REL 0,-2 6,-1 7,1 | 1,2,4,1,5;-1,2,4,5,1;2,3,3,2,4;-2,3,3,4,2;1,4,2,1,5;-1,4,2,5,1 || F 1,0,0,0,1;1,0,0,1,0 | 1,0,2,0,3;-1,0,2,1,2;1,0,2,2,1;-1,0,2,3,0;2,1,1,1,2;-2,1,1,2,1;1,2,0,0,3;-1,2,0,1,2;1,2,0,2,1;-1,2,0,3,0 ## F -1,0,0,0,1;1,0,0,1,0 | -1,0,2,0,2;-1,0,2,2,0;-2,1,1,1,1;-1,2,0,0,2;-1,2,0,2,0 || CORE -1,0,2,0,2;-1,0,2,2,0;-2,1,1,1,1;-1,2,0,0,2;-1,2,0,2,0 | live
REL 6,-1 18,1 20,-2 | 2,0,6,1,5;-1,0,6,2,4;1,2,4,1,5;-1,4,2,5,1;1,6,0,4,2;-2,6,0,5,1 ||  || CORE 2,0,6,0,4;-1,0,6,1,3;1,2,4,0,4;-1,4,2,4,0;1,6,0,3,1;-2,6,0,4,0 | live
REL 9,-1 20,2 22,1 | -1,0,6,0,6;-2,0,6,1,5;1,2,4,6,0;-1,4,2,0,6;2,6,0,5,1;1,6,0,6,0 ||  || CORE -1,0,6,0,6;-2,0,6,1,5;1,2,4,6,0;-1,4,2,0,6;2,6,0,5,1;1,6,0,6,0 | live
REL 15,-1 19,-2 23,1 | 2,0,6,4,2;-1,0,6,6,0;1,1,5,0,6;-1,5,1,6,0;1,6,0,0,6;-2,6,0,2,4 ||  || CORE 2,0,6,4,2;-1,0,6,6,0;1,1,5,0,6;-1,5,1,6,0;1,6,0,0,6;-2,6,0,2,4 | live
REL 8,-1 15,-2 16,-1 | 2,1,5,0,6;1,1,5,6,0;1,2,4,0,6;-1,4,2,6,0;-1,5,1,0,6;-2,5,1,6,0 || F 1,0,1,0,0;1,1,0,0,0 | 2,0,3,0,6;1,0,3,6,0;-1,1,2,0,6;-1,1,2,6,0;1,2,1,0,6;1,2,1,6,0;-1,3,0,0,6;-2,3,0,6,0 || CORE 2,0,3,0,6;1,0,3,6,0;-1,1,2,0,6;-1,1,2,6,0;1,2,1,0,6;1,2,1,6,0;-1,3,0,0,6;-2,3,0,6,0 | live
REL 12,-2 20,1 21,1 | -1,0,6,1,5;-1,0,6,5,1;2,1,5,4,2;-2,5,1,2,4;1,6,0,1,5;1,6,0,5,1 ||  || CORE -1,0,6,0,4;-1,0,6,4,0;2,1,5,3,1;-2,5,1,1,3;1,6,0,0,4;1,6,0,4,0 | live
REL 13,-2 20,1 21,-1 | -1,0,6,1,5;1,0,6,5,1;2,1,5,1,5;-2,5,1,5,1;-1,6,0,1,5;1,6,0,5,1 || F -1,0,1,0,0;1,1,0,0,0 | 1,0,5,0,4;-1,0,5,4,0;-1,1,4,0,4;-1,1,4,4,0;-1,2,3,0,4;-1,2,3,4,0;-1,3,2,0,4;-1,3,2,4,0;-1,4,1,0,4;-1,4,1,4,0;-1,5,0,0,4;1,5,0,4,0 || CORE 1,0,5,0,4;-1,0,5,4,0;-1,1,4,0,4;-1,1,4,4,0;-1,2,3,0,4;-1,2,3,4,0;-1,3,2,0,4;-1,3,2,4,0;-1,4,1,0,4;-1,4,1,4,0;-1,5,0,0,4;1,5,0,4,0 | live
REL 14,-2 17,1 20,1 | -1,0,6,1,5;-1,0,6,3,3;2,1,5,5,1;-2,5,1,1,5;1,6,0,3,3;1,6,0,5,1 ||  || CORE -1,0,6,0,4;-1,0,6,2,2;2,1,5,4,0;-2,5,1,0,4;1,6,0,2,2;1,6,0,4,0 | live
REL 7,-1 17,1 21,2 | -1,0,6,3,3;-2,0,6,5,1;1,2,4,5,1;-1,4,2,1,5;2,6,0,1,5;1,6,0,3,3 ||  || CORE -1,0,6,2,2;-2,0,6,4,0;1,2,4,4,0;-1,4,2,0,4;2,6,0,0,4;1,6,0,2,2 | live
REL 16,-1 20,2 22,1 | -1,0,6,0,6;-2,0,6,1,5;1,1,5,6,0;-1,5,1,0,6;2,6,0,5,1;1,6,0,6,0 ||  || CORE -1,0,6,0,6;-2,0,6,1,5;1,1,5,6,0;-1,5,1,0,6;2,6,0,5,1;1,6,0,6,0 | live
REL 15,-2 19,-1 22,-1 | 1,0,6,0,6;1,0,6,4,2;2,1,5,0,6;-2,5,1,6,0;-1,6,0,2,4;-1,6,0,6,0 ||  || CORE 1,0,6,0,6;1,0,6,4,2;2,1,5,0,6;-2,5,1,6,0;-1,6,0,2,4;-1,6,0,6,0 | live
REL 12,-1 15,2 16,1 | -2,1,5,0,6;1,1,5,4,2;-1,1,5,6,0;1,5,1,0,6;-1,5,1,2,4;2,5,1,6,0 || F 1,0,0,0,2;1,0,0,2,0 | -2,0,4,0,4;2,0,4,2,2;-1,0,4,4,0;1,4,0,0,4;-2,4,0,2,2;2,4,0,4,0 || CORE -2,0,4,0,4;2,0,4,2,2;-1,0,4,4,0;1,4,0,0,4;-2,4,0,2,2;2,4,0,4,0 | live
REL 12,-1 17,-2 19,-1 | 2,0,6,3,3;1,0,6,4,2;1,1,5,4,2;-1,5,1,2,4;-1,6,0,2,4;-2,6,0,3,3 || F 1,0,1,0,0;1,1,0,0,0 | 2,0,5,1,1;1,0,5,2,0;-2,1,4,1,1;2,2,3,1,1;-2,3,2,1,1;2,4,1,1,1;-1,5,0,0,2;-2,5,0,1,1 || CORE 2,0,5,1,1;1,0,5,2,0;-2,1,4,1,1;2,2,3,1,1;-2,3,2,1,1;2,4,1,1,1;-1,5,0,0,2;-2,5,0,1,1 | unit
REL 0,-1 18,-1 19,-2 | 1,0,6,2,4;2,0,6,4,2;1,3,3,2,4;-1,3,3,4,2;-2,6,0,2,4;-1,6,0,4,2 || F -1,0,1,0,0;1,1,0,0,0 | -1,0,5,0,2;-2,0,5,2,0;-1,1,4,0,2;-2,1,4,2,0;-1,2,3,0,2;-2,2,3,2,0;-2,3,2,0,2;-1,3,2,2,0;-2,4,1,0,2;-1,4,1,2,0;-2,5,0,0,2;-1,5,0,2,0 ## F 1,0,2,0,0;1,1,1,0,0;1,2,0,0,0 | -1,0,3,0,2;-2,0,3,2,0;-2,3,0,0,2;-1,3,0,2,0 || CORE -1,0,3,0,2;-2,0,3,2,0;-2,3,0,0,2;-1,3,0,2,0 | live
REL 8,-2 22,1 23,-1 | -1,0,6,0,6;1,0,6,6,0;2,2,4,0,6;-2,4,2,6,0;-1,6,0,0,6;1,6,0,6,0 || F 1,0,1,0,0;1,1,0,0,0 | -1,0,5,0,6;1,0,5,6,0;1,1,4,0,6;-1,1,4,6,0;1,2,3,0,6;1,2,3,6,0;-1,3,2,0,6;-1,3,2,6,0;1,4,1,0,6;-1,4,1,6,0;-1,5,0,0,6;1,5,0,6,0 ## F -1,0,1,0,0;1,1,0,0,0 | 1,0,4,0,6;-1,0,4,6,0;-1,2,2,0,6;-1,2,2,6,0;-1,4,0,0,6;1,4,0,6,0 || CORE 1,0,4,0,6;-1,0,4,6,0;-1,2,2,0,6;-1,2,2,6,0;-1,4,0,0,6;1,4,0,6,0 | live
REL 8,-2 20,-1 22,-1 | 1,0,6,0,6;1,0,6,1,5;2,2,4,0,6;-2,4,2,6,0;-1,6,0,5,1;-1,6,0,6,0 ||  || CORE 1,0,6,0,6;1,0,6,1,5;2,2,4,0,6;-2,4,2,6,0;-1,6,0,5,1;-1,6,0,6,0 | live
REL 12,-1 15,1 16,-2 | -1,1,5,0,6;1,1,5,4,2;2,1,5,6,0;-2,5,1,0,6;-1,5,1,2,4;1,5,1,6,0 ||  || CORE -1,0,4,0,6;1,0,4,4,2;2,0,4,6,0;-2,4,0,0,6;-1,4,0,2,4;1,4,0,6,0 | live
REL 7,-1 17,-2 20,1 | -1,0,6,1,5;2,0,6,3,3;1,2,4,5,1;-1,4,2,1,5;-2,6,0,3,3;1,6,0,5,1 ||  || CORE -1,0,6,0,4;2,0,6,2,2;1,2,4,4,0;-1,4,2,0,4;-2,6,0,2,2;1,6,0,4,0 | live
REL 2,-1 20,-2 22,-1 | 1,0,6,0,6;2,0,6,1,5;1,3,3,0,6;-1,3,3,6,0;-2,6,0,5,1;-1,6,0,6,0 ||  || CORE 1,0,6,0,6;2,0,6,1,5;1,3,3,0,6;-1,3,3,6,0;-2,6,0,5,1;-1,6,0,6,0 | live
REL 8,-1 18,2 22,-1 | 1,0,6,0,6;-2,0,6,2,4;1,2,4,0,6;-1,4,2,6,0;2,6,0,4,2;-1,6,0,6,0 ||  || CORE 1,0,6,0,6;-2,0,6,2,4;1,2,4,0,6;-1,4,2,6,0;2,6,0,4,2;-1,6,0,6,0 | live
REL 1,-1 17,-2 21,1 | 2,0,6,3,3;-1,0,6,5,1;1,3,3,1,5;-1,3,3,5,1;1,6,0,1,5;-2,6,0,3,3 || F 1,0,1,0,0;1,1,0,0,0 | 2,0,5,2,2;-1,0,5,4,0;-2,1,4,2,2;1,1,4,4,0;2,2,3,2,2;-1,2,3,4,0;1,3,2,0,4;-2,3,2,2,2;-1,4,1,0,4;2,4,1,2,2;1,5,0,0,4;-2,5,0,2,2 ## F 1,0,2,0,0;-1,1,1,0,0;1,2,0,0,0 | 2,0,3,2,2;-1,0,3,4,0;1,3,0,0,4;-2,3,0,2,2 || CORE 2,0,3,2,2;-1,0,3,4,0;1,3,0,0,4;-2,3,0,2,2 | unit
REL 8,-1 14,2 16,1 | -2,1,5,5,1;-1,1,5,6,0;1,2,4,0,6;-1,4,2,6,0;1,5,1,0,6;2,5,1,1,5 ||  || CORE -2,0,4,5,1;-1,0,4,6,0;1,1,3,0,6;-1,3,1,6,0;1,4,0,0,6;2,4,0,1,5 | live
REL 2,-2 12,1 15,1 | -1,1,5,0,6;-1,1,5,4,2;2,3,3,0,6;-2,3,3,6,0;1,5,1,2,4;1,5,1,6,0 ||  || CORE -1,0,4,0,6;-1,0,4,4,2;2,2,2,0,6;-2,2,2,6,0;1,4,0,2,4;1,4,0,6,0 | live
REL 5,-2 18,1 19,-1 | -1,0,6,2,4;1,0,6,4,2;2,2,4,4,2;-2,4,2,2,4;-1,6,0,2,4;1,6,0,4,2 ||  || CORE -1,0,6,0,2;1,0,6,2,0;2,2,4,2,0;-2,4,2,0,2;-1,6,0,0,2;1,6,0,2,0 | live
REL 5,-1 17,-2 19,1 | 2,0,6,3,3;-1,0,6,4,2;1,2,4,4,2;-1,4,2,2,4;1,6,0,2,4;-2,6,0,3,3 || F 1,0,1,0,0;1,1,0,0,0 | 2,0,5,1,1;-1,0,5,2,0;-2,1,4,1,1;1,1,4,2,0;2,2,3,1,1;-2,3,2,1,1;-1,4,1,0,2;2,4,1,1,1;1,5,0,0,2;-2,5,0,1,1 ## F -1,0,1,0,0;1,1,0,0,0 | -2,0,4,1,1;1,0,4,2,0;-2,2,2,1,1;1,4,0,0,2;-2,4,0,1,1 || CORE -2,0,4,1,1;1,0,4,2,0;-2,2,2,1,1;1,4,0,0,2;-2,4,0,1,1 | unit
REL 1,-1 18,-2 20,-1 | 1,0,6,1,5;2,0,6,2,4;1,3,3,1,5;-1,3,3,5,1;-2,6,0,4,2;-1,6,0,5,1 ||  || CORE 1,0,6,0,4;2,0,6,1,3;1,3,3,0,4;-1,3,3,4,0;-2,6,0,3,1;-1,6,0,4,0 | live
REL 12,-2 18,-1 19,-1 | 1,0,6,2,4;1,0,6,4,2;2,1,5,4,2;-2,5,1,2,4;-1,6,0,2,4;-1,6,0,4,2 ||  || CORE 1,0,6,0,2;1,0,6,2,0;2,1,5,2,0;-2,5,1,0,2;-1,6,0,0,2;-1,6,0,2,0 | live
REL 4,-1 10,-2 12,1 | 2,1,5,3,3;-1,1,5,4,2;1,2,4,2,4;-1,4,2,4,2;1,5,1,2,4;-2,5,1,3,3 || F 1,0,1,0,0;1,1,0,0,0 | 2,0,3,1,1;-1,0,3,2,0;1,1,2,0,2;-2,1,2,1,1;1,1,2,2,0;-1,2,1,0,2;2,2,1,1,1;-1,2,1,2,0;1,3,0,0,2;-2,3,0,1,1 || CORE 2,0,3,1,1;-1,0,3,2,0;1,1,2,0,2;-2,1,2,1,1;1,1,2,2,0;-1,2,1,0,2;2,2,1,1,1;-1,2,1,2,0;1,3,0,0,2;-2,3,0,1,1 | live
REL 1,-2 4,-1 7,1 | 1,2,4,2,4;-1,2,4,5,1;2,3,3,1,5;-2,3,3,5,1;1,4,2,1,5;-1,4,2,4,2 || F -1,0,0,0,1;1,0,0,1,0 | -1,0,2,1,2;-1,0,2,2,1;-1,0,2,3,0;-2,1,1,0,3;-2,1,1,1,2;-2,1,1,2,1;-2,1,1,3,0;-1,2,0,0,3;-1,2,0,1,2;-1,2,0,2,1 || CORE -1,0,2,1,2;-1,0,2,2,1;-1,0,2,3,0;-2,1,1,0,3;-2,1,1,1,2;-2,1,1,2,1;-2,1,1,3,0;-1,2,0,0,3;-1,2,0,1,2;-1,2,0,2,1 | live
REL 1,-1 4,1 7,-2 | -1,2,4,2,4;2,2,4,5,1;1,3,3,1,5;-1,3,3,5,1;-2,4,2,1,5;1,4,2,4,2 ||  || CORE -1,0,2,1,3;2,0,2,4,0;1,1,1,0,4;-1,1,1,4,0;-2,2,0,0,4;1,2,0,3,1 | live
REL 1,-2 19,-1 20,1 | -1,0,6,1,5;1,0,6,4,2;2,3,3,1,5;-2,3,3,5,1;-1,6,0,2,4;1,6,0,5,1 || F -1,0,0,0,1;1,0,0,1,0 | 1,0,6,0,3;1,0,6,1,2;1,0,6,2,1;-2,3,3,0,3;-2,3,3,1,2;-2,3,3,2,1;-2,3,3,3,0;1,6,0,1,2;1,6,0,2,1;1,6,0,3,0 || CORE 1,0,6,0,3;1,0,6,1,2;1,0,6,2,1;-2,3,3,0,3;-2,3,3,1,2;-2,3,3,2,1;-2,3,3,3,0;1,6,0,1,2;1,6,0,2,1;1,6,0,3,0 | live
REL 6,-1 13,2 14,1 | -2,1,5,1,5;-1,1,5,5,1;1,2,4,1,5;-1,4,2,5,1;1,5,1,1,5;2,5,1,5,1 || F -1,0,1,0,0;1,1,0,0,0 | 2,0,3,0,4;1,0,3,4,0;1,1,2,0,4;1,1,2,4,0;1,2,1,0,4;1,2,1,4,0;1,3,0,0,4;2,3,0,4,0 || CORE 2,0,3,0,4;1,0,3,4,0;1,1,2,0,4;1,1,2,4,0;1,2,1,0,4;1,2,1,4,0;1,3,0,0,4;2,3,0,4,0 | live
REL 15,-1 21,-1 22,-2 | 2,0,6,0,6;1,0,6,5,1;1,1,5,0,6;-1,5,1,6,0;-1,6,0,1,5;-2,6,0,6,0 ||  || CORE 2,0,6,0,6;1,0,6,5,1;1,1,5,0,6;-1,5,1,6,0;-1,6,0,1,5;-2,6,0,6,0 | live
REL 8,-2 17,-1 22,1 | -1,0,6,0,6;1,0,6,3,3;2,2,4,0,6;-2,4,2,6,0;-1,6,0,3,3;1,6,0,6,0 ||  || CORE -1,0,6,0,6;1,0,6,3,3;2,2,4,0,6;-2,4,2,6,0;-1,6,0,3,3;1,6,0,6,0 | live
REL 14,-2 15,-1 16,-1 | 1,1,5,0,6;2,1,5,5,1;1,1,5,6,0;-1,5,1,0,6;-2,5,1,1,5;-1,5,1,6,0 || F 1,0,0,0,1;1,0,0,1,0 | 1,0,4,0,5;-1,0,4,1,4;1,0,4,2,3;-1,0,4,3,2;1,0,4,4,1;1,0,4,5,0;-1,4,0,0,5;-1,4,0,1,4;1,4,0,2,3;-1,4,0,3,2;1,4,0,4,1;-1,4,0,5,0 || CORE 1,0,4,0,5;-1,0,4,1,4;1,0,4,2,3;-1,0,4,3,2;1,0,4,4,1;1,0,4,5,0;-1,4,0,0,5;-1,4,0,1,4;1,4,0,2,3;-1,4,0,3,2;1,4,0,4,1;-1,4,0,5,0 | live
REL 9,-1 20,1 22,2 | -2,0,6,0,6;-1,0,6,1,5;1,2,4,6,0;-1,4,2,0,6;1,6,0,5,1;2,6,0,6,0 ||  || CORE -2,0,6,0,6;-1,0,6,1,5;1,2,4,6,0;-1,4,2,0,6;1,6,0,5,1;2,6,0,6,0 | live
REL 11,-1 13,1 14,2 | -1,1,5,1,5;1,1,5,2,4;-2,1,5,5,1;2,5,1,1,5;-1,5,1,4,2;1,5,1,5,1 ||  || CORE -1,0,4,0,4;1,0,4,1,3;-2,0,4,4,0;2,4,0,0,4;-1,4,0,3,1;1,4,0,4,0 | live
REL 8,-1 14,-2 15,-1 | 1,1,5,0,6;2,1,5,5,1;1,2,4,0,6;-1,4,2,6,0;-2,5,1,1,5;-1,5,1,6,0 ||  || CORE 1,0,4,0,6;2,0,4,5,1;1,1,3,0,6;-1,3,1,6,0;-2,4,0,1,5;-1,4,0,6,0 | live
REL 2,-2 11,-1 15,1 | -1,1,5,0,6;1,1,5,2,4;2,3,3,0,6;-2,3,3,6,0;-1,5,1,4,2;1,5,1,6,0 || F 1,0,0,0,1;1,0,0,1,0 | -1,0,4,0,5;1,0,4,1,4;2,2,2,0,5;-2,2,2,1,4;2,2,2,2,3;-2,2,2,3,2;2,2,2,4,1;-2,2,2,5,0;-1,4,0,4,1;1,4,0,5,0 ## F -1,0,0,0,1;1,0,0,1,0 | 1,0,4,0,4;-2,2,2,0,4;-2,2,2,2,2;-2,2,2,4,0;1,4,0,4,0 || CORE 1,0,4,0,4;-2,2,2,0,4;-2,2,2,2,2;-2,2,2,4,0;1,4,0,4,0 | unit
REL 10,-2 15,-1 16,1 | 1,1,5,0,6;2,1,5,3,3;-1,1,5,6,0;1,5,1,0,6;-2,5,1,3,3;-1,5,1,6,0 ||  || CORE 1,0,4,0,6;2,0,4,3,3;-1,0,4,6,0;1,4,0,0,6;-2,4,0,3,3;-1,4,0,6,0 | live
REL 1,-1 3,-1 6,2 | -2,2,4,1,5;1,2,4,3,3;1,3,3,1,5;-1,3,3,5,1;-1,4,2,3,3;2,4,2,5,1 ||  || CORE -2,0,2,0,4;1,0,2,2,2;1,1,1,0,4;-1,1,1,4,0;-1,2,0,2,2;2,2,0,4,0 | live
REL 16,-1 21,-2 22,-1 | 1,0,6,0,6;2,0,6,5,1;1,1,5,6,0;-1,5,1,0,6;-2,6,0,1,5;-1,6,0,6,0 ||  || CORE 1,0,6,0,6;2,0,6,5,1;1,1,5,6,0;-1,5,1,0,6;-2,6,0,1,5;-1,6,0,6,0 | live
REL 4,-1 8,1 9,-2 | -1,2,4,0,6;1,2,4,2,4;2,2,4,6,0;-2,4,2,0,6;-1,4,2,4,2;1,4,2,6,0 ||  || CORE -1,0,2,0,6;1,0,2,2,4;2,0,2,6,0;-2,2,0,0,6;-1,2,0,4,2;1,2,0,6,0 | live
REL 2,-2 22,1 23,-1 | -1,0,6,0,6;1,0,6,6,0;2,3,3,0,6;-2,3,3,6,0;-1,6,0,0,6;1,6,0,6,0 || F 1,0,0,0,1;1,0,0,1,0 | -1,0,6,0,5;1,0,6,1,4;-1,0,6,2,3;1,0,6,3,2;-1,0,6,4,1;1,0,6,5,0;2,3,3,0,5;-2,3,3,1,4;2,3,3,2,3;-2,3,3,3,2;2,3,3,4,1;-2,3,3,5,0;-1,6,0,0,5;1,6,0,1,4;-1,6,0,2,3;1,6,0,3,2;-1,6,0,4,1;1,6,0,5,0 ## F -1,0,1,0,0;1,1,0,0,0 | 1,0,5,0,5;-1,0,5,1,4;1,0,5,2,3;-1,0,5,3,2;1,0,5,4,1;-1,0,5,5,0;1,1,4,0,5;-1,1,4,1,4;1,1,4,2,3;-1,1,4,3,2;1,1,4,4,1;-1,1,4,5,0;1,2,3,0,5;-1,2,3,1,4;1,2,3,2,3;-1,2,3,3,2;1,2,3,4,1;-1,2,3,5,0;-1,3,2,0,5;1,3,2,1,4;-1,3,2,2,3;1,3,2,3,2;-1,3,2,4,1;1,3,2,5,0;-1,4,1,0,5;1,4,1,1,4;-1,4,1,2,3;1,4,1,3,2;-1,4,1,4,1;1,4,1,5,0;-1,5,0,0,5;1,5,0,1,4;-1,5,0,2,3;1,5,0,3,2;-1,5,0,4,1;1,5,0,5,0 ## F -1,0,0,0,1;1,0,0,1,0 | -1,0,5,0,4;-1,0,5,2,2;-1,0,5,4,0;-1,1,4,0,4;-1,1,4,2,2;-1,1,4,4,0;-1,2,3,0,4;-1,2,3,2,2;-1,2,3,4,0;1,3,2,0,4;1,3,2,2,2;1,3,2,4,0;1,4,1,0,4;1,4,1,2,2;1,4,1,4,0;1,5,0,0,4;1,5,0,2,2;1,5,0,4,0 ## F 1,0,2,0,0;1,1,1,0,0;1,2,0,0,0 | -1,0,3,0,4;-1,0,3,2,2;-1,0,3,4,0;1,3,0,0,4;1,3,0,2,2;1,3,0,4,0 ## F 1,0,0,0,2;1,0,0,1,1;1,0,0,2,0 | -1,0,3,0,2;1,0,3,1,1;-1,0,3,2,0;1,3,0,0,2;-1,3,0,1,1;1,3,0,2,0 ## F 1,0,0,0,2;-1,0,0,1,1;1,0,0,2,0 | -1,0,3,0,0;1,3,0,0,0 ## F -1,0,3,0,0;1,3,0,0,0 | 1,0,0,0,0 || CORE 1,0,0,0,0 | monomial
REL 2,-1 13,1 15,-2 | 2,1,5,0,6;-1,1,5,1,5;1,3,3,0,6;-1,3,3,6,0;1,5,1,5,1;-2,5,1,6,0 ||  || CORE 2,0,4,0,6;-1,0,4,1,5;1,2,2,0,6;-1,2,2,6,0;1,4,0,5,1;-2,4,0,6,0 | live
REL 13,-2 19,1 21,1 | -1,0,6,4,2;-1,0,6,5,1;2,1,5,1,5;-2,5,1,5,1;1,6,0,1,5;1,6,0,2,4 ||  || CORE -1,0,6,3,1;-1,0,6,4,0;2,1,5,0,4;-2,5,1,4,0;1,6,0,0,4;1,6,0,1,3 | live
REL 1,-1 11,-2 13,1 | -1,1,5,1,5;2,1,5,2,4;1,3,3,1,5;-1,3,3,5,1;-2,5,1,4,2;1,5,1,5,1 ||  || CORE -1,0,4,0,4;2,0,4,1,3;1,2,2,0,4;-1,2,2,4,0;-2,4,0,3,1;1,4,0,4,0 | live
REL 13,-1 15,2 16,-1 | -2,1,5,0,6;1,1,5,1,5;1,1,5,6,0;-1,5,1,0,6;-1,5,1,5,1;2,5,1,6,0 || F -1,0,0,0,1;1,0,0,1,0 | 2,0,4,0,5;1,0,4,1,4;1,0,4,2,3;1,0,4,3,2;1,0,4,4,1;1,0,4,5,0;1,4,0,0,5;1,4,0,1,4;1,4,0,2,3;1,4,0,3,2;1,4,0,4,1;2,4,0,5,0 || CORE 2,0,4,0,5;1,0,4,1,4;1,0,4,2,3;1,0,4,3,2;1,0,4,4,1;1,0,4,5,0;1,4,0,0,5;1,4,0,1,4;1,4,0,2,3;1,4,0,3,2;1,4,0,4,1;2,4,0,5,0 | live
REL 11,-1 15,1 16,-2 | -1,1,5,0,6;1,1,5,2,4;2,1,5,6,0;-2,5,1,0,6;-1,5,1,4,2;1,5,1,6,0 ||  || CORE -1,0,4,0,6;1,0,4,2,4;2,0,4,6,0;-2,4,0,0,6;-1,4,0,4,2;1,4,0,6,0 | live
REL 11,-2 17,-1 19,-1 | 1,0,6,3,3;1,0,6,4,2;2,1,5,2,4;-2,5,1,4,2;-1,6,0,2,4;-1,6,0,3,3 ||  || CORE 1,0,6,1,1;1,0,6,2,0;2,1,5,0,2;-2,5,1,2,0;-1,6,0,0,2;-1,6,0,1,1 | live
REL 9,-1 11,2 16,1 | -2,1,5,2,4;-1,1,5,6,0;1,2,4,6,0;-1,4,2,0,6;1,5,1,0,6;2,5,1,4,2 ||  || CORE -2,0,4,2,4;-1,0,4,6,0;1,1,3,6,0;-1,3,1,0,6;1,4,0,0,6;2,4,0,4,2 | live
REL 2,-1 5,-2 8,1 | -1,2,4,0,6;2,2,4,4,2;1,3,3,0,6;-1,3,3,6,0;-2,4,2,2,4;1,4,2,6,0 ||  || CORE -1,0,2,0,6;2,0,2,4,2;1,1,1,0,6;-1,1,1,6,0;-2,2,0,2,4;1,2,0,6,0 | live
REL 0,-2 15,-1 16,-1 | 1,1,5,0,6;1,1,5,6,0;2,3,3,2,4;-2,3,3,4,2;-1,5,1,0,6;-1,5,1,6,0 ||  || CORE 1,0,4,0,6;1,0,4,6,0;2,2,2,2,4;-2,2,2,4,2;-1,4,0,0,6;-1,4,0,6,0 | live
REL 19,-1 20,-1 21,-2 | 1,0,6,1,5;1,0,6,4,2;2,0,6,5,1;-2,6,0,1,5;-1,6,0,2,4;-1,6,0,5,1 ||  || CORE 1,0,6,0,4;1,0,6,3,1;2,0,6,4,0;-2,6,0,0,4;-1,6,0,1,3;-1,6,0,4,0 | live
REL 2,-1 13,2 15,1 | -1,1,5,0,6;-2,1,5,1,5;1,3,3,0,6;-1,3,3,6,0;2,5,1,5,1;1,5,1,6,0 ||  || CORE -1,0,4,0,6;-2,0,4,1,5;1,2,2,0,6;-1,2,2,6,0;2,4,0,5,1;1,4,0,6,0 | live
REL 6,-2 11,1 14,-1 | -1,1,5,2,4;1,1,5,5,1;2,2,4,1,5;-2,4,2,5,1;-1,5,1,1,5;1,5,1,4,2 ||  || CORE -1,0,4,1,3;1,0,4,4,0;2,1,3,0,4;-2,3,1,4,0;-1,4,0,0,4;1,4,0,3,1 | live
REL 0,-2 15,1 16,-1 | -1,1,5,0,6;1,1,5,6,0;2,3,3,2,4;-2,3,3,4,2;-1,5,1,0,6;1,5,1,6,0 || F 1,0,0,0,1;1,0,0,1,0 | -1,0,4,0,5;1,0,4,1,4;-1,0,4,2,3;1,0,4,3,2;-1,0,4,4,1;1,0,4,5,0;2,2,2,2,3;-2,2,2,3,2;-1,4,0,0,5;1,4,0,1,4;-1,4,0,2,3;1,4,0,3,2;-1,4,0,4,1;1,4,0,5,0 ## F -1,0,0,0,1;1,0,0,1,0 | 1,0,4,0,4;1,0,4,2,2;1,0,4,4,0;-2,2,2,2,2;1,4,0,0,4;1,4,0,2,2;1,4,0,4,0 || CORE 1,0,4,0,4;1,0,4,2,2;1,0,4,4,0;-2,2,2,2,2;1,4,0,0,4;1,4,0,2,2;1,4,0,4,0 | live
REL 2,-1 4,-1 8,-2 | 2,2,4,0,6;1,2,4,2,4;1,3,3,0,6;-1,3,3,6,0;-1,4,2,4,2;-2,4,2,6,0 ||  || CORE 2,0,2,0,6;1,0,2,2,4;1,1,1,0,6;-1,1,1,6,0;-1,2,0,4,2;-2,2,0,6,0 | live
REL 0,-1 11,-1 12,2 | 1,1,5,2,4;-2,1,5,4,2;1,3,3,2,4;-1,3,3,4,2;2,5,1,2,4;-1,5,1,4,2 ||  || CORE 1,0,4,0,2;-2,0,4,2,0;1,2,2,0,2;-1,2,2,2,0;2,4,0,0,2;-1,4,0,2,0 | live
REL 3,-2 6,1 7,1 | -1,2,4,1,5;2,2,4,3,3;-1,2,4,5,1;1,4,2,1,5;-2,4,2,3,3;1,4,2,5,1 || F 1,0,1,0,0;1,1,0,0,0 | -1,0,1,0,4;2,0,1,2,2;-1,0,1,4,0;1,1,0,0,4;-2,1,0,2,2;1,1,0,4,0 ## F 1,0,0,0,1;1,0,0,1,0 | -1,0,1,0,3;1,0,1,1,2;1,0,1,2,1;-1,0,1,3,0;1,1,0,0,3;-1,1,0,1,2;-1,1,0,2,1;1,1,0,3,0 ## F -1,0,1,0,0;1,1,0,0,0 | 1,0,0,0,3;-1,0,0,1,2;-1,0,0,2,1;1,0,0,3,0 ## F -1,0,0,0,1;1,0,0,1,0 | -1,0,0,0,2;1,0,0,2,0 ## F -1,0,0,0,2;1,0,0,2,0 | 1,0,0,0,0 || CORE 1,0,0,0,0 | monomial
REL 8,-1 10,-1 15,-2 | 2,1,5,0,6;1,1,5,3,3;1,2,4,0,6;-1,4,2,6,0;-1,5,1,3,3;-2,5,1,6,0 ||  || CORE 2,0,4,0,6;1,0,4,3,3;1,1,3,0,6;-1,3,1,6,0;-1,4,0,3,3;-2,4,0,6,0 | live
REL 2,-1 13,-1 16,-2 | 1,1,5,1,5;2,1,5,6,0;1,3,3,0,6;-1,3,3,6,0;-2,5,1,0,6;-1,5,1,5,1 ||  || CORE 1,0,4,1,5;2,0,4,6,0;1,2,2,0,6;-1,2,2,6,0;-2,4,0,0,6;-1,4,0,5,1 | live
REL 8,-2 13,-1 15,1 | -1,1,5,0,6;1,1,5,1,5;2,2,4,0,6;-2,4,2,6,0;-1,5,1,5,1;1,5,1,6,0 ||  || CORE -1,0,4,0,6;1,0,4,1,5;2,1,3,0,6;-2,3,1,6,0;-1,4,0,5,1;1,4,0,6,0 | live
REL 8,-1 10,2 15,1 | -1,1,5,0,6;-2,1,5,3,3;1,2,4,0,6;-1,4,2,6,0;2,5,1,3,3;1,5,1,6,0 || F -1,0,1,0,0;1,1,0,0,0 | 1,0,3,0,6;2,0,3,3,3;2,1,2,3,3;2,2,1,3,3;2,3,0,3,3;1,3,0,6,0 || CORE 1,0,3,0,6;2,0,3,3,3;2,1,2,3,3;2,2,1,3,3;2,3,0,3,3;1,3,0,6,0 | unit
REL 13,-2 17,1 20,-1 | 1,0,6,1,5;-1,0,6,3,3;2,1,5,1,5;-2,5,1,5,1;1,6,0,3,3;-1,6,0,5,1 ||  || CORE 1,0,6,0,4;-1,0,6,2,2;2,1,5,0,4;-2,5,1,4,0;1,6,0,2,2;-1,6,0,4,0 | live
REL 9,-1 19,2 22,-1 | 1,0,6,0,6;-2,0,6,4,2;1,2,4,6,0;-1,4,2,0,6;2,6,0,2,4;-1,6,0,6,0 ||  || CORE 1,0,6,0,6;-2,0,6,4,2;1,2,4,6,0;-1,4,2,0,6;2,6,0,2,4;-1,6,0,6,0 | live
REL 11,-2 20,-1 21,1 | 1,0,6,1,5;-1,0,6,5,1;2,1,5,2,4;-2,5,1,4,2;1,6,0,1,5;-1,6,0,5,1 ||  || CORE 1,0,6,0,4;-1,0,6,4,0;2,1,5,1,3;-2,5,1,3,1;1,6,0,0,4;-1,6,0,4,0 | live
REL 0,-2 4,-1 5,-1 | 1,2,4,2,4;1,2,4,4,2;2,3,3,2,4;-2,3,3,4,2;-1,4,2,2,4;-1,4,2,4,2 ||  || CORE 1,0,2,0,2;1,0,2,2,0;2,1,1,0,2;-2,1,1,2,0;-1,2,0,0,2;-1,2,0,2,0 | live
REL 6,-1 12,-1 14,2 | 1,1,5,4,2;-2,1,5,5,1;1,2,4,1,5;-1,4,2,5,1;2,5,1,1,5;-1,5,1,2,4 ||  || CORE 1,0,4,3,1;-2,0,4,4,0;1,1,3,0,4;-1,3,1,4,0;2,4,0,0,4;-1,4,0,1,3 | live
REL 2,-1 15,-1 16,2 | 1,1,5,0,6;-2,1,5,6,0;1,3,3,0,6;-1,3,3,6,0;2,5,1,0,6;-1,5,1,6,0 ||  || CORE 1,0,4,0,6;-2,0,4,6,0;1,2,2,0,6;-1,2,2,6,0;2,4,0,0,6;-1,4,0,6,0 | live
REL 9,-1 22,-1 23,-2 | 1,0,6,0,6;2,0,6,6,0;1,2,4,6,0;-1,4,2,0,6;-2,6,0,0,6;-1,6,0,6,0 ||  || CORE 1,0,6,0,6;2,0,6,6,0;1,2,4,6,0;-1,4,2,0,6;-2,6,0,0,6;-1,6,0,6,0 | live
REL 9,-1 18,2 23,1 | -2,0,6,2,4;-1,0,6,6,0;1,2,4,6,0;-1,4,2,0,6;1,6,0,0,6;2,6,0,4,2 ||  || CORE -2,0,6,2,4;-1,0,6,6,0;1,2,4,6,0;-1,4,2,0,6;1,6,0,0,6;2,6,0,4,2 | live
REL 11,-1 17,-2 19,1 | 2,0,6,3,3;-1,0,6,4,2;1,1,5,2,4;-1,5,1,4,2;1,6,0,2,4;-2,6,0,3,3 || F 1,0,1,0,0;1,1,0,0,0 | 2,0,5,1,1;-1,0,5,2,0;1,1,4,0,2;-2,1,4,1,1;1,1,4,2,0;-1,2,3,0,2;2,2,3,1,1;-1,2,3,2,0;1,3,2,0,2;-2,3,2,1,1;1,3,2,2,0;-1,4,1,0,2;2,4,1,1,1;-1,4,1,2,0;1,5,0,0,2;-2,5,0,1,1 || CORE 2,0,5,1,1;-1,0,5,2,0;1,1,4,0,2;-2,1,4,1,1;1,1,4,2,0;-1,2,3,0,2;2,2,3,1,1;-1,2,3,2,0;1,3,2,0,2;-2,3,2,1,1;1,3,2,2,0;-1,4,1,0,2;2,4,1,1,1;-1,4,1,2,0;1,5,0,0,2;-2,5,0,1,1 | live
REL 18,-2 20,1 21,1 | -1,0,6,1,5;2,0,6,2,4;-1,0,6,5,1;1,6,0,1,5;-2,6,0,4,2;1,6,0,5,1 || F -1,0,0,0,1;1,0,0,1,0 | 1,0,6,0,3;-1,0,6,1,2;-1,0,6,2,1;-1,0,6,3,0;-1,6,0,0,3;-1,6,0,1,2;-1,6,0,2,1;1,6,0,3,0 || CORE 1,0,6,0,3;-1,0,6,1,2;-1,0,6,2,1;-1,0,6,3,0;-1,6,0,0,3;-1,6,0,1,2;-1,6,0,2,1;1,6,0,3,0 | live
REL 2,-2 18,1 23,-1 | -1,0,6,2,4;1,0,6,6,0;2,3,3,0,6;-2,3,3,6,0;-1,6,0,0,6;1,6,0,4,2 || F 1,0,0,0,1;1,0,0,1,0 | -1,0,6,2,3;1,0,6,3,2;-1,0,6,4,1;1,0,6,5,0;2,3,3,0,5;-2,3,3,1,4;2,3,3,2,3;-2,3,3,3,2;2,3,3,4,1;-2,3,3,5,0;-1,6,0,0,5;1,6,0,1,4;-1,6,0,2,3;1,6,0,3,2 ## F -1,0,0,0,1;1,0,0,1,0 | 1,0,6,2,2;1,0,6,4,0;-2,3,3,0,4;-2,3,3,2,2;-2,3,3,4,0;1,6,0,0,4;1,6,0,2,2 || CORE 1,0,6,2,2;1,0,6,4,0;-2,3,3,0,4;-2,3,3,2,2;-2,3,3,4,0;1,6,0,0,4;1,6,0,2,2 | live
REL 0,-1 3,1 5,-2 | -1,2,4,3,3;2,2,4,4,2;1,3,3,2,4;-1,3,3,4,2;-2,4,2,2,4;1,4,2,3,3 ||  || CORE -1,0,2,1,1;2,0,2,2,0;1,1,1,0,2;-1,1,1,2,0;-2,2,0,0,2;1,2,0,1,1 | live
REL 16,-1 19,-2 23,-1 | 2,0,6,4,2;1,0,6,6,0;1,1,5,6,0;-1,5,1,0,6;-1,6,0,0,6;-2,6,0,2,4 ||  || CORE 2,0,6,4,2;1,0,6,6,0;1,1,5,6,0;-1,5,1,0,6;-1,6,0,0,6;-2,6,0,2,4 | live
REL 6,-1 12,2 14,-1 | -2,1,5,4,2;1,1,5,5,1;1,2,4,1,5;-1,4,2,5,1;-1,5,1,1,5;2,5,1,2,4 ||  || CORE -2,0,4,3,1;1,0,4,4,0;1,1,3,0,4;-1,3,1,4,0;-1,4,0,0,4;2,4,0,1,3 | live
REL 8,-1 13,2 15,-1 | 1,1,5,0,6;-2,1,5,1,5;1,2,4,0,6;-1,4,2,6,0;2,5,1,5,1;-1,5,1,6,0 ||  || CORE 1,0,4,0,6;-2,0,4,1,5;1,1,3,0,6;-1,3,1,6,0;2,4,0,5,1;-1,4,0,6,0 | live
REL 16,-1 19,1 22,2 | -2,0,6,0,6;-1,0,6,4,2;1,1,5,6,0;-1,5,1,0,6;1,6,0,2,4;2,6,0,6,0 ||  || CORE -2,0,6,0,6;-1,0,6,4,2;1,1,5,6,0;-1,5,1,0,6;1,6,0,2,4;2,6,0,6,0 | live
REL 7,-1 17,2 20,-1 | 1,0,6,1,5;-2,0,6,3,3;1,2,4,5,1;-1,4,2,1,5;2,6,0,3,3;-1,6,0,5,1 || F 1,0,1,0,0;1,1,0,0,0 | 1,0,5,0,4;-2,0,5,2,2;-1,1,4,0,4;2,1,4,2,2;1,2,3,0,4;-2,2,3,2,2;1,2,3,4,0;-1,3,2,0,4;2,3,2,2,2;-1,3,2,4,0;-2,4,1,2,2;1,4,1,4,0;2,5,0,2,2;-1,5,0,4,0 ## F -1,0,1,0,0;1,1,0,0,0 | -1,0,4,0,4;2,0,4,2,2;-1,2,2,0,4;2,2,2,2,2;-1,2,2,4,0;2,4,0,2,2;-1,4,0,4,0 || CORE -1,0,4,0,4;2,0,4,2,2;-1,2,2,0,4;2,2,2,2,2;-1,2,2,4,0;2,4,0,2,2;-1,4,0,4,0 | live
REL 21,-1 22,-2 23,-1 | 2,0,6,0,6;1,0,6,5,1;1,0,6,6,0;-1,6,0,0,6;-1,6,0,1,5;-2,6,0,6,0 ||  || CORE 2,0,6,0,6;1,0,6,5,1;1,0,6,6,0;-1,6,0,0,6;-1,6,0,1,5;-2,6,0,6,0 | live
REL 9,-1 12,2 15,-1 | 1,1,5,0,6;-2,1,5,4,2;1,2,4,6,0;-1,4,2,0,6;2,5,1,2,4;-1,5,1,6,0 ||  || CORE 1,0,4,0,6;-2,0,4,4,2;1,1,3,6,0;-1,3,1,0,6;2,4,0,2,4;-1,4,0,6,0 | live
REL 6,-1 17,-1 20,-2 | 2,0,6,1,5;1,0,6,3,3;1,2,4,1,5;-1,4,2,5,1;-1,6,0,3,3;-2,6,0,5,1 ||  || CORE 2,0,6,0,4;1,0,6,2,2;1,2,4,0,4;-1,4,2,4,0;-1,6,0,2,2;-2,6,0,4,0 | live
REL 9,-1 14,-2 16,1 | 2,1,5,5,1;-1,1,5,6,0;1,2,4,6,0;-1,4,2,0,6;1,5,1,0,6;-2,5,1,1,5 ||  || CORE 2,0,4,5,1;-1,0,4,6,0;1,1,3,6,0;-1,3,1,0,6;1,4,0,0,6;-2,4,0,1,5 | live
REL 15,-1 19,-2 22,1 | -1,0,6,0,6;2,0,6,4,2;1,1,5,0,6;-1,5,1,6,0;-2,6,0,2,4;1,6,0,6,0 ||  || CORE -1,0,6,0,6;2,0,6,4,2;1,1,5,0,6;-1,5,1,6,0;-2,6,0,2,4;1,6,0,6,0 | live
REL 14,-1 19,2 21,-1 | -2,0,6,4,2;1,0,6,5,1;1,1,5,5,1;-1,5,1,1,5;-1,6,0,1,5;2,6,0,2,4 ||  || CORE -2,0,6,3,1;1,0,6,4,0;1,1,5,4,0;-1,5,1,0,4;-1,6,0,0,4;2,6,0,1,3 | live
REL 13,-2 17,-1 21,1 | 1,0,6,3,3;-1,0,6,5,1;2,1,5,1,5;-2,5,1,5,1;1,6,0,1,5;-1,6,0,3,3 ||  || CORE 1,0,6,2,2;-1,0,6,4,0;2,1,5,0,4;-2,5,1,4,0;1,6,0,0,4;-1,6,0,2,2 | live
REL 3,-2 6,-1 7,1 | 1,2,4,1,5;2,2,4,3,3;-1,2,4,5,1;1,4,2,1,5;-2,4,2,3,3;-1,4,2,5,1 ||  || CORE 1,0,2,0,4;2,0,2,2,2;-1,0,2,4,0;1,2,0,0,4;-2,2,0,2,2;-1,2,0,4,0 | live
REL 4,-2 8,1 9,1 | -1,2,4,0,6;2,2,4,2,4;-1,2,4,6,0;1,4,2,0,6;-2,4,2,4,2;1,4,2,6,0 || F 1,0,0,0,1;1,0,0,1,0 | -1,0,2,0,5;1,0,2,1,4;1,0,2,2,3;-1,0,2,3,2;1,0,2,4,1;-1,0,2,5,0;1,2,0,0,5;-1,2,0,1,4;1,2,0,2,3;-1,2,0,3,2;-1,2,0,4,1;1,2,0,5,0 ## F -1,0,0,0,1;1,0,0,1,0 | 1,0,2,0,4;-1,0,2,2,2;-1,0,2,4,0;-1,2,0,0,4;-1,2,0,2,2;1,2,0,4,0 || CORE 1,0,2,0,4;-1,0,2,2,2;-1,0,2,4,0;-1,2,0,0,4;-1,2,0,2,2;1,2,0,4,0 | live
REL 3,-2 22,-1 23,-1 | 1,0,6,0,6;1,0,6,6,0;2,2,4,3,3;-2,4,2,3,3;-1,6,0,0,6;-1,6,0,6,0 || F 1,0,1,0,0;1,1,0,0,0 | 1,0,5,0,6;1,0,5,6,0;-1,1,4,0,6;-1,1,4,6,0;1,2,3,0,6;2,2,3,3,3;1,2,3,6,0;-1,3,2,0,6;-2,3,2,3,3;-1,3,2,6,0;1,4,1,0,6;1,4,1,6,0;-1,5,0,0,6;-1,5,0,6,0 ## F -1,0,1,0,0;1,1,0,0,0 | -1,0,4,0,6;-1,0,4,6,0;-1,2,2,0,6;-2,2,2,3,3;-1,2,2,6,0;-1,4,0,0,6;-1,4,0,6,0 || CORE -1,0,4,0,6;-1,0,4,6,0;-1,2,2,0,6;-2,2,2,3,3;-1,2,2,6,0;-1,4,0,0,6;-1,4,0,6,0 | live
REL 9,-1 14,-2 15,-1 | 1,1,5,0,6;2,1,5,5,1;1,2,4,6,0;-1,4,2,0,6;-2,5,1,1,5;-1,5,1,6,0 ||  || CORE 1,0,4,0,6;2,0,4,5,1;1,1,3,6,0;-1,3,1,0,6;-2,4,0,1,5;-1,4,0,6,0 | live
REL 8,-2 13,1 15,-1 | 1,1,5,0,6;-1,1,5,1,5;2,2,4,0,6;-2,4,2,6,0;1,5,1,5,1;-1,5,1,6,0 ||  || CORE 1,0,4,0,6;-1,0,4,1,5;2,1,3,0,6;-2,3,1,6,0;1,4,0,5,1;-1,4,0,6,0 | live
REL 7,-2 11,1 14,-1 | -1,1,5,2,4;1,1,5,5,1;2,2,4,5,1;-2,4,2,1,5;-1,5,1,1,5;1,5,1,4,2 ||  || CORE -1,0,4,1,3;1,0,4,4,0;2,1,3,4,0;-2,3,1,0,4;-1,4,0,0,4;1,4,0,3,1 | live
REL 7,-2 17,1 20,-1 | 1,0,6,1,5;-1,0,6,3,3;2,2,4,5,1;-2,4,2,1,5;1,6,0,3,3;-1,6,0,5,1 ||  || CORE 1,0,6,0,4;-1,0,6,2,2;2,2,4,4,0;-2,4,2,0,4;1,6,0,2,2;-1,6,0,4,0 | live
REL 5,-1 17,1 18,2 | -2,0,6,2,4;-1,0,6,3,3;1,2,4,4,2;-1,4,2,2,4;1,6,0,3,3;2,6,0,4,2 ||  || CORE -2,0,6,0,2;-1,0,6,1,1;1,2,4,2,0;-1,4,2,0,2;1,6,0,1,1;2,6,0,2,0 | live
REL 5,-2 17,-1 19,1 | 1,0,6,3,3;-1,0,6,4,2;2,2,4,4,2;-2,4,2,2,4;1,6,0,2,4;-1,6,0,3,3 ||  || CORE 1,0,6,1,1;-1,0,6,2,0;2,2,4,2,0;-2,4,2,0,2;1,6,0,0,2;-1,6,0,1,1 | live
REL 13,-1 20,1 21,2 | -1,0,6,1,5;-2,0,6,5,1;1,1,5,1,5;-1,5,1,5,1;2,6,0,1,5;1,6,0,5,1 || F 1,0,1,0,0;1,1,0,0,0 | -1,0,5,0,4;-2,0,5,4,0;2,1,4,0,4;2,1,4,4,0;-2,2,3,0,4;-2,2,3,4,0;2,3,2,0,4;2,3,2,4,0;-2,4,1,0,4;-2,4,1,4,0;2,5,0,0,4;1,5,0,4,0 || CORE -1,0,5,0,4;-2,0,5,4,0;2,1,4,0,4;2,1,4,4,0;-2,2,3,0,4;-2,2,3,4,0;2,3,2,0,4;2,3,2,4,0;-2,4,1,0,4;-2,4,1,4,0;2,5,0,0,4;1,5,0,4,0 | live
REL 2,-2 19,1 22,1 | -1,0,6,0,6;-1,0,6,4,2;2,3,3,0,6;-2,3,3,6,0;1,6,0,2,4;1,6,0,6,0 ||  || CORE -1,0,6,0,6;-1,0,6,4,2;2,3,3,0,6;-2,3,3,6,0;1,6,0,2,4;1,6,0,6,0 | live
REL 8,-2 12,-1 16,-1 | 1,1,5,4,2;1,1,5,6,0;2,2,4,0,6;-2,4,2,6,0;-1,5,1,0,6;-1,5,1,2,4 ||  || CORE 1,0,4,4,2;1,0,4,6,0;2,1,3,0,6;-2,3,1,6,0;-1,4,0,0,6;-1,4,0,2,4 | live
REL 14,-1 17,1 20,-2 | 2,0,6,1,5;-1,0,6,3,3;1,1,5,5,1;-1,5,1,1,5;1,6,0,3,3;-2,6,0,5,1 ||  || CORE 2,0,6,0,4;-1,0,6,2,2;1,1,5,4,0;-1,5,1,0,4;1,6,0,2,2;-2,6,0,4,0 | live
REL 11,-1 15,2 16,1 | -2,1,5,0,6;1,1,5,2,4;-1,1,5,6,0;1,5,1,0,6;-1,5,1,4,2;2,5,1,6,0 ||  || CORE -2,0,4,0,6;1,0,4,2,4;-1,0,4,6,0;1,4,0,0,6;-1,4,0,4,2;2,4,0,6,0 | live
REL 14,-1 20,-1 21,-2 | 1,0,6,1,5;2,0,6,5,1;1,1,5,5,1;-1,5,1,1,5;-2,6,0,1,5;-1,6,0,5,1 || F 1,0,1,0,0;1,1,0,0,0 | 1,0,5,0,4;2,0,5,4,0;-1,1,4,0,4;-1,1,4,4,0;1,2,3,0,4;1,2,3,4,0;-1,3,2,0,4;-1,3,2,4,0;1,4,1,0,4;1,4,1,4,0;-2,5,0,0,4;-1,5,0,4,0 || CORE 1,0,5,0,4;2,0,5,4,0;-1,1,4,0,4;-1,1,4,4,0;1,2,3,0,4;1,2,3,4,0;-1,3,2,0,4;-1,3,2,4,0;1,4,1,0,4;1,4,1,4,0;-2,5,0,0,4;-1,5,0,4,0 | live
REL 9,-2 13,-1 16,1 | 1,1,5,1,5;-1,1,5,6,0;2,2,4,6,0;-2,4,2,0,6;1,5,1,0,6;-1,5,1,5,1 ||  || CORE 1,0,4,1,5;-1,0,4,6,0;2,1,3,6,0;-2,3,1,0,6;1,4,0,0,6;-1,4,0,5,1 | live
REL 2,-1 15,2 16,1 | -2,1,5,0,6;-1,1,5,6,0;1,3,3,0,6;-1,3,3,6,0;1,5,1,0,6;2,5,1,6,0 || F 1,0,1,0,0;1,1,0,0,0 | -2,0,3,0,6;-1,0,3,6,0;2,1,2,0,6;1,1,2,6,0;-1,2,1,0,6;-2,2,1,6,0;1,3,0,0,6;2,3,0,6,0 ## F -1,0,1,0,0;1,1,0,0,0 | 2,0,2,0,6;1,0,2,6,0;1,2,0,0,6;2,2,0,6,0 || CORE 2,0,2,0,6;1,0,2,6,0;1,2,0,0,6;2,2,0,6,0 | live
REL 4,-2 10,1 12,-1 | -1,1,5,3,3;1,1,5,4,2;2,2,4,2,4;-2,4,2,4,2;-1,5,1,2,4;1,5,1,3,3 ||  || CORE -1,0,4,1,1;1,0,4,2,0;2,1,3,0,2;-2,3,1,2,0;-1,4,0,0,2;1,4,0,1,1 | live
REL 9,-1 12,2 16,-1 | -2,1,5,4,2;1,1,5,6,0;1,2,4,6,0;-1,4,2,0,6;-1,5,1,0,6;2,5,1,2,4 ||  || CORE -2,0,4,4,2;1,0,4,6,0;1,1,3,6,0;-1,3,1,0,6;-1,4,0,0,6;2,4,0,2,4 | live
REL 16,-1 22,-2 23,1 | 2,0,6,0,6;-1,0,6,6,0;1,1,5,6,0;-1,5,1,0,6;1,6,0,0,6;-2,6,0,6,0 ||  || CORE 2,0,6,0,6;-1,0,6,6,0;1,1,5,6,0;-1,5,1,0,6;1,6,0,0,6;-2,6,0,6,0 | live
REL 8,-1 11,2 15,1 | -1,1,5,0,6;-2,1,5,2,4;1,2,4,0,6;-1,4,2,6,0;2,5,1,4,2;1,5,1,6,0 ||  || CORE -1,0,4,0,6;-2,0,4,2,4;1,1,3,0,6;-1,3,1,6,0;2,4,0,4,2;1,4,0,6,0 | live
REL 3,-1 8,-1 9,2 | 1,2,4,0,6;1,2,4,3,3;-2,2,4,6,0;2,4,2,0,6;-1,4,2,3,3;-1,4,2,6,0 || F -1,0,0,0,1;1,0,0,1,0 | -1,0,2,0,5;-1,0,2,1,4;-1,0,2,2,3;-2,0,2,3,2;-2,0,2,4,1;-2,0,2,5,0;-2,2,0,0,5;-2,2,0,1,4;-2,2,0,2,3;-1,2,0,3,2;-1,2,0,4,1;-1,2,0,5,0 ## F 1,0,0,0,2;1,0,0,1,1;1,0,0,2,0 | -1,0,2,0,3;-2,0,2,3,0;-2,2,0,0,3;-1,2,0,3,0 || CORE -1,0,2,0,3;-2,0,2,3,0;-2,2,0,0,3;-1,2,0,3,0 | live
REL 18,-1 22,2 23,-1 | -2,0,6,0,6;1,0,6,2,4;1,0,6,6,0;-1,6,0,0,6;-1,6,0,4,2;2,6,0,6,0 || F 1,0,0,0,1;1,0,0,1,0 | -2,0,6,0,5;2,0,6,1,4;-1,0,6,2,3;1,0,6,3,2;-1,0,6,4,1;1,0,6,5,0;-1,6,0,0,5;1,6,0,1,4;-1,6,0,2,3;1,6,0,3,2;-2,6,0,4,1;2,6,0,5,0 ## F -1,0,0,0,1;1,0,0,1,0 | 2,0,6,0,4;1,0,6,2,2;1,0,6,4,0;1,6,0,0,4;1,6,0,2,2;2,6,0,4,0 || CORE 2,0,6,0,4;1,0,6,2,2;1,0,6,4,0;1,6,0,0,4;1,6,0,2,2;2,6,0,4,0 | live
REL 9,-1 14,-1 15,2 | -2,1,5,0,6;1,1,5,5,1;1,2,4,6,0;-1,4,2,0,6;-1,5,1,1,5;2,5,1,6,0 ||  || CORE -2,0,4,0,6;1,0,4,5,1;1,1,3,6,0;-1,3,1,0,6;-1,4,0,1,5;2,4,0,6,0 | live
REL 3,-1 8,-2 9,-1 | 2,2,4,0,6;1,2,4,3,3;1,2,4,6,0;-1,4,2,0,6;-1,4,2,3,3;-2,4,2,6,0 ||  || CORE 2,0,2,0,6;1,0,2,3,3;1,0,2,6,0;-1,2,0,0,6;-1,2,0,3,3;-2,2,0,6,0 | live
REL 10,-2 18,-1 19,1 | 1,0,6,2,4;-1,0,6,4,2;2,1,5,3,3;-2,5,1,3,3;1,6,0,2,4;-1,6,0,4,2 || F 1,0,2,0,0;1,2,0,0,0 | 1,0,4,0,2;-1,0,4,2,0;2,1,3,1,1;-1,2,2,0,2;1,2,2,2,0;-2,3,1,1,1;1,4,0,0,2;-1,4,0,2,0 || CORE 1,0,4,0,2;-1,0,4,2,0;2,1,3,1,1;-1,2,2,0,2;1,2,2,2,0;-2,3,1,1,1;1,4,0,0,2;-1,4,0,2,0 | live
REL 8,-1 11,1 16,-2 | -1,1,5,2,4;2,1,5,6,0;1,2,4,0,6;-1,4,2,6,0;-2,5,1,0,6;1,5,1,4,2 ||  || CORE -1,0,4,2,4;2,0,4,6,0;1,1,3,0,6;-1,3,1,6,0;-2,4,0,0,6;1,4,0,4,2 | live
REL 15,-1 20,2 22,1 | -1,0,6,0,6;-2,0,6,1,5;1,1,5,0,6;-1,5,1,6,0;2,6,0,5,1;1,6,0,6,0 ||  || CORE -1,0,6,0,6;-2,0,6,1,5;1,1,5,0,6;-1,5,1,6,0;2,6,0,5,1;1,6,0,6,0 | live
REL 16,-2 17,-1 22,-1 | 1,0,6,0,6;1,0,6,3,3;2,1,5,6,0;-2,5,1,0,6;-1,6,0,3,3;-1,6,0,6,0 ||  || CORE 1,0,6,0,6;1,0,6,3,3;2,1,5,6,0;-2,5,1,0,6;-1,6,0,3,3;-1,6,0,6,0 | live
REL 5,-2 13,1 14,1 | -1,1,5,1,5;-1,1,5,5,1;2,2,4,4,2;-2,4,2,2,4;1,5,1,1,5;1,5,1,5,1 ||  || CORE -1,0,4,0,4;-1,0,4,4,0;2,1,3,3,1;-2,3,1,1,3;1,4,0,0,4;1,4,0,4,0 | live
REL 9,-1 18,-2 23,-1 | 2,0,6,2,4;1,0,6,6,0;1,2,4,6,0;-1,4,2,0,6;-1,6,0,0,6;-2,6,0,4,2 ||  || CORE 2,0,6,2,4;1,0,6,6,0;1,2,4,6,0;-1,4,2,0,6;-1,6,0,0,6;-2,6,0,4,2 | live
REL 20,-1 22,2 23,1 | -2,0,6,0,6;1,0,6,1,5;-1,0,6,6,0;1,6,0,0,6;-1,6,0,5,1;2,6,0,6,0 ||  || CORE -2,0,6,0,6;1,0,6,1,5;-1,0,6,6,0;1,6,0,0,6;-1,6,0,5,1;2,6,0,6,0 | live
REL 12,-1 17,2 18,1 | -1,0,6,2,4;-2,0,6,3,3;1,1,5,4,2;-1,5,1,2,4;2,6,0,3,3;1,6,0,4,2 || F 1,0,1,0,0;1,1,0,0,0 | -1,0,5,0,2;-2,0,5,1,1;1,1,4,0,2;2,1,4,1,1;1,1,4,2,0;-1,2,3,0,2;-2,2,3,1,1;-1,2,3,2,0;1,3,2,0,2;2,3,2,1,1;1,3,2,2,0;-1,4,1,0,2;-2,4,1,1,1;-1,4,1,2,0;2,5,0,1,1;1,5,0,2,0 || CORE -1,0,5,0,2;-2,0,5,1,1;1,1,4,0,2;2,1,4,1,1;1,1,4,2,0;-1,2,3,0,2;-2,2,3,1,1;-1,2,3,2,0;1,3,2,0,2;2,3,2,1,1;1,3,2,2,0;-1,4,1,0,2;-2,4,1,1,1;-1,4,1,2,0;2,5,0,1,1;1,5,0,2,0 | live
REL 3,-2 20,1 21,1 | -1,0,6,1,5;-1,0,6,5,1;2,2,4,3,3;-2,4,2,3,3;1,6,0,1,5;1,6,0,5,1 || F 1,0,1,0,0;1,1,0,0,0 | -1,0,5,0,4;-1,0,5,4,0;1,1,4,0,4;1,1,4,4,0;-1,2,3,0,4;2,2,3,2,2;-1,2,3,4,0;1,3,2,0,4;-2,3,2,2,2;1,3,2,4,0;-1,4,1,0,4;-1,4,1,4,0;1,5,0,0,4;1,5,0,4,0 ## F -1,0,1,0,0;1,1,0,0,0 | 1,0,4,0,4;1,0,4,4,0;1,2,2,0,4;-2,2,2,2,2;1,2,2,4,0;1,4,0,0,4;1,4,0,4,0 || CORE 1,0,4,0,4;1,0,4,4,0;1,2,2,0,4;-2,2,2,2,2;1,2,2,4,0;1,4,0,0,4;1,4,0,4,0 | live
REL 16,-1 20,2 23,1 | -2,0,6,1,5;-1,0,6,6,0;1,1,5,6,0;-1,5,1,0,6;1,6,0,0,6;2,6,0,5,1 ||  || CORE -2,0,6,1,5;-1,0,6,6,0;1,1,5,6,0;-1,5,1,0,6;1,6,0,0,6;2,6,0,5,1 | live
REL 2,-2 17,-1 23,-1 | 1,0,6,3,3;1,0,6,6,0;2,3,3,0,6;-2,3,3,6,0;-1,6,0,0,6;-1,6,0,3,3 || F 1,0,0,0,1;1,0,0,1,0 | 1,0,6,3,2;-1,0,6,4,1;1,0,6,5,0;2,3,3,0,5;-2,3,3,1,4;2,3,3,2,3;-2,3,3,3,2;2,3,3,4,1;-2,3,3,5,0;-1,6,0,0,5;1,6,0,1,4;-1,6,0,2,3 ## F 1,0,0,0,2;-1,0,0,1,1;1,0,0,2,0 | 1,0,6,3,0;2,3,3,0,3;-2,3,3,3,0;-1,6,0,0,3 || CORE 1,0,6,3,0;2,3,3,0,3;-2,3,3,3,0;-1,6,0,0,3 | unit
REL 13,-2 18,-1 21,-1 | 1,0,6,2,4;1,0,6,5,1;2,1,5,1,5;-2,5,1,5,1;-1,6,0,1,5;-1,6,0,4,2 ||  || CORE 1,0,6,1,3;1,0,6,4,0;2,1,5,0,4;-2,5,1,4,0;-1,6,0,0,4;-1,6,0,3,1 | live
REL 9,-1 11,-1 15,2 | -2,1,5,0,6;1,1,5,2,4;1,2,4,6,0;-1,4,2,0,6;-1,5,1,4,2;2,5,1,6,0 ||  || CORE -2,0,4,0,6;1,0,4,2,4;1,1,3,6,0;-1,3,1,0,6;-1,4,0,4,2;2,4,0,6,0 | live
REL 1,-1 10,-2 13,-1 | 1,1,5,1,5;2,1,5,3,3;1,3,3,1,5;-1,3,3,5,1;-2,5,1,3,3;-1,5,1,5,1 || F 1,0,2,0,0;1,2,0,0,0 | 1,0,2,0,4;2,0,2,2,2;-2,2,0,2,2;-1,2,0,4,0 || CORE 1,0,2,0,4;2,0,2,2,2;-2,2,0,2,2;-1,2,0,4,0 | unit
REL 7,-1 17,2 21,-1 | -2,0,6,3,3;1,0,6,5,1;1,2,4,5,1;-1,4,2,1,5;-1,6,0,1,5;2,6,0,3,3 ||  || CORE -2,0,6,2,2;1,0,6,4,0;1,2,4,4,0;-1,4,2,0,4;-1,6,0,0,4;2,6,0,2,2 | live
REL 8,-2 11,1 15,1 | -1,1,5,0,6;-1,1,5,2,4;2,2,4,0,6;-2,4,2,6,0;1,5,1,4,2;1,5,1,6,0 ||  || CORE -1,0,4,0,6;-1,0,4,2,4;2,1,3,0,6;-2,3,1,6,0;1,4,0,4,2;1,4,0,6,0 | live
REL 9,-1 21,2 22,1 | -1,0,6,0,6;-2,0,6,5,1;1,2,4,6,0;-1,4,2,0,6;2,6,0,1,5;1,6,0,6,0 ||  || CORE -1,0,6,0,6;-2,0,6,5,1;1,2,4,6,0;-1,4,2,0,6;2,6,0,1,5;1,6,0,6,0 | live
REL 6,-1 19,-1 20,2 | -2,0,6,1,5;1,0,6,4,2;1,2,4,1,5;-1,4,2,5,1;-1,6,0,2,4;2,6,0,5,1 ||  || CORE -2,0,6,0,4;1,0,6,3,1;1,2,4,0,4;-1,4,2,4,0;-1,6,0,1,3;2,6,0,4,0 | live
REL 7,-1 19,-1 21,2 | 1,0,6,4,2;-2,0,6,5,1;1,2,4,5,1;-1,4,2,1,5;2,6,0,1,5;-1,6,0,2,4 ||  || CORE 1,0,6,3,1;-2,0,6,4,0;1,2,4,4,0;-1,4,2,0,4;2,6,0,0,4;-1,6,0,1,3 | live
REL 9,-1 10,-1 16,2 | 1,1,5,3,3;-2,1,5,6,0;1,2,4,6,0;-1,4,2,0,6;2,5,1,0,6;-1,5,1,3,3 ||  || CORE 1,0,4,3,3;-2,0,4,6,0;1,1,3,6,0;-1,3,1,0,6;2,4,0,0,6;-1,4,0,3,3 | live
REL 12,-2 13,-1 14,1 | 1,1,5,1,5;2,1,5,4,2;-1,1,5,5,1;1,5,1,1,5;-2,5,1,2,4;-1,5,1,5,1 ||  || CORE 1,0,4,0,4;2,0,4,3,1;-1,0,4,4,0;1,4,0,0,4;-2,4,0,1,3;-1,4,0,4,0 | live
REL 8,-1 18,2 23,1 | -2,0,6,2,4;-1,0,6,6,0;1,2,4,0,6;-1,4,2,6,0;1,6,0,0,6;2,6,0,4,2 ||  || CORE -2,0,6,2,4;-1,0,6,6,0;1,2,4,0,6;-1,4,2,6,0;1,6,0,0,6;2,6,0,4,2 | live
REL 15,-2 17,-1 22,1 | -1,0,6,0,6;1,0,6,3,3;2,1,5,0,6;-2,5,1,6,0;-1,6,0,3,3;1,6,0,6,0 ||  || CORE -1,0,6,0,6;1,0,6,3,3;2,1,5,0,6;-2,5,1,6,0;-1,6,0,3,3;1,6,0,6,0 | live
REL 7,-1 18,2 21,-1 | -2,0,6,2,4;1,0,6,5,1;1,2,4,5,1;-1,4,2,1,5;-1,6,0,1,5;2,6,0,4,2 ||  || CORE -2,0,6,1,3;1,0,6,4,0;1,2,4,4,0;-1,4,2,0,4;-1,6,0,0,4;2,6,0,3,1 | live
REL 8,-1 13,2 16,-1 | -2,1,5,1,5;1,1,5,6,0;1,2,4,0,6;-1,4,2,6,0;-1,5,1,0,6;2,5,1,5,1 ||  || CORE -2,0,4,1,5;1,0,4,6,0;1,1,3,0,6;-1,3,1,6,0;-1,4,0,0,6;2,4,0,5,1 | live
REL 7,-2 19,1 20,-1 | 1,0,6,1,5;-1,0,6,4,2;2,2,4,5,1;-2,4,2,1,5;1,6,0,2,4;-1,6,0,5,1 ||  || CORE 1,0,6,0,4;-1,0,6,3,1;2,2,4,4,0;-2,4,2,0,4;1,6,0,1,3;-1,6,0,4,0 | live
REL 16,-1 18,-2 22,-1 | 1,0,6,0,6;2,0,6,2,4;1,1,5,6,0;-1,5,1,0,6;-2,6,0,4,2;-1,6,0,6,0 ||  || CORE 1,0,6,0,6;2,0,6,2,4;1,1,5,6,0;-1,5,1,0,6;-2,6,0,4,2;-1,6,0,6,0 | live
REL 15,-1 21,-1 23,2 | 1,0,6,5,1;-2,0,6,6,0;1,1,5,0,6;-1,5,1,6,0;2,6,0,0,6;-1,6,0,1,5 ||  || CORE 1,0,6,5,1;-2,0,6,6,0;1,1,5,0,6;-1,5,1,6,0;2,6,0,0,6;-1,6,0,1,5 | live
REL 2,-1 11,1 15,-2 | 2,1,5,0,6;-1,1,5,2,4;1,3,3,0,6;-1,3,3,6,0;1,5,1,4,2;-2,5,1,6,0 ||  || CORE 2,0,4,0,6;-1,0,4,2,4;1,2,2,0,6;-1,2,2,6,0;1,4,0,4,2;-2,4,0,6,0 | live
REL 9,-1 19,-2 22,-1 | 1,0,6,0,6;2,0,6,4,2;1,2,4,6,0;-1,4,2,0,6;-2,6,0,2,4;-1,6,0,6,0 ||  || CORE 1,0,6,0,6;2,0,6,4,2;1,2,4,6,0;-1,4,2,0,6;-2,6,0,2,4;-1,6,0,6,0 | live
REL 9,-2 10,1 16,1 | -1,1,5,3,3;-1,1,5,6,0;2,2,4,6,0;-2,4,2,0,6;1,5,1,0,6;1,5,1,3,3 ||  || CORE -1,0,4,3,3;-1,0,4,6,0;2,1,3,6,0;-2,3,1,0,6;1,4,0,0,6;1,4,0,3,3 | live
REL 8,-1 19,-2 22,-1 | 1,0,6,0,6;2,0,6,4,2;1,2,4,0,6;-1,4,2,6,0;-2,6,0,2,4;-1,6,0,6,0 ||  || CORE 1,0,6,0,6;2,0,6,4,2;1,2,4,0,6;-1,4,2,6,0;-2,6,0,2,4;-1,6,0,6,0 | live
REL 0,-2 22,1 23,-1 | -1,0,6,0,6;1,0,6,6,0;2,3,3,2,4;-2,3,3,4,2;-1,6,0,0,6;1,6,0,6,0 || F 1,0,0,0,1;1,0,0,1,0 | -1,0,6,0,5;1,0,6,1,4;-1,0,6,2,3;1,0,6,3,2;-1,0,6,4,1;1,0,6,5,0;2,3,3,2,3;-2,3,3,3,2;-1,6,0,0,5;1,6,0,1,4;-1,6,0,2,3;1,6,0,3,2;-1,6,0,4,1;1,6,0,5,0 ## F -1,0,0,0,1;1,0,0,1,0 | 1,0,6,0,4;1,0,6,2,2;1,0,6,4,0;-2,3,3,2,2;1,6,0,0,4;1,6,0,2,2;1,6,0,4,0 || CORE 1,0,6,0,4;1,0,6,2,2;1,0,6,4,0;-2,3,3,2,2;1,6,0,0,4;1,6,0,2,2;1,6,0,4,0 | live
REL 2,-1 22,1 23,2 | -1,0,6,0,6;-2,0,6,6,0;1,3,3,0,6;-1,3,3,6,0;2,6,0,0,6;1,6,0,6,0 || F 1,0,1,0,0;1,1,0,0,0 | -1,0,5,0,6;-2,0,5,6,0;1,1,4,0,6;2,1,4,6,0;-1,2,3,0,6;-2,2,3,6,0;2,3,2,0,6;1,3,2,6,0;-2,4,1,0,6;-1,4,1,6,0;2,5,0,0,6;1,5,0,6,0 ## F 1,0,2,0,0;-1,1,1,0,0;1,2,0,0,0 | -1,0,3,0,6;-2,0,3,6,0;2,3,0,0,6;1,3,0,6,0 || CORE -1,0,3,0,6;-2,0,3,6,0;2,3,0,0,6;1,3,0,6,0 | live
REL 5,-2 15,1 16,-1 | -1,1,5,0,6;1,1,5,6,0;2,2,4,4,2;-2,4,2,2,4;-1,5,1,0,6;1,5,1,6,0 ||  || CORE -1,0,4,0,6;1,0,4,6,0;2,1,3,4,2;-2,3,1,2,4;-1,4,0,0,6;1,4,0,6,0 | live
REL 4,-1 10,1 11,-2 | 2,1,5,2,4;-1,1,5,3,3;1,2,4,2,4;-1,4,2,4,2;1,5,1,3,3;-2,5,1,4,2 ||  || CORE 2,0,4,0,2;-1,0,4,1,1;1,1,3,0,2;-1,3,1,2,0;1,4,0,1,1;-2,4,0,2,0 | live
REL 8,-2 17,1 22,-1 | 1,0,6,0,6;-1,0,6,3,3;2,2,4,0,6;-2,4,2,6,0;1,6,0,3,3;-1,6,0,6,0 ||  || CORE 1,0,6,0,6;-1,0,6,3,3;2,2,4,0,6;-2,4,2,6,0;1,6,0,3,3;-1,6,0,6,0 | live
REL 6,-2 15,-1 16,-1 | 1,1,5,0,6;1,1,5,6,0;2,2,4,1,5;-2,4,2,5,1;-1,5,1,0,6;-1,5,1,6,0 ||  || CORE 1,0,4,0,6;1,0,4,6,0;2,1,3,1,5;-2,3,1,5,1;-1,4,0,0,6;-1,4,0,6,0 | live
REL 6,-2 10,1 13,-1 | 1,1,5,1,5;-1,1,5,3,3;2,2,4,1,5;-2,4,2,5,1;1,5,1,3,3;-1,5,1,5,1 ||  || CORE 1,0,4,0,4;-1,0,4,2,2;2,1,3,0,4;-2,3,1,4,0;1,4,0,2,2;-1,4,0,4,0 | live
REL 19,-2 22,1 23,-1 | -1,0,6,0,6;2,0,6,4,2;1,0,6,6,0;-1,6,0,0,6;-2,6,0,2,4;1,6,0,6,0 || F 1,0,0,0,2;1,0,0,2,0 | -1,0,6,0,4;1,0,6,2,2;1,0,6,4,0;-1,6,0,0,4;-1,6,0,2,2;1,6,0,4,0 || CORE -1,0,6,0,4;1,0,6,2,2;1,0,6,4,0;-1,6,0,0,4;-1,6,0,2,2;1,6,0,4,0 | live
REL 0,-1 3,1 5,2 | -1,2,4,3,3;-2,2,4,4,2;1,3,3,2,4;-1,3,3,4,2;2,4,2,2,4;1,4,2,3,3 ||  || CORE -1,0,2,1,1;-2,0,2,2,0;1,1,1,0,2;-1,1,1,2,0;2,2,0,0,2;1,2,0,1,1 | live
REL 9,-1 21,2 23,-1 | -2,0,6,5,1;1,0,6,6,0;1,2,4,6,0;-1,4,2,0,6;-1,6,0,0,6;2,6,0,1,5 ||  || CORE -2,0,6,5,1;1,0,6,6,0;1,2,4,6,0;-1,4,2,0,6;-1,6,0,0,6;2,6,0,1,5 | live
REL 13,-2 18,1 21,-1 | -1,0,6,2,4;1,0,6,5,1;2,1,5,1,5;-2,5,1,5,1;-1,6,0,1,5;1,6,0,4,2 ||  || CORE -1,0,6,1,3;1,0,6,4,0;2,1,5,0,4;-2,5,1,4,0;-1,6,0,0,4;1,6,0,3,1 | live
REL 1,-1 18,1 21,2 | -1,0,6,2,4;-2,0,6,5,1;1,3,3,1,5;-1,3,3,5,1;2,6,0,1,5;1,6,0,4,2 ||  || CORE -1,0,6,1,3;-2,0,6,4,0;1,3,3,0,4;-1,3,3,4,0;2,6,0,0,4;1,6,0,3,1 | live
REL 13,-2 19,-1 21,-1 | 1,0,6,4,2;1,0,6,5,1;2,1,5,1,5;-2,5,1,5,1;-1,6,0,1,5;-1,6,0,2,4 ||  || CORE 1,0,6,3,1;1,0,6,4,0;2,1,5,0,4;-2,5,1,4,0;-1,6,0,0,4;-1,6,0,1,3 | live
REL 9,-1 13,2 16,1 | -2,1,5,1,5;-1,1,5,6,0;1,2,4,6,0;-1,4,2,0,6;1,5,1,0,6;2,5,1,5,1 ||  || CORE -2,0,4,1,5;-1,0,4,6,0;1,1,3,6,0;-1,3,1,0,6;1,4,0,0,6;2,4,0,5,1 | live
REL 7,-2 18,-1 20,1 | -1,0,6,1,5;1,0,6,2,4;2,2,4,5,1;-2,4,2,1,5;-1,6,0,4,2;1,6,0,5,1 ||  || CORE -1,0,6,0,4;1,0,6,1,3;2,2,4,4,0;-2,4,2,0,4;-1,6,0,3,1;1,6,0,4,0 | live
REL 6,-2 11,-1 13,1 | -1,1,5,1,5;1,1,5,2,4;2,2,4,1,5;-2,4,2,5,1;-1,5,1,4,2;1,5,1,5,1 ||  || CORE -1,0,4,0,4;1,0,4,1,3;2,1,3,0,4;-2,3,1,4,0;-1,4,0,3,1;1,4,0,4,0 | live
REL 2,-1 19,1 22,-2 | 2,0,6,0,6;-1,0,6,4,2;1,3,3,0,6;-1,3,3,6,0;1,6,0,2,4;-2,6,0,6,0 ||  || CORE 2,0,6,0,6;-1,0,6,4,2;1,3,3,0,6;-1,3,3,6,0;1,6,0,2,4;-2,6,0,6,0 | live
REL 7,-2 22,-1 23,1 | 1,0,6,0,6;-1,0,6,6,0;2,2,4,5,1;-2,4,2,1,5;1,6,0,0,6;-1,6,0,6,0 ||  || CORE 1,0,6,0,6;-1,0,6,6,0;2,2,4,5,1;-2,4,2,1,5;1,6,0,0,6;-1,6,0,6,0 | live
REL 1,-2 11,1 14,-1 | -1,1,5,2,4;1,1,5,5,1;2,3,3,1,5;-2,3,3,5,1;-1,5,1,1,5;1,5,1,4,2 || F -1,0,0,0,1;1,0,0,1,0 | 1,0,4,1,2;1,0,4,2,1;1,0,4,3,0;-2,2,2,0,3;-2,2,2,1,2;-2,2,2,2,1;-2,2,2,3,0;1,4,0,0,3;1,4,0,1,2;1,4,0,2,1 || CORE 1,0,4,1,2;1,0,4,2,1;1,0,4,3,0;-2,2,2,0,3;-2,2,2,1,2;-2,2,2,2,1;-2,2,2,3,0;1,4,0,0,3;1,4,0,1,2;1,4,0,2,1 | live
REL 8,-1 11,-1 16,-2 | 1,1,5,2,4;2,1,5,6,0;1,2,4,0,6;-1,4,2,6,0;-2,5,1,0,6;-1,5,1,4,2 ||  || CORE 1,0,4,2,4;2,0,4,6,0;1,1,3,0,6;-1,3,1,6,0;-2,4,0,0,6;-1,4,0,4,2 | live
REL 13,-1 17,-2 20,1 | -1,0,6,1,5;2,0,6,3,3;1,1,5,1,5;-1,5,1,5,1;-2,6,0,3,3;1,6,0,5,1 || F -1,0,1,0,0;1,1,0,0,0 | 1,0,5,0,4;-2,0,5,2,2;-2,1,4,2,2;-2,2,3,2,2;-2,3,2,2,2;-2,4,1,2,2;-2,5,0,2,2;1,5,0,4,0 || CORE 1,0,5,0,4;-2,0,5,2,2;-2,1,4,2,2;-2,2,3,2,2;-2,3,2,2,2;-2,4,1,2,2;-2,5,0,2,2;1,5,0,4,0 | unit
REL 9,-1 20,-2 22,-1 | 1,0,6,0,6;2,0,6,1,5;1,2,4,6,0;-1,4,2,0,6;-2,6,0,5,1;-1,6,0,6,0 ||  || CORE 1,0,6,0,6;2,0,6,1,5;1,2,4,6,0;-1,4,2,0,6;-2,6,0,5,1;-1,6,0,6,0 | live
REL 4,-1 10,2 12,1 | -2,1,5,3,3;-1,1,5,4,2;1,2,4,2,4;-1,4,2,4,2;1,5,1,2,4;2,5,1,3,3 || F 1,0,1,0,0;1,1,0,0,0 | -2,0,3,1,1;-1,0,3,2,0;1,1,2,0,2;2,1,2,1,1;1,1,2,2,0;-1,2,1,0,2;-2,2,1,1,1;-1,2,1,2,0;1,3,0,0,2;2,3,0,1,1 || CORE -2,0,3,1,1;-1,0,3,2,0;1,1,2,0,2;2,1,2,1,1;1,1,2,2,0;-1,2,1,0,2;-2,2,1,1,1;-1,2,1,2,0;1,3,0,0,2;2,3,0,1,1 | live
REL 13,-1 19,2 21,-1 | -2,0,6,4,2;1,0,6,5,1;1,1,5,1,5;-1,5,1,5,1;-1,6,0,1,5;2,6,0,2,4 ||  || CORE -2,0,6,3,1;1,0,6,4,0;1,1,5,0,4;-1,5,1,4,0;-1,6,0,0,4;2,6,0,1,3 | live
REL 2,-1 13,2 16,1 | -2,1,5,1,5;-1,1,5,6,0;1,3,3,0,6;-1,3,3,6,0;1,5,1,0,6;2,5,1,5,1 ||  || CORE -2,0,4,1,5;-1,0,4,6,0;1,2,2,0,6;-1,2,2,6,0;1,4,0,0,6;2,4,0,5,1 | live
REL 4,-2 10,-1 11,-1 | 1,1,5,2,4;1,1,5,3,3;2,2,4,2,4;-2,4,2,4,2;-1,5,1,3,3;-1,5,1,4,2 ||  || CORE 1,0,4,0,2;1,0,4,1,1;2,1,3,0,2;-2,3,1,2,0;-1,4,0,1,1;-1,4,0,2,0 | live
REL 15,-1 17,-2 23,1 | 2,0,6,3,3;-1,0,6,6,0;1,1,5,0,6;-1,5,1,6,0;1,6,0,0,6;-2,6,0,3,3 || F 1,0,1,0,0;1,1,0,0,0 | 2,0,5,3,3;-1,0,5,6,0;1,1,4,0,6;-2,1,4,3,3;1,1,4,6,0;-1,2,3,0,6;2,2,3,3,3;-1,2,3,6,0;1,3,2,0,6;-2,3,2,3,3;1,3,2,6,0;-1,4,1,0,6;2,4,1,3,3;-1,4,1,6,0;1,5,0,0,6;-2,5,0,3,3 || CORE 2,0,5,3,3;-1,0,5,6,0;1,1,4,0,6;-2,1,4,3,3;1,1,4,6,0;-1,2,3,0,6;2,2,3,3,3;-1,2,3,6,0;1,3,2,0,6;-2,3,2,3,3;1,3,2,6,0;-1,4,1,0,6;2,4,1,3,3;-1,4,1,6,0;1,5,0,0,6;-2,5,0,3,3 | live
REL 9,-1 14,-1 16,-2 | 1,1,5,5,1;2,1,5,6,0;1,2,4,6,0;-1,4,2,0,6;-2,5,1,0,6;-1,5,1,1,5 ||  || CORE 1,0,4,5,1;2,0,4,6,0;1,1,3,6,0;-1,3,1,0,6;-2,4,0,0,6;-1,4,0,1,5 | live
REL 6,-2 10,-1 13,-1 | 1,1,5,1,5;1,1,5,3,3;2,2,4,1,5;-2,4,2,5,1;-1,5,1,3,3;-1,5,1,5,1 ||  || CORE 1,0,4,0,4;1,0,4,2,2;2,1,3,0,4;-2,3,1,4,0;-1,4,0,2,2;-1,4,0,4,0 | live
REL 16,-1 17,1 23,-2 | -1,0,6,3,3;2,0,6,6,0;1,1,5,6,0;-1,5,1,0,6;-2,6,0,0,6;1,6,0,3,3 ||  || CORE -1,0,6,3,3;2,0,6,6,0;1,1,5,6,0;-1,5,1,0,6;-2,6,0,0,6;1,6,0,3,3 | live
REL 19,-1 20,1 21,-2 | -1,0,6,1,5;1,0,6,4,2;2,0,6,5,1;-2,6,0,1,5;-1,6,0,2,4;1,6,0,5,1 || F 1,0,0,0,1;1,0,0,1,0 | -1,0,6,0,3;1,0,6,1,2;-1,0,6,2,1;2,0,6,3,0;-2,6,0,0,3;1,6,0,1,2;-1,6,0,2,1;1,6,0,3,0 || CORE -1,0,6,0,3;1,0,6,1,2;-1,0,6,2,1;2,0,6,3,0;-2,6,0,0,3;1,6,0,1,2;-1,6,0,2,1;1,6,0,3,0 | live
REL 0,-2 6,1 7,1 | -1,2,4,1,5;-1,2,4,5,1;2,3,3,2,4;-2,3,3,4,2;1,4,2,1,5;1,4,2,5,1 ||  || CORE -1,0,2,0,4;-1,0,2,4,0;2,1,1,1,3;-2,1,1,3,1;1,2,0,0,4;1,2,0,4,0 | live
REL 14,-1 17,1 21,-2 | -1,0,6,3,3;2,0,6,5,1;1,1,5,5,1;-1,5,1,1,5;-2,6,0,1,5;1,6,0,3,3 ||  || CORE -1,0,6,2,2;2,0,6,4,0;1,1,5,4,0;-1,5,1,0,4;-2,6,0,0,4;1,6,0,2,2 | live
REL 14,-2 19,1 20,-1 | 1,0,6,1,5;-1,0,6,4,2;2,1,5,5,1;-2,5,1,1,5;1,6,0,2,4;-1,6,0,5,1 ||  || CORE 1,0,6,0,4;-1,0,6,3,1;2,1,5,4,0;-2,5,1,0,4;1,6,0,1,3;-1,6,0,4,0 | live
REL 2,-1 22,-2 23,1 | 2,0,6,0,6;-1,0,6,6,0;1,3,3,0,6;-1,3,3,6,0;1,6,0,0,6;-2,6,0,6,0 ||  || CORE 2,0,6,0,6;-1,0,6,6,0;1,3,3,0,6;-1,3,3,6,0;1,6,0,0,6;-2,6,0,6,0 | live
REL 1,-1 3,2 6,1 | -1,2,4,1,5;-2,2,4,3,3;1,3,3,1,5;-1,3,3,5,1;2,4,2,3,3;1,4,2,5,1 || F -1,0,1,0,0;1,1,0,0,0 | 1,0,1,0,4;2,0,1,2,2;2,1,0,2,2;1,1,0,4,0 || CORE 1,0,1,0,4;2,0,1,2,2;2,1,0,2,2;1,1,0,4,0 | unit
REL 4,-1 8,-1 9,2 | 1,2,4,0,6;1,2,4,2,4;-2,2,4,6,0;2,4,2,0,6;-1,4,2,4,2;-1,4,2,6,0 || F 1,0,0,0,1;1,0,0,1,0 | 1,0,2,0,5;-1,0,2,1,4;2,0,2,2,3;-2,0,2,3,2;2,0,2,4,1;-2,0,2,5,0;2,2,0,0,5;-2,2,0,1,4;2,2,0,2,3;-2,2,0,3,2;1,2,0,4,1;-1,2,0,5,0 ## F -1,0,0,0,1;1,0,0,1,0 | -1,0,2,0,4;-2,0,2,2,2;-2,0,2,4,0;-2,2,0,0,4;-2,2,0,2,2;-1,2,0,4,0 || CORE -1,0,2,0,4;-2,0,2,2,2;-2,0,2,4,0;-2,2,0,0,4;-2,2,0,2,2;-1,2,0,4,0 | live
REL 15,-2 18,1 22,1 | -1,0,6,0,6;-1,0,6,2,4;2,1,5,0,6;-2,5,1,6,0;1,6,0,4,2;1,6,0,6,0 ||  || CORE -1,0,6,0,6;-1,0,6,2,4;2,1,5,0,6;-2,5,1,6,0;1,6,0,4,2;1,6,0,6,0 | live
REL 16,-1 19,1 22,-2 | 2,0,6,0,6;-1,0,6,4,2;1,1,5,6,0;-1,5,1,0,6;1,6,0,2,4;-2,6,0,6,0 ||  || CORE 2,0,6,0,6;-1,0,6,4,2;1,1,5,6,0;-1,5,1,0,6;1,6,0,2,4;-2,6,0,6,0 | live
REL 16,-1 20,-1 22,2 | -2,0,6,0,6;1,0,6,1,5;1,1,5,6,0;-1,5,1,0,6;-1,6,0,5,1;2,6,0,6,0 ||  || CORE -2,0,6,0,6;1,0,6,1,5;1,1,5,6,0;-1,5,1,0,6;-1,6,0,5,1;2,6,0,6,0 | live
REL 7,-2 17,1 21,1 | -1,0,6,3,3;-1,0,6,5,1;2,2,4,5,1;-2,4,2,1,5;1,6,0,1,5;1,6,0,3,3 ||  || CORE -1,0,6,2,2;-1,0,6,4,0;2,2,4,4,0;-2,4,2,0,4;1,6,0,0,4;1,6,0,2,2 | live
REL 1,-1 19,2 20,1 | -1,0,6,1,5;-2,0,6,4,2;1,3,3,1,5;-1,3,3,5,1;2,6,0,2,4;1,6,0,5,1 ||  || CORE -1,0,6,0,4;-2,0,6,3,1;1,3,3,0,4;-1,3,3,4,0;2,6,0,1,3;1,6,0,4,0 | live
REL 0,-1 17,-2 18,-1 | 1,0,6,2,4;2,0,6,3,3;1,3,3,2,4;-1,3,3,4,2;-2,6,0,3,3;-1,6,0,4,2 || F 1,0,1,0,0;1,1,0,0,0 | 1,0,5,0,2;2,0,5,1,1;-1,1,4,0,2;-2,1,4,1,1;1,2,3,0,2;2,2,3,1,1;-2,3,2,1,1;-1,3,2,2,0;2,4,1,1,1;1,4,1,2,0;-2,5,0,1,1;-1,5,0,2,0 ## F 1,0,2,0,0;-1,1,1,0,0;1,2,0,0,0 | 1,0,3,0,2;2,0,3,1,1;-2,3,0,1,1;-1,3,0,2,0 || CORE 1,0,3,0,2;2,0,3,1,1;-2,3,0,1,1;-1,3,0,2,0 | unit
REL 11,-2 20,-1 21,-1 | 1,0,6,1,5;1,0,6,5,1;2,1,5,2,4;-2,5,1,4,2;-1,6,0,1,5;-1,6,0,5,1 ||  || CORE 1,0,6,0,4;1,0,6,4,0;2,1,5,1,3;-2,5,1,3,1;-1,6,0,0,4;-1,6,0,4,0 | live
REL 6,-1 19,-1 21,2 | 1,0,6,4,2;-2,0,6,5,1;1,2,4,1,5;-1,4,2,5,1;2,6,0,1,5;-1,6,0,2,4 ||  || CORE 1,0,6,3,1;-2,0,6,4,0;1,2,4,0,4;-1,4,2,4,0;2,6,0,0,4;-1,6,0,1,3 | live
REL 13,-1 15,1 16,2 | -1,1,5,0,6;1,1,5,1,5;-2,1,5,6,0;2,5,1,0,6;-1,5,1,5,1;1,5,1,6,0 ||  || CORE -1,0,4,0,6;1,0,4,1,5;-2,0,4,6,0;2,4,0,0,6;-1,4,0,5,1;1,4,0,6,0 | live
REL 1,-1 3,2 7,1 | -2,2,4,3,3;-1,2,4,5,1;1,3,3,1,5;-1,3,3,5,1;1,4,2,1,5;2,4,2,3,3 || F 1,0,1,0,0;1,1,0,0,0 | -2,0,1,2,2;-1,0,1,4,0;1,1,0,0,4;2,1,0,2,2 || CORE -2,0,1,2,2;-1,0,1,4,0;1,1,0,0,4;2,1,0,2,2 | unit
REL 4,-1 17,1 18,-2 | 2,0,6,2,4;-1,0,6,3,3;1,2,4,2,4;-1,4,2,4,2;1,6,0,3,3;-2,6,0,4,2 ||  || CORE 2,0,6,0,2;-1,0,6,1,1;1,2,4,0,2;-1,4,2,2,0;1,6,0,1,1;-2,6,0,2,0 | live
REL 2,-1 13,-2 15,-1 | 1,1,5,0,6;2,1,5,1,5;1,3,3,0,6;-1,3,3,6,0;-2,5,1,5,1;-1,5,1,6,0 ||  || CORE 1,0,4,0,6;2,0,4,1,5;1,2,2,0,6;-1,2,2,6,0;-2,4,0,5,1;-1,4,0,6,0 | live
REL 12,-2 22,1 23,-1 | -1,0,6,0,6;1,0,6,6,0;2,1,5,4,2;-2,5,1,2,4;-1,6,0,0,6;1,6,0,6,0 ||  || CORE -1,0,6,0,6;1,0,6,6,0;2,1,5,4,2;-2,5,1,2,4;-1,6,0,0,6;1,6,0,6,0 | live
REL 12,-1 15,2 16,-1 | -2,1,5,0,6;1,1,5,4,2;1,1,5,6,0;-1,5,1,0,6;-1,5,1,2,4;2,5,1,6,0 || F 1,0,0,0,1;1,0,0,1,0 | -2,0,4,0,5;2,0,4,1,4;-2,0,4,2,3;2,0,4,3,2;-1,0,4,4,1;1,0,4,5,0;-1,4,0,0,5;1,4,0,1,4;-2,4,0,2,3;2,4,0,3,2;-2,4,0,4,1;2,4,0,5,0 ## F -1,0,0,0,1;1,0,0,1,0 | 2,0,4,0,4;2,0,4,2,2;1,0,4,4,0;1,4,0,0,4;2,4,0,2,2;2,4,0,4,0 || CORE 2,0,4,0,4;2,0,4,2,2;1,0,4,4,0;1,4,0,0,4;2,4,0,2,2;2,4,0,4,0 | live
REL 7,-1 18,-2 21,1 | 2,0,6,2,4;-1,0,6,5,1;1,2,4,5,1;-1,4,2,1,5;1,6,0,1,5;-2,6,0,4,2 ||  || CORE 2,0,6,1,3;-1,0,6,4,0;1,2,4,4,0;-1,4,2,0,4;1,6,0,0,4;-2,6,0,3,1 | live
REL 13,-1 19,-1 21,2 | 1,0,6,4,2;-2,0,6,5,1;1,1,5,1,5;-1,5,1,5,1;2,6,0,1,5;-1,6,0,2,4 ||  || CORE 1,0,6,3,1;-2,0,6,4,0;1,1,5,0,4;-1,5,1,4,0;2,6,0,0,4;-1,6,0,1,3 | live
REL 2,-1 10,-1 16,2 | 1,1,5,3,3;-2,1,5,6,0;1,3,3,0,6;-1,3,3,6,0;2,5,1,0,6;-1,5,1,3,3 ||  || CORE 1,0,4,3,3;-2,0,4,6,0;1,2,2,0,6;-1,2,2,6,0;2,4,0,0,6;-1,4,0,3,3 | live
REL 10,-2 20,1 21,-1 | -1,0,6,1,5;1,0,6,5,1;2,1,5,3,3;-2,5,1,3,3;-1,6,0,1,5;1,6,0,5,1 || F 1,0,2,0,0;1,2,0,0,0 | -1,0,4,0,4;1,0,4,4,0;2,1,3,2,2;1,2,2,0,4;-1,2,2,4,0;-2,3,1,2,2;-1,4,0,0,4;1,4,0,4,0 || CORE -1,0,4,0,4;1,0,4,4,0;2,1,3,2,2;1,2,2,0,4;-1,2,2,4,0;-2,3,1,2,2;-1,4,0,0,4;1,4,0,4,0 | live
REL 2,-1 7,2 9,-1 | -2,2,4,5,1;1,2,4,6,0;1,3,3,0,6;-1,3,3,6,0;-1,4,2,0,6;2,4,2,1,5 ||  || CORE -2,0,2,5,1;1,0,2,6,0;1,1,1,0,6;-1,1,1,6,0;-1,2,0,0,6;2,2,0,1,5 | live
REL 0,-1 10,-2 11,-1 | 1,1,5,2,4;2,1,5,3,3;1,3,3,2,4;-1,3,3,4,2;-2,5,1,3,3;-1,5,1,4,2 || F 1,0,2,0,0;1,2,0,0,0 | 1,0,2,0,2;2,0,2,1,1;-2,2,0,1,1;-1,2,0,2,0 || CORE 1,0,2,0,2;2,0,2,1,1;-2,2,0,1,1;-1,2,0,2,0 | unit
REL 0,-1 17,-1 19,-2 | 1,0,6,3,3;2,0,6,4,2;1,3,3,2,4;-1,3,3,4,2;-2,6,0,2,4;-1,6,0,3,3 ||  || CORE 1,0,6,1,1;2,0,6,2,0;1,3,3,0,2;-1,3,3,2,0;-2,6,0,0,2;-1,6,0,1,1 | live
REL 1,-1 18,-1 20,2 | -2,0,6,1,5;1,0,6,2,4;1,3,3,1,5;-1,3,3,5,1;-1,6,0,4,2;2,6,0,5,1 ||  || CORE -2,0,6,0,4;1,0,6,1,3;1,3,3,0,4;-1,3,3,4,0;-1,6,0,3,1;2,6,0,4,0 | live
REL 13,-2 22,1 23,-1 | -1,0,6,0,6;1,0,6,6,0;2,1,5,1,5;-2,5,1,5,1;-1,6,0,0,6;1,6,0,6,0 ||  || CORE -1,0,6,0,6;1,0,6,6,0;2,1,5,1,5;-2,5,1,5,1;-1,6,0,0,6;1,6,0,6,0 | live
REL 13,-1 17,-1 20,2 | -2,0,6,1,5;1,0,6,3,3;1,1,5,1,5;-1,5,1,5,1;-1,6,0,3,3;2,6,0,5,1 ||  || CORE -2,0,6,0,4;1,0,6,2,2;1,1,5,0,4;-1,5,1,4,0;-1,6,0,2,2;2,6,0,4,0 | live
REL 2,-2 22,-1 23,1 | 1,0,6,0,6;-1,0,6,6,0;2,3,3,0,6;-2,3,3,6,0;1,6,0,0,6;-1,6,0,6,0 || F 1,0,1,0,0;1,1,0,0,0 | 1,0,5,0,6;-1,0,5,6,0;-1,1,4,0,6;1,1,4,6,0;1,2,3,0,6;-1,2,3,6,0;1,3,2,0,6;-1,3,2,6,0;-1,4,1,0,6;1,4,1,6,0;1,5,0,0,6;-1,5,0,6,0 ## F 1,0,0,0,1;1,0,0,1,0 | 1,0,5,0,5;-1,0,5,1,4;1,0,5,2,3;-1,0,5,3,2;1,0,5,4,1;-1,0,5,5,0;-1,1,4,0,5;1,1,4,1,4;-1,1,4,2,3;1,1,4,3,2;-1,1,4,4,1;1,1,4,5,0;1,2,3,0,5;-1,2,3,1,4;1,2,3,2,3;-1,2,3,3,2;1,2,3,4,1;-1,2,3,5,0;1,3,2,0,5;-1,3,2,1,4;1,3,2,2,3;-1,3,2,3,2;1,3,2,4,1;-1,3,2,5,0;-1,4,1,0,5;1,4,1,1,4;-1,4,1,2,3;1,4,1,3,2;-1,4,1,4,1;1,4,1,5,0;1,5,0,0,5;-1,5,0,1,4;1,5,0,2,3;-1,5,0,3,2;1,5,0,4,1;-1,5,0,5,0 ## F -1,0,0,0,1;1,0,0,1,0 | -1,0,5,0,4;-1,0,5,2,2;-1,0,5,4,0;1,1,4,0,4;1,1,4,2,2;1,1,4,4,0;-1,2,3,0,4;-1,2,3,2,2;-1,2,3,4,0;-1,3,2,0,4;-1,3,2,2,2;-1,3,2,4,0;1,4,1,0,4;1,4,1,2,2;1,4,1,4,0;-1,5,0,0,4;-1,5,0,2,2;-1,5,0,4,0 ## F 1,0,0,0,2;1,0,0,1,1;1,0,0,2,0 | -1,0,5,0,2;1,0,5,1,1;-1,0,5,2,0;1,1,4,0,2;-1,1,4,1,1;1,1,4,2,0;-1,2,3,0,2;1,2,3,1,1;-1,2,3,2,0;-1,3,2,0,2;1,3,2,1,1;-1,3,2,2,0;1,4,1,0,2;-1,4,1,1,1;1,4,1,2,0;-1,5,0,0,2;1,5,0,1,1;-1,5,0,2,0 ## F 1,0,2,0,0;-1,1,1,0,0;1,2,0,0,0 | -1,0,3,0,2;1,0,3,1,1;-1,0,3,2,0;-1,3,0,0,2;1,3,0,1,1;-1,3,0,2,0 ## F 1,0,0,0,2;-1,0,0,1,1;1,0,0,2,0 | -1,0,3,0,0;-1,3,0,0,0 ## F 1,0,3,0,0;1,3,0,0,0 | -1,0,0,0,0 || CORE -1,0,0,0,0 | monomial
REL 3,-2 8,1 9,-1 | -1,2,4,0,6;2,2,4,3,3;1,2,4,6,0;-1,4,2,0,6;-2,4,2,3,3;1,4,2,6,0 ||  || CORE -1,0,2,0,6;2,0,2,3,3;1,0,2,6,0;-1,2,0,0,6;-2,2,0,3,3;1,2,0,6,0 | live
REL 0,-1 3,-2 5,1 | 2,2,4,3,3;-1,2,4,4,2;1,3,3,2,4;-1,3,3,4,2;1,4,2,2,4;-2,4,2,3,3 || F 1,0,1,0,0;1,1,0,0,0 | 2,0,1,1,1;-1,0,1,2,0;1,1,0,0,2;-2,1,0,1,1 || CORE 2,0,1,1,1;-1,0,1,2,0;1,1,0,0,2;-2,1,0,1,1 | unit
REL 2,-1 6,1 8,2 | -2,2,4,0,6;-1,2,4,1,5;1,3,3,0,6;-1,3,3,6,0;1,4,2,5,1;2,4,2,6,0 ||  || CORE -2,0,2,0,6;-1,0,2,1,5;1,1,1,0,6;-1,1,1,6,0;1,2,0,5,1;2,2,0,6,0 | live
REL 6,-1 11,-1 13,2 | -2,1,5,1,5;1,1,5,2,4;1,2,4,1,5;-1,4,2,5,1;-1,5,1,4,2;2,5,1,5,1 ||  || CORE -2,0,4,0,4;1,0,4,1,3;1,1,3,0,4;-1,3,1,4,0;-1,4,0,3,1;2,4,0,4,0 | live
REL 0,-1 17,1 19,2 | -1,0,6,3,3;-2,0,6,4,2;1,3,3,2,4;-1,3,3,4,2;2,6,0,2,4;1,6,0,3,3 ||  || CORE -1,0,6,1,1;-2,0,6,2,0;1,3,3,0,2;-1,3,3,2,0;2,6,0,0,2;1,6,0,1,1 | live
REL 2,-1 20,-1 23,-2 | 1,0,6,1,5;2,0,6,6,0;1,3,3,0,6;-1,3,3,6,0;-2,6,0,0,6;-1,6,0,5,1 ||  || CORE 1,0,6,1,5;2,0,6,6,0;1,3,3,0,6;-1,3,3,6,0;-2,6,0,0,6;-1,6,0,5,1 | live
REL 8,-2 10,-1 16,1 | 1,1,5,3,3;-1,1,5,6,0;2,2,4,0,6;-2,4,2,6,0;1,5,1,0,6;-1,5,1,3,3 ||  || CORE 1,0,4,3,3;-1,0,4,6,0;2,1,3,0,6;-2,3,1,6,0;1,4,0,0,6;-1,4,0,3,3 | live
REL 2,-1 14,-1 15,2 | -2,1,5,0,6;1,1,5,5,1;1,3,3,0,6;-1,3,3,6,0;-1,5,1,1,5;2,5,1,6,0 ||  || CORE -2,0,4,0,6;1,0,4,5,1;1,2,2,0,6;-1,2,2,6,0;-1,4,0,1,5;2,4,0,6,0 | live
REL 8,-1 11,-1 15,2 | -2,1,5,0,6;1,1,5,2,4;1,2,4,0,6;-1,4,2,6,0;-1,5,1,4,2;2,5,1,6,0 ||  || CORE -2,0,4,0,6;1,0,4,2,4;1,1,3,0,6;-1,3,1,6,0;-1,4,0,4,2;2,4,0,6,0 | live
REL 14,-2 17,-1 21,1 | 1,0,6,3,3;-1,0,6,5,1;2,1,5,5,1;-2,5,1,1,5;1,6,0,1,5;-1,6,0,3,3 ||  || CORE 1,0,6,2,2;-1,0,6,4,0;2,1,5,4,0;-2,5,1,0,4;1,6,0,0,4;-1,6,0,2,2 | live
REL 0,-1 10,2 11,-1 | 1,1,5,2,4;-2,1,5,3,3;1,3,3,2,4;-1,3,3,4,2;2,5,1,3,3;-1,5,1,4,2 || F 1,0,2,0,0;1,2,0,0,0 | 1,0,2,0,2;-2,0,2,1,1;2,2,0,1,1;-1,2,0,2,0 || CORE 1,0,2,0,2;-2,0,2,1,1;2,2,0,1,1;-1,2,0,2,0 | unit
REL 14,-1 17,-1 21,2 | 1,0,6,3,3;-2,0,6,5,1;1,1,5,5,1;-1,5,1,1,5;2,6,0,1,5;-1,6,0,3,3 ||  || CORE 1,0,6,2,2;-2,0,6,4,0;1,1,5,4,0;-1,5,1,0,4;2,6,0,0,4;-1,6,0,2,2 | live
REL 7,-1 11,1 14,-2 | -1,1,5,2,4;2,1,5,5,1;1,2,4,5,1;-1,4,2,1,5;-2,5,1,1,5;1,5,1,4,2 ||  || CORE -1,0,4,1,3;2,0,4,4,0;1,1,3,4,0;-1,3,1,0,4;-2,4,0,0,4;1,4,0,3,1 | live
REL 7,-1 18,-1 20,2 | -2,0,6,1,5;1,0,6,2,4;1,2,4,5,1;-1,4,2,1,5;-1,6,0,4,2;2,6,0,5,1 ||  || CORE -2,0,6,0,4;1,0,6,1,3;1,2,4,4,0;-1,4,2,0,4;-1,6,0,3,1;2,6,0,4,0 | live
REL 11,-1 18,2 19,1 | -2,0,6,2,4;-1,0,6,4,2;1,1,5,2,4;-1,5,1,4,2;1,6,0,2,4;2,6,0,4,2 || F -1,0,1,0,0;1,1,0,0,0 | 2,0,5,0,2;1,0,5,2,0;1,1,4,0,2;1,1,4,2,0;1,2,3,0,2;1,2,3,2,0;1,3,2,0,2;1,3,2,2,0;1,4,1,0,2;1,4,1,2,0;1,5,0,0,2;2,5,0,2,0 || CORE 2,0,5,0,2;1,0,5,2,0;1,1,4,0,2;1,1,4,2,0;1,2,3,0,2;1,2,3,2,0;1,3,2,0,2;1,3,2,2,0;1,4,1,0,2;1,4,1,2,0;1,5,0,0,2;2,5,0,2,0 | live
REL 2,-1 3,-1 8,-2 | 2,2,4,0,6;1,2,4,3,3;1,3,3,0,6;-1,3,3,6,0;-1,4,2,3,3;-2,4,2,6,0 ||  || CORE 2,0,2,0,6;1,0,2,3,3;1,1,1,0,6;-1,1,1,6,0;-1,2,0,3,3;-2,2,0,6,0 | live
REL 1,-2 19,1 20,1 | -1,0,6,1,5;-1,0,6,4,2;2,3,3,1,5;-2,3,3,5,1;1,6,0,2,4;1,6,0,5,1 || F 1,0,0,0,1;1,0,0,1,0 | -1,0,6,0,3;1,0,6,1,2;-1,0,6,2,1;2,3,3,0,3;-2,3,3,1,2;2,3,3,2,1;-2,3,3,3,0;1,6,0,1,2;-1,6,0,2,1;1,6,0,3,0 || CORE -1,0,6,0,3;1,0,6,1,2;-1,0,6,2,1;2,3,3,0,3;-2,3,3,1,2;2,3,3,2,1;-2,3,3,3,0;1,6,0,1,2;-1,6,0,2,1;1,6,0,3,0 | live
REL 15,-2 21,1 23,1 | -1,0,6,5,1;-1,0,6,6,0;2,1,5,0,6;-2,5,1,6,0;1,6,0,0,6;1,6,0,1,5 ||  || CORE -1,0,6,5,1;-1,0,6,6,0;2,1,5,0,6;-2,5,1,6,0;1,6,0,0,6;1,6,0,1,5 | live
REL 0,-1 17,1 18,-2 | 2,0,6,2,4;-1,0,6,3,3;1,3,3,2,4;-1,3,3,4,2;1,6,0,3,3;-2,6,0,4,2 ||  || CORE 2,0,6,0,2;-1,0,6,1,1;1,3,3,0,2;-1,3,3,2,0;1,6,0,1,1;-2,6,0,2,0 | live
REL 13,-1 20,-2 21,-1 | 2,0,6,1,5;1,0,6,5,1;1,1,5,1,5;-1,5,1,5,1;-1,6,0,1,5;-2,6,0,5,1 || F 1,0,1,0,0;1,1,0,0,0 | 2,0,5,0,4;1,0,5,4,0;-1,1,4,0,4;-1,1,4,4,0;1,2,3,0,4;1,2,3,4,0;-1,3,2,0,4;-1,3,2,4,0;1,4,1,0,4;1,4,1,4,0;-1,5,0,0,4;-2,5,0,4,0 || CORE 2,0,5,0,4;1,0,5,4,0;-1,1,4,0,4;-1,1,4,4,0;1,2,3,0,4;1,2,3,4,0;-1,3,2,0,4;-1,3,2,4,0;1,4,1,0,4;1,4,1,4,0;-1,5,0,0,4;-2,5,0,4,0 | live
REL 4,-1 10,2 11,1 | -1,1,5,2,4;-2,1,5,3,3;1,2,4,2,4;-1,4,2,4,2;2,5,1,3,3;1,5,1,4,2 || F -1,0,1,0,0;1,1,0,0,0 | 1,0,3,0,2;2,0,3,1,1;2,1,2,1,1;2,2,1,1,1;2,3,0,1,1;1,3,0,2,0 || CORE 1,0,3,0,2;2,0,3,1,1;2,1,2,1,1;2,2,1,1,1;2,3,0,1,1;1,3,0,2,0 | unit
REL 11,-1 15,1 16,2 | -1,1,5,0,6;1,1,5,2,4;-2,1,5,6,0;2,5,1,0,6;-1,5,1,4,2;1,5,1,6,0 || F 1,0,0,0,2;1,0,0,2,0 | -1,0,4,0,4;2,0,4,2,2;-2,0,4,4,0;2,4,0,0,4;-2,4,0,2,2;1,4,0,4,0 || CORE -1,0,4,0,4;2,0,4,2,2;-2,0,4,4,0;2,4,0,0,4;-2,4,0,2,2;1,4,0,4,0 | live
REL 5,-1 10,1 11,-2 | 2,1,5,2,4;-1,1,5,3,3;1,2,4,4,2;-1,4,2,2,4;1,5,1,3,3;-2,5,1,4,2 ||  || CORE 2,0,4,0,2;-1,0,4,1,1;1,1,3,2,0;-1,3,1,0,2;1,4,0,1,1;-2,4,0,2,0 | live
REL 1,-1 17,1 21,2 | -1,0,6,3,3;-2,0,6,5,1;1,3,3,1,5;-1,3,3,5,1;2,6,0,1,5;1,6,0,3,3 ||  || CORE -1,0,6,2,2;-2,0,6,4,0;1,3,3,0,4;-1,3,3,4,0;2,6,0,0,4;1,6,0,2,2 | live
REL 10,-1 13,-2 14,-1 | 2,1,5,1,5;1,1,5,3,3;1,1,5,5,1;-1,5,1,1,5;-1,5,1,3,3;-2,5,1,5,1 ||  || CORE 2,0,4,0,4;1,0,4,2,2;1,0,4,4,0;-1,4,0,0,4;-1,4,0,2,2;-2,4,0,4,0 | live
REL 8,-1 22,2 23,1 | -2,0,6,0,6;-1,0,6,6,0;1,2,4,0,6;-1,4,2,6,0;1,6,0,0,6;2,6,0,6,0 || F 1,0,1,0,0;1,1,0,0,0 | -2,0,5,0,6;-1,0,5,6,0;2,1,4,0,6;1,1,4,6,0;-1,2,3,0,6;-1,2,3,6,0;1,3,2,0,6;1,3,2,6,0;-1,4,1,0,6;-2,4,1,6,0;1,5,0,0,6;2,5,0,6,0 ## F -1,0,1,0,0;1,1,0,0,0 | 2,0,4,0,6;1,0,4,6,0;1,2,2,0,6;1,2,2,6,0;1,4,0,0,6;2,4,0,6,0 || CORE 2,0,4,0,6;1,0,4,6,0;1,2,2,0,6;1,2,2,6,0;1,4,0,0,6;2,4,0,6,0 | live
REL 13,-1 19,2 20,1 | -1,0,6,1,5;-2,0,6,4,2;1,1,5,1,5;-1,5,1,5,1;2,6,0,2,4;1,6,0,5,1 ||  || CORE -1,0,6,0,4;-2,0,6,3,1;1,1,5,0,4;-1,5,1,4,0;2,6,0,1,3;1,6,0,4,0 | live
REL 0,-1 3,2 5,-1 | -2,2,4,3,3;1,2,4,4,2;1,3,3,2,4;-1,3,3,4,2;-1,4,2,2,4;2,4,2,3,3 || F -1,0,1,0,0;1,1,0,0,0 | 2,0,1,1,1;-1,0,1,2,0;-1,1,0,0,2;2,1,0,1,1 || CORE 2,0,1,1,1;-1,0,1,2,0;-1,1,0,0,2;2,1,0,1,1 | unit
REL 9,-1 13,-2 15,-1 | 1,1,5,0,6;2,1,5,1,5;1,2,4,6,0;-1,4,2,0,6;-2,5,1,5,1;-1,5,1,6,0 ||  || CORE 1,0,4,0,6;2,0,4,1,5;1,1,3,6,0;-1,3,1,0,6;-2,4,0,5,1;-1,4,0,6,0 | live
REL 12,-1 18,-2 19,1 | 2,0,6,2,4;-1,0,6,4,2;1,1,5,4,2;-1,5,1,2,4;1,6,0,2,4;-2,6,0,4,2 ||  || CORE 2,0,6,0,2;-1,0,6,2,0;1,1,5,2,0;-1,5,1,0,2;1,6,0,0,2;-2,6,0,2,0 | live
REL 2,-1 19,-2 22,1 | -1,0,6,0,6;2,0,6,4,2;1,3,3,0,6;-1,3,3,6,0;-2,6,0,2,4;1,6,0,6,0 ||  || CORE -1,0,6,0,6;2,0,6,4,2;1,3,3,0,6;-1,3,3,6,0;-2,6,0,2,4;1,6,0,6,0 | live
REL 9,-2 10,-1 15,-1 | 1,1,5,0,6;1,1,5,3,3;2,2,4,6,0;-2,4,2,0,6;-1,5,1,3,3;-1,5,1,6,0 ||  || CORE 1,0,4,0,6;1,0,4,3,3;2,1,3,6,0;-2,3,1,0,6;-1,4,0,3,3;-1,4,0,6,0 | live
REL 15,-2 21,1 23,-1 | -1,0,6,5,1;1,0,6,6,0;2,1,5,0,6;-2,5,1,6,0;-1,6,0,0,6;1,6,0,1,5 ||  || CORE -1,0,6,5,1;1,0,6,6,0;2,1,5,0,6;-2,5,1,6,0;-1,6,0,0,6;1,6,0,1,5 | live
REL 2,-2 5,-1 9,-1 | 1,2,4,4,2;1,2,4,6,0;2,3,3,0,6;-2,3,3,6,0;-1,4,2,0,6;-1,4,2,2,4 ||  || CORE 1,0,2,4,2;1,0,2,6,0;2,1,1,0,6;-2,1,1,6,0;-1,2,0,0,6;-1,2,0,2,4 | live
REL 1,-1 5,-1 7,2 | 1,2,4,4,2;-2,2,4,5,1;1,3,3,1,5;-1,3,3,5,1;2,4,2,1,5;-1,4,2,2,4 ||  || CORE 1,0,2,3,1;-2,0,2,4,0;1,1,1,0,4;-1,1,1,4,0;2,2,0,0,4;-1,2,0,1,3 | live
REL 2,-2 11,-1 16,1 | 1,1,5,2,4;-1,1,5,6,0;2,3,3,0,6;-2,3,3,6,0;1,5,1,0,6;-1,5,1,4,2 || F 1,0,0,0,1;1,0,0,1,0 | 1,0,4,2,3;-1,0,4,3,2;1,0,4,4,1;-1,0,4,5,0;2,2,2,0,5;-2,2,2,1,4;2,2,2,2,3;-2,2,2,3,2;2,2,2,4,1;-2,2,2,5,0;1,4,0,0,5;-1,4,0,1,4;1,4,0,2,3;-1,4,0,3,2 ## F -1,0,0,0,1;1,0,0,1,0 | -1,0,4,2,2;-1,0,4,4,0;-2,2,2,0,4;-2,2,2,2,2;-2,2,2,4,0;-1,4,0,0,4;-1,4,0,2,2 || CORE -1,0,4,2,2;-1,0,4,4,0;-2,2,2,0,4;-2,2,2,2,2;-2,2,2,4,0;-1,4,0,0,4;-1,4,0,2,2 | live
REL 11,-1 13,-1 14,2 | 1,1,5,1,5;1,1,5,2,4;-2,1,5,5,1;2,5,1,1,5;-1,5,1,4,2;-1,5,1,5,1 || F -1,0,0,0,1;1,0,0,1,0 | -1,0,4,0,3;-2,0,4,1,2;-2,0,4,2,1;-2,0,4,3,0;-2,4,0,0,3;-2,4,0,1,2;-2,4,0,2,1;-1,4,0,3,0 || CORE -1,0,4,0,3;-2,0,4,1,2;-2,0,4,2,1;-2,0,4,3,0;-2,4,0,0,3;-2,4,0,1,2;-2,4,0,2,1;-1,4,0,3,0 | live
REL 1,-1 6,1 7,2 | -1,2,4,1,5;-2,2,4,5,1;1,3,3,1,5;-1,3,3,5,1;2,4,2,1,5;1,4,2,5,1 || F 1,0,1,0,0;1,1,0,0,0 | -1,0,1,0,4;-2,0,1,4,0;2,1,0,0,4;1,1,0,4,0 || CORE -1,0,1,0,4;-2,0,1,4,0;2,1,0,0,4;1,1,0,4,0 | live
REL 14,-1 19,1 21,2 | -1,0,6,4,2;-2,0,6,5,1;1,1,5,5,1;-1,5,1,1,5;2,6,0,1,5;1,6,0,2,4 ||  || CORE -1,0,6,3,1;-2,0,6,4,0;1,1,5,4,0;-1,5,1,0,4;2,6,0,0,4;1,6,0,1,3 | live
REL 1,-1 13,-2 14,1 | 2,1,5,1,5;-1,1,5,5,1;1,3,3,1,5;-1,3,3,5,1;1,5,1,1,5;-2,5,1,5,1 ||  || CORE 2,0,4,0,4;-1,0,4,4,0;1,2,2,0,4;-1,2,2,4,0;1,4,0,0,4;-2,4,0,4,0 | live
REL 1,-1 3,1 6,-2 | 2,2,4,1,5;-1,2,4,3,3;1,3,3,1,5;-1,3,3,5,1;1,4,2,3,3;-2,4,2,5,1 ||  || CORE 2,0,2,0,4;-1,0,2,2,2;1,1,1,0,4;-1,1,1,4,0;1,2,0,2,2;-2,2,0,4,0 | live
REL 10,-1 11,2 12,-1 | -2,1,5,2,4;1,1,5,3,3;1,1,5,4,2;-1,5,1,2,4;-1,5,1,3,3;2,5,1,4,2 || F -1,0,0,0,1;1,0,0,1,0 | 2,0,4,0,1;1,0,4,1,0;1,4,0,0,1;2,4,0,1,0 || CORE 2,0,4,0,1;1,0,4,1,0;1,4,0,0,1;2,4,0,1,0 | live
REL 7,-1 12,2 14,1 | -2,1,5,4,2;-1,1,5,5,1;1,2,4,5,1;-1,4,2,1,5;1,5,1,1,5;2,5,1,2,4 ||  || CORE -2,0,4,3,1;-1,0,4,4,0;1,1,3,4,0;-1,3,1,0,4;1,4,0,0,4;2,4,0,1,3 | live
REL 0,-1 10,-2 11,1 | -1,1,5,2,4;2,1,5,3,3;1,3,3,2,4;-1,3,3,4,2;-2,5,1,3,3;1,5,1,4,2 || F 1,0,1,0,0;1,1,0,0,0 | -1,0,3,0,2;2,0,3,1,1;1,1,2,0,2;-2,1,2,1,1;2,2,1,1,1;-1,2,1,2,0;-2,3,0,1,1;1,3,0,2,0 ## F -1,0,1,0,0;1,1,0,0,0 | 1,0,2,0,2;-2,0,2,1,1;-2,2,0,1,1;1,2,0,2,0 || CORE 1,0,2,0,2;-2,0,2,1,1;-2,2,0,1,1;1,2,0,2,0 | unit
REL 16,-1 21,-1 22,-2 | 2,0,6,0,6;1,0,6,5,1;1,1,5,6,0;-1,5,1,0,6;-1,6,0,1,5;-2,6,0,6,0 ||  || CORE 2,0,6,0,6;1,0,6,5,1;1,1,5,6,0;-1,5,1,0,6;-1,6,0,1,5;-2,6,0,6,0 | live
REL 8,-1 21,1 22,2 | -2,0,6,0,6;-1,0,6,5,1;1,2,4,0,6;-1,4,2,6,0;1,6,0,1,5;2,6,0,6,0 ||  || CORE -2,0,6,0,6;-1,0,6,5,1;1,2,4,0,6;-1,4,2,6,0;1,6,0,1,5;2,6,0,6,0 | live
REL 14,-1 18,1 20,2 | -2,0,6,1,5;-1,0,6,2,4;1,1,5,5,1;-1,5,1,1,5;1,6,0,4,2;2,6,0,5,1 ||  || CORE -2,0,6,0,4;-1,0,6,1,3;1,1,5,4,0;-1,5,1,0,4;1,6,0,3,1;2,6,0,4,0 | live
REL 15,-1 19,-2 23,-1 | 2,0,6,4,2;1,0,6,6,0;1,1,5,0,6;-1,5,1,6,0;-1,6,0,0,6;-2,6,0,2,4 ||  || CORE 2,0,6,4,2;1,0,6,6,0;1,1,5,0,6;-1,5,1,6,0;-1,6,0,0,6;-2,6,0,2,4 | live
REL 15,-2 20,1 22,-1 | 1,0,6,0,6;-1,0,6,1,5;2,1,5,0,6;-2,5,1,6,0;1,6,0,5,1;-1,6,0,6,0 ||  || CORE 1,0,6,0,6;-1,0,6,1,5;2,1,5,0,6;-2,5,1,6,0;1,6,0,5,1;-1,6,0,6,0 | live
REL 4,-2 17,-1 19,1 | 1,0,6,3,3;-1,0,6,4,2;2,2,4,2,4;-2,4,2,4,2;1,6,0,2,4;-1,6,0,3,3 ||  || CORE 1,0,6,1,1;-1,0,6,2,0;2,2,4,0,2;-2,4,2,2,0;1,6,0,0,2;-1,6,0,1,1 | live
REL 1,-1 5,-1 6,-2 | 2,2,4,1,5;1,2,4,4,2;1,3,3,1,5;-1,3,3,5,1;-1,4,2,2,4;-2,4,2,5,1 ||  || CORE 2,0,2,0,4;1,0,2,3,1;1,1,1,0,4;-1,1,1,4,0;-1,2,0,1,3;-2,2,0,4,0 | live
REL 12,-1 18,-2 19,-1 | 2,0,6,2,4;1,0,6,4,2;1,1,5,4,2;-1,5,1,2,4;-1,6,0,2,4;-2,6,0,4,2 || F -1,0,1,0,0;1,1,0,0,0 | -2,0,5,0,2;-1,0,5,2,0;-2,1,4,0,2;-2,1,4,2,0;-2,2,3,0,2;-2,2,3,2,0;-2,3,2,0,2;-2,3,2,2,0;-2,4,1,0,2;-2,4,1,2,0;-1,5,0,0,2;-2,5,0,2,0 || CORE -2,0,5,0,2;-1,0,5,2,0;-2,1,4,0,2;-2,1,4,2,0;-2,2,3,0,2;-2,2,3,2,0;-2,3,2,0,2;-2,3,2,2,0;-2,4,1,0,2;-2,4,1,2,0;-1,5,0,0,2;-2,5,0,2,0 | live
REL 7,-2 17,-1 21,-1 | 1,0,6,3,3;1,0,6,5,1;2,2,4,5,1;-2,4,2,1,5;-1,6,0,1,5;-1,6,0,3,3 ||  || CORE 1,0,6,2,2;1,0,6,4,0;2,2,4,4,0;-2,4,2,0,4;-1,6,0,0,4;-1,6,0,2,2 | live
REL 5,-1 10,2 12,-1 | -2,1,5,3,3;1,1,5,4,2;1,2,4,4,2;-1,4,2,2,4;-1,5,1,2,4;2,5,1,3,3 || F 1,0,1,0,0;1,1,0,0,0 | -2,0,3,1,1;1,0,3,2,0;2,1,2,1,1;-2,2,1,1,1;-1,3,0,0,2;2,3,0,1,1 || CORE -2,0,3,1,1;1,0,3,2,0;2,1,2,1,1;-2,2,1,1,1;-1,3,0,0,2;2,3,0,1,1 | unit
REL 14,-1 19,2 20,1 | -1,0,6,1,5;-2,0,6,4,2;1,1,5,5,1;-1,5,1,1,5;2,6,0,2,4;1,6,0,5,1 ||  || CORE -1,0,6,0,4;-2,0,6,3,1;1,1,5,4,0;-1,5,1,0,4;2,6,0,1,3;1,6,0,4,0 | live
REL 7,-1 11,-1 14,-2 | 1,1,5,2,4;2,1,5,5,1;1,2,4,5,1;-1,4,2,1,5;-2,5,1,1,5;-1,5,1,4,2 ||  || CORE 1,0,4,1,3;2,0,4,4,0;1,1,3,4,0;-1,3,1,0,4;-2,4,0,0,4;-1,4,0,3,1 | live
REL 8,-1 15,2 16,1 | -2,1,5,0,6;-1,1,5,6,0;1,2,4,0,6;-1,4,2,6,0;1,5,1,0,6;2,5,1,6,0 || F -1,0,1,0,0;1,1,0,0,0 | 2,0,3,0,6;1,0,3,6,0;1,1,2,0,6;1,1,2,6,0;1,2,1,0,6;1,2,1,6,0;1,3,0,0,6;2,3,0,6,0 || CORE 2,0,3,0,6;1,0,3,6,0;1,1,2,0,6;1,1,2,6,0;1,2,1,0,6;1,2,1,6,0;1,3,0,0,6;2,3,0,6,0 | live
REL 5,-2 15,-1 16,-1 | 1,1,5,0,6;1,1,5,6,0;2,2,4,4,2;-2,4,2,2,4;-1,5,1,0,6;-1,5,1,6,0 ||  || CORE 1,0,4,0,6;1,0,4,6,0;2,1,3,4,2;-2,3,1,2,4;-1,4,0,0,6;-1,4,0,6,0 | live
REL 6,-2 12,-1 14,-1 | 1,1,5,4,2;1,1,5,5,1;2,2,4,1,5;-2,4,2,5,1;-1,5,1,1,5;-1,5,1,2,4 ||  || CORE 1,0,4,3,1;1,0,4,4,0;2,1,3,0,4;-2,3,1,4,0;-1,4,0,0,4;-1,4,0,1,3 | live
REL 1,-1 13,-2 14,-1 | 2,1,5,1,5;1,1,5,5,1;1,3,3,1,5;-1,3,3,5,1;-1,5,1,1,5;-2,5,1,5,1 || F 1,0,2,0,0;1,2,0,0,0 | 2,0,2,0,4;1,0,2,4,0;-1,2,0,0,4;-2,2,0,4,0 || CORE 2,0,2,0,4;1,0,2,4,0;-1,2,0,0,4;-2,2,0,4,0 | live
REL 13,-2 19,1 21,-1 | -1,0,6,4,2;1,0,6,5,1;2,1,5,1,5;-2,5,1,5,1;-1,6,0,1,5;1,6,0,2,4 ||  || CORE -1,0,6,3,1;1,0,6,4,0;2,1,5,0,4;-2,5,1,4,0;-1,6,0,0,4;1,6,0,1,3 | live
REL 2,-1 19,2 22,-1 | 1,0,6,0,6;-2,0,6,4,2;1,3,3,0,6;-1,3,3,6,0;2,6,0,2,4;-1,6,0,6,0 ||  || CORE 1,0,6,0,6;-2,0,6,4,2;1,3,3,0,6;-1,3,3,6,0;2,6,0,2,4;-1,6,0,6,0 | live
REL 9,-1 13,-1 16,-2 | 1,1,5,1,5;2,1,5,6,0;1,2,4,6,0;-1,4,2,0,6;-2,5,1,0,6;-1,5,1,5,1 ||  || CORE 1,0,4,1,5;2,0,4,6,0;1,1,3,6,0;-1,3,1,0,6;-2,4,0,0,6;-1,4,0,5,1 | live
REL 0,-1 3,2 4,1 | -1,2,4,2,4;-2,2,4,3,3;1,3,3,2,4;-1,3,3,4,2;2,4,2,3,3;1,4,2,4,2 || F -1,0,1,0,0;1,1,0,0,0 | 1,0,1,0,2;2,0,1,1,1;2,1,0,1,1;1,1,0,2,0 || CORE 1,0,1,0,2;2,0,1,1,1;2,1,0,1,1;1,1,0,2,0 | unit
REL 2,-1 6,1 8,-2 | 2,2,4,0,6;-1,2,4,1,5;1,3,3,0,6;-1,3,3,6,0;1,4,2,5,1;-2,4,2,6,0 ||  || CORE 2,0,2,0,6;-1,0,2,1,5;1,1,1,0,6;-1,1,1,6,0;1,2,0,5,1;-2,2,0,6,0 | live
REL 9,-2 15,-1 16,1 | 1,1,5,0,6;-1,1,5,6,0;2,2,4,6,0;-2,4,2,0,6;1,5,1,0,6;-1,5,1,6,0 || F -1,0,1,0,0;1,1,0,0,0 | -1,0,3,0,6;1,0,3,6,0;-1,1,2,0,6;-1,1,2,6,0;-1,2,1,0,6;-1,2,1,6,0;1,3,0,0,6;-1,3,0,6,0 || CORE -1,0,3,0,6;1,0,3,6,0;-1,1,2,0,6;-1,1,2,6,0;-1,2,1,0,6;-1,2,1,6,0;1,3,0,0,6;-1,3,0,6,0 | live
REL 6,-1 11,-1 14,2 | 1,1,5,2,4;-2,1,5,5,1;1,2,4,1,5;-1,4,2,5,1;2,5,1,1,5;-1,5,1,4,2 ||  || CORE 1,0,4,1,3;-2,0,4,4,0;1,1,3,0,4;-1,3,1,4,0;2,4,0,0,4;-1,4,0,3,1 | live
REL 13,-2 18,1 20,1 | -1,0,6,1,5;-1,0,6,2,4;2,1,5,1,5;-2,5,1,5,1;1,6,0,4,2;1,6,0,5,1 ||  || CORE -1,0,6,0,4;-1,0,6,1,3;2,1,5,0,4;-2,5,1,4,0;1,6,0,3,1;1,6,0,4,0 | live
REL 7,-2 12,-1 13,-1 | 1,1,5,1,5;1,1,5,4,2;2,2,4,5,1;-2,4,2,1,5;-1,5,1,2,4;-1,5,1,5,1 ||  || CORE 1,0,4,0,4;1,0,4,3,1;2,1,3,4,0;-2,3,1,0,4;-1,4,0,1,3;-1,4,0,4,0 | live
REL 8,-2 22,-1 23,-1 | 1,0,6,0,6;1,0,6,6,0;2,2,4,0,6;-2,4,2,6,0;-1,6,0,0,6;-1,6,0,6,0 || F 1,0,2,0,0;1,2,0,0,0 | 1,0,4,0,6;1,0,4,6,0;1,2,2,0,6;-1,2,2,6,0;-1,4,0,0,6;-1,4,0,6,0 || CORE 1,0,4,0,6;1,0,4,6,0;1,2,2,0,6;-1,2,2,6,0;-1,4,0,0,6;-1,4,0,6,0 | live
REL 0,-2 10,1 11,1 | -1,1,5,2,4;-1,1,5,3,3;2,3,3,2,4;-2,3,3,4,2;1,5,1,3,3;1,5,1,4,2 || F 1,0,0,0,1;1,0,0,1,0 | -1,0,4,0,1;2,2,2,0,1;-2,2,2,1,0;1,4,0,1,0 || CORE -1,0,4,0,1;2,2,2,0,1;-2,2,2,1,0;1,4,0,1,0 | unit
REL 1,-2 5,1 7,1 | -1,2,4,4,2;-1,2,4,5,1;2,3,3,1,5;-2,3,3,5,1;1,4,2,1,5;1,4,2,2,4 || F 1,0,0,0,1;1,0,0,1,0 | -1,0,2,3,0;2,1,1,0,3;-2,1,1,1,2;2,1,1,2,1;-2,1,1,3,0;1,2,0,0,3 || CORE -1,0,2,3,0;2,1,1,0,3;-2,1,1,1,2;2,1,1,2,1;-2,1,1,3,0;1,2,0,0,3 | unit
REL 5,-2 17,1 18,-1 | 1,0,6,2,4;-1,0,6,3,3;2,2,4,4,2;-2,4,2,2,4;1,6,0,3,3;-1,6,0,4,2 ||  || CORE 1,0,6,0,2;-1,0,6,1,1;2,2,4,2,0;-2,4,2,0,2;1,6,0,1,1;-1,6,0,2,0 | live
REL 9,-2 12,1 16,-1 | -1,1,5,4,2;1,1,5,6,0;2,2,4,6,0;-2,4,2,0,6;-1,5,1,0,6;1,5,1,2,4 ||  || CORE -1,0,4,4,2;1,0,4,6,0;2,1,3,6,0;-2,3,1,0,6;-1,4,0,0,6;1,4,0,2,4 | live
REL 7,-1 12,1 14,-2 | -1,1,5,4,2;2,1,5,5,1;1,2,4,5,1;-1,4,2,1,5;-2,5,1,1,5;1,5,1,2,4 ||  || CORE -1,0,4,3,1;2,0,4,4,0;1,1,3,4,0;-1,3,1,0,4;-2,4,0,0,4;1,4,0,1,3 | live
REL 6,-2 12,1 13,1 | -1,1,5,1,5;-1,1,5,4,2;2,2,4,1,5;-2,4,2,5,1;1,5,1,2,4;1,5,1,5,1 ||  || CORE -1,0,4,0,4;-1,0,4,3,1;2,1,3,0,4;-2,3,1,4,0;1,4,0,1,3;1,4,0,4,0 | live
REL 15,-1 20,-1 23,-2 | 1,0,6,1,5;2,0,6,6,0;1,1,5,0,6;-1,5,1,6,0;-2,6,0,0,6;-1,6,0,5,1 ||  || CORE 1,0,6,1,5;2,0,6,6,0;1,1,5,0,6;-1,5,1,6,0;-2,6,0,0,6;-1,6,0,5,1 | live
REL 8,-1 17,2 22,1 | -1,0,6,0,6;-2,0,6,3,3;1,2,4,0,6;-1,4,2,6,0;2,6,0,3,3;1,6,0,6,0 || F 1,0,1,0,0;1,1,0,0,0 | -1,0,5,0,6;-2,0,5,3,3;1,1,4,0,6;2,1,4,3,3;-2,2,3,3,3;2,3,2,3,3;-2,4,1,3,3;-1,4,1,6,0;2,5,0,3,3;1,5,0,6,0 ## F -1,0,1,0,0;1,1,0,0,0 | 1,0,4,0,6;2,0,4,3,3;2,2,2,3,3;2,4,0,3,3;1,4,0,6,0 || CORE 1,0,4,0,6;2,0,4,3,3;2,2,2,3,3;2,4,0,3,3;1,4,0,6,0 | unit
REL 2,-1 12,-2 16,-1 | 2,1,5,4,2;1,1,5,6,0;1,3,3,0,6;-1,3,3,6,0;-1,5,1,0,6;-2,5,1,2,4 ||  || CORE 2,0,4,4,2;1,0,4,6,0;1,2,2,0,6;-1,2,2,6,0;-1,4,0,0,6;-2,4,0,2,4 | live
REL 8,-1 21,2 23,-1 | -2,0,6,5,1;1,0,6,6,0;1,2,4,0,6;-1,4,2,6,0;-1,6,0,0,6;2,6,0,1,5 ||  || CORE -2,0,6,5,1;1,0,6,6,0;1,2,4,0,6;-1,4,2,6,0;-1,6,0,0,6;2,6,0,1,5 | live
REL 8,-2 21,-1 22,-1 | 1,0,6,0,6;1,0,6,5,1;2,2,4,0,6;-2,4,2,6,0;-1,6,0,1,5;-1,6,0,6,0 ||  || CORE 1,0,6,0,6;1,0,6,5,1;2,2,4,0,6;-2,4,2,6,0;-1,6,0,1,5;-1,6,0,6,0 | live
REL 6,-1 20,-2 21,-1 | 2,0,6,1,5;1,0,6,5,1;1,2,4,1,5;-1,4,2,5,1;-1,6,0,1,5;-2,6,0,5,1 ||  || CORE 2,0,6,0,4;1,0,6,4,0;1,2,4,0,4;-1,4,2,4,0;-1,6,0,0,4;-2,6,0,4,0 | live
REL 2,-2 20,-1 23,-1 | 1,0,6,1,5;1,0,6,6,0;2,3,3,0,6;-2,3,3,6,0;-1,6,0,0,6;-1,6,0,5,1 || F 1,0,0,0,1;1,0,0,1,0 | 1,0,6,1,4;-1,0,6,2,3;1,0,6,3,2;-1,0,6,4,1;1,0,6,5,0;2,3,3,0,5;-2,3,3,1,4;2,3,3,2,3;-2,3,3,3,2;2,3,3,4,1;-2,3,3,5,0;-1,6,0,0,5;1,6,0,1,4;-1,6,0,2,3;1,6,0,3,2;-1,6,0,4,1 || CORE 1,0,6,1,4;-1,0,6,2,3;1,0,6,3,2;-1,0,6,4,1;1,0,6,5,0;2,3,3,0,5;-2,3,3,1,4;2,3,3,2,3;-2,3,3,3,2;2,3,3,4,1;-2,3,3,5,0;-1,6,0,0,5;1,6,0,1,4;-1,6,0,2,3;1,6,0,3,2;-1,6,0,4,1 | live
REL 12,-2 17,1 18,1 | -1,0,6,2,4;-1,0,6,3,3;2,1,5,4,2;-2,5,1,2,4;1,6,0,3,3;1,6,0,4,2 ||  || CORE -1,0,6,0,2;-1,0,6,1,1;2,1,5,2,0;-2,5,1,0,2;1,6,0,1,1;1,6,0,2,0 | live
REL 10,-2 20,1 21,1 | -1,0,6,1,5;-1,0,6,5,1;2,1,5,3,3;-2,5,1,3,3;1,6,0,1,5;1,6,0,5,1 || F 1,0,1,0,0;1,1,0,0,0 | -1,0,5,0,4;-1,0,5,4,0;1,1,4,0,4;2,1,4,2,2;1,1,4,4,0;-1,2,3,0,4;-2,2,3,2,2;-1,2,3,4,0;1,3,2,0,4;2,3,2,2,2;1,3,2,4,0;-1,4,1,0,4;-2,4,1,2,2;-1,4,1,4,0;1,5,0,0,4;1,5,0,4,0 ## F -1,0,1,0,0;1,1,0,0,0 | 1,0,4,0,4;1,0,4,4,0;-2,1,3,2,2;1,2,2,0,4;1,2,2,4,0;-2,3,1,2,2;1,4,0,0,4;1,4,0,4,0 || CORE 1,0,4,0,4;1,0,4,4,0;-2,1,3,2,2;1,2,2,0,4;1,2,2,4,0;-2,3,1,2,2;1,4,0,0,4;1,4,0,4,0 | live
REL 4,-1 11,-2 12,-1 | 2,1,5,2,4;1,1,5,4,2;1,2,4,2,4;-1,4,2,4,2;-1,5,1,2,4;-2,5,1,4,2 || F 1,0,1,0,0;1,1,0,0,0 | 2,0,3,0,2;1,0,3,2,0;-1,1,2,0,2;-1,1,2,2,0;1,2,1,0,2;1,2,1,2,0;-1,3,0,0,2;-2,3,0,2,0 || CORE 2,0,3,0,2;1,0,3,2,0;-1,1,2,0,2;-1,1,2,2,0;1,2,1,0,2;1,2,1,2,0;-1,3,0,0,2;-2,3,0,2,0 | live
REL 16,-2 21,-1 22,1 | -1,0,6,0,6;1,0,6,5,1;2,1,5,6,0;-2,5,1,0,6;-1,6,0,1,5;1,6,0,6,0 ||  || CORE -1,0,6,0,6;1,0,6,5,1;2,1,5,6,0;-2,5,1,0,6;-1,6,0,1,5;1,6,0,6,0 | live
REL 7,-1 10,-2 13,1 | -1,1,5,1,5;2,1,5,3,3;1,2,4,5,1;-1,4,2,1,5;-2,5,1,3,3;1,5,1,5,1 || F 1,0,1,0,0;1,1,0,0,0 | -1,0,3,0,4;2,0,3,2,2;1,1,2,0,4;-2,1,2,2,2;1,1,2,4,0;-1,2,1,0,4;2,2,1,2,2;-1,2,1,4,0;-2,3,0,2,2;1,3,0,4,0 || CORE -1,0,3,0,4;2,0,3,2,2;1,1,2,0,4;-2,1,2,2,2;1,1,2,4,0;-1,2,1,0,4;2,2,1,2,2;-1,2,1,4,0;-2,3,0,2,2;1,3,0,4,0 | live
REL 7,-1 19,2 20,-1 | 1,0,6,1,5;-2,0,6,4,2;1,2,4,5,1;-1,4,2,1,5;2,6,0,2,4;-1,6,0,5,1 ||  || CORE 1,0,6,0,4;-2,0,6,3,1;1,2,4,4,0;-1,4,2,0,4;2,6,0,1,3;-1,6,0,4,0 | live
REL 5,-1 17,1 19,-2 | -1,0,6,3,3;2,0,6,4,2;1,2,4,4,2;-1,4,2,2,4;-2,6,0,2,4;1,6,0,3,3 ||  || CORE -1,0,6,1,1;2,0,6,2,0;1,2,4,2,0;-1,4,2,0,2;-2,6,0,0,2;1,6,0,1,1 | live
REL 14,-1 19,2 20,-1 | 1,0,6,1,5;-2,0,6,4,2;1,1,5,5,1;-1,5,1,1,5;2,6,0,2,4;-1,6,0,5,1 ||  || CORE 1,0,6,0,4;-2,0,6,3,1;1,1,5,4,0;-1,5,1,0,4;2,6,0,1,3;-1,6,0,4,0 | live
REL 9,-2 13,-1 15,-1 | 1,1,5,0,6;1,1,5,1,5;2,2,4,6,0;-2,4,2,0,6;-1,5,1,5,1;-1,5,1,6,0 ||  || CORE 1,0,4,0,6;1,0,4,1,5;2,1,3,6,0;-2,3,1,0,6;-1,4,0,5,1;-1,4,0,6,0 | live
REL 12,-2 18,-1 19,1 | 1,0,6,2,4;-1,0,6,4,2;2,1,5,4,2;-2,5,1,2,4;1,6,0,2,4;-1,6,0,4,2 || F -1,0,1,0,0;1,1,0,0,0 | -1,0,5,0,2;1,0,5,2,0;-1,1,4,0,2;-1,1,4,2,0;-1,2,3,0,2;-1,2,3,2,0;-1,3,2,0,2;-1,3,2,2,0;-1,4,1,0,2;-1,4,1,2,0;1,5,0,0,2;-1,5,0,2,0 || CORE -1,0,5,0,2;1,0,5,2,0;-1,1,4,0,2;-1,1,4,2,0;-1,2,3,0,2;-1,2,3,2,0;-1,3,2,0,2;-1,3,2,2,0;-1,4,1,0,2;-1,4,1,2,0;1,5,0,0,2;-1,5,0,2,0 | live
REL 0,-1 10,1 12,2 | -1,1,5,3,3;-2,1,5,4,2;1,3,3,2,4;-1,3,3,4,2;2,5,1,2,4;1,5,1,3,3 ||  || CORE -1,0,4,1,1;-2,0,4,2,0;1,2,2,0,2;-1,2,2,2,0;2,4,0,0,2;1,4,0,1,1 | live
REL 9,-1 21,1 22,2 | -2,0,6,0,6;-1,0,6,5,1;1,2,4,6,0;-1,4,2,0,6;1,6,0,1,5;2,6,0,6,0 ||  || CORE -2,0,6,0,6;-1,0,6,5,1;1,2,4,6,0;-1,4,2,0,6;1,6,0,1,5;2,6,0,6,0 | live
REL 1,-1 5,-2 7,1 | 2,2,4,4,2;-1,2,4,5,1;1,3,3,1,5;-1,3,3,5,1;1,4,2,1,5;-2,4,2,2,4 ||  || CORE 2,0,2,3,1;-1,0,2,4,0;1,1,1,0,4;-1,1,1,4,0;1,2,0,0,4;-2,2,0,1,3 | live
REL 2,-2 17,1 22,1 | -1,0,6,0,6;-1,0,6,3,3;2,3,3,0,6;-2,3,3,6,0;1,6,0,3,3;1,6,0,6,0 || F 1,0,0,0,1;1,0,0,1,0 | -1,0,6,0,5;1,0,6,1,4;-1,0,6,2,3;2,3,3,0,5;-2,3,3,1,4;2,3,3,2,3;-2,3,3,3,2;2,3,3,4,1;-2,3,3,5,0;1,6,0,3,2;-1,6,0,4,1;1,6,0,5,0 ## F 1,0,0,0,2;-1,0,0,1,1;1,0,0,2,0 | -1,0,6,0,3;2,3,3,0,3;-2,3,3,3,0;1,6,0,3,0 || CORE -1,0,6,0,3;2,3,3,0,3;-2,3,3,3,0;1,6,0,3,0 | unit
REL 8,-1 10,1 16,2 | -1,1,5,3,3;-2,1,5,6,0;1,2,4,0,6;-1,4,2,6,0;2,5,1,0,6;1,5,1,3,3 ||  || CORE -1,0,4,3,3;-2,0,4,6,0;1,1,3,0,6;-1,3,1,6,0;2,4,0,0,6;1,4,0,3,3 | live
REL 15,-2 18,-1 22,-1 | 1,0,6,0,6;1,0,6,2,4;2,1,5,0,6;-2,5,1,6,0;-1,6,0,4,2;-1,6,0,6,0 ||  || CORE 1,0,6,0,6;1,0,6,2,4;2,1,5,0,6;-2,5,1,6,0;-1,6,0,4,2;-1,6,0,6,0 | live
REL 9,-2 17,-1 22,-1 | 1,0,6,0,6;1,0,6,3,3;2,2,4,6,0;-2,4,2,0,6;-1,6,0,3,3;-1,6,0,6,0 ||  || CORE 1,0,6,0,6;1,0,6,3,3;2,2,4,6,0;-2,4,2,0,6;-1,6,0,3,3;-1,6,0,6,0 | live
REL 0,-1 17,-1 18,-2 | 2,0,6,2,4;1,0,6,3,3;1,3,3,2,4;-1,3,3,4,2;-1,6,0,3,3;-2,6,0,4,2 ||  || CORE 2,0,6,0,2;1,0,6,1,1;1,3,3,0,2;-1,3,3,2,0;-1,6,0,1,1;-2,6,0,2,0 | live
REL 8,-1 22,2 23,-1 | -2,0,6,0,6;1,0,6,6,0;1,2,4,0,6;-1,4,2,6,0;-1,6,0,0,6;2,6,0,6,0 ||  || CORE -2,0,6,0,6;1,0,6,6,0;1,2,4,0,6;-1,4,2,6,0;-1,6,0,0,6;2,6,0,6,0 | live
REL 15,-1 22,-1 23,2 | 1,0,6,0,6;-2,0,6,6,0;1,1,5,0,6;-1,5,1,6,0;2,6,0,0,6;-1,6,0,6,0 ||  || CORE 1,0,6,0,6;-2,0,6,6,0;1,1,5,0,6;-1,5,1,6,0;2,6,0,0,6;-1,6,0,6,0 | live
REL 14,-1 15,-2 16,1 | 2,1,5,0,6;1,1,5,5,1;-1,1,5,6,0;1,5,1,0,6;-1,5,1,1,5;-2,5,1,6,0 || F 1,0,0,0,1;1,0,0,1,0 | 2,0,4,0,5;-2,0,4,1,4;2,0,4,2,3;-2,0,4,3,2;2,0,4,4,1;-1,0,4,5,0;1,4,0,0,5;-2,4,0,1,4;2,4,0,2,3;-2,4,0,3,2;2,4,0,4,1;-2,4,0,5,0 || CORE 2,0,4,0,5;-2,0,4,1,4;2,0,4,2,3;-2,0,4,3,2;2,0,4,4,1;-1,0,4,5,0;1,4,0,0,5;-2,4,0,1,4;2,4,0,2,3;-2,4,0,3,2;2,4,0,4,1;-2,4,0,5,0 | live
REL 14,-1 20,1 21,-2 | -1,0,6,1,5;2,0,6,5,1;1,1,5,5,1;-1,5,1,1,5;-2,6,0,1,5;1,6,0,5,1 ||  || CORE -1,0,6,0,4;2,0,6,4,0;1,1,5,4,0;-1,5,1,0,4;-2,6,0,0,4;1,6,0,4,0 | live
REL 2,-1 13,-1 15,2 | -2,1,5,0,6;1,1,5,1,5;1,3,3,0,6;-1,3,3,6,0;-1,5,1,5,1;2,5,1,6,0 ||  || CORE -2,0,4,0,6;1,0,4,1,5;1,2,2,0,6;-1,2,2,6,0;-1,4,0,5,1;2,4,0,6,0 | live
REL 9,-2 22,1 23,1 | -1,0,6,0,6;-1,0,6,6,0;2,2,4,6,0;-2,4,2,0,6;1,6,0,0,6;1,6,0,6,0 ||  || CORE -1,0,6,0,6;-1,0,6,6,0;2,2,4,6,0;-2,4,2,0,6;1,6,0,0,6;1,6,0,6,0 | live
REL 6,-1 17,-1 20,2 | -2,0,6,1,5;1,0,6,3,3;1,2,4,1,5;-1,4,2,5,1;-1,6,0,3,3;2,6,0,5,1 ||  || CORE -2,0,6,0,4;1,0,6,2,2;1,2,4,0,4;-1,4,2,4,0;-1,6,0,2,2;2,6,0,4,0 | live
REL 6,-2 18,-1 20,1 | -1,0,6,1,5;1,0,6,2,4;2,2,4,1,5;-2,4,2,5,1;-1,6,0,4,2;1,6,0,5,1 ||  || CORE -1,0,6,0,4;1,0,6,1,3;2,2,4,0,4;-2,4,2,4,0;-1,6,0,3,1;1,6,0,4,0 | live
REL 6,-2 11,1 13,1 | -1,1,5,1,5;-1,1,5,2,4;2,2,4,1,5;-2,4,2,5,1;1,5,1,4,2;1,5,1,5,1 ||  || CORE -1,0,4,0,4;-1,0,4,1,3;2,1,3,0,4;-2,3,1,4,0;1,4,0,3,1;1,4,0,4,0 | live
REL 2,-2 11,1 16,1 | -1,1,5,2,4;-1,1,5,6,0;2,3,3,0,6;-2,3,3,6,0;1,5,1,0,6;1,5,1,4,2 ||  || CORE -1,0,4,2,4;-1,0,4,6,0;2,2,2,0,6;-2,2,2,6,0;1,4,0,0,6;1,4,0,4,2 | live
REL 12,-2 17,1 19,-1 | -1,0,6,3,3;1,0,6,4,2;2,1,5,4,2;-2,5,1,2,4;-1,6,0,2,4;1,6,0,3,3 ||  || CORE -1,0,6,1,1;1,0,6,2,0;2,1,5,2,0;-2,5,1,0,2;-1,6,0,0,2;1,6,0,1,1 | live
REL 8,-2 15,1 16,1 | -1,1,5,0,6;-1,1,5,6,0;2,2,4,0,6;-2,4,2,6,0;1,5,1,0,6;1,5,1,6,0 ||  || CORE -1,0,4,0,6;-1,0,4,6,0;2,1,3,0,6;-2,3,1,6,0;1,4,0,0,6;1,4,0,6,0 | live
REL 14,-1 17,-1 21,-2 | 1,0,6,3,3;2,0,6,5,1;1,1,5,5,1;-1,5,1,1,5;-2,6,0,1,5;-1,6,0,3,3 ||  || CORE 1,0,6,2,2;2,0,6,4,0;1,1,5,4,0;-1,5,1,0,4;-2,6,0,0,4;-1,6,0,2,2 | live
REL 8,-1 13,2 16,1 | -2,1,5,1,5;-1,1,5,6,0;1,2,4,0,6;-1,4,2,6,0;1,5,1,0,6;2,5,1,5,1 ||  || CORE -2,0,4,1,5;-1,0,4,6,0;1,1,3,0,6;-1,3,1,6,0;1,4,0,0,6;2,4,0,5,1 | live
REL 16,-1 19,1 23,-2 | -1,0,6,4,2;2,0,6,6,0;1,1,5,6,0;-1,5,1,0,6;-2,6,0,0,6;1,6,0,2,4 ||  || CORE -1,0,6,4,2;2,0,6,6,0;1,1,5,6,0;-1,5,1,0,6;-2,6,0,0,6;1,6,0,2,4 | live
REL 1,-1 11,1 13,2 | -2,1,5,1,5;-1,1,5,2,4;1,3,3,1,5;-1,3,3,5,1;1,5,1,4,2;2,5,1,5,1 ||  || CORE -2,0,4,0,4;-1,0,4,1,3;1,2,2,0,4;-1,2,2,4,0;1,4,0,3,1;2,4,0,4,0 | live
REL 8,-2 11,-1 16,-1 | 1,1,5,2,4;1,1,5,6,0;2,2,4,0,6;-2,4,2,6,0;-1,5,1,0,6;-1,5,1,4,2 ||  || CORE 1,0,4,2,4;1,0,4,6,0;2,1,3,0,6;-2,3,1,6,0;-1,4,0,0,6;-1,4,0,4,2 | live
REL 4,-2 22,-1 23,-1 | 1,0,6,0,6;1,0,6,6,0;2,2,4,2,4;-2,4,2,4,2;-1,6,0,0,6;-1,6,0,6,0 ||  || CORE 1,0,6,0,6;1,0,6,6,0;2,2,4,2,4;-2,4,2,4,2;-1,6,0,0,6;-1,6,0,6,0 | live
REL 4,-1 10,-1 12,-2 | 1,1,5,3,3;2,1,5,4,2;1,2,4,2,4;-1,4,2,4,2;-2,5,1,2,4;-1,5,1,3,3 ||  || CORE 1,0,4,1,1;2,0,4,2,0;1,1,3,0,2;-1,3,1,2,0;-2,4,0,0,2;-1,4,0,1,1 | live
REL 11,-1 17,2 18,-1 | 1,0,6,2,4;-2,0,6,3,3;1,1,5,2,4;-1,5,1,4,2;2,6,0,3,3;-1,6,0,4,2 || F 1,0,1,0,0;1,1,0,0,0 | 1,0,5,0,2;-2,0,5,1,1;2,1,4,1,1;-2,2,3,1,1;2,3,2,1,1;-2,4,1,1,1;2,5,0,1,1;-1,5,0,2,0 || CORE 1,0,5,0,2;-2,0,5,1,1;2,1,4,1,1;-2,2,3,1,1;2,3,2,1,1;-2,4,1,1,1;2,5,0,1,1;-1,5,0,2,0 | unit
REL 15,-1 22,2 23,-1 | -2,0,6,0,6;1,0,6,6,0;1,1,5,0,6;-1,5,1,6,0;-1,6,0,0,6;2,6,0,6,0 ||  || CORE -2,0,6,0,6;1,0,6,6,0;1,1,5,0,6;-1,5,1,6,0;-1,6,0,0,6;2,6,0,6,0 | live
REL 7,-1 8,1 9,-2 | -1,2,4,0,6;1,2,4,5,1;2,2,4,6,0;-2,4,2,0,6;-1,4,2,1,5;1,4,2,6,0 || F 1,0,0,0,1;1,0,0,1,0 | -1,0,2,0,5;1,0,2,1,4;-1,0,2,2,3;1,0,2,3,2;-1,0,2,4,1;2,0,2,5,0;-2,2,0,0,5;1,2,0,1,4;-1,2,0,2,3;1,2,0,3,2;-1,2,0,4,1;1,2,0,5,0 || CORE -1,0,2,0,5;1,0,2,1,4;-1,0,2,2,3;1,0,2,3,2;-1,0,2,4,1;2,0,2,5,0;-2,2,0,0,5;1,2,0,1,4;-1,2,0,2,3;1,2,0,3,2;-1,2,0,4,1;1,2,0,5,0 | live
REL 15,-1 21,-2 22,1 | -1,0,6,0,6;2,0,6,5,1;1,1,5,0,6;-1,5,1,6,0;-2,6,0,1,5;1,6,0,6,0 ||  || CORE -1,0,6,0,6;2,0,6,5,1;1,1,5,0,6;-1,5,1,6,0;-2,6,0,1,5;1,6,0,6,0 | live
REL 15,-1 17,2 22,-1 | 1,0,6,0,6;-2,0,6,3,3;1,1,5,0,6;-1,5,1,6,0;2,6,0,3,3;-1,6,0,6,0 || F 1,0,1,0,0;1,1,0,0,0 | 1,0,5,0,6;-2,0,5,3,3;2,1,4,3,3;-2,2,3,3,3;2,3,2,3,3;-2,4,1,3,3;2,5,0,3,3;-1,5,0,6,0 || CORE 1,0,5,0,6;-2,0,5,3,3;2,1,4,3,3;-2,2,3,3,3;2,3,2,3,3;-2,4,1,3,3;2,5,0,3,3;-1,5,0,6,0 | unit
REL 7,-1 10,1 13,-2 | 2,1,5,1,5;-1,1,5,3,3;1,2,4,5,1;-1,4,2,1,5;1,5,1,3,3;-2,5,1,5,1 ||  || CORE 2,0,4,0,4;-1,0,4,2,2;1,1,3,4,0;-1,3,1,0,4;1,4,0,2,2;-2,4,0,4,0 | live
REL 5,-2 6,1 7,1 | -1,2,4,1,5;2,2,4,4,2;-1,2,4,5,1;1,4,2,1,5;-2,4,2,2,4;1,4,2,5,1 || F -1,0,0,0,1;1,0,0,1,0 | 1,0,2,0,3;1,0,2,1,2;1,0,2,2,1;-1,0,2,3,0;-1,2,0,0,3;1,2,0,1,2;1,2,0,2,1;1,2,0,3,0 || CORE 1,0,2,0,3;1,0,2,1,2;1,0,2,2,1;-1,0,2,3,0;-1,2,0,0,3;1,2,0,1,2;1,2,0,2,1;1,2,0,3,0 | live
REL 8,-2 14,1 15,-1 | 1,1,5,0,6;-1,1,5,5,1;2,2,4,0,6;-2,4,2,6,0;1,5,1,1,5;-1,5,1,6,0 ||  || CORE 1,0,4,0,6;-1,0,4,5,1;2,1,3,0,6;-2,3,1,6,0;1,4,0,1,5;-1,4,0,6,0 | live
REL 2,-1 19,1 22,2 | -2,0,6,0,6;-1,0,6,4,2;1,3,3,0,6;-1,3,3,6,0;1,6,0,2,4;2,6,0,6,0 ||  || CORE -2,0,6,0,6;-1,0,6,4,2;1,3,3,0,6;-1,3,3,6,0;1,6,0,2,4;2,6,0,6,0 | live
REL 7,-2 19,1 21,-1 | -1,0,6,4,2;1,0,6,5,1;2,2,4,5,1;-2,4,2,1,5;-1,6,0,1,5;1,6,0,2,4 ||  || CORE -1,0,6,3,1;1,0,6,4,0;2,2,4,4,0;-2,4,2,0,4;-1,6,0,0,4;1,6,0,1,3 | live
REL 1,-2 18,1 21,-1 | -1,0,6,2,4;1,0,6,5,1;2,3,3,1,5;-2,3,3,5,1;-1,6,0,1,5;1,6,0,4,2 || F -1,0,0,0,1;1,0,0,1,0 | 1,0,6,1,2;1,0,6,2,1;1,0,6,3,0;-2,3,3,0,3;-2,3,3,1,2;-2,3,3,2,1;-2,3,3,3,0;1,6,0,0,3;1,6,0,1,2;1,6,0,2,1 || CORE 1,0,6,1,2;1,0,6,2,1;1,0,6,3,0;-2,3,3,0,3;-2,3,3,1,2;-2,3,3,2,1;-2,3,3,3,0;1,6,0,0,3;1,6,0,1,2;1,6,0,2,1 | live
REL 1,-1 19,1 21,2 | -1,0,6,4,2;-2,0,6,5,1;1,3,3,1,5;-1,3,3,5,1;2,6,0,1,5;1,6,0,2,4 ||  || CORE -1,0,6,3,1;-2,0,6,4,0;1,3,3,0,4;-1,3,3,4,0;2,6,0,0,4;1,6,0,1,3 | live
REL 2,-1 18,-2 23,-1 | 2,0,6,2,4;1,0,6,6,0;1,3,3,0,6;-1,3,3,6,0;-1,6,0,0,6;-2,6,0,4,2 ||  || CORE 2,0,6,2,4;1,0,6,6,0;1,3,3,0,6;-1,3,3,6,0;-1,6,0,0,6;-2,6,0,4,2 | live
REL 3,-1 6,-1 7,-2 | 1,2,4,1,5;1,2,4,3,3;2,2,4,5,1;-2,4,2,1,5;-1,4,2,3,3;-1,4,2,5,1 ||  || CORE 1,0,2,0,4;1,0,2,2,2;2,0,2,4,0;-2,2,0,0,4;-1,2,0,2,2;-1,2,0,4,0 | live
REL 9,-1 10,1 15,2 | -2,1,5,0,6;-1,1,5,3,3;1,2,4,6,0;-1,4,2,0,6;1,5,1,3,3;2,5,1,6,0 ||  || CORE -2,0,4,0,6;-1,0,4,3,3;1,1,3,6,0;-1,3,1,0,6;1,4,0,3,3;2,4,0,6,0 | live
REL 15,-2 19,-1 23,1 | 1,0,6,4,2;-1,0,6,6,0;2,1,5,0,6;-2,5,1,6,0;1,6,0,0,6;-1,6,0,2,4 ||  || CORE 1,0,6,4,2;-1,0,6,6,0;2,1,5,0,6;-2,5,1,6,0;1,6,0,0,6;-1,6,0,2,4 | live
REL 2,-1 20,2 22,1 | -1,0,6,0,6;-2,0,6,1,5;1,3,3,0,6;-1,3,3,6,0;2,6,0,5,1;1,6,0,6,0 ||  || CORE -1,0,6,0,6;-2,0,6,1,5;1,3,3,0,6;-1,3,3,6,0;2,6,0,5,1;1,6,0,6,0 | live
REL 9,-2 14,1 15,-1 | 1,1,5,0,6;-1,1,5,5,1;2,2,4,6,0;-2,4,2,0,6;1,5,1,1,5;-1,5,1,6,0 ||  || CORE 1,0,4,0,6;-1,0,4,5,1;2,1,3,6,0;-2,3,1,0,6;1,4,0,1,5;-1,4,0,6,0 | live
REL 10,-1 11,2 12,1 | -2,1,5,2,4;1,1,5,3,3;-1,1,5,4,2;1,5,1,2,4;-1,5,1,3,3;2,5,1,4,2 ||  || CORE -2,0,4,0,2;1,0,4,1,1;-1,0,4,2,0;1,4,0,0,2;-1,4,0,1,1;2,4,0,2,0 | live
REL 21,-2 22,1 23,-1 | -1,0,6,0,6;2,0,6,5,1;1,0,6,6,0;-1,6,0,0,6;-2,6,0,1,5;1,6,0,6,0 ||  || CORE -1,0,6,0,6;2,0,6,5,1;1,0,6,6,0;-1,6,0,0,6;-2,6,0,1,5;1,6,0,6,0 | live
REL 8,-2 21,1 22,1 | -1,0,6,0,6;-1,0,6,5,1;2,2,4,0,6;-2,4,2,6,0;1,6,0,1,5;1,6,0,6,0 ||  || CORE -1,0,6,0,6;-1,0,6,5,1;2,2,4,0,6;-2,4,2,6,0;1,6,0,1,5;1,6,0,6,0 | live
REL 8,-2 20,-1 23,-1 | 1,0,6,1,5;1,0,6,6,0;2,2,4,0,6;-2,4,2,6,0;-1,6,0,0,6;-1,6,0,5,1 ||  || CORE 1,0,6,1,5;1,0,6,6,0;2,2,4,0,6;-2,4,2,6,0;-1,6,0,0,6;-1,6,0,5,1 | live
REL 6,-1 8,-1 9,-2 | 1,2,4,0,6;1,2,4,1,5;2,2,4,6,0;-2,4,2,0,6;-1,4,2,5,1;-1,4,2,6,0 ||  || CORE 1,0,2,0,6;1,0,2,1,5;2,0,2,6,0;-2,2,0,0,6;-1,2,0,5,1;-1,2,0,6,0 | live
REL 6,-2 18,1 21,-1 | -1,0,6,2,4;1,0,6,5,1;2,2,4,1,5;-2,4,2,5,1;-1,6,0,1,5;1,6,0,4,2 ||  || CORE -1,0,6,1,3;1,0,6,4,0;2,2,4,0,4;-2,4,2,4,0;-1,6,0,0,4;1,6,0,3,1 | live
REL 15,-1 18,-2 22,-1 | 1,0,6,0,6;2,0,6,2,4;1,1,5,0,6;-1,5,1,6,0;-2,6,0,4,2;-1,6,0,6,0 ||  || CORE 1,0,6,0,6;2,0,6,2,4;1,1,5,0,6;-1,5,1,6,0;-2,6,0,4,2;-1,6,0,6,0 | live
REL 14,-2 22,-1 23,-1 | 1,0,6,0,6;1,0,6,6,0;2,1,5,5,1;-2,5,1,1,5;-1,6,0,0,6;-1,6,0,6,0 ||  || CORE 1,0,6,0,6;1,0,6,6,0;2,1,5,5,1;-2,5,1,1,5;-1,6,0,0,6;-1,6,0,6,0 | live
REL 2,-1 8,-2 9,-1 | 2,2,4,0,6;1,2,4,6,0;1,3,3,0,6;-1,3,3,6,0;-1,4,2,0,6;-2,4,2,6,0 || F 1,0,1,0,0;1,1,0,0,0 | 2,0,1,0,6;1,0,1,6,0;-1,1,0,0,6;-2,1,0,6,0 || CORE 2,0,1,0,6;1,0,1,6,0;-1,1,0,0,6;-2,1,0,6,0 | live
REL 5,-2 15,-1 16,1 | 1,1,5,0,6;-1,1,5,6,0;2,2,4,4,2;-2,4,2,2,4;1,5,1,0,6;-1,5,1,6,0 ||  || CORE 1,0,4,0,6;-1,0,4,6,0;2,1,3,4,2;-2,3,1,2,4;1,4,0,0,6;-1,4,0,6,0 | live
REL 1,-2 12,-1 13,-1 | 1,1,5,1,5;1,1,5,4,2;2,3,3,1,5;-2,3,3,5,1;-1,5,1,2,4;-1,5,1,5,1 || F 1,0,0,0,1;1,0,0,1,0 | 1,0,4,0,3;-1,0,4,1,2;1,0,4,2,1;2,2,2,0,3;-2,2,2,1,2;2,2,2,2,1;-2,2,2,3,0;-1,4,0,1,2;1,4,0,2,1;-1,4,0,3,0 || CORE 1,0,4,0,3;-1,0,4,1,2;1,0,4,2,1;2,2,2,0,3;-2,2,2,1,2;2,2,2,2,1;-2,2,2,3,0;-1,4,0,1,2;1,4,0,2,1;-1,4,0,3,0 | live
REL 17,-1 20,2 21,1 | -2,0,6,1,5;1,0,6,3,3;-1,0,6,5,1;1,6,0,1,5;-1,6,0,3,3;2,6,0,5,1 ||  || CORE -2,0,6,0,4;1,0,6,2,2;-1,0,6,4,0;1,6,0,0,4;-1,6,0,2,2;2,6,0,4,0 | live
REL 18,-1 22,-1 23,-2 | 1,0,6,0,6;1,0,6,2,4;2,0,6,6,0;-2,6,0,0,6;-1,6,0,4,2;-1,6,0,6,0 ||  || CORE 1,0,6,0,6;1,0,6,2,4;2,0,6,6,0;-2,6,0,0,6;-1,6,0,4,2;-1,6,0,6,0 | live
REL 3,-1 8,2 9,-1 | -2,2,4,0,6;1,2,4,3,3;1,2,4,6,0;-1,4,2,0,6;-1,4,2,3,3;2,4,2,6,0 || F -1,0,0,0,1;1,0,0,1,0 | 2,0,2,0,5;2,0,2,1,4;2,0,2,2,3;1,0,2,3,2;1,0,2,4,1;1,0,2,5,0;1,2,0,0,5;1,2,0,1,4;1,2,0,2,3;2,2,0,3,2;2,2,0,4,1;2,2,0,5,0 ## F 1,0,0,0,2;1,0,0,1,1;1,0,0,2,0 | 2,0,2,0,3;1,0,2,3,0;1,2,0,0,3;2,2,0,3,0 || CORE 2,0,2,0,3;1,0,2,3,0;1,2,0,0,3;2,2,0,3,0 | live
REL 16,-2 19,-1 22,1 | -1,0,6,0,6;1,0,6,4,2;2,1,5,6,0;-2,5,1,0,6;-1,6,0,2,4;1,6,0,6,0 ||  || CORE -1,0,6,0,6;1,0,6,4,2;2,1,5,6,0;-2,5,1,0,6;-1,6,0,2,4;1,6,0,6,0 | live
REL 16,-1 19,-2 23,1 | 2,0,6,4,2;-1,0,6,6,0;1,1,5,6,0;-1,5,1,0,6;1,6,0,0,6;-2,6,0,2,4 ||  || CORE 2,0,6,4,2;-1,0,6,6,0;1,1,5,6,0;-1,5,1,0,6;1,6,0,0,6;-2,6,0,2,4 | live
REL 8,-1 15,1 16,2 | -1,1,5,0,6;-2,1,5,6,0;1,2,4,0,6;-1,4,2,6,0;2,5,1,0,6;1,5,1,6,0 || F 1,0,1,0,0;1,1,0,0,0 | -1,0,3,0,6;-2,0,3,6,0;2,1,2,0,6;2,1,2,6,0;-2,2,1,0,6;-2,2,1,6,0;2,3,0,0,6;1,3,0,6,0 || CORE -1,0,3,0,6;-2,0,3,6,0;2,1,2,0,6;2,1,2,6,0;-2,2,1,0,6;-2,2,1,6,0;2,3,0,0,6;1,3,0,6,0 | live
REL 0,-1 18,2 19,1 | -2,0,6,2,4;-1,0,6,4,2;1,3,3,2,4;-1,3,3,4,2;1,6,0,2,4;2,6,0,4,2 || F -1,0,1,0,0;1,1,0,0,0 | 2,0,5,0,2;1,0,5,2,0;2,1,4,0,2;1,1,4,2,0;2,2,3,0,2;1,2,3,2,0;1,3,2,0,2;2,3,2,2,0;1,4,1,0,2;2,4,1,2,0;1,5,0,0,2;2,5,0,2,0 ## F 1,0,2,0,0;1,1,1,0,0;1,2,0,0,0 | 2,0,3,0,2;1,0,3,2,0;1,3,0,0,2;2,3,0,2,0 || CORE 2,0,3,0,2;1,0,3,2,0;1,3,0,0,2;2,3,0,2,0 | live
REL 7,-2 12,-1 14,1 | 1,1,5,4,2;-1,1,5,5,1;2,2,4,5,1;-2,4,2,1,5;1,5,1,1,5;-1,5,1,2,4 ||  || CORE 1,0,4,3,1;-1,0,4,4,0;2,1,3,4,0;-2,3,1,0,4;1,4,0,0,4;-1,4,0,1,3 | live
REL 5,-1 11,-2 12,1 | 2,1,5,2,4;-1,1,5,4,2;1,2,4,4,2;-1,4,2,2,4;1,5,1,2,4;-2,5,1,4,2 ||  || CORE 2,0,4,0,2;-1,0,4,2,0;1,1,3,2,0;-1,3,1,0,2;1,4,0,0,2;-2,4,0,2,0 | live
REL 9,-2 14,-1 15,-1 | 1,1,5,0,6;1,1,5,5,1;2,2,4,6,0;-2,4,2,0,6;-1,5,1,1,5;-1,5,1,6,0 ||  || CORE 1,0,4,0,6;1,0,4,5,1;2,1,3,6,0;-2,3,1,0,6;-1,4,0,1,5;-1,4,0,6,0 | live
REL 6,-2 18,1 20,1 | -1,0,6,1,5;-1,0,6,2,4;2,2,4,1,5;-2,4,2,5,1;1,6,0,4,2;1,6,0,5,1 ||  || CORE -1,0,6,0,4;-1,0,6,1,3;2,2,4,0,4;-2,4,2,4,0;1,6,0,3,1;1,6,0,4,0 | live
REL 1,-1 4,-1 6,-2 | 2,2,4,1,5;1,2,4,2,4;1,3,3,1,5;-1,3,3,5,1;-1,4,2,4,2;-2,4,2,5,1 ||  || CORE 2,0,2,0,4;1,0,2,1,3;1,1,1,0,4;-1,1,1,4,0;-1,2,0,3,1;-2,2,0,4,0 | live
REL 2,-1 6,-1 8,-2 | 2,2,4,0,6;1,2,4,1,5;1,3,3,0,6;-1,3,3,6,0;-1,4,2,5,1;-2,4,2,6,0 ||  || CORE 2,0,2,0,6;1,0,2,1,5;1,1,1,0,6;-1,1,1,6,0;-1,2,0,5,1;-2,2,0,6,0 | live
REL 17,-2 18,1 19,1 | -1,0,6,2,4;2,0,6,3,3;-1,0,6,4,2;1,6,0,2,4;-2,6,0,3,3;1,6,0,4,2 || F 1,0,1,0,0;1,1,0,0,0 | -1,0,5,0,2;2,0,5,1,1;-1,0,5,2,0;1,1,4,0,2;-2,1,4,1,1;1,1,4,2,0;-1,2,3,0,2;2,2,3,1,1;-1,2,3,2,0;1,3,2,0,2;-2,3,2,1,1;1,3,2,2,0;-1,4,1,0,2;2,4,1,1,1;-1,4,1,2,0;1,5,0,0,2;-2,5,0,1,1;1,5,0,2,0 ## F -1,0,1,0,0;1,1,0,0,0 | 1,0,4,0,2;-2,0,4,1,1;1,0,4,2,0;1,2,2,0,2;-2,2,2,1,1;1,2,2,2,0;1,4,0,0,2;-2,4,0,1,1;1,4,0,2,0 ## F -1,0,0,0,1;1,0,0,1,0 | -1,0,4,0,1;1,0,4,1,0;-1,2,2,0,1;1,2,2,1,0;-1,4,0,0,1;1,4,0,1,0 ## F 1,0,2,0,0;1,1,1,0,0;1,2,0,0,0 | -1,0,2,0,1;1,0,2,1,0;1,1,1,0,1;-1,1,1,1,0;-1,2,0,0,1;1,2,0,1,0 ## F 1,0,2,0,0;-1,1,1,0,0;1,2,0,0,0 | -1,0,0,0,1;1,0,0,1,0 ## F -1,0,0,0,1;1,0,0,1,0 | 1,0,0,0,0 || CORE 1,0,0,0,0 | monomial
REL 7,-1 19,-1 20,-2 | 2,0,6,1,5;1,0,6,4,2;1,2,4,5,1;-1,4,2,1,5;-1,6,0,2,4;-2,6,0,5,1 ||  || CORE 2,0,6,0,4;1,0,6,3,1;1,2,4,4,0;-1,4,2,0,4;-1,6,0,1,3;-2,6,0,4,0 | live
REL 8,-1 11,2 16,-1 | -2,1,5,2,4;1,1,5,6,0;1,2,4,0,6;-1,4,2,6,0;-1,5,1,0,6;2,5,1,4,2 ||  || CORE -2,0,4,2,4;1,0,4,6,0;1,1,3,0,6;-1,3,1,6,0;-1,4,0,0,6;2,4,0,4,2 | live
REL 13,-2 19,-1 20,1 | -1,0,6,1,5;1,0,6,4,2;2,1,5,1,5;-2,5,1,5,1;-1,6,0,2,4;1,6,0,5,1 ||  || CORE -1,0,6,0,4;1,0,6,3,1;2,1,5,0,4;-2,5,1,4,0;-1,6,0,1,3;1,6,0,4,0 | live
REL 7,-1 10,2 13,1 | -1,1,5,1,5;-2,1,5,3,3;1,2,4,5,1;-1,4,2,1,5;2,5,1,3,3;1,5,1,5,1 || F 1,0,1,0,0;1,1,0,0,0 | -1,0,3,0,4;-2,0,3,2,2;1,1,2,0,4;2,1,2,2,2;1,1,2,4,0;-1,2,1,0,4;-2,2,1,2,2;-1,2,1,4,0;2,3,0,2,2;1,3,0,4,0 || CORE -1,0,3,0,4;-2,0,3,2,2;1,1,2,0,4;2,1,2,2,2;1,1,2,4,0;-1,2,1,0,4;-2,2,1,2,2;-1,2,1,4,0;2,3,0,2,2;1,3,0,4,0 | live
REL 8,-2 13,1 16,-1 | -1,1,5,1,5;1,1,5,6,0;2,2,4,0,6;-2,4,2,6,0;-1,5,1,0,6;1,5,1,5,1 ||  || CORE -1,0,4,1,5;1,0,4,6,0;2,1,3,0,6;-2,3,1,6,0;-1,4,0,0,6;1,4,0,5,1 | live
REL 13,-1 19,-2 21,1 | 2,0,6,4,2;-1,0,6,5,1;1,1,5,1,5;-1,5,1,5,1;1,6,0,1,5;-2,6,0,2,4 ||  || CORE 2,0,6,3,1;-1,0,6,4,0;1,1,5,0,4;-1,5,1,4,0;1,6,0,0,4;-2,6,0,1,3 | live
REL 1,-1 10,2 14,1 | -2,1,5,3,3;-1,1,5,5,1;1,3,3,1,5;-1,3,3,5,1;1,5,1,1,5;2,5,1,3,3 || F 1,0,2,0,0;1,2,0,0,0 | -2,0,2,2,2;-1,0,2,4,0;1,2,0,0,4;2,2,0,2,2 || CORE -2,0,2,2,2;-1,0,2,4,0;1,2,0,0,4;2,2,0,2,2 | unit
REL 1,-2 17,1 21,1 | -1,0,6,3,3;-1,0,6,5,1;2,3,3,1,5;-2,3,3,5,1;1,6,0,1,5;1,6,0,3,3 || F 1,0,0,0,2;1,0,0,2,0 | -1,0,6,2,0;2,3,3,0,2;-2,3,3,2,0;1,6,0,0,2 || CORE -1,0,6,2,0;2,3,3,0,2;-2,3,3,2,0;1,6,0,0,2 | unit
REL 1,-2 11,-1 13,1 | -1,1,5,1,5;1,1,5,2,4;2,3,3,1,5;-2,3,3,5,1;-1,5,1,4,2;1,5,1,5,1 || F -1,0,0,0,1;1,0,0,1,0 | 1,0,4,0,3;-2,2,2,0,3;-2,2,2,1,2;-2,2,2,2,1;-2,2,2,3,0;1,4,0,3,0 || CORE 1,0,4,0,3;-2,2,2,0,3;-2,2,2,1,2;-2,2,2,2,1;-2,2,2,3,0;1,4,0,3,0 | unit
REL 6,-1 19,1 20,2 | -2,0,6,1,5;-1,0,6,4,2;1,2,4,1,5;-1,4,2,5,1;1,6,0,2,4;2,6,0,5,1 ||  || CORE -2,0,6,0,4;-1,0,6,3,1;1,2,4,0,4;-1,4,2,4,0;1,6,0,1,3;2,6,0,4,0 | live
REL 1,-1 10,2 13,-1 | 1,1,5,1,5;-2,1,5,3,3;1,3,3,1,5;-1,3,3,5,1;2,5,1,3,3;-1,5,1,5,1 || F 1,0,2,0,0;1,2,0,0,0 | 1,0,2,0,4;-2,0,2,2,2;2,2,0,2,2;-1,2,0,4,0 || CORE 1,0,2,0,4;-2,0,2,2,2;2,2,0,2,2;-1,2,0,4,0 | unit
REL 12,-1 13,-1 14,2 | 1,1,5,1,5;1,1,5,4,2;-2,1,5,5,1;2,5,1,1,5;-1,5,1,2,4;-1,5,1,5,1 || F -1,0,0,0,1;1,0,0,1,0 | -1,0,4,0,3;-1,0,4,1,2;-1,0,4,2,1;-2,0,4,3,0;-2,4,0,0,3;-1,4,0,1,2;-1,4,0,2,1;-1,4,0,3,0 || CORE -1,0,4,0,3;-1,0,4,1,2;-1,0,4,2,1;-2,0,4,3,0;-2,4,0,0,3;-1,4,0,1,2;-1,4,0,2,1;-1,4,0,3,0 | live
REL 1,-2 12,1 14,-1 | -1,1,5,4,2;1,1,5,5,1;2,3,3,1,5;-2,3,3,5,1;-1,5,1,1,5;1,5,1,2,4 || F -1,0,0,0,1;1,0,0,1,0 | 1,0,4,3,0;-2,2,2,0,3;-2,2,2,1,2;-2,2,2,2,1;-2,2,2,3,0;1,4,0,0,3 || CORE 1,0,4,3,0;-2,2,2,0,3;-2,2,2,1,2;-2,2,2,2,1;-2,2,2,3,0;1,4,0,0,3 | unit
REL 4,-2 20,1 21,1 | -1,0,6,1,5;-1,0,6,5,1;2,2,4,2,4;-2,4,2,4,2;1,6,0,1,5;1,6,0,5,1 ||  || CORE -1,0,6,0,4;-1,0,6,4,0;2,2,4,1,3;-2,4,2,3,1;1,6,0,0,4;1,6,0,4,0 | live
REL 4,-1 10,-1 11,2 | -2,1,5,2,4;1,1,5,3,3;1,2,4,2,4;-1,4,2,4,2;-1,5,1,3,3;2,5,1,4,2 ||  || CORE -2,0,4,0,2;1,0,4,1,1;1,1,3,0,2;-1,3,1,2,0;-1,4,0,1,1;2,4,0,2,0 | live
REL 8,-2 11,1 16,1 | -1,1,5,2,4;-1,1,5,6,0;2,2,4,0,6;-2,4,2,6,0;1,5,1,0,6;1,5,1,4,2 ||  || CORE -1,0,4,2,4;-1,0,4,6,0;2,1,3,0,6;-2,3,1,6,0;1,4,0,0,6;1,4,0,4,2 | live
REL 9,-1 12,1 16,2 | -1,1,5,4,2;-2,1,5,6,0;1,2,4,6,0;-1,4,2,0,6;2,5,1,0,6;1,5,1,2,4 ||  || CORE -1,0,4,4,2;-2,0,4,6,0;1,1,3,6,0;-1,3,1,0,6;2,4,0,0,6;1,4,0,2,4 | live
REL 1,-2 3,-1 7,1 | 1,2,4,3,3;-1,2,4,5,1;2,3,3,1,5;-2,3,3,5,1;1,4,2,1,5;-1,4,2,3,3 || F 1,0,0,0,1;1,0,0,1,0 | 1,0,2,2,1;-1,0,2,3,0;2,1,1,0,3;-2,1,1,1,2;2,1,1,2,1;-2,1,1,3,0;1,2,0,0,3;-1,2,0,1,2 ## F -1,0,0,0,1;1,0,0,1,0 | -1,0,2,2,0;-2,1,1,0,2;-2,1,1,2,0;-1,2,0,0,2 || CORE -1,0,2,2,0;-2,1,1,0,2;-2,1,1,2,0;-1,2,0,0,2 | unit
REL 2,-1 12,-2 15,1 | -1,1,5,0,6;2,1,5,4,2;1,3,3,0,6;-1,3,3,6,0;-2,5,1,2,4;1,5,1,6,0 ||  || CORE -1,0,4,0,6;2,0,4,4,2;1,2,2,0,6;-1,2,2,6,0;-2,4,0,2,4;1,4,0,6,0 | live
REL 1,-1 20,-1 21,-2 | 1,0,6,1,5;2,0,6,5,1;1,3,3,1,5;-1,3,3,5,1;-2,6,0,1,5;-1,6,0,5,1 || F -1,0,1,0,0;1,1,0,0,0 | -1,0,5,0,4;-2,0,5,4,0;-1,1,4,0,4;-2,1,4,4,0;-1,2,3,0,4;-2,2,3,4,0;-2,3,2,0,4;-1,3,2,4,0;-2,4,1,0,4;-1,4,1,4,0;-2,5,0,0,4;-1,5,0,4,0 ## F 1,0,2,0,0;1,1,1,0,0;1,2,0,0,0 | -1,0,3,0,4;-2,0,3,4,0;-2,3,0,0,4;-1,3,0,4,0 || CORE -1,0,3,0,4;-2,0,3,4,0;-2,3,0,0,4;-1,3,0,4,0 | live
REL 14,-2 17,1 20,-1 | 1,0,6,1,5;-1,0,6,3,3;2,1,5,5,1;-2,5,1,1,5;1,6,0,3,3;-1,6,0,5,1 ||  || CORE 1,0,6,0,4;-1,0,6,2,2;2,1,5,4,0;-2,5,1,0,4;1,6,0,2,2;-1,6,0,4,0 | live
REL 2,-1 5,-2 9,-1 | 2,2,4,4,2;1,2,4,6,0;1,3,3,0,6;-1,3,3,6,0;-1,4,2,0,6;-2,4,2,2,4 ||  || CORE 2,0,2,4,2;1,0,2,6,0;1,1,1,0,6;-1,1,1,6,0;-1,2,0,0,6;-2,2,0,2,4 | live
REL 8,-2 21,1 23,1 | -1,0,6,5,1;-1,0,6,6,0;2,2,4,0,6;-2,4,2,6,0;1,6,0,0,6;1,6,0,1,5 ||  || CORE -1,0,6,5,1;-1,0,6,6,0;2,2,4,0,6;-2,4,2,6,0;1,6,0,0,6;1,6,0,1,5 | live
REL 2,-2 21,1 23,-1 | -1,0,6,5,1;1,0,6,6,0;2,3,3,0,6;-2,3,3,6,0;-1,6,0,0,6;1,6,0,1,5 || F -1,0,0,0,1;1,0,0,1,0 | 1,0,6,5,0;-2,3,3,0,5;-2,3,3,1,4;-2,3,3,2,3;-2,3,3,3,2;-2,3,3,4,1;-2,3,3,5,0;1,6,0,0,5 || CORE 1,0,6,5,0;-2,3,3,0,5;-2,3,3,1,4;-2,3,3,2,3;-2,3,3,3,2;-2,3,3,4,1;-2,3,3,5,0;1,6,0,0,5 | unit
REL 11,-2 17,-1 19,1 | 1,0,6,3,3;-1,0,6,4,2;2,1,5,2,4;-2,5,1,4,2;1,6,0,2,4;-1,6,0,3,3 ||  || CORE 1,0,6,1,1;-1,0,6,2,0;2,1,5,0,2;-2,5,1,2,0;1,6,0,0,2;-1,6,0,1,1 | live
REL 1,-1 12,-2 13,1 | -1,1,5,1,5;2,1,5,4,2;1,3,3,1,5;-1,3,3,5,1;-2,5,1,2,4;1,5,1,5,1 ||  || CORE -1,0,4,0,4;2,0,4,3,1;1,2,2,0,4;-1,2,2,4,0;-2,4,0,1,3;1,4,0,4,0 | live
REL 2,-2 3,-1 8,-1 | 1,2,4,0,6;1,2,4,3,3;2,3,3,0,6;-2,3,3,6,0;-1,4,2,3,3;-1,4,2,6,0 || F 1,0,0,0,1;1,0,0,1,0 | 1,0,2,0,5;-1,0,2,1,4;1,0,2,2,3;2,1,1,0,5;-2,1,1,1,4;2,1,1,2,3;-2,1,1,3,2;2,1,1,4,1;-2,1,1,5,0;-1,2,0,3,2;1,2,0,4,1;-1,2,0,5,0 ## F 1,0,0,0,2;-1,0,0,1,1;1,0,0,2,0 | 1,0,2,0,3;2,1,1,0,3;-2,1,1,3,0;-1,2,0,3,0 || CORE 1,0,2,0,3;2,1,1,0,3;-2,1,1,3,0;-1,2,0,3,0 | unit
REL 8,-2 14,1 16,1 | -1,1,5,5,1;-1,1,5,6,0;2,2,4,0,6;-2,4,2,6,0;1,5,1,0,6;1,5,1,1,5 ||  || CORE -1,0,4,5,1;-1,0,4,6,0;2,1,3,0,6;-2,3,1,6,0;1,4,0,0,6;1,4,0,1,5 | live
REL 17,-1 20,-2 21,-1 | 2,0,6,1,5;1,0,6,3,3;1,0,6,5,1;-1,6,0,1,5;-1,6,0,3,3;-2,6,0,5,1 ||  || CORE 2,0,6,0,4;1,0,6,2,2;1,0,6,4,0;-1,6,0,0,4;-1,6,0,2,2;-2,6,0,4,0 | live
REL 15,-1 22,1 23,2 | -1,0,6,0,6;-2,0,6,6,0;1,1,5,0,6;-1,5,1,6,0;2,6,0,0,6;1,6,0,6,0 || F 1,0,1,0,0;1,1,0,0,0 | -1,0,5,0,6;-2,0,5,6,0;2,1,4,0,6;2,1,4,6,0;-2,2,3,0,6;-2,2,3,6,0;2,3,2,0,6;2,3,2,6,0;-2,4,1,0,6;-2,4,1,6,0;2,5,0,0,6;1,5,0,6,0 || CORE -1,0,5,0,6;-2,0,5,6,0;2,1,4,0,6;2,1,4,6,0;-2,2,3,0,6;-2,2,3,6,0;2,3,2,0,6;2,3,2,6,0;-2,4,1,0,6;-2,4,1,6,0;2,5,0,0,6;1,5,0,6,0 | live
REL 0,-2 17,1 18,-1 | 1,0,6,2,4;-1,0,6,3,3;2,3,3,2,4;-2,3,3,4,2;1,6,0,3,3;-1,6,0,4,2 || F -1,0,0,0,1;1,0,0,1,0 | -1,0,6,0,1;-2,3,3,0,1;-2,3,3,1,0;-1,6,0,1,0 || CORE -1,0,6,0,1;-2,3,3,0,1;-2,3,3,1,0;-1,6,0,1,0 | unit
REL 8,-1 17,2 23,1 | -2,0,6,3,3;-1,0,6,6,0;1,2,4,0,6;-1,4,2,6,0;1,6,0,0,6;2,6,0,3,3 ||  || CORE -2,0,6,3,3;-1,0,6,6,0;1,2,4,0,6;-1,4,2,6,0;1,6,0,0,6;2,6,0,3,3 | live
REL 6,-1 10,1 13,-2 | 2,1,5,1,5;-1,1,5,3,3;1,2,4,1,5;-1,4,2,5,1;1,5,1,3,3;-2,5,1,5,1 ||  || CORE 2,0,4,0,4;-1,0,4,2,2;1,1,3,0,4;-1,3,1,4,0;1,4,0,2,2;-2,4,0,4,0 | live
REL 1,-1 10,1 13,2 | -2,1,5,1,5;-1,1,5,3,3;1,3,3,1,5;-1,3,3,5,1;1,5,1,3,3;2,5,1,5,1 ||  || CORE -2,0,4,0,4;-1,0,4,2,2;1,2,2,0,4;-1,2,2,4,0;1,4,0,2,2;2,4,0,4,0 | live
REL 2,-2 12,-1 16,1 | 1,1,5,4,2;-1,1,5,6,0;2,3,3,0,6;-2,3,3,6,0;1,5,1,0,6;-1,5,1,2,4 || F 1,0,0,0,1;1,0,0,1,0 | 1,0,4,4,1;-1,0,4,5,0;2,2,2,0,5;-2,2,2,1,4;2,2,2,2,3;-2,2,2,3,2;2,2,2,4,1;-2,2,2,5,0;1,4,0,0,5;-1,4,0,1,4 ## F -1,0,0,0,1;1,0,0,1,0 | -1,0,4,4,0;-2,2,2,0,4;-2,2,2,2,2;-2,2,2,4,0;-1,4,0,0,4 || CORE -1,0,4,4,0;-2,2,2,0,4;-2,2,2,2,2;-2,2,2,4,0;-1,4,0,0,4 | unit
REL 11,-2 18,-1 19,1 | 1,0,6,2,4;-1,0,6,4,2;2,1,5,2,4;-2,5,1,4,2;1,6,0,2,4;-1,6,0,4,2 || F 1,0,1,0,0;1,1,0,0,0 | 1,0,5,0,2;-1,0,5,2,0;1,1,4,0,2;1,1,4,2,0;-1,2,3,0,2;-1,2,3,2,0;1,3,2,0,2;1,3,2,2,0;-1,4,1,0,2;-1,4,1,2,0;1,5,0,0,2;-1,5,0,2,0 || CORE 1,0,5,0,2;-1,0,5,2,0;1,1,4,0,2;1,1,4,2,0;-1,2,3,0,2;-1,2,3,2,0;1,3,2,0,2;1,3,2,2,0;-1,4,1,0,2;-1,4,1,2,0;1,5,0,0,2;-1,5,0,2,0 | live
REL 7,-1 19,2 21,1 | -2,0,6,4,2;-1,0,6,5,1;1,2,4,5,1;-1,4,2,1,5;1,6,0,1,5;2,6,0,2,4 ||  || CORE -2,0,6,3,1;-1,0,6,4,0;1,2,4,4,0;-1,4,2,0,4;1,6,0,0,4;2,6,0,1,3 | live
REL 9,-1 11,2 16,-1 | -2,1,5,2,4;1,1,5,6,0;1,2,4,6,0;-1,4,2,0,6;-1,5,1,0,6;2,5,1,4,2 ||  || CORE -2,0,4,2,4;1,0,4,6,0;1,1,3,6,0;-1,3,1,0,6;-1,4,0,0,6;2,4,0,4,2 | live
REL 9,-1 20,1 22,-2 | 2,0,6,0,6;-1,0,6,1,5;1,2,4,6,0;-1,4,2,0,6;1,6,0,5,1;-2,6,0,6,0 ||  || CORE 2,0,6,0,6;-1,0,6,1,5;1,2,4,6,0;-1,4,2,0,6;1,6,0,5,1;-2,6,0,6,0 | live
REL 9,-1 19,-2 23,-1 | 2,0,6,4,2;1,0,6,6,0;1,2,4,6,0;-1,4,2,0,6;-1,6,0,0,6;-2,6,0,2,4 ||  || CORE 2,0,6,4,2;1,0,6,6,0;1,2,4,6,0;-1,4,2,0,6;-1,6,0,0,6;-2,6,0,2,4 | live
REL 6,-2 22,1 23,-1 | -1,0,6,0,6;1,0,6,6,0;2,2,4,1,5;-2,4,2,5,1;-1,6,0,0,6;1,6,0,6,0 ||  || CORE -1,0,6,0,6;1,0,6,6,0;2,2,4,1,5;-2,4,2,5,1;-1,6,0,0,6;1,6,0,6,0 | live
REL 16,-1 17,2 22,1 | -1,0,6,0,6;-2,0,6,3,3;1,1,5,6,0;-1,5,1,0,6;2,6,0,3,3;1,6,0,6,0 || F 1,0,1,0,0;1,1,0,0,0 | -1,0,5,0,6;-2,0,5,3,3;1,1,4,0,6;2,1,4,3,3;1,1,4,6,0;-1,2,3,0,6;-2,2,3,3,3;-1,2,3,6,0;1,3,2,0,6;2,3,2,3,3;1,3,2,6,0;-1,4,1,0,6;-2,4,1,3,3;-1,4,1,6,0;2,5,0,3,3;1,5,0,6,0 || CORE -1,0,5,0,6;-2,0,5,3,3;1,1,4,0,6;2,1,4,3,3;1,1,4,6,0;-1,2,3,0,6;-2,2,3,3,3;-1,2,3,6,0;1,3,2,0,6;2,3,2,3,3;1,3,2,6,0;-1,4,1,0,6;-2,4,1,3,3;-1,4,1,6,0;2,5,0,3,3;1,5,0,6,0 | live
REL 8,-1 18,-1 23,-2 | 1,0,6,2,4;2,0,6,6,0;1,2,4,0,6;-1,4,2,6,0;-2,6,0,0,6;-1,6,0,4,2 ||  || CORE 1,0,6,2,4;2,0,6,6,0;1,2,4,0,6;-1,4,2,6,0;-2,6,0,0,6;-1,6,0,4,2 | live
REL 11,-2 18,1 19,-1 | -1,0,6,2,4;1,0,6,4,2;2,1,5,2,4;-2,5,1,4,2;-1,6,0,2,4;1,6,0,4,2 || F -1,0,1,0,0;1,1,0,0,0 | 1,0,5,0,2;-1,0,5,2,0;-1,1,4,0,2;-1,1,4,2,0;-1,2,3,0,2;-1,2,3,2,0;-1,3,2,0,2;-1,3,2,2,0;-1,4,1,0,2;-1,4,1,2,0;-1,5,0,0,2;1,5,0,2,0 || CORE 1,0,5,0,2;-1,0,5,2,0;-1,1,4,0,2;-1,1,4,2,0;-1,2,3,0,2;-1,2,3,2,0;-1,3,2,0,2;-1,3,2,2,0;-1,4,1,0,2;-1,4,1,2,0;-1,5,0,0,2;1,5,0,2,0 | live
REL 6,-2 15,-1 16,1 | 1,1,5,0,6;-1,1,5,6,0;2,2,4,1,5;-2,4,2,5,1;1,5,1,0,6;-1,5,1,6,0 ||  || CORE 1,0,4,0,6;-1,0,4,6,0;2,1,3,1,5;-2,3,1,5,1;1,4,0,0,6;-1,4,0,6,0 | live
REL 4,-1 6,-1 7,2 | 1,2,4,1,5;1,2,4,2,4;-2,2,4,5,1;2,4,2,1,5;-1,4,2,4,2;-1,4,2,5,1 || F -1,0,0,0,1;1,0,0,1,0 | -1,0,2,0,3;-2,0,2,1,2;-2,0,2,2,1;-2,0,2,3,0;-2,2,0,0,3;-2,2,0,1,2;-2,2,0,2,1;-1,2,0,3,0 || CORE -1,0,2,0,3;-2,0,2,1,2;-2,0,2,2,1;-2,0,2,3,0;-2,2,0,0,3;-2,2,0,1,2;-2,2,0,2,1;-1,2,0,3,0 | live
REL 2,-1 4,1 8,2 | -2,2,4,0,6;-1,2,4,2,4;1,3,3,0,6;-1,3,3,6,0;1,4,2,4,2;2,4,2,6,0 ||  || CORE -2,0,2,0,6;-1,0,2,2,4;1,1,1,0,6;-1,1,1,6,0;1,2,0,4,2;2,2,0,6,0 | live
REL 4,-1 17,-2 19,1 | 2,0,6,3,3;-1,0,6,4,2;1,2,4,2,4;-1,4,2,4,2;1,6,0,2,4;-2,6,0,3,3 ||  || CORE 2,0,6,1,1;-1,0,6,2,0;1,2,4,0,2;-1,4,2,2,0;1,6,0,0,2;-2,6,0,1,1 | live
REL 8,-1 19,-2 22,1 | -1,0,6,0,6;2,0,6,4,2;1,2,4,0,6;-1,4,2,6,0;-2,6,0,2,4;1,6,0,6,0 ||  || CORE -1,0,6,0,6;2,0,6,4,2;1,2,4,0,6;-1,4,2,6,0;-2,6,0,2,4;1,6,0,6,0 | live
REL 3,-1 6,2 7,-1 | -2,2,4,1,5;1,2,4,3,3;1,2,4,5,1;-1,4,2,1,5;-1,4,2,3,3;2,4,2,5,1 || F 1,0,0,0,1;1,0,0,1,0 | -2,0,2,0,3;2,0,2,1,2;-1,0,2,2,1;1,0,2,3,0;-1,2,0,0,3;1,2,0,1,2;-2,2,0,2,1;2,2,0,3,0 ## F -1,0,0,0,1;1,0,0,1,0 | 2,0,2,0,2;1,0,2,2,0;1,2,0,0,2;2,2,0,2,0 || CORE 2,0,2,0,2;1,0,2,2,0;1,2,0,0,2;2,2,0,2,0 | live
REL 1,-1 3,2 7,-1 | -2,2,4,3,3;1,2,4,5,1;1,3,3,1,5;-1,3,3,5,1;-1,4,2,1,5;2,4,2,3,3 || F -1,0,1,0,0;1,1,0,0,0 | 2,0,1,2,2;-1,0,1,4,0;-1,1,0,0,4;2,1,0,2,2 || CORE 2,0,1,2,2;-1,0,1,4,0;-1,1,0,0,4;2,1,0,2,2 | unit
REL 6,-2 12,1 14,1 | -1,1,5,4,2;-1,1,5,5,1;2,2,4,1,5;-2,4,2,5,1;1,5,1,1,5;1,5,1,2,4 ||  || CORE -1,0,4,3,1;-1,0,4,4,0;2,1,3,0,4;-2,3,1,4,0;1,4,0,0,4;1,4,0,1,3 | live
REL 6,-1 20,-1 21,2 | 1,0,6,1,5;-2,0,6,5,1;1,2,4,1,5;-1,4,2,5,1;2,6,0,1,5;-1,6,0,5,1 ||  || CORE 1,0,6,0,4;-2,0,6,4,0;1,2,4,0,4;-1,4,2,4,0;2,6,0,0,4;-1,6,0,4,0 | live
REL 1,-2 5,1 7,-1 | -1,2,4,4,2;1,2,4,5,1;2,3,3,1,5;-2,3,3,5,1;-1,4,2,1,5;1,4,2,2,4 || F -1,0,0,0,1;1,0,0,1,0 | 1,0,2,3,0;-2,1,1,0,3;-2,1,1,1,2;-2,1,1,2,1;-2,1,1,3,0;1,2,0,0,3 || CORE 1,0,2,3,0;-2,1,1,0,3;-2,1,1,1,2;-2,1,1,2,1;-2,1,1,3,0;1,2,0,0,3 | unit
REL 16,-1 17,-2 22,-1 | 1,0,6,0,6;2,0,6,3,3;1,1,5,6,0;-1,5,1,0,6;-2,6,0,3,3;-1,6,0,6,0 || F -1,0,1,0,0;1,1,0,0,0 | -1,0,5,0,6;-2,0,5,3,3;-1,1,4,0,6;-2,1,4,3,3;-1,1,4,6,0;-1,2,3,0,6;-2,2,3,3,3;-1,2,3,6,0;-1,3,2,0,6;-2,3,2,3,3;-1,3,2,6,0;-1,4,1,0,6;-2,4,1,3,3;-1,4,1,6,0;-2,5,0,3,3;-1,5,0,6,0 || CORE -1,0,5,0,6;-2,0,5,3,3;-1,1,4,0,6;-2,1,4,3,3;-1,1,4,6,0;-1,2,3,0,6;-2,2,3,3,3;-1,2,3,6,0;-1,3,2,0,6;-2,3,2,3,3;-1,3,2,6,0;-1,4,1,0,6;-2,4,1,3,3;-1,4,1,6,0;-2,5,0,3,3;-1,5,0,6,0 | live
REL 8,-2 12,1 15,-1 | 1,1,5,0,6;-1,1,5,4,2;2,2,4,0,6;-2,4,2,6,0;1,5,1,2,4;-1,5,1,6,0 ||  || CORE 1,0,4,0,6;-1,0,4,4,2;2,1,3,0,6;-2,3,1,6,0;1,4,0,2,4;-1,4,0,6,0 | live
REL 8,-2 15,-1 16,1 | 1,1,5,0,6;-1,1,5,6,0;2,2,4,0,6;-2,4,2,6,0;1,5,1,0,6;-1,5,1,6,0 || F 1,0,1,0,0;1,1,0,0,0 | 1,0,3,0,6;-1,0,3,6,0;1,1,2,0,6;1,1,2,6,0;-1,2,1,0,6;-1,2,1,6,0;1,3,0,0,6;-1,3,0,6,0 || CORE 1,0,3,0,6;-1,0,3,6,0;1,1,2,0,6;1,1,2,6,0;-1,2,1,0,6;-1,2,1,6,0;1,3,0,0,6;-1,3,0,6,0 | live
REL 9,-2 21,1 22,-1 | 1,0,6,0,6;-1,0,6,5,1;2,2,4,6,0;-2,4,2,0,6;1,6,0,1,5;-1,6,0,6,0 ||  || CORE 1,0,6,0,6;-1,0,6,5,1;2,2,4,6,0;-2,4,2,0,6;1,6,0,1,5;-1,6,0,6,0 | live
REL 6,-2 19,1 20,-1 | 1,0,6,1,5;-1,0,6,4,2;2,2,4,1,5;-2,4,2,5,1;1,6,0,2,4;-1,6,0,5,1 ||  || CORE 1,0,6,0,4;-1,0,6,3,1;2,2,4,0,4;-2,4,2,4,0;1,6,0,1,3;-1,6,0,4,0 | live
REL 5,-2 8,1 9,1 | -1,2,4,0,6;2,2,4,4,2;-1,2,4,6,0;1,4,2,0,6;-2,4,2,2,4;1,4,2,6,0 || F 1,0,0,0,1;1,0,0,1,0 | -1,0,2,0,5;1,0,2,1,4;-1,0,2,2,3;1,0,2,3,2;1,0,2,4,1;-1,0,2,5,0;1,2,0,0,5;-1,2,0,1,4;-1,2,0,2,3;1,2,0,3,2;-1,2,0,4,1;1,2,0,5,0 ## F -1,0,0,0,1;1,0,0,1,0 | 1,0,2,0,4;1,0,2,2,2;-1,0,2,4,0;-1,2,0,0,4;1,2,0,2,2;1,2,0,4,0 || CORE 1,0,2,0,4;1,0,2,2,2;-1,0,2,4,0;-1,2,0,0,4;1,2,0,2,2;1,2,0,4,0 | live
REL 15,-1 18,1 22,2 | -2,0,6,0,6;-1,0,6,2,4;1,1,5,0,6;-1,5,1,6,0;1,6,0,4,2;2,6,0,6,0 ||  || CORE -2,0,6,0,6;-1,0,6,2,4;1,1,5,0,6;-1,5,1,6,0;1,6,0,4,2;2,6,0,6,0 | live
REL 6,-1 18,1 21,2 | -1,0,6,2,4;-2,0,6,5,1;1,2,4,1,5;-1,4,2,5,1;2,6,0,1,5;1,6,0,4,2 ||  || CORE -1,0,6,1,3;-2,0,6,4,0;1,2,4,0,4;-1,4,2,4,0;2,6,0,0,4;1,6,0,3,1 | live
REL 9,-1 18,-2 22,1 | -1,0,6,0,6;2,0,6,2,4;1,2,4,6,0;-1,4,2,0,6;-2,6,0,4,2;1,6,0,6,0 ||  || CORE -1,0,6,0,6;2,0,6,2,4;1,2,4,6,0;-1,4,2,0,6;-2,6,0,4,2;1,6,0,6,0 | live
REL 1,-1 11,-2 13,-1 | 1,1,5,1,5;2,1,5,2,4;1,3,3,1,5;-1,3,3,5,1;-2,5,1,4,2;-1,5,1,5,1 ||  || CORE 1,0,4,0,4;2,0,4,1,3;1,2,2,0,4;-1,2,2,4,0;-2,4,0,3,1;-1,4,0,4,0 | live
REL 6,-1 17,1 20,-2 | 2,0,6,1,5;-1,0,6,3,3;1,2,4,1,5;-1,4,2,5,1;1,6,0,3,3;-2,6,0,5,1 ||  || CORE 2,0,6,0,4;-1,0,6,2,2;1,2,4,0,4;-1,4,2,4,0;1,6,0,2,2;-2,6,0,4,0 | live
REL 9,-1 17,-2 23,1 | 2,0,6,3,3;-1,0,6,6,0;1,2,4,6,0;-1,4,2,0,6;1,6,0,0,6;-2,6,0,3,3 || F 1,0,1,0,0;1,1,0,0,0 | 2,0,5,3,3;-1,0,5,6,0;-2,1,4,3,3;1,1,4,6,0;2,2,3,3,3;-2,3,2,3,3;-1,4,1,0,6;2,4,1,3,3;1,5,0,0,6;-2,5,0,3,3 ## F -1,0,1,0,0;1,1,0,0,0 | -2,0,4,3,3;1,0,4,6,0;-2,2,2,3,3;1,4,0,0,6;-2,4,0,3,3 || CORE -2,0,4,3,3;1,0,4,6,0;-2,2,2,3,3;1,4,0,0,6;-2,4,0,3,3 | unit
REL 21,-2 22,1 23,1 | -1,0,6,0,6;2,0,6,5,1;-1,0,6,6,0;1,6,0,0,6;-2,6,0,1,5;1,6,0,6,0 || F -1,0,0,0,1;1,0,0,1,0 | 1,0,6,0,5;1,0,6,1,4;1,0,6,2,3;1,0,6,3,2;1,0,6,4,1;-1,0,6,5,0;-1,6,0,0,5;1,6,0,1,4;1,6,0,2,3;1,6,0,3,2;1,6,0,4,1;1,6,0,5,0 || CORE 1,0,6,0,5;1,0,6,1,4;1,0,6,2,3;1,0,6,3,2;1,0,6,4,1;-1,0,6,5,0;-1,6,0,0,5;1,6,0,1,4;1,6,0,2,3;1,6,0,3,2;1,6,0,4,1;1,6,0,5,0 | live
REL 2,-1 18,-1 22,2 | -2,0,6,0,6;1,0,6,2,4;1,3,3,0,6;-1,3,3,6,0;-1,6,0,4,2;2,6,0,6,0 ||  || CORE -2,0,6,0,6;1,0,6,2,4;1,3,3,0,6;-1,3,3,6,0;-1,6,0,4,2;2,6,0,6,0 | live
REL 8,-1 18,-2 22,1 | -1,0,6,0,6;2,0,6,2,4;1,2,4,0,6;-1,4,2,6,0;-2,6,0,4,2;1,6,0,6,0 ||  || CORE -1,0,6,0,6;2,0,6,2,4;1,2,4,0,6;-1,4,2,6,0;-2,6,0,4,2;1,6,0,6,0 | live
REL 12,-1 13,2 14,1 | -2,1,5,1,5;1,1,5,4,2;-1,1,5,5,1;1,5,1,1,5;-1,5,1,2,4;2,5,1,5,1 ||  || CORE -2,0,4,0,4;1,0,4,3,1;-1,0,4,4,0;1,4,0,0,4;-1,4,0,1,3;2,4,0,4,0 | live
REL 6,-2 10,-1 14,1 | 1,1,5,3,3;-1,1,5,5,1;2,2,4,1,5;-2,4,2,5,1;1,5,1,1,5;-1,5,1,3,3 ||  || CORE 1,0,4,2,2;-1,0,4,4,0;2,1,3,0,4;-2,3,1,4,0;1,4,0,0,4;-1,4,0,2,2 | live
REL 16,-2 17,1 23,-1 | -1,0,6,3,3;1,0,6,6,0;2,1,5,6,0;-2,5,1,0,6;-1,6,0,0,6;1,6,0,3,3 ||  || CORE -1,0,6,3,3;1,0,6,6,0;2,1,5,6,0;-2,5,1,0,6;-1,6,0,0,6;1,6,0,3,3 | live
REL 18,-1 22,-2 23,-1 | 2,0,6,0,6;1,0,6,2,4;1,0,6,6,0;-1,6,0,0,6;-1,6,0,4,2;-2,6,0,6,0 || F 1,0,0,0,2;1,0,0,2,0 | 2,0,6,0,4;-1,0,6,2,2;1,0,6,4,0;-1,6,0,0,4;1,6,0,2,2;-2,6,0,4,0 || CORE 2,0,6,0,4;-1,0,6,2,2;1,0,6,4,0;-1,6,0,0,4;1,6,0,2,2;-2,6,0,4,0 | live
REL 0,-2 3,1 5,-1 | -1,2,4,3,3;1,2,4,4,2;2,3,3,2,4;-2,3,3,4,2;-1,4,2,2,4;1,4,2,3,3 || F -1,0,0,0,1;1,0,0,1,0 | 1,0,2,1,0;-2,1,1,0,1;-2,1,1,1,0;1,2,0,0,1 || CORE 1,0,2,1,0;-2,1,1,0,1;-2,1,1,1,0;1,2,0,0,1 | unit
REL 0,-1 11,-2 12,-1 | 2,1,5,2,4;1,1,5,4,2;1,3,3,2,4;-1,3,3,4,2;-1,5,1,2,4;-2,5,1,4,2 || F 1,0,2,0,0;1,2,0,0,0 | 2,0,2,0,2;1,0,2,2,0;-1,2,0,0,2;-2,2,0,2,0 || CORE 2,0,2,0,2;1,0,2,2,0;-1,2,0,0,2;-2,2,0,2,0 | live
REL 2,-1 19,-1 22,-2 | 2,0,6,0,6;1,0,6,4,2;1,3,3,0,6;-1,3,3,6,0;-1,6,0,2,4;-2,6,0,6,0 ||  || CORE 2,0,6,0,6;1,0,6,4,2;1,3,3,0,6;-1,3,3,6,0;-1,6,0,2,4;-2,6,0,6,0 | live
REL 2,-2 13,-1 15,1 | -1,1,5,0,6;1,1,5,1,5;2,3,3,0,6;-2,3,3,6,0;-1,5,1,5,1;1,5,1,6,0 || F -1,0,0,0,1;1,0,0,1,0 | 1,0,4,0,5;-2,2,2,0,5;-2,2,2,1,4;-2,2,2,2,3;-2,2,2,3,2;-2,2,2,4,1;-2,2,2,5,0;1,4,0,5,0 || CORE 1,0,4,0,5;-2,2,2,0,5;-2,2,2,1,4;-2,2,2,2,3;-2,2,2,3,2;-2,2,2,4,1;-2,2,2,5,0;1,4,0,5,0 | unit
REL 7,-1 13,1 14,-2 | -1,1,5,1,5;2,1,5,5,1;1,2,4,5,1;-1,4,2,1,5;-2,5,1,1,5;1,5,1,5,1 ||  || CORE -1,0,4,0,4;2,0,4,4,0;1,1,3,4,0;-1,3,1,0,4;-2,4,0,0,4;1,4,0,4,0 | live
REL 7,-1 12,-2 14,-1 | 2,1,5,4,2;1,1,5,5,1;1,2,4,5,1;-1,4,2,1,5;-1,5,1,1,5;-2,5,1,2,4 ||  || CORE 2,0,4,3,1;1,0,4,4,0;1,1,3,4,0;-1,3,1,0,4;-1,4,0,0,4;-2,4,0,1,3 | live
REL 4,-1 11,-1 12,-2 | 1,1,5,2,4;2,1,5,4,2;1,2,4,2,4;-1,4,2,4,2;-2,5,1,2,4;-1,5,1,4,2 || F -1,0,1,0,0;1,1,0,0,0 | -1,0,3,0,2;-2,0,3,2,0;-2,1,2,0,2;-2,1,2,2,0;-2,2,1,0,2;-2,2,1,2,0;-2,3,0,0,2;-1,3,0,2,0 || CORE -1,0,3,0,2;-2,0,3,2,0;-2,1,2,0,2;-2,1,2,2,0;-2,2,1,0,2;-2,2,1,2,0;-2,3,0,0,2;-1,3,0,2,0 | live
REL 15,-1 17,-1 23,2 | 1,0,6,3,3;-2,0,6,6,0;1,1,5,0,6;-1,5,1,6,0;2,6,0,0,6;-1,6,0,3,3 ||  || CORE 1,0,6,3,3;-2,0,6,6,0;1,1,5,0,6;-1,5,1,6,0;2,6,0,0,6;-1,6,0,3,3 | live
REL 2,-1 20,1 22,-2 | 2,0,6,0,6;-1,0,6,1,5;1,3,3,0,6;-1,3,3,6,0;1,6,0,5,1;-2,6,0,6,0 ||  || CORE 2,0,6,0,6;-1,0,6,1,5;1,3,3,0,6;-1,3,3,6,0;1,6,0,5,1;-2,6,0,6,0 | live
REL 2,-1 15,1 16,-2 | -1,1,5,0,6;2,1,5,6,0;1,3,3,0,6;-1,3,3,6,0;-2,5,1,0,6;1,5,1,6,0 ||  || CORE -1,0,4,0,6;2,0,4,6,0;1,2,2,0,6;-1,2,2,6,0;-2,4,0,0,6;1,4,0,6,0 | live
REL 6,-1 13,1 14,2 | -1,1,5,1,5;-2,1,5,5,1;1,2,4,1,5;-1,4,2,5,1;2,5,1,1,5;1,5,1,5,1 || F 1,0,1,0,0;1,1,0,0,0 | -1,0,3,0,4;-2,0,3,4,0;2,1,2,0,4;2,1,2,4,0;-2,2,1,0,4;-2,2,1,4,0;2,3,0,0,4;1,3,0,4,0 || CORE -1,0,3,0,4;-2,0,3,4,0;2,1,2,0,4;2,1,2,4,0;-2,2,1,0,4;-2,2,1,4,0;2,3,0,0,4;1,3,0,4,0 | live
REL 9,-2 20,-1 23,1 | 1,0,6,1,5;-1,0,6,6,0;2,2,4,6,0;-2,4,2,0,6;1,6,0,0,6;-1,6,0,5,1 ||  || CORE 1,0,6,1,5;-1,0,6,6,0;2,2,4,6,0;-2,4,2,0,6;1,6,0,0,6;-1,6,0,5,1 | live
REL 8,-1 19,2 22,1 | -1,0,6,0,6;-2,0,6,4,2;1,2,4,0,6;-1,4,2,6,0;2,6,0,2,4;1,6,0,6,0 ||  || CORE -1,0,6,0,6;-2,0,6,4,2;1,2,4,0,6;-1,4,2,6,0;2,6,0,2,4;1,6,0,6,0 | live
REL 1,-1 12,2 13,-1 | 1,1,5,1,5;-2,1,5,4,2;1,3,3,1,5;-1,3,3,5,1;2,5,1,2,4;-1,5,1,5,1 ||  || CORE 1,0,4,0,4;-2,0,4,3,1;1,2,2,0,4;-1,2,2,4,0;2,4,0,1,3;-1,4,0,4,0 | live
REL 7,-1 10,-2 13,-1 | 1,1,5,1,5;2,1,5,3,3;1,2,4,5,1;-1,4,2,1,5;-2,5,1,3,3;-1,5,1,5,1 || F -1,0,1,0,0;1,1,0,0,0 | -1,0,3,0,4;-2,0,3,2,2;-1,1,2,0,4;-2,1,2,2,2;-1,1,2,4,0;-1,2,1,0,4;-2,2,1,2,2;-1,2,1,4,0;-2,3,0,2,2;-1,3,0,4,0 || CORE -1,0,3,0,4;-2,0,3,2,2;-1,1,2,0,4;-2,1,2,2,2;-1,1,2,4,0;-1,2,1,0,4;-2,2,1,2,2;-1,2,1,4,0;-2,3,0,2,2;-1,3,0,4,0 | live
REL 1,-2 10,1 14,1 | -1,1,5,3,3;-1,1,5,5,1;2,3,3,1,5;-2,3,3,5,1;1,5,1,1,5;1,5,1,3,3 || F 1,0,0,0,2;1,0,0,2,0 | -1,0,4,2,0;2,2,2,0,2;-2,2,2,2,0;1,4,0,0,2 || CORE -1,0,4,2,0;2,2,2,0,2;-2,2,2,2,0;1,4,0,0,2 | unit
REL 2,-2 14,-1 16,-1 | 1,1,5,5,1;1,1,5,6,0;2,3,3,0,6;-2,3,3,6,0;-1,5,1,0,6;-1,5,1,1,5 || F 1,0,0,0,1;1,0,0,1,0 | 1,0,4,5,0;2,2,2,0,5;-2,2,2,1,4;2,2,2,2,3;-2,2,2,3,2;2,2,2,4,1;-2,2,2,5,0;-1,4,0,0,5 || CORE 1,0,4,5,0;2,2,2,0,5;-2,2,2,1,4;2,2,2,2,3;-2,2,2,3,2;2,2,2,4,1;-2,2,2,5,0;-1,4,0,0,5 | unit
REL 1,-1 17,-1 20,-2 | 2,0,6,1,5;1,0,6,3,3;1,3,3,1,5;-1,3,3,5,1;-1,6,0,3,3;-2,6,0,5,1 ||  || CORE 2,0,6,0,4;1,0,6,2,2;1,3,3,0,4;-1,3,3,4,0;-1,6,0,2,2;-2,6,0,4,0 | live
REL 1,-2 17,-1 21,-1 | 1,0,6,3,3;1,0,6,5,1;2,3,3,1,5;-2,3,3,5,1;-1,6,0,1,5;-1,6,0,3,3 || F 1,0,0,0,2;1,0,0,2,0 | 1,0,6,2,0;2,3,3,0,2;-2,3,3,2,0;-1,6,0,0,2 || CORE 1,0,6,2,0;2,3,3,0,2;-2,3,3,2,0;-1,6,0,0,2 | unit
REL 13,-1 18,2 21,1 | -2,0,6,2,4;-1,0,6,5,1;1,1,5,1,5;-1,5,1,5,1;1,6,0,1,5;2,6,0,4,2 ||  || CORE -2,0,6,1,3;-1,0,6,4,0;1,1,5,0,4;-1,5,1,4,0;1,6,0,0,4;2,6,0,3,1 | live
REL 0,-2 3,-1 4,-1 | 1,2,4,2,4;1,2,4,3,3;2,3,3,2,4;-2,3,3,4,2;-1,4,2,3,3;-1,4,2,4,2 || F 1,0,0,0,1;1,0,0,1,0 | 1,0,2,0,1;2,1,1,0,1;-2,1,1,1,0;-1,2,0,1,0 || CORE 1,0,2,0,1;2,1,1,0,1;-2,1,1,1,0;-1,2,0,1,0 | unit
REL 1,-1 12,-1 14,-2 | 1,1,5,4,2;2,1,5,5,1;1,3,3,1,5;-1,3,3,5,1;-2,5,1,1,5;-1,5,1,2,4 ||  || CORE 1,0,4,3,1;2,0,4,4,0;1,2,2,0,4;-1,2,2,4,0;-2,4,0,0,4;-1,4,0,1,3 | live
REL 16,-2 19,1 23,1 | -1,0,6,4,2;-1,0,6,6,0;2,1,5,6,0;-2,5,1,0,6;1,6,0,0,6;1,6,0,2,4 ||  || CORE -1,0,6,4,2;-1,0,6,6,0;2,1,5,6,0;-2,5,1,0,6;1,6,0,0,6;1,6,0,2,4 | live
REL 11,-2 13,-1 14,-1 | 1,1,5,1,5;2,1,5,2,4;1,1,5,5,1;-1,5,1,1,5;-2,5,1,4,2;-1,5,1,5,1 || F 1,0,0,0,1;1,0,0,1,0 | 1,0,4,0,3;1,0,4,1,2;-1,0,4,2,1;1,0,4,3,0;-1,4,0,0,3;1,4,0,1,2;-1,4,0,2,1;-1,4,0,3,0 || CORE 1,0,4,0,3;1,0,4,1,2;-1,0,4,2,1;1,0,4,3,0;-1,4,0,0,3;1,4,0,1,2;-1,4,0,2,1;-1,4,0,3,0 | live
REL 7,-1 11,-2 14,-1 | 2,1,5,2,4;1,1,5,5,1;1,2,4,5,1;-1,4,2,1,5;-1,5,1,1,5;-2,5,1,4,2 ||  || CORE 2,0,4,1,3;1,0,4,4,0;1,1,3,4,0;-1,3,1,0,4;-1,4,0,0,4;-2,4,0,3,1 | live
REL 2,-1 21,1 22,2 | -2,0,6,0,6;-1,0,6,5,1;1,3,3,0,6;-1,3,3,6,0;1,6,0,1,5;2,6,0,6,0 ||  || CORE -2,0,6,0,6;-1,0,6,5,1;1,3,3,0,6;-1,3,3,6,0;1,6,0,1,5;2,6,0,6,0 | live
REL 9,-1 14,-1 16,2 | 1,1,5,5,1;-2,1,5,6,0;1,2,4,6,0;-1,4,2,0,6;2,5,1,0,6;-1,5,1,1,5 ||  || CORE 1,0,4,5,1;-2,0,4,6,0;1,1,3,6,0;-1,3,1,0,6;2,4,0,0,6;-1,4,0,1,5 | live
REL 14,-1 18,-1 20,-2 | 2,0,6,1,5;1,0,6,2,4;1,1,5,5,1;-1,5,1,1,5;-1,6,0,4,2;-2,6,0,5,1 ||  || CORE 2,0,6,0,4;1,0,6,1,3;1,1,5,4,0;-1,5,1,0,4;-1,6,0,3,1;-2,6,0,4,0 | live
REL 17,-1 22,-2 23,-1 | 2,0,6,0,6;1,0,6,3,3;1,0,6,6,0;-1,6,0,0,6;-1,6,0,3,3;-2,6,0,6,0 ||  || CORE 2,0,6,0,6;1,0,6,3,3;1,0,6,6,0;-1,6,0,0,6;-1,6,0,3,3;-2,6,0,6,0 | live
REL 6,-1 20,1 21,-2 | -1,0,6,1,5;2,0,6,5,1;1,2,4,1,5;-1,4,2,5,1;-2,6,0,1,5;1,6,0,5,1 || F 1,0,2,0,0;1,2,0,0,0 | -1,0,4,0,4;2,0,4,4,0;2,2,2,0,4;-2,2,2,4,0;-2,4,0,0,4;1,4,0,4,0 || CORE -1,0,4,0,4;2,0,4,4,0;2,2,2,0,4;-2,2,2,4,0;-2,4,0,0,4;1,4,0,4,0 | live
REL 1,-1 10,-2 14,1 | 2,1,5,3,3;-1,1,5,5,1;1,3,3,1,5;-1,3,3,5,1;1,5,1,1,5;-2,5,1,3,3 || F 1,0,2,0,0;1,2,0,0,0 | 2,0,2,2,2;-1,0,2,4,0;1,2,0,0,4;-2,2,0,2,2 || CORE 2,0,2,2,2;-1,0,2,4,0;1,2,0,0,4;-2,2,0,2,2 | unit
REL 2,-2 19,1 23,-1 | -1,0,6,4,2;1,0,6,6,0;2,3,3,0,6;-2,3,3,6,0;-1,6,0,0,6;1,6,0,2,4 || F 1,0,0,0,1;1,0,0,1,0 | -1,0,6,4,1;1,0,6,5,0;2,3,3,0,5;-2,3,3,1,4;2,3,3,2,3;-2,3,3,3,2;2,3,3,4,1;-2,3,3,5,0;-1,6,0,0,5;1,6,0,1,4 ## F -1,0,0,0,1;1,0,0,1,0 | 1,0,6,4,0;-2,3,3,0,4;-2,3,3,2,2;-2,3,3,4,0;1,6,0,0,4 || CORE 1,0,6,4,0;-2,3,3,0,4;-2,3,3,2,2;-2,3,3,4,0;1,6,0,0,4 | unit
REL 6,-1 8,2 9,1 | -2,2,4,0,6;1,2,4,1,5;-1,2,4,6,0;1,4,2,0,6;-1,4,2,5,1;2,4,2,6,0 ||  || CORE -2,0,2,0,6;1,0,2,1,5;-1,0,2,6,0;1,2,0,0,6;-1,2,0,5,1;2,2,0,6,0 | live
REL 13,-2 18,1 20,-1 | 1,0,6,1,5;-1,0,6,2,4;2,1,5,1,5;-2,5,1,5,1;1,6,0,4,2;-1,6,0,5,1 ||  || CORE 1,0,6,0,4;-1,0,6,1,3;2,1,5,0,4;-2,5,1,4,0;1,6,0,3,1;-1,6,0,4,0 | live
REL 2,-1 10,1 15,2 | -2,1,5,0,6;-1,1,5,3,3;1,3,3,0,6;-1,3,3,6,0;1,5,1,3,3;2,5,1,6,0 ||  || CORE -2,0,4,0,6;-1,0,4,3,3;1,2,2,0,6;-1,2,2,6,0;1,4,0,3,3;2,4,0,6,0 | live
REL 1,-1 19,1 20,-2 | 2,0,6,1,5;-1,0,6,4,2;1,3,3,1,5;-1,3,3,5,1;1,6,0,2,4;-2,6,0,5,1 ||  || CORE 2,0,6,0,4;-1,0,6,3,1;1,3,3,0,4;-1,3,3,4,0;1,6,0,1,3;-2,6,0,4,0 | live
REL 1,-1 3,-2 6,-1 | 1,2,4,1,5;2,2,4,3,3;1,3,3,1,5;-1,3,3,5,1;-2,4,2,3,3;-1,4,2,5,1 || F 1,0,1,0,0;1,1,0,0,0 | 1,0,1,0,4;2,0,1,2,2;-2,1,0,2,2;-1,1,0,4,0 || CORE 1,0,1,0,4;2,0,1,2,2;-2,1,0,2,2;-1,1,0,4,0 | unit
REL 14,-2 18,-1 21,1 | 1,0,6,2,4;-1,0,6,5,1;2,1,5,5,1;-2,5,1,1,5;1,6,0,1,5;-1,6,0,4,2 ||  || CORE 1,0,6,1,3;-1,0,6,4,0;2,1,5,4,0;-2,5,1,0,4;1,6,0,0,4;-1,6,0,3,1 | live
REL 1,-1 17,-1 20,2 | -2,0,6,1,5;1,0,6,3,3;1,3,3,1,5;-1,3,3,5,1;-1,6,0,3,3;2,6,0,5,1 ||  || CORE -2,0,6,0,4;1,0,6,2,2;1,3,3,0,4;-1,3,3,4,0;-1,6,0,2,2;2,6,0,4,0 | live
REL 11,-2 17,-1 18,-1 | 1,0,6,2,4;1,0,6,3,3;2,1,5,2,4;-2,5,1,4,2;-1,6,0,3,3;-1,6,0,4,2 ||  || CORE 1,0,6,0,2;1,0,6,1,1;2,1,5,0,2;-2,5,1,2,0;-1,6,0,1,1;-1,6,0,2,0 | live
REL 9,-2 14,1 16,-1 | -1,1,5,5,1;1,1,5,6,0;2,2,4,6,0;-2,4,2,0,6;-1,5,1,0,6;1,5,1,1,5 ||  || CORE -1,0,4,5,1;1,0,4,6,0;2,1,3,6,0;-2,3,1,0,6;-1,4,0,0,6;1,4,0,1,5 | live
REL 5,-1 17,-2 19,-1 | 2,0,6,3,3;1,0,6,4,2;1,2,4,4,2;-1,4,2,2,4;-1,6,0,2,4;-2,6,0,3,3 ||  || CORE 2,0,6,1,1;1,0,6,2,0;1,2,4,2,0;-1,4,2,0,2;-1,6,0,0,2;-2,6,0,1,1 | live
REL 10,-1 15,2 16,1 | -2,1,5,0,6;1,1,5,3,3;-1,1,5,6,0;1,5,1,0,6;-1,5,1,3,3;2,5,1,6,0 ||  || CORE -2,0,4,0,6;1,0,4,3,3;-1,0,4,6,0;1,4,0,0,6;-1,4,0,3,3;2,4,0,6,0 | live
REL 9,-2 17,-1 23,1 | 1,0,6,3,3;-1,0,6,6,0;2,2,4,6,0;-2,4,2,0,6;1,6,0,0,6;-1,6,0,3,3 ||  || CORE 1,0,6,3,3;-1,0,6,6,0;2,2,4,6,0;-2,4,2,0,6;1,6,0,0,6;-1,6,0,3,3 | live
REL 20,-2 22,-1 23,-1 | 1,0,6,0,6;2,0,6,1,5;1,0,6,6,0;-1,6,0,0,6;-2,6,0,5,1;-1,6,0,6,0 || F 1,0,0,0,1;1,0,0,1,0 | 1,0,6,0,5;1,0,6,1,4;-1,0,6,2,3;1,0,6,3,2;-1,0,6,4,1;1,0,6,5,0;-1,6,0,0,5;1,6,0,1,4;-1,6,0,2,3;1,6,0,3,2;-1,6,0,4,1;-1,6,0,5,0 || CORE 1,0,6,0,5;1,0,6,1,4;-1,0,6,2,3;1,0,6,3,2;-1,0,6,4,1;1,0,6,5,0;-1,6,0,0,5;1,6,0,1,4;-1,6,0,2,3;1,6,0,3,2;-1,6,0,4,1;-1,6,0,5,0 | live
REL 12,-2 17,-1 18,-1 | 1,0,6,2,4;1,0,6,3,3;2,1,5,4,2;-2,5,1,2,4;-1,6,0,3,3;-1,6,0,4,2 ||  || CORE 1,0,6,0,2;1,0,6,1,1;2,1,5,2,0;-2,5,1,0,2;-1,6,0,1,1;-1,6,0,2,0 | live
REL 5,-1 10,-2 12,1 | 2,1,5,3,3;-1,1,5,4,2;1,2,4,4,2;-1,4,2,2,4;1,5,1,2,4;-2,5,1,3,3 || F -1,0,1,0,0;1,1,0,0,0 | -2,0,3,1,1;1,0,3,2,0;-2,1,2,1,1;-2,2,1,1,1;1,3,0,0,2;-2,3,0,1,1 || CORE -2,0,3,1,1;1,0,3,2,0;-2,1,2,1,1;-2,2,1,1,1;1,3,0,0,2;-2,3,0,1,1 | unit
REL 0,-2 13,1 14,1 | -1,1,5,1,5;-1,1,5,5,1;2,3,3,2,4;-2,3,3,4,2;1,5,1,1,5;1,5,1,5,1 ||  || CORE -1,0,4,0,4;-1,0,4,4,0;2,2,2,1,3;-2,2,2,3,1;1,4,0,0,4;1,4,0,4,0 | live
REL 1,-1 17,1 20,-2 | 2,0,6,1,5;-1,0,6,3,3;1,3,3,1,5;-1,3,3,5,1;1,6,0,3,3;-2,6,0,5,1 ||  || CORE 2,0,6,0,4;-1,0,6,2,2;1,3,3,0,4;-1,3,3,4,0;1,6,0,2,2;-2,6,0,4,0 | live
REL 0,-1 17,2 18,1 | -1,0,6,2,4;-2,0,6,3,3;1,3,3,2,4;-1,3,3,4,2;2,6,0,3,3;1,6,0,4,2 || F -1,0,1,0,0;1,1,0,0,0 | 1,0,5,0,2;2,0,5,1,1;1,1,4,0,2;2,1,4,1,1;1,2,3,0,2;2,2,3,1,1;2,3,2,1,1;1,3,2,2,0;2,4,1,1,1;1,4,1,2,0;2,5,0,1,1;1,5,0,2,0 ## F 1,0,2,0,0;1,1,1,0,0;1,2,0,0,0 | 1,0,3,0,2;2,0,3,1,1;2,3,0,1,1;1,3,0,2,0 || CORE 1,0,3,0,2;2,0,3,1,1;2,3,0,1,1;1,3,0,2,0 | unit
REL 14,-2 20,-1 21,-1 | 1,0,6,1,5;1,0,6,5,1;2,1,5,5,1;-2,5,1,1,5;-1,6,0,1,5;-1,6,0,5,1 ||  || CORE 1,0,6,0,4;1,0,6,4,0;2,1,5,4,0;-2,5,1,0,4;-1,6,0,0,4;-1,6,0,4,0 | live
REL 4,-1 8,1 9,2 | -1,2,4,0,6;1,2,4,2,4;-2,2,4,6,0;2,4,2,0,6;-1,4,2,4,2;1,4,2,6,0 || F 1,0,0,0,2;1,0,0,2,0 | -1,0,2,0,4;2,0,2,2,2;-2,0,2,4,0;2,2,0,0,4;-2,2,0,2,2;1,2,0,4,0 || CORE -1,0,2,0,4;2,0,2,2,2;-2,0,2,4,0;2,2,0,0,4;-2,2,0,2,2;1,2,0,4,0 | live
REL 8,-1 14,1 15,2 | -2,1,5,0,6;-1,1,5,5,1;1,2,4,0,6;-1,4,2,6,0;1,5,1,1,5;2,5,1,6,0 ||  || CORE -2,0,4,0,6;-1,0,4,5,1;1,1,3,0,6;-1,3,1,6,0;1,4,0,1,5;2,4,0,6,0 | live
REL 16,-2 18,-1 22,1 | -1,0,6,0,6;1,0,6,2,4;2,1,5,6,0;-2,5,1,0,6;-1,6,0,4,2;1,6,0,6,0 ||  || CORE -1,0,6,0,6;1,0,6,2,4;2,1,5,6,0;-2,5,1,0,6;-1,6,0,4,2;1,6,0,6,0 | live
REL 6,-1 12,1 14,-2 | -1,1,5,4,2;2,1,5,5,1;1,2,4,1,5;-1,4,2,5,1;-2,5,1,1,5;1,5,1,2,4 ||  || CORE -1,0,4,3,1;2,0,4,4,0;1,1,3,0,4;-1,3,1,4,0;-2,4,0,0,4;1,4,0,1,3 | live
REL 2,-1 4,1 9,-2 | -1,2,4,2,4;2,2,4,6,0;1,3,3,0,6;-1,3,3,6,0;-2,4,2,0,6;1,4,2,4,2 ||  || CORE -1,0,2,2,4;2,0,2,6,0;1,1,1,0,6;-1,1,1,6,0;-2,2,0,0,6;1,2,0,4,2 | live
REL 2,-1 15,-2 16,1 | 2,1,5,0,6;-1,1,5,6,0;1,3,3,0,6;-1,3,3,6,0;1,5,1,0,6;-2,5,1,6,0 ||  || CORE 2,0,4,0,6;-1,0,4,6,0;1,2,2,0,6;-1,2,2,6,0;1,4,0,0,6;-2,4,0,6,0 | live
REL 13,-1 18,-2 21,-1 | 2,0,6,2,4;1,0,6,5,1;1,1,5,1,5;-1,5,1,5,1;-1,6,0,1,5;-2,6,0,4,2 ||  || CORE 2,0,6,1,3;1,0,6,4,0;1,1,5,0,4;-1,5,1,4,0;-1,6,0,0,4;-2,6,0,3,1 | live
REL 3,-1 4,1 5,2 | -1,2,4,2,4;1,2,4,3,3;-2,2,4,4,2;2,4,2,2,4;-1,4,2,3,3;1,4,2,4,2 ||  || CORE -1,0,2,0,2;1,0,2,1,1;-2,0,2,2,0;2,2,0,0,2;-1,2,0,1,1;1,2,0,2,0 | live
REL 2,-1 21,2 22,1 | -1,0,6,0,6;-2,0,6,5,1;1,3,3,0,6;-1,3,3,6,0;2,6,0,1,5;1,6,0,6,0 ||  || CORE -1,0,6,0,6;-2,0,6,5,1;1,3,3,0,6;-1,3,3,6,0;2,6,0,1,5;1,6,0,6,0 | live
REL 2,-1 14,-2 15,-1 | 1,1,5,0,6;2,1,5,5,1;1,3,3,0,6;-1,3,3,6,0;-2,5,1,1,5;-1,5,1,6,0 ||  || CORE 1,0,4,0,6;2,0,4,5,1;1,2,2,0,6;-1,2,2,6,0;-2,4,0,1,5;-1,4,0,6,0 | live
REL 12,-2 22,1 23,1 | -1,0,6,0,6;-1,0,6,6,0;2,1,5,4,2;-2,5,1,2,4;1,6,0,0,6;1,6,0,6,0 ||  || CORE -1,0,6,0,6;-1,0,6,6,0;2,1,5,4,2;-2,5,1,2,4;1,6,0,0,6;1,6,0,6,0 | live
REL 7,-1 10,1 13,2 | -2,1,5,1,5;-1,1,5,3,3;1,2,4,5,1;-1,4,2,1,5;1,5,1,3,3;2,5,1,5,1 ||  || CORE -2,0,4,0,4;-1,0,4,2,2;1,1,3,4,0;-1,3,1,0,4;1,4,0,2,2;2,4,0,4,0 | live
REL 19,-2 20,1 21,-1 | -1,0,6,1,5;2,0,6,4,2;1,0,6,5,1;-1,6,0,1,5;-2,6,0,2,4;1,6,0,5,1 ||  || CORE -1,0,6,0,4;2,0,6,3,1;1,0,6,4,0;-1,6,0,0,4;-2,6,0,1,3;1,6,0,4,0 | live
REL 14,-1 19,-1 21,-2 | 1,0,6,4,2;2,0,6,5,1;1,1,5,5,1;-1,5,1,1,5;-2,6,0,1,5;-1,6,0,2,4 ||  || CORE 1,0,6,3,1;2,0,6,4,0;1,1,5,4,0;-1,5,1,0,4;-2,6,0,0,4;-1,6,0,1,3 | live
REL 2,-1 19,-1 23,2 | 1,0,6,4,2;-2,0,6,6,0;1,3,3,0,6;-1,3,3,6,0;2,6,0,0,6;-1,6,0,2,4 ||  || CORE 1,0,6,4,2;-2,0,6,6,0;1,3,3,0,6;-1,3,3,6,0;2,6,0,0,6;-1,6,0,2,4 | live
REL 0,-2 11,-1 12,1 | 1,1,5,2,4;-1,1,5,4,2;2,3,3,2,4;-2,3,3,4,2;1,5,1,2,4;-1,5,1,4,2 || F 1,0,0,0,1;1,0,0,1,0 | 1,0,4,0,1;-1,0,4,1,0;2,2,2,0,1;-2,2,2,1,0;1,4,0,0,1;-1,4,0,1,0 ## F -1,0,0,0,1;1,0,0,1,0 | -1,0,4,0,0;-2,2,2,0,0;-1,4,0,0,0 ## F 1,0,2,0,0;1,2,0,0,0 | -1,0,2,0,0;-1,2,0,0,0 ## F 1,0,2,0,0;1,2,0,0,0 | -1,0,0,0,0 || CORE -1,0,0,0,0 | monomial
REL 6,-1 17,1 20,2 | -2,0,6,1,5;-1,0,6,3,3;1,2,4,1,5;-1,4,2,5,1;1,6,0,3,3;2,6,0,5,1 ||  || CORE -2,0,6,0,4;-1,0,6,2,2;1,2,4,0,4;-1,4,2,4,0;1,6,0,2,2;2,6,0,4,0 | live
REL 6,-1 18,-2 21,-1 | 2,0,6,2,4;1,0,6,5,1;1,2,4,1,5;-1,4,2,5,1;-1,6,0,1,5;-2,6,0,4,2 ||  || CORE 2,0,6,1,3;1,0,6,4,0;1,2,4,0,4;-1,4,2,4,0;-1,6,0,0,4;-2,6,0,3,1 | live
REL 6,-2 17,-1 21,-1 | 1,0,6,3,3;1,0,6,5,1;2,2,4,1,5;-2,4,2,5,1;-1,6,0,1,5;-1,6,0,3,3 ||  || CORE 1,0,6,2,2;1,0,6,4,0;2,2,4,0,4;-2,4,2,4,0;-1,6,0,0,4;-1,6,0,2,2 | live
REL 7,-2 18,1 20,1 | -1,0,6,1,5;-1,0,6,2,4;2,2,4,5,1;-2,4,2,1,5;1,6,0,4,2;1,6,0,5,1 ||  || CORE -1,0,6,0,4;-1,0,6,1,3;2,2,4,4,0;-2,4,2,0,4;1,6,0,3,1;1,6,0,4,0 | live
REL 6,-2 19,1 21,-1 | -1,0,6,4,2;1,0,6,5,1;2,2,4,1,5;-2,4,2,5,1;-1,6,0,1,5;1,6,0,2,4 ||  || CORE -1,0,6,3,1;1,0,6,4,0;2,2,4,0,4;-2,4,2,4,0;-1,6,0,0,4;1,6,0,1,3 | live
REL 2,-1 20,2 23,1 | -2,0,6,1,5;-1,0,6,6,0;1,3,3,0,6;-1,3,3,6,0;1,6,0,0,6;2,6,0,5,1 ||  || CORE -2,0,6,1,5;-1,0,6,6,0;1,3,3,0,6;-1,3,3,6,0;1,6,0,0,6;2,6,0,5,1 | live
REL 8,-2 12,-1 15,-1 | 1,1,5,0,6;1,1,5,4,2;2,2,4,0,6;-2,4,2,6,0;-1,5,1,2,4;-1,5,1,6,0 ||  || CORE 1,0,4,0,6;1,0,4,4,2;2,1,3,0,6;-2,3,1,6,0;-1,4,0,2,4;-1,4,0,6,0 | live
REL 8,-1 21,2 22,1 | -1,0,6,0,6;-2,0,6,5,1;1,2,4,0,6;-1,4,2,6,0;2,6,0,1,5;1,6,0,6,0 ||  || CORE -1,0,6,0,6;-2,0,6,5,1;1,2,4,0,6;-1,4,2,6,0;2,6,0,1,5;1,6,0,6,0 | live
REL 2,-1 14,2 15,-1 | 1,1,5,0,6;-2,1,5,5,1;1,3,3,0,6;-1,3,3,6,0;2,5,1,1,5;-1,5,1,6,0 ||  || CORE 1,0,4,0,6;-2,0,4,5,1;1,2,2,0,6;-1,2,2,6,0;2,4,0,1,5;-1,4,0,6,0 | live
REL 1,-1 12,1 14,-2 | -1,1,5,4,2;2,1,5,5,1;1,3,3,1,5;-1,3,3,5,1;-2,5,1,1,5;1,5,1,2,4 ||  || CORE -1,0,4,3,1;2,0,4,4,0;1,2,2,0,4;-1,2,2,4,0;-2,4,0,0,4;1,4,0,1,3 | live
REL 5,-1 6,-2 7,1 | 2,2,4,1,5;1,2,4,4,2;-1,2,4,5,1;1,4,2,1,5;-1,4,2,2,4;-2,4,2,5,1 || F 1,0,0,0,1;1,0,0,1,0 | 2,0,2,0,3;-2,0,2,1,2;2,0,2,2,1;-1,0,2,3,0;1,2,0,0,3;-2,2,0,1,2;2,2,0,2,1;-2,2,0,3,0 || CORE 2,0,2,0,3;-2,0,2,1,2;2,0,2,2,1;-1,0,2,3,0;1,2,0,0,3;-2,2,0,1,2;2,2,0,2,1;-2,2,0,3,0 | live
REL 16,-1 21,-1 23,2 | 1,0,6,5,1;-2,0,6,6,0;1,1,5,6,0;-1,5,1,0,6;2,6,0,0,6;-1,6,0,1,5 ||  || CORE 1,0,6,5,1;-2,0,6,6,0;1,1,5,6,0;-1,5,1,0,6;2,6,0,0,6;-1,6,0,1,5 | live
REL 2,-1 21,-1 22,-2 | 2,0,6,0,6;1,0,6,5,1;1,3,3,0,6;-1,3,3,6,0;-1,6,0,1,5;-2,6,0,6,0 ||  || CORE 2,0,6,0,6;1,0,6,5,1;1,3,3,0,6;-1,3,3,6,0;-1,6,0,1,5;-2,6,0,6,0 | live
REL 11,-1 13,2 14,-1 | -2,1,5,1,5;1,1,5,2,4;1,1,5,5,1;-1,5,1,1,5;-1,5,1,4,2;2,5,1,5,1 || F -1,0,0,0,1;1,0,0,1,0 | 2,0,4,0,3;1,0,4,1,2;1,0,4,2,1;1,0,4,3,0;1,4,0,0,3;1,4,0,1,2;1,4,0,2,1;2,4,0,3,0 || CORE 2,0,4,0,3;1,0,4,1,2;1,0,4,2,1;1,0,4,3,0;1,4,0,0,3;1,4,0,1,2;1,4,0,2,1;2,4,0,3,0 | live
REL 5,-2 22,-1 23,-1 | 1,0,6,0,6;1,0,6,6,0;2,2,4,4,2;-2,4,2,2,4;-1,6,0,0,6;-1,6,0,6,0 ||  || CORE 1,0,6,0,6;1,0,6,6,0;2,2,4,4,2;-2,4,2,2,4;-1,6,0,0,6;-1,6,0,6,0 | live
REL 2,-1 10,1 16,-2 | -1,1,5,3,3;2,1,5,6,0;1,3,3,0,6;-1,3,3,6,0;-2,5,1,0,6;1,5,1,3,3 ||  || CORE -1,0,4,3,3;2,0,4,6,0;1,2,2,0,6;-1,2,2,6,0;-2,4,0,0,6;1,4,0,3,3 | live
REL 17,-2 22,-1 23,-1 | 1,0,6,0,6;2,0,6,3,3;1,0,6,6,0;-1,6,0,0,6;-2,6,0,3,3;-1,6,0,6,0 || F 1,0,1,0,0;1,1,0,0,0 | 1,0,5,0,6;2,0,5,3,3;1,0,5,6,0;-1,1,4,0,6;-2,1,4,3,3;-1,1,4,6,0;1,2,3,0,6;2,2,3,3,3;1,2,3,6,0;-1,3,2,0,6;-2,3,2,3,3;-1,3,2,6,0;1,4,1,0,6;2,4,1,3,3;1,4,1,6,0;-1,5,0,0,6;-2,5,0,3,3;-1,5,0,6,0 ## F 1,0,0,0,1;1,0,0,1,0 | 1,0,5,0,5;-1,0,5,1,4;1,0,5,2,3;1,0,5,3,2;-1,0,5,4,1;1,0,5,5,0;-1,1,4,0,5;1,1,4,1,4;-1,1,4,2,3;-1,1,4,3,2;1,1,4,4,1;-1,1,4,5,0;1,2,3,0,5;-1,2,3,1,4;1,2,3,2,3;1,2,3,3,2;-1,2,3,4,1;1,2,3,5,0;-1,3,2,0,5;1,3,2,1,4;-1,3,2,2,3;-1,3,2,3,2;1,3,2,4,1;-1,3,2,5,0;1,4,1,0,5;-1,4,1,1,4;1,4,1,2,3;1,4,1,3,2;-1,4,1,4,1;1,4,1,5,0;-1,5,0,0,5;1,5,0,1,4;-1,5,0,2,3;-1,5,0,3,2;1,5,0,4,1;-1,5,0,5,0 ## F -1,0,1,0,0;1,1,0,0,0 | -1,0,4,0,5;1,0,4,1,4;-1,0,4,2,3;-1,0,4,3,2;1,0,4,4,1;-1,0,4,5,0;-1,2,2,0,5;1,2,2,1,4;-1,2,2,2,3;-1,2,2,3,2;1,2,2,4,1;-1,2,2,5,0;-1,4,0,0,5;1,4,0,1,4;-1,4,0,2,3;-1,4,0,3,2;1,4,0,4,1;-1,4,0,5,0 ## F 1,0,2,0,0;1,1,1,0,0;1,2,0,0,0 | -1,0,2,0,5;1,0,2,1,4;-1,0,2,2,3;-1,0,2,3,2;1,0,2,4,1;-1,0,2,5,0;1,1,1,0,5;-1,1,1,1,4;1,1,1,2,3;1,1,1,3,2;-1,1,1,4,1;1,1,1,5,0;-1,2,0,0,5;1,2,0,1,4;-1,2,0,2,3;-1,2,0,3,2;1,2,0,4,1;-1,2,0,5,0 ## F 1,0,2,0,0;-1,1,1,0,0;1,2,0,0,0 | -1,0,0,0,5;1,0,0,1,4;-1,0,0,2,3;-1,0,0,3,2;1,0,0,4,1;-1,0,0,5,0 ## F 1,0,0,0,2;-1,0,0,1,1;1,0,0,2,0 | -1,0,0,0,3;-1,0,0,3,0 ## F 1,0,0,0,3;1,0,0,3,0 | -1,0,0,0,0 || CORE -1,0,0,0,0 | monomial
REL 1,-1 3,2 6,-1 | 1,2,4,1,5;-2,2,4,3,3;1,3,3,1,5;-1,3,3,5,1;2,4,2,3,3;-1,4,2,5,1 || F 1,0,1,0,0;1,1,0,0,0 | 1,0,1,0,4;-2,0,1,2,2;2,1,0,2,2;-1,1,0,4,0 || CORE 1,0,1,0,4;-2,0,1,2,2;2,1,0,2,2;-1,1,0,4,0 | unit
REL 3,-2 22,1 23,-1 | -1,0,6,0,6;1,0,6,6,0;2,2,4,3,3;-2,4,2,3,3;-1,6,0,0,6;1,6,0,6,0 ||  || CORE -1,0,6,0,6;1,0,6,6,0;2,2,4,3,3;-2,4,2,3,3;-1,6,0,0,6;1,6,0,6,0 | live
REL 8,-2 11,1 16,-1 | -1,1,5,2,4;1,1,5,6,0;2,2,4,0,6;-2,4,2,6,0;-1,5,1,0,6;1,5,1,4,2 ||  || CORE -1,0,4,2,4;1,0,4,6,0;2,1,3,0,6;-2,3,1,6,0;-1,4,0,0,6;1,4,0,4,2 | live
REL 0,-1 10,2 11,1 | -1,1,5,2,4;-2,1,5,3,3;1,3,3,2,4;-1,3,3,4,2;2,5,1,3,3;1,5,1,4,2 || F 1,0,1,0,0;1,1,0,0,0 | -1,0,3,0,2;-2,0,3,1,1;1,1,2,0,2;2,1,2,1,1;-2,2,1,1,1;-1,2,1,2,0;2,3,0,1,1;1,3,0,2,0 ## F -1,0,1,0,0;1,1,0,0,0 | 1,0,2,0,2;2,0,2,1,1;2,2,0,1,1;1,2,0,2,0 || CORE 1,0,2,0,2;2,0,2,1,1;2,2,0,1,1;1,2,0,2,0 | unit
REL 9,-1 19,-1 22,2 | -2,0,6,0,6;1,0,6,4,2;1,2,4,6,0;-1,4,2,0,6;-1,6,0,2,4;2,6,0,6,0 ||  || CORE -2,0,6,0,6;1,0,6,4,2;1,2,4,6,0;-1,4,2,0,6;-1,6,0,2,4;2,6,0,6,0 | live
REL 14,-2 19,1 21,-1 | -1,0,6,4,2;1,0,6,5,1;2,1,5,5,1;-2,5,1,1,5;-1,6,0,1,5;1,6,0,2,4 ||  || CORE -1,0,6,3,1;1,0,6,4,0;2,1,5,4,0;-2,5,1,0,4;-1,6,0,0,4;1,6,0,1,3 | live
REL 1,-2 4,1 6,1 | -1,2,4,1,5;-1,2,4,2,4;2,3,3,1,5;-2,3,3,5,1;1,4,2,4,2;1,4,2,5,1 || F 1,0,0,0,1;1,0,0,1,0 | -1,0,2,0,3;2,1,1,0,3;-2,1,1,1,2;2,1,1,2,1;-2,1,1,3,0;1,2,0,3,0 || CORE -1,0,2,0,3;2,1,1,0,3;-2,1,1,1,2;2,1,1,2,1;-2,1,1,3,0;1,2,0,3,0 | unit
REL 2,-1 22,1 23,-2 | -1,0,6,0,6;2,0,6,6,0;1,3,3,0,6;-1,3,3,6,0;-2,6,0,0,6;1,6,0,6,0 ||  || CORE -1,0,6,0,6;2,0,6,6,0;1,3,3,0,6;-1,3,3,6,0;-2,6,0,0,6;1,6,0,6,0 | live
REL 2,-1 15,-1 16,-2 | 1,1,5,0,6;2,1,5,6,0;1,3,3,0,6;-1,3,3,6,0;-2,5,1,0,6;-1,5,1,6,0 || F 1,0,1,0,0;1,1,0,0,0 | 1,0,3,0,6;2,0,3,6,0;-1,1,2,0,6;-2,1,2,6,0;2,2,1,0,6;1,2,1,6,0;-2,3,0,0,6;-1,3,0,6,0 ## F -1,0,1,0,0;1,1,0,0,0 | -1,0,2,0,6;-2,0,2,6,0;-2,2,0,0,6;-1,2,0,6,0 || CORE -1,0,2,0,6;-2,0,2,6,0;-2,2,0,0,6;-1,2,0,6,0 | live
REL 2,-2 14,1 16,-1 | -1,1,5,5,1;1,1,5,6,0;2,3,3,0,6;-2,3,3,6,0;-1,5,1,0,6;1,5,1,1,5 || F -1,0,0,0,1;1,0,0,1,0 | 1,0,4,5,0;-2,2,2,0,5;-2,2,2,1,4;-2,2,2,2,3;-2,2,2,3,2;-2,2,2,4,1;-2,2,2,5,0;1,4,0,0,5 || CORE 1,0,4,5,0;-2,2,2,0,5;-2,2,2,1,4;-2,2,2,2,3;-2,2,2,3,2;-2,2,2,4,1;-2,2,2,5,0;1,4,0,0,5 | unit
REL 14,-1 17,1 20,2 | -2,0,6,1,5;-1,0,6,3,3;1,1,5,5,1;-1,5,1,1,5;1,6,0,3,3;2,6,0,5,1 ||  || CORE -2,0,6,0,4;-1,0,6,2,2;1,1,5,4,0;-1,5,1,0,4;1,6,0,2,2;2,6,0,4,0 | live
REL 1,-1 5,-1 6,2 | -2,2,4,1,5;1,2,4,4,2;1,3,3,1,5;-1,3,3,5,1;-1,4,2,2,4;2,4,2,5,1 ||  || CORE -2,0,2,0,4;1,0,2,3,1;1,1,1,0,4;-1,1,1,4,0;-1,2,0,1,3;2,2,0,4,0 | live
REL 2,-1 11,-1 16,-2 | 1,1,5,2,4;2,1,5,6,0;1,3,3,0,6;-1,3,3,6,0;-2,5,1,0,6;-1,5,1,4,2 ||  || CORE 1,0,4,2,4;2,0,4,6,0;1,2,2,0,6;-1,2,2,6,0;-2,4,0,0,6;-1,4,0,4,2 | live
REL 4,-1 10,2 12,-1 | -2,1,5,3,3;1,1,5,4,2;1,2,4,2,4;-1,4,2,4,2;-1,5,1,2,4;2,5,1,3,3 || F -1,0,1,0,0;1,1,0,0,0 | 2,0,3,1,1;-1,0,3,2,0;-1,1,2,0,2;2,1,2,1,1;-1,1,2,2,0;-1,2,1,0,2;2,2,1,1,1;-1,2,1,2,0;-1,3,0,0,2;2,3,0,1,1 || CORE 2,0,3,1,1;-1,0,3,2,0;-1,1,2,0,2;2,1,2,1,1;-1,1,2,2,0;-1,2,1,0,2;2,2,1,1,1;-1,2,1,2,0;-1,3,0,0,2;2,3,0,1,1 | live
REL 2,-1 17,2 23,1 | -2,0,6,3,3;-1,0,6,6,0;1,3,3,0,6;-1,3,3,6,0;1,6,0,0,6;2,6,0,3,3 || F 1,0,1,0,0;1,1,0,0,0 | -2,0,5,3,3;-1,0,5,6,0;2,1,4,3,3;1,1,4,6,0;-2,2,3,3,3;-1,2,3,6,0;1,3,2,0,6;2,3,2,3,3;-1,4,1,0,6;-2,4,1,3,3;1,5,0,0,6;2,5,0,3,3 ## F 1,0,2,0,0;-1,1,1,0,0;1,2,0,0,0 | -2,0,3,3,3;-1,0,3,6,0;1,3,0,0,6;2,3,0,3,3 || CORE -2,0,3,3,3;-1,0,3,6,0;1,3,0,0,6;2,3,0,3,3 | unit
REL 8,-1 19,1 23,2 | -1,0,6,4,2;-2,0,6,6,0;1,2,4,0,6;-1,4,2,6,0;2,6,0,0,6;1,6,0,2,4 ||  || CORE -1,0,6,4,2;-2,0,6,6,0;1,2,4,0,6;-1,4,2,6,0;2,6,0,0,6;1,6,0,2,4 | live
REL 12,-1 18,1 19,-2 | -1,0,6,2,4;2,0,6,4,2;1,1,5,4,2;-1,5,1,2,4;-2,6,0,2,4;1,6,0,4,2 ||  || CORE -1,0,6,0,2;2,0,6,2,0;1,1,5,2,0;-1,5,1,0,2;-2,6,0,0,2;1,6,0,2,0 | live
REL 8,-1 17,-2 23,-1 | 2,0,6,3,3;1,0,6,6,0;1,2,4,0,6;-1,4,2,6,0;-1,6,0,0,6;-2,6,0,3,3 || F 1,0,1,0,0;1,1,0,0,0 | 2,0,5,3,3;1,0,5,6,0;-2,1,4,3,3;-1,1,4,6,0;1,2,3,0,6;2,2,3,3,3;1,2,3,6,0;-1,3,2,0,6;-2,3,2,3,3;-1,3,2,6,0;1,4,1,0,6;2,4,1,3,3;-1,5,0,0,6;-2,5,0,3,3 ## F -1,0,1,0,0;1,1,0,0,0 | -2,0,4,3,3;-1,0,4,6,0;-1,2,2,0,6;-2,2,2,3,3;-1,2,2,6,0;-1,4,0,0,6;-2,4,0,3,3 || CORE -2,0,4,3,3;-1,0,4,6,0;-1,2,2,0,6;-2,2,2,3,3;-1,2,2,6,0;-1,4,0,0,6;-2,4,0,3,3 | live
REL 6,-1 20,2 21,1 | -2,0,6,1,5;-1,0,6,5,1;1,2,4,1,5;-1,4,2,5,1;1,6,0,1,5;2,6,0,5,1 || F 1,0,1,0,0;1,1,0,0,0 | -2,0,5,0,4;-1,0,5,4,0;2,1,4,0,4;1,1,4,4,0;-1,2,3,0,4;-1,2,3,4,0;1,3,2,0,4;1,3,2,4,0;-1,4,1,0,4;-2,4,1,4,0;1,5,0,0,4;2,5,0,4,0 ## F -1,0,1,0,0;1,1,0,0,0 | 2,0,4,0,4;1,0,4,4,0;1,2,2,0,4;1,2,2,4,0;1,4,0,0,4;2,4,0,4,0 || CORE 2,0,4,0,4;1,0,4,4,0;1,2,2,0,4;1,2,2,4,0;1,4,0,0,4;2,4,0,4,0 | live
REL 6,-1 18,2 21,1 | -2,0,6,2,4;-1,0,6,5,1;1,2,4,1,5;-1,4,2,5,1;1,6,0,1,5;2,6,0,4,2 ||  || CORE -2,0,6,1,3;-1,0,6,4,0;1,2,4,0,4;-1,4,2,4,0;1,6,0,0,4;2,6,0,3,1 | live
REL 2,-1 14,-2 16,-1 | 2,1,5,5,1;1,1,5,6,0;1,3,3,0,6;-1,3,3,6,0;-1,5,1,0,6;-2,5,1,1,5 ||  || CORE 2,0,4,5,1;1,0,4,6,0;1,2,2,0,6;-1,2,2,6,0;-1,4,0,0,6;-2,4,0,1,5 | live
REL 1,-1 3,-2 7,-1 | 2,2,4,3,3;1,2,4,5,1;1,3,3,1,5;-1,3,3,5,1;-1,4,2,1,5;-2,4,2,3,3 || F -1,0,1,0,0;1,1,0,0,0 | -2,0,1,2,2;-1,0,1,4,0;-1,1,0,0,4;-2,1,0,2,2 || CORE -2,0,1,2,2;-1,0,1,4,0;-1,1,0,0,4;-2,1,0,2,2 | unit
REL 9,-2 13,-1 16,-1 | 1,1,5,1,5;1,1,5,6,0;2,2,4,6,0;-2,4,2,0,6;-1,5,1,0,6;-1,5,1,5,1 ||  || CORE 1,0,4,1,5;1,0,4,6,0;2,1,3,6,0;-2,3,1,0,6;-1,4,0,0,6;-1,4,0,5,1 | live
REL 2,-2 5,1 8,1 | -1,2,4,0,6;-1,2,4,4,2;2,3,3,0,6;-2,3,3,6,0;1,4,2,2,4;1,4,2,6,0 ||  || CORE -1,0,2,0,6;-1,0,2,4,2;2,1,1,0,6;-2,1,1,6,0;1,2,0,2,4;1,2,0,6,0 | live
REL 7,-1 20,-2 21,-1 | 2,0,6,1,5;1,0,6,5,1;1,2,4,5,1;-1,4,2,1,5;-1,6,0,1,5;-2,6,0,5,1 || F 1,0,1,0,0;1,1,0,0,0 | 2,0,5,0,4;1,0,5,4,0;-2,1,4,0,4;-1,1,4,4,0;2,2,3,0,4;2,2,3,4,0;-2,3,2,0,4;-2,3,2,4,0;1,4,1,0,4;2,4,1,4,0;-1,5,0,0,4;-2,5,0,4,0 ## F -1,0,1,0,0;1,1,0,0,0 | -2,0,4,0,4;-1,0,4,4,0;-2,2,2,0,4;-2,2,2,4,0;-1,4,0,0,4;-2,4,0,4,0 || CORE -2,0,4,0,4;-1,0,4,4,0;-2,2,2,0,4;-2,2,2,4,0;-1,4,0,0,4;-2,4,0,4,0 | live
REL 10,-1 11,-1 12,-2 | 1,1,5,2,4;1,1,5,3,3;2,1,5,4,2;-2,5,1,2,4;-1,5,1,3,3;-1,5,1,4,2 ||  || CORE 1,0,4,0,2;1,0,4,1,1;2,0,4,2,0;-2,4,0,0,2;-1,4,0,1,1;-1,4,0,2,0 | live
REL 3,-2 20,1 21,-1 | -1,0,6,1,5;1,0,6,5,1;2,2,4,3,3;-2,4,2,3,3;-1,6,0,1,5;1,6,0,5,1 ||  || CORE -1,0,6,0,4;1,0,6,4,0;2,2,4,2,2;-2,4,2,2,2;-1,6,0,0,4;1,6,0,4,0 | live
REL 2,-2 19,-1 23,1 | 1,0,6,4,2;-1,0,6,6,0;2,3,3,0,6;-2,3,3,6,0;1,6,0,0,6;-1,6,0,2,4 || F 1,0,0,0,1;1,0,0,1,0 | 1,0,6,4,1;-1,0,6,5,0;2,3,3,0,5;-2,3,3,1,4;2,3,3,2,3;-2,3,3,3,2;2,3,3,4,1;-2,3,3,5,0;1,6,0,0,5;-1,6,0,1,4 ## F -1,0,0,0,1;1,0,0,1,0 | -1,0,6,4,0;-2,3,3,0,4;-2,3,3,2,2;-2,3,3,4,0;-1,6,0,0,4 || CORE -1,0,6,4,0;-2,3,3,0,4;-2,3,3,2,2;-2,3,3,4,0;-1,6,0,0,4 | unit
REL 4,-1 17,1 19,-2 | -1,0,6,3,3;2,0,6,4,2;1,2,4,2,4;-1,4,2,4,2;-2,6,0,2,4;1,6,0,3,3 ||  || CORE -1,0,6,1,1;2,0,6,2,0;1,2,4,0,2;-1,4,2,2,0;-2,6,0,0,2;1,6,0,1,1 | live
REL 17,-1 20,1 21,-2 | -1,0,6,1,5;1,0,6,3,3;2,0,6,5,1;-2,6,0,1,5;-1,6,0,3,3;1,6,0,5,1 || F 1,0,0,0,2;1,0,0,2,0 | -1,0,6,0,2;2,0,6,2,0;-2,6,0,0,2;1,6,0,2,0 || CORE -1,0,6,0,2;2,0,6,2,0;-2,6,0,0,2;1,6,0,2,0 | live
REL 7,-2 20,-1 21,-1 | 1,0,6,1,5;1,0,6,5,1;2,2,4,5,1;-2,4,2,1,5;-1,6,0,1,5;-1,6,0,5,1 || F 1,0,2,0,0;1,2,0,0,0 | 1,0,4,0,4;1,0,4,4,0;-1,2,2,0,4;1,2,2,4,0;-1,4,0,0,4;-1,4,0,4,0 || CORE 1,0,4,0,4;1,0,4,4,0;-1,2,2,0,4;1,2,2,4,0;-1,4,0,0,4;-1,4,0,4,0 | live
REL 12,-1 13,1 14,-2 | -1,1,5,1,5;1,1,5,4,2;2,1,5,5,1;-2,5,1,1,5;-1,5,1,2,4;1,5,1,5,1 || F 1,0,0,0,1;1,0,0,1,0 | -1,0,4,0,3;1,0,4,1,2;-1,0,4,2,1;2,0,4,3,0;-2,4,0,0,3;1,4,0,1,2;-1,4,0,2,1;1,4,0,3,0 || CORE -1,0,4,0,3;1,0,4,1,2;-1,0,4,2,1;2,0,4,3,0;-2,4,0,0,3;1,4,0,1,2;-1,4,0,2,1;1,4,0,3,0 | live
REL 2,-1 4,-2 9,1 | 2,2,4,2,4;-1,2,4,6,0;1,3,3,0,6;-1,3,3,6,0;1,4,2,0,6;-2,4,2,4,2 ||  || CORE 2,0,2,2,4;-1,0,2,6,0;1,1,1,0,6;-1,1,1,6,0;1,2,0,0,6;-2,2,0,4,2 | live
REL 7,-1 11,1 13,2 | -2,1,5,1,5;-1,1,5,2,4;1,2,4,5,1;-1,4,2,1,5;1,5,1,4,2;2,5,1,5,1 ||  || CORE -2,0,4,0,4;-1,0,4,1,3;1,1,3,4,0;-1,3,1,0,4;1,4,0,3,1;2,4,0,4,0 | live
REL 0,-2 10,-1 12,-1 | 1,1,5,3,3;1,1,5,4,2;2,3,3,2,4;-2,3,3,4,2;-1,5,1,2,4;-1,5,1,3,3 || F 1,0,0,0,1;1,0,0,1,0 | 1,0,4,1,0;2,2,2,0,1;-2,2,2,1,0;-1,4,0,0,1 || CORE 1,0,4,1,0;2,2,2,0,1;-2,2,2,1,0;-1,4,0,0,1 | unit
REL 9,-1 17,2 22,1 | -1,0,6,0,6;-2,0,6,3,3;1,2,4,6,0;-1,4,2,0,6;2,6,0,3,3;1,6,0,6,0 ||  || CORE -1,0,6,0,6;-2,0,6,3,3;1,2,4,6,0;-1,4,2,0,6;2,6,0,3,3;1,6,0,6,0 | live
REL 2,-1 7,-2 8,-1 | 1,2,4,0,6;2,2,4,5,1;1,3,3,0,6;-1,3,3,6,0;-2,4,2,1,5;-1,4,2,6,0 ||  || CORE 1,0,2,0,6;2,0,2,5,1;1,1,1,0,6;-1,1,1,6,0;-2,2,0,1,5;-1,2,0,6,0 | live
REL 6,-1 11,2 14,1 | -2,1,5,2,4;-1,1,5,5,1;1,2,4,1,5;-1,4,2,5,1;1,5,1,1,5;2,5,1,4,2 ||  || CORE -2,0,4,1,3;-1,0,4,4,0;1,1,3,0,4;-1,3,1,4,0;1,4,0,0,4;2,4,0,3,1 | live
REL 15,-1 20,-1 22,-2 | 2,0,6,0,6;1,0,6,1,5;1,1,5,0,6;-1,5,1,6,0;-1,6,0,5,1;-2,6,0,6,0 ||  || CORE 2,0,6,0,6;1,0,6,1,5;1,1,5,0,6;-1,5,1,6,0;-1,6,0,5,1;-2,6,0,6,0 | live
REL 8,-1 22,-2 23,-1 | 2,0,6,0,6;1,0,6,6,0;1,2,4,0,6;-1,4,2,6,0;-1,6,0,0,6;-2,6,0,6,0 ||  || CORE 2,0,6,0,6;1,0,6,6,0;1,2,4,0,6;-1,4,2,6,0;-1,6,0,0,6;-2,6,0,6,0 | live
REL 12,-1 15,-1 16,-2 | 1,1,5,0,6;1,1,5,4,2;2,1,5,6,0;-2,5,1,0,6;-1,5,1,2,4;-1,5,1,6,0 || F 1,0,0,0,2;1,0,0,2,0 | 1,0,4,0,4;-1,0,4,2,2;2,0,4,4,0;-2,4,0,0,4;1,4,0,2,2;-1,4,0,4,0 || CORE 1,0,4,0,4;-1,0,4,2,2;2,0,4,4,0;-2,4,0,0,4;1,4,0,2,2;-1,4,0,4,0 | live
REL 2,-1 17,-2 22,1 | -1,0,6,0,6;2,0,6,3,3;1,3,3,0,6;-1,3,3,6,0;-2,6,0,3,3;1,6,0,6,0 || F -1,0,1,0,0;1,1,0,0,0 | 1,0,5,0,6;-2,0,5,3,3;1,1,4,0,6;-2,1,4,3,3;1,2,3,0,6;-2,2,3,3,3;-2,3,2,3,3;1,3,2,6,0;-2,4,1,3,3;1,4,1,6,0;-2,5,0,3,3;1,5,0,6,0 ## F 1,0,2,0,0;1,1,1,0,0;1,2,0,0,0 | 1,0,3,0,6;-2,0,3,3,3;-2,3,0,3,3;1,3,0,6,0 || CORE 1,0,3,0,6;-2,0,3,3,3;-2,3,0,3,3;1,3,0,6,0 | unit
REL 7,-2 11,1 13,1 | -1,1,5,1,5;-1,1,5,2,4;2,2,4,5,1;-2,4,2,1,5;1,5,1,4,2;1,5,1,5,1 ||  || CORE -1,0,4,0,4;-1,0,4,1,3;2,1,3,4,0;-2,3,1,0,4;1,4,0,3,1;1,4,0,4,0 | live
REL 14,-2 19,-1 21,1 | 1,0,6,4,2;-1,0,6,5,1;2,1,5,5,1;-2,5,1,1,5;1,6,0,1,5;-1,6,0,2,4 ||  || CORE 1,0,6,3,1;-1,0,6,4,0;2,1,5,4,0;-2,5,1,0,4;1,6,0,0,4;-1,6,0,1,3 | live
REL 7,-1 18,1 21,-2 | -1,0,6,2,4;2,0,6,5,1;1,2,4,5,1;-1,4,2,1,5;-2,6,0,1,5;1,6,0,4,2 ||  || CORE -1,0,6,1,3;2,0,6,4,0;1,2,4,4,0;-1,4,2,0,4;-2,6,0,0,4;1,6,0,3,1 | live
REL 8,-1 10,-1 16,2 | 1,1,5,3,3;-2,1,5,6,0;1,2,4,0,6;-1,4,2,6,0;2,5,1,0,6;-1,5,1,3,3 ||  || CORE 1,0,4,3,3;-2,0,4,6,0;1,1,3,0,6;-1,3,1,6,0;2,4,0,0,6;-1,4,0,3,3 | live
REL 12,-2 15,-1 16,-1 | 1,1,5,0,6;2,1,5,4,2;1,1,5,6,0;-1,5,1,0,6;-2,5,1,2,4;-1,5,1,6,0 ||  || CORE 1,0,4,0,6;2,0,4,4,2;1,0,4,6,0;-1,4,0,0,6;-2,4,0,2,4;-1,4,0,6,0 | live
REL 2,-1 4,1 9,2 | -1,2,4,2,4;-2,2,4,6,0;1,3,3,0,6;-1,3,3,6,0;2,4,2,0,6;1,4,2,4,2 ||  || CORE -1,0,2,2,4;-2,0,2,6,0;1,1,1,0,6;-1,1,1,6,0;2,2,0,0,6;1,2,0,4,2 | live
REL 12,-1 13,1 14,2 | -1,1,5,1,5;1,1,5,4,2;-2,1,5,5,1;2,5,1,1,5;-1,5,1,2,4;1,5,1,5,1 ||  || CORE -1,0,4,0,4;1,0,4,3,1;-2,0,4,4,0;2,4,0,0,4;-1,4,0,1,3;1,4,0,4,0 | live
REL 12,-2 18,1 19,-1 | -1,0,6,2,4;1,0,6,4,2;2,1,5,4,2;-2,5,1,2,4;-1,6,0,2,4;1,6,0,4,2 || F 1,0,1,0,0;1,1,0,0,0 | -1,0,5,0,2;1,0,5,2,0;1,1,4,0,2;1,1,4,2,0;-1,2,3,0,2;-1,2,3,2,0;1,3,2,0,2;1,3,2,2,0;-1,4,1,0,2;-1,4,1,2,0;-1,5,0,0,2;1,5,0,2,0 || CORE -1,0,5,0,2;1,0,5,2,0;1,1,4,0,2;1,1,4,2,0;-1,2,3,0,2;-1,2,3,2,0;1,3,2,0,2;1,3,2,2,0;-1,4,1,0,2;-1,4,1,2,0;-1,5,0,0,2;1,5,0,2,0 | live
REL 16,-2 22,1 23,1 | -1,0,6,0,6;-1,0,6,6,0;2,1,5,6,0;-2,5,1,0,6;1,6,0,0,6;1,6,0,6,0 ||  || CORE -1,0,6,0,6;-1,0,6,6,0;2,1,5,6,0;-2,5,1,0,6;1,6,0,0,6;1,6,0,6,0 | live
REL 2,-1 12,-1 16,-2 | 1,1,5,4,2;2,1,5,6,0;1,3,3,0,6;-1,3,3,6,0;-2,5,1,0,6;-1,5,1,2,4 ||  || CORE 1,0,4,4,2;2,0,4,6,0;1,2,2,0,6;-1,2,2,6,0;-2,4,0,0,6;-1,4,0,2,4 | live
REL 9,-2 22,1 23,-1 | -1,0,6,0,6;1,0,6,6,0;2,2,4,6,0;-2,4,2,0,6;-1,6,0,0,6;1,6,0,6,0 ||  || CORE -1,0,6,0,6;1,0,6,6,0;2,2,4,6,0;-2,4,2,0,6;-1,6,0,0,6;1,6,0,6,0 | live
REL 7,-1 11,-2 13,1 | -1,1,5,1,5;2,1,5,2,4;1,2,4,5,1;-1,4,2,1,5;-2,5,1,4,2;1,5,1,5,1 ||  || CORE -1,0,4,0,4;2,0,4,1,3;1,1,3,4,0;-1,3,1,0,4;-2,4,0,3,1;1,4,0,4,0 | live
REL 12,-1 17,1 18,2 | -2,0,6,2,4;-1,0,6,3,3;1,1,5,4,2;-1,5,1,2,4;1,6,0,3,3;2,6,0,4,2 ||  || CORE -2,0,6,0,2;-1,0,6,1,1;1,1,5,2,0;-1,5,1,0,2;1,6,0,1,1;2,6,0,2,0 | live
REL 2,-2 4,1 9,1 | -1,2,4,2,4;-1,2,4,6,0;2,3,3,0,6;-2,3,3,6,0;1,4,2,0,6;1,4,2,4,2 ||  || CORE -1,0,2,2,4;-1,0,2,6,0;2,1,1,0,6;-2,1,1,6,0;1,2,0,0,6;1,2,0,4,2 | live
REL 2,-1 14,-2 16,1 | 2,1,5,5,1;-1,1,5,6,0;1,3,3,0,6;-1,3,3,6,0;1,5,1,0,6;-2,5,1,1,5 ||  || CORE 2,0,4,5,1;-1,0,4,6,0;1,2,2,0,6;-1,2,2,6,0;1,4,0,0,6;-2,4,0,1,5 | live
REL 8,-2 17,-1 23,-1 | 1,0,6,3,3;1,0,6,6,0;2,2,4,0,6;-2,4,2,6,0;-1,6,0,0,6;-1,6,0,3,3 ||  || CORE 1,0,6,3,3;1,0,6,6,0;2,2,4,0,6;-2,4,2,6,0;-1,6,0,0,6;-1,6,0,3,3 | live
REL 2,-1 6,-1 9,2 | 1,2,4,1,5;-2,2,4,6,0;1,3,3,0,6;-1,3,3,6,0;2,4,2,0,6;-1,4,2,5,1 ||  || CORE 1,0,2,1,5;-2,0,2,6,0;1,1,1,0,6;-1,1,1,6,0;2,2,0,0,6;-1,2,0,5,1 | live
REL 9,-1 22,-2 23,-1 | 2,0,6,0,6;1,0,6,6,0;1,2,4,6,0;-1,4,2,0,6;-1,6,0,0,6;-2,6,0,6,0 || F 1,0,1,0,0;1,1,0,0,0 | 2,0,5,0,6;1,0,5,6,0;-2,1,4,0,6;-1,1,4,6,0;2,2,3,0,6;2,2,3,6,0;-2,3,2,0,6;-2,3,2,6,0;1,4,1,0,6;2,4,1,6,0;-1,5,0,0,6;-2,5,0,6,0 ## F -1,0,1,0,0;1,1,0,0,0 | -2,0,4,0,6;-1,0,4,6,0;-2,2,2,0,6;-2,2,2,6,0;-1,4,0,0,6;-2,4,0,6,0 || CORE -2,0,4,0,6;-1,0,4,6,0;-2,2,2,0,6;-2,2,2,6,0;-1,4,0,0,6;-2,4,0,6,0 | live
REL 1,-1 6,-1 7,2 | 1,2,4,1,5;-2,2,4,5,1;1,3,3,1,5;-1,3,3,5,1;2,4,2,1,5;-1,4,2,5,1 ||  || CORE 1,0,2,0,4;-2,0,2,4,0;1,1,1,0,4;-1,1,1,4,0;2,2,0,0,4;-1,2,0,4,0 | live
REL 9,-2 11,1 15,-1 | 1,1,5,0,6;-1,1,5,2,4;2,2,4,6,0;-2,4,2,0,6;1,5,1,4,2;-1,5,1,6,0 ||  || CORE 1,0,4,0,6;-1,0,4,2,4;2,1,3,6,0;-2,3,1,0,6;1,4,0,4,2;-1,4,0,6,0 | live
REL 1,-2 8,-1 9,-1 | 1,2,4,0,6;1,2,4,6,0;2,3,3,1,5;-2,3,3,5,1;-1,4,2,0,6;-1,4,2,6,0 || F 1,0,0,0,2;1,0,0,2,0 | 1,0,2,0,4;-1,0,2,2,2;1,0,2,4,0;2,1,1,1,3;-2,1,1,3,1;-1,2,0,0,4;1,2,0,2,2;-1,2,0,4,0 || CORE 1,0,2,0,4;-1,0,2,2,2;1,0,2,4,0;2,1,1,1,3;-2,1,1,3,1;-1,2,0,0,4;1,2,0,2,2;-1,2,0,4,0 | live
REL 9,-2 18,-1 23,1 | 1,0,6,2,4;-1,0,6,6,0;2,2,4,6,0;-2,4,2,0,6;1,6,0,0,6;-1,6,0,4,2 ||  || CORE 1,0,6,2,4;-1,0,6,6,0;2,2,4,6,0;-2,4,2,0,6;1,6,0,0,6;-1,6,0,4,2 | live
REL 6,-1 10,-2 14,1 | 2,1,5,3,3;-1,1,5,5,1;1,2,4,1,5;-1,4,2,5,1;1,5,1,1,5;-2,5,1,3,3 || F 1,0,1,0,0;1,1,0,0,0 | 2,0,3,2,2;-1,0,3,4,0;1,1,2,0,4;-2,1,2,2,2;1,1,2,4,0;-1,2,1,0,4;2,2,1,2,2;-1,2,1,4,0;1,3,0,0,4;-2,3,0,2,2 || CORE 2,0,3,2,2;-1,0,3,4,0;1,1,2,0,4;-2,1,2,2,2;1,1,2,4,0;-1,2,1,0,4;2,2,1,2,2;-1,2,1,4,0;1,3,0,0,4;-2,3,0,2,2 | live
REL 2,-2 11,1 16,-1 | -1,1,5,2,4;1,1,5,6,0;2,3,3,0,6;-2,3,3,6,0;-1,5,1,0,6;1,5,1,4,2 || F 1,0,0,0,1;1,0,0,1,0 | -1,0,4,2,3;1,0,4,3,2;-1,0,4,4,1;1,0,4,5,0;2,2,2,0,5;-2,2,2,1,4;2,2,2,2,3;-2,2,2,3,2;2,2,2,4,1;-2,2,2,5,0;-1,4,0,0,5;1,4,0,1,4;-1,4,0,2,3;1,4,0,3,2 ## F -1,0,0,0,1;1,0,0,1,0 | 1,0,4,2,2;1,0,4,4,0;-2,2,2,0,4;-2,2,2,2,2;-2,2,2,4,0;1,4,0,0,4;1,4,0,2,2 || CORE 1,0,4,2,2;1,0,4,4,0;-2,2,2,0,4;-2,2,2,2,2;-2,2,2,4,0;1,4,0,0,4;1,4,0,2,2 | live
REL 2,-2 7,1 9,1 | -1,2,4,5,1;-1,2,4,6,0;2,3,3,0,6;-2,3,3,6,0;1,4,2,0,6;1,4,2,1,5 || F 1,0,0,0,1;1,0,0,1,0 | -1,0,2,5,0;2,1,1,0,5;-2,1,1,1,4;2,1,1,2,3;-2,1,1,3,2;2,1,1,4,1;-2,1,1,5,0;1,2,0,0,5 || CORE -1,0,2,5,0;2,1,1,0,5;-2,1,1,1,4;2,1,1,2,3;-2,1,1,3,2;2,1,1,4,1;-2,1,1,5,0;1,2,0,0,5 | unit
REL 11,-2 17,1 18,1 | -1,0,6,2,4;-1,0,6,3,3;2,1,5,2,4;-2,5,1,4,2;1,6,0,3,3;1,6,0,4,2 ||  || CORE -1,0,6,0,2;-1,0,6,1,1;2,1,5,0,2;-2,5,1,2,0;1,6,0,1,1;1,6,0,2,0 | live
REL 5,-2 22,1 23,1 | -1,0,6,0,6;-1,0,6,6,0;2,2,4,4,2;-2,4,2,2,4;1,6,0,0,6;1,6,0,6,0 ||  || CORE -1,0,6,0,6;-1,0,6,6,0;2,2,4,4,2;-2,4,2,2,4;1,6,0,0,6;1,6,0,6,0 | live
REL 3,-2 8,-1 9,1 | 1,2,4,0,6;2,2,4,3,3;-1,2,4,6,0;1,4,2,0,6;-2,4,2,3,3;-1,4,2,6,0 ||  || CORE 1,0,2,0,6;2,0,2,3,3;-1,0,2,6,0;1,2,0,0,6;-2,2,0,3,3;-1,2,0,6,0 | live
REL 7,-1 11,1 13,-2 | 2,1,5,1,5;-1,1,5,2,4;1,2,4,5,1;-1,4,2,1,5;1,5,1,4,2;-2,5,1,5,1 ||  || CORE 2,0,4,0,4;-1,0,4,1,3;1,1,3,4,0;-1,3,1,0,4;1,4,0,3,1;-2,4,0,4,0 | live
REL 2,-1 13,-1 16,2 | 1,1,5,1,5;-2,1,5,6,0;1,3,3,0,6;-1,3,3,6,0;2,5,1,0,6;-1,5,1,5,1 ||  || CORE 1,0,4,1,5;-2,0,4,6,0;1,2,2,0,6;-1,2,2,6,0;2,4,0,0,6;-1,4,0,5,1 | live
REL 9,-1 10,1 15,-2 | 2,1,5,0,6;-1,1,5,3,3;1,2,4,6,0;-1,4,2,0,6;1,5,1,3,3;-2,5,1,6,0 ||  || CORE 2,0,4,0,6;-1,0,4,3,3;1,1,3,6,0;-1,3,1,0,6;1,4,0,3,3;-2,4,0,6,0 | live
REL 2,-1 21,-1 22,2 | -2,0,6,0,6;1,0,6,5,1;1,3,3,0,6;-1,3,3,6,0;-1,6,0,1,5;2,6,0,6,0 ||  || CORE -2,0,6,0,6;1,0,6,5,1;1,3,3,0,6;-1,3,3,6,0;-1,6,0,1,5;2,6,0,6,0 | live
REL 2,-1 10,-2 16,1 | 2,1,5,3,3;-1,1,5,6,0;1,3,3,0,6;-1,3,3,6,0;1,5,1,0,6;-2,5,1,3,3 || F 1,0,2,0,0;1,2,0,0,0 | 2,0,2,3,3;-1,0,2,6,0;1,2,0,0,6;-2,2,0,3,3 || CORE 2,0,2,3,3;-1,0,2,6,0;1,2,0,0,6;-2,2,0,3,3 | unit
REL 2,-1 11,2 16,-1 | -2,1,5,2,4;1,1,5,6,0;1,3,3,0,6;-1,3,3,6,0;-1,5,1,0,6;2,5,1,4,2 ||  || CORE -2,0,4,2,4;1,0,4,6,0;1,2,2,0,6;-1,2,2,6,0;-1,4,0,0,6;2,4,0,4,2 | live
REL 0,-2 6,1 7,-1 | -1,2,4,1,5;1,2,4,5,1;2,3,3,2,4;-2,3,3,4,2;-1,4,2,1,5;1,4,2,5,1 || F 1,0,0,0,1;1,0,0,1,0 | -1,0,2,0,3;1,0,2,1,2;-1,0,2,2,1;1,0,2,3,0;2,1,1,1,2;-2,1,1,2,1;-1,2,0,0,3;1,2,0,1,2;-1,2,0,2,1;1,2,0,3,0 ## F -1,0,0,0,1;1,0,0,1,0 | 1,0,2,0,2;1,0,2,2,0;-2,1,1,1,1;1,2,0,0,2;1,2,0,2,0 || CORE 1,0,2,0,2;1,0,2,2,0;-2,1,1,1,1;1,2,0,0,2;1,2,0,2,0 | live
REL 15,-2 20,1 23,1 | -1,0,6,1,5;-1,0,6,6,0;2,1,5,0,6;-2,5,1,6,0;1,6,0,0,6;1,6,0,5,1 ||  || CORE -1,0,6,1,5;-1,0,6,6,0;2,1,5,0,6;-2,5,1,6,0;1,6,0,0,6;1,6,0,5,1 | live
REL 13,-2 20,1 21,1 | -1,0,6,1,5;-1,0,6,5,1;2,1,5,1,5;-2,5,1,5,1;1,6,0,1,5;1,6,0,5,1 ||  || CORE -1,0,6,0,4;-1,0,6,4,0;2,1,5,0,4;-2,5,1,4,0;1,6,0,0,4;1,6,0,4,0 | live
REL 13,-2 22,1 23,1 | -1,0,6,0,6;-1,0,6,6,0;2,1,5,1,5;-2,5,1,5,1;1,6,0,0,6;1,6,0,6,0 ||  || CORE -1,0,6,0,6;-1,0,6,6,0;2,1,5,1,5;-2,5,1,5,1;1,6,0,0,6;1,6,0,6,0 | live
REL 14,-1 15,2 16,1 | -2,1,5,0,6;1,1,5,5,1;-1,1,5,6,0;1,5,1,0,6;-1,5,1,1,5;2,5,1,6,0 ||  || CORE -2,0,4,0,6;1,0,4,5,1;-1,0,4,6,0;1,4,0,0,6;-1,4,0,1,5;2,4,0,6,0 | live
REL 1,-2 19,-1 20,-1 | 1,0,6,1,5;1,0,6,4,2;2,3,3,1,5;-2,3,3,5,1;-1,6,0,2,4;-1,6,0,5,1 || F 1,0,0,0,1;1,0,0,1,0 | 1,0,6,0,3;-1,0,6,1,2;1,0,6,2,1;2,3,3,0,3;-2,3,3,1,2;2,3,3,2,1;-2,3,3,3,0;-1,6,0,1,2;1,6,0,2,1;-1,6,0,3,0 || CORE 1,0,6,0,3;-1,0,6,1,2;1,0,6,2,1;2,3,3,0,3;-2,3,3,1,2;2,3,3,2,1;-2,3,3,3,0;-1,6,0,1,2;1,6,0,2,1;-1,6,0,3,0 | live
REL 7,-2 19,-1 21,1 | 1,0,6,4,2;-1,0,6,5,1;2,2,4,5,1;-2,4,2,1,5;1,6,0,1,5;-1,6,0,2,4 ||  || CORE 1,0,6,3,1;-1,0,6,4,0;2,2,4,4,0;-2,4,2,0,4;1,6,0,0,4;-1,6,0,1,3 | live
REL 7,-1 12,1 13,-2 | 2,1,5,1,5;-1,1,5,4,2;1,2,4,5,1;-1,4,2,1,5;1,5,1,2,4;-2,5,1,5,1 ||  || CORE 2,0,4,0,4;-1,0,4,3,1;1,1,3,4,0;-1,3,1,0,4;1,4,0,1,3;-2,4,0,4,0 | live
REL 14,-2 19,1 20,1 | -1,0,6,1,5;-1,0,6,4,2;2,1,5,5,1;-2,5,1,1,5;1,6,0,2,4;1,6,0,5,1 ||  || CORE -1,0,6,0,4;-1,0,6,3,1;2,1,5,4,0;-2,5,1,0,4;1,6,0,1,3;1,6,0,4,0 | live
REL 4,-1 18,-2 19,1 | 2,0,6,2,4;-1,0,6,4,2;1,2,4,2,4;-1,4,2,4,2;1,6,0,2,4;-2,6,0,4,2 || F 1,0,2,0,0;1,2,0,0,0 | 2,0,4,0,2;-1,0,4,2,0;-1,2,2,0,2;1,2,2,2,0;1,4,0,0,2;-2,4,0,2,0 || CORE 2,0,4,0,2;-1,0,4,2,0;-1,2,2,0,2;1,2,2,2,0;1,4,0,0,2;-2,4,0,2,0 | live
REL 4,-1 10,-1 11,-2 | 2,1,5,2,4;1,1,5,3,3;1,2,4,2,4;-1,4,2,4,2;-1,5,1,3,3;-2,5,1,4,2 ||  || CORE 2,0,4,0,2;1,0,4,1,1;1,1,3,0,2;-1,3,1,2,0;-1,4,0,1,1;-2,4,0,2,0 | live
REL 1,-2 20,-1 21,-1 | 1,0,6,1,5;1,0,6,5,1;2,3,3,1,5;-2,3,3,5,1;-1,6,0,1,5;-1,6,0,5,1 ||  || CORE 1,0,6,0,4;1,0,6,4,0;2,3,3,0,4;-2,3,3,4,0;-1,6,0,0,4;-1,6,0,4,0 | live
REL 1,-2 4,-1 6,-1 | 1,2,4,1,5;1,2,4,2,4;2,3,3,1,5;-2,3,3,5,1;-1,4,2,4,2;-1,4,2,5,1 || F 1,0,0,0,1;1,0,0,1,0 | 1,0,2,0,3;2,1,1,0,3;-2,1,1,1,2;2,1,1,2,1;-2,1,1,3,0;-1,2,0,3,0 || CORE 1,0,2,0,3;2,1,1,0,3;-2,1,1,1,2;2,1,1,2,1;-2,1,1,3,0;-1,2,0,3,0 | unit
REL 4,-1 17,2 19,-1 | -2,0,6,3,3;1,0,6,4,2;1,2,4,2,4;-1,4,2,4,2;-1,6,0,2,4;2,6,0,3,3 || F 1,0,1,0,0;1,1,0,0,0 | -2,0,5,1,1;1,0,5,2,0;2,1,4,1,1;-1,1,4,2,0;1,2,3,0,2;-2,2,3,1,1;1,2,3,2,0;-1,3,2,0,2;2,3,2,1,1;-1,3,2,2,0;1,4,1,0,2;-2,4,1,1,1;-1,5,0,0,2;2,5,0,1,1 ## F -1,0,1,0,0;1,1,0,0,0 | 2,0,4,1,1;-1,0,4,2,0;-1,2,2,0,2;2,2,2,1,1;-1,2,2,2,0;-1,4,0,0,2;2,4,0,1,1 || CORE 2,0,4,1,1;-1,0,4,2,0;-1,2,2,0,2;2,2,2,1,1;-1,2,2,2,0;-1,4,0,0,2;2,4,0,1,1 | live
REL 1,-2 22,-1 23,-1 | 1,0,6,0,6;1,0,6,6,0;2,3,3,1,5;-2,3,3,5,1;-1,6,0,0,6;-1,6,0,6,0 || F 1,0,0,0,2;1,0,0,2,0 | 1,0,6,0,4;-1,0,6,2,2;1,0,6,4,0;2,3,3,1,3;-2,3,3,3,1;-1,6,0,0,4;1,6,0,2,2;-1,6,0,4,0 || CORE 1,0,6,0,4;-1,0,6,2,2;1,0,6,4,0;2,3,3,1,3;-2,3,3,3,1;-1,6,0,0,4;1,6,0,2,2;-1,6,0,4,0 | live
REL 7,-1 12,-1 13,-2 | 2,1,5,1,5;1,1,5,4,2;1,2,4,5,1;-1,4,2,1,5;-1,5,1,2,4;-2,5,1,5,1 ||  || CORE 2,0,4,0,4;1,0,4,3,1;1,1,3,4,0;-1,3,1,0,4;-1,4,0,1,3;-2,4,0,4,0 | live
REL 6,-2 19,-1 21,-1 | 1,0,6,4,2;1,0,6,5,1;2,2,4,1,5;-2,4,2,5,1;-1,6,0,1,5;-1,6,0,2,4 ||  || CORE 1,0,6,3,1;1,0,6,4,0;2,2,4,0,4;-2,4,2,4,0;-1,6,0,0,4;-1,6,0,1,3 | live
REL 9,-2 12,-1 16,1 | 1,1,5,4,2;-1,1,5,6,0;2,2,4,6,0;-2,4,2,0,6;1,5,1,0,6;-1,5,1,2,4 ||  || CORE 1,0,4,4,2;-1,0,4,6,0;2,1,3,6,0;-2,3,1,0,6;1,4,0,0,6;-1,4,0,2,4 | live
REL 2,-2 3,-1 9,-1 | 1,2,4,3,3;1,2,4,6,0;2,3,3,0,6;-2,3,3,6,0;-1,4,2,0,6;-1,4,2,3,3 || F 1,0,0,0,1;1,0,0,1,0 | 1,0,2,3,2;-1,0,2,4,1;1,0,2,5,0;2,1,1,0,5;-2,1,1,1,4;2,1,1,2,3;-2,1,1,3,2;2,1,1,4,1;-2,1,1,5,0;-1,2,0,0,5;1,2,0,1,4;-1,2,0,2,3 ## F 1,0,0,0,2;-1,0,0,1,1;1,0,0,2,0 | 1,0,2,3,0;2,1,1,0,3;-2,1,1,3,0;-1,2,0,0,3 || CORE 1,0,2,3,0;2,1,1,0,3;-2,1,1,3,0;-1,2,0,0,3 | unit
REL 1,-2 10,-1 14,-1 | 1,1,5,3,3;1,1,5,5,1;2,3,3,1,5;-2,3,3,5,1;-1,5,1,1,5;-1,5,1,3,3 || F 1,0,0,0,2;1,0,0,2,0 | 1,0,4,2,0;2,2,2,0,2;-2,2,2,2,0;-1,4,0,0,2 || CORE 1,0,4,2,0;2,2,2,0,2;-2,2,2,2,0;-1,4,0,0,2 | unit
REL 0,-1 3,2 5,1 | -2,2,4,3,3;-1,2,4,4,2;1,3,3,2,4;-1,3,3,4,2;1,4,2,2,4;2,4,2,3,3 || F 1,0,1,0,0;1,1,0,0,0 | -2,0,1,1,1;-1,0,1,2,0;1,1,0,0,2;2,1,0,1,1 || CORE -2,0,1,1,1;-1,0,1,2,0;1,1,0,0,2;2,1,0,1,1 | unit
REL 2,-2 15,-1 16,1 | 1,1,5,0,6;-1,1,5,6,0;2,3,3,0,6;-2,3,3,6,0;1,5,1,0,6;-1,5,1,6,0 || F 1,0,0,0,1;1,0,0,1,0 | 1,0,4,0,5;-1,0,4,1,4;1,0,4,2,3;-1,0,4,3,2;1,0,4,4,1;-1,0,4,5,0;2,2,2,0,5;-2,2,2,1,4;2,2,2,2,3;-2,2,2,3,2;2,2,2,4,1;-2,2,2,5,0;1,4,0,0,5;-1,4,0,1,4;1,4,0,2,3;-1,4,0,3,2;1,4,0,4,1;-1,4,0,5,0 ## F -1,0,0,0,1;1,0,0,1,0 | -1,0,4,0,4;-1,0,4,2,2;-1,0,4,4,0;-2,2,2,0,4;-2,2,2,2,2;-2,2,2,4,0;-1,4,0,0,4;-1,4,0,2,2;-1,4,0,4,0 ## F 1,0,0,0,2;1,0,0,1,1;1,0,0,2,0 | -1,0,4,0,2;1,0,4,1,1;-1,0,4,2,0;-2,2,2,0,2;2,2,2,1,1;-2,2,2,2,0;-1,4,0,0,2;1,4,0,1,1;-1,4,0,2,0 ## F 1,0,0,0,2;-1,0,0,1,1;1,0,0,2,0 | -1,0,4,0,0;-2,2,2,0,0;-1,4,0,0,0 ## F 1,0,2,0,0;1,2,0,0,0 | -1,0,2,0,0;-1,2,0,0,0 ## F 1,0,2,0,0;1,2,0,0,0 | -1,0,0,0,0 || CORE -1,0,0,0,0 | monomial
REL 8,-1 10,-2 16,1 | 2,1,5,3,3;-1,1,5,6,0;1,2,4,0,6;-1,4,2,6,0;1,5,1,0,6;-2,5,1,3,3 || F 1,0,1,0,0;1,1,0,0,0 | 2,0,3,3,3;-1,0,3,6,0;1,1,2,0,6;-2,1,2,3,3;1,1,2,6,0;-1,2,1,0,6;2,2,1,3,3;-1,2,1,6,0;1,3,0,0,6;-2,3,0,3,3 || CORE 2,0,3,3,3;-1,0,3,6,0;1,1,2,0,6;-2,1,2,3,3;1,1,2,6,0;-1,2,1,0,6;2,2,1,3,3;-1,2,1,6,0;1,3,0,0,6;-2,3,0,3,3 | live
REL 1,-1 11,2 13,-1 | 1,1,5,1,5;-2,1,5,2,4;1,3,3,1,5;-1,3,3,5,1;2,5,1,4,2;-1,5,1,5,1 ||  || CORE 1,0,4,0,4;-2,0,4,1,3;1,2,2,0,4;-1,2,2,4,0;2,4,0,3,1;-1,4,0,4,0 | live
REL 13,-2 15,1 16,1 | -1,1,5,0,6;2,1,5,1,5;-1,1,5,6,0;1,5,1,0,6;-2,5,1,5,1;1,5,1,6,0 || F -1,0,0,0,1;1,0,0,1,0 | 1,0,4,0,5;-1,0,4,1,4;-1,0,4,2,3;-1,0,4,3,2;-1,0,4,4,1;-1,0,4,5,0;-1,4,0,0,5;-1,4,0,1,4;-1,4,0,2,3;-1,4,0,3,2;-1,4,0,4,1;1,4,0,5,0 || CORE 1,0,4,0,5;-1,0,4,1,4;-1,0,4,2,3;-1,0,4,3,2;-1,0,4,4,1;-1,0,4,5,0;-1,4,0,0,5;-1,4,0,1,4;-1,4,0,2,3;-1,4,0,3,2;-1,4,0,4,1;1,4,0,5,0 | live
REL 2,-1 13,-2 15,1 | -1,1,5,0,6;2,1,5,1,5;1,3,3,0,6;-1,3,3,6,0;-2,5,1,5,1;1,5,1,6,0 ||  || CORE -1,0,4,0,6;2,0,4,1,5;1,2,2,0,6;-1,2,2,6,0;-2,4,0,5,1;1,4,0,6,0 | live
REL 4,-1 10,-1 12,2 | 1,1,5,3,3;-2,1,5,4,2;1,2,4,2,4;-1,4,2,4,2;2,5,1,2,4;-1,5,1,3,3 ||  || CORE 1,0,4,1,1;-2,0,4,2,0;1,1,3,0,2;-1,3,1,2,0;2,4,0,0,2;-1,4,0,1,1 | live
REL 15,-1 20,-2 23,1 | 2,0,6,1,5;-1,0,6,6,0;1,1,5,0,6;-1,5,1,6,0;1,6,0,0,6;-2,6,0,5,1 ||  || CORE 2,0,6,1,5;-1,0,6,6,0;1,1,5,0,6;-1,5,1,6,0;1,6,0,0,6;-2,6,0,5,1 | live
REL 8,-1 21,-2 23,1 | 2,0,6,5,1;-1,0,6,6,0;1,2,4,0,6;-1,4,2,6,0;1,6,0,0,6;-2,6,0,1,5 ||  || CORE 2,0,6,5,1;-1,0,6,6,0;1,2,4,0,6;-1,4,2,6,0;1,6,0,0,6;-2,6,0,1,5 | live
REL 14,-2 18,-1 20,1 | -1,0,6,1,5;1,0,6,2,4;2,1,5,5,1;-2,5,1,1,5;-1,6,0,4,2;1,6,0,5,1 ||  || CORE -1,0,6,0,4;1,0,6,1,3;2,1,5,4,0;-2,5,1,0,4;-1,6,0,3,1;1,6,0,4,0 | live
REL 9,-2 10,1 15,-1 | 1,1,5,0,6;-1,1,5,3,3;2,2,4,6,0;-2,4,2,0,6;1,5,1,3,3;-1,5,1,6,0 ||  || CORE 1,0,4,0,6;-1,0,4,3,3;2,1,3,6,0;-2,3,1,0,6;1,4,0,3,3;-1,4,0,6,0 | live
REL 9,-2 15,1 16,1 | -1,1,5,0,6;-1,1,5,6,0;2,2,4,6,0;-2,4,2,0,6;1,5,1,0,6;1,5,1,6,0 ||  || CORE -1,0,4,0,6;-1,0,4,6,0;2,1,3,6,0;-2,3,1,0,6;1,4,0,0,6;1,4,0,6,0 | live
REL 14,-1 15,1 16,-2 | -1,1,5,0,6;1,1,5,5,1;2,1,5,6,0;-2,5,1,0,6;-1,5,1,1,5;1,5,1,6,0 || F 1,0,0,0,1;1,0,0,1,0 | -1,0,4,0,5;1,0,4,1,4;-1,0,4,2,3;1,0,4,3,2;-1,0,4,4,1;2,0,4,5,0;-2,4,0,0,5;1,4,0,1,4;-1,4,0,2,3;1,4,0,3,2;-1,4,0,4,1;1,4,0,5,0 || CORE -1,0,4,0,5;1,0,4,1,4;-1,0,4,2,3;1,0,4,3,2;-1,0,4,4,1;2,0,4,5,0;-2,4,0,0,5;1,4,0,1,4;-1,4,0,2,3;1,4,0,3,2;-1,4,0,4,1;1,4,0,5,0 | live
REL 8,-2 21,1 23,-1 | -1,0,6,5,1;1,0,6,6,0;2,2,4,0,6;-2,4,2,6,0;-1,6,0,0,6;1,6,0,1,5 ||  || CORE -1,0,6,5,1;1,0,6,6,0;2,2,4,0,6;-2,4,2,6,0;-1,6,0,0,6;1,6,0,1,5 | live
REL 16,-1 19,-1 23,-2 | 1,0,6,4,2;2,0,6,6,0;1,1,5,6,0;-1,5,1,0,6;-2,6,0,0,6;-1,6,0,2,4 ||  || CORE 1,0,6,4,2;2,0,6,6,0;1,1,5,6,0;-1,5,1,0,6;-2,6,0,0,6;-1,6,0,2,4 | live
REL 2,-2 18,-1 23,-1 | 1,0,6,2,4;1,0,6,6,0;2,3,3,0,6;-2,3,3,6,0;-1,6,0,0,6;-1,6,0,4,2 ||  || CORE 1,0,6,2,4;1,0,6,6,0;2,3,3,0,6;-2,3,3,6,0;-1,6,0,0,6;-1,6,0,4,2 | live
REL 15,-1 18,2 23,-1 | -2,0,6,2,4;1,0,6,6,0;1,1,5,0,6;-1,5,1,6,0;-1,6,0,0,6;2,6,0,4,2 ||  || CORE -2,0,6,2,4;1,0,6,6,0;1,1,5,0,6;-1,5,1,6,0;-1,6,0,0,6;2,6,0,4,2 | live
REL 2,-1 19,-2 23,1 | 2,0,6,4,2;-1,0,6,6,0;1,3,3,0,6;-1,3,3,6,0;1,6,0,0,6;-2,6,0,2,4 ||  || CORE 2,0,6,4,2;-1,0,6,6,0;1,3,3,0,6;-1,3,3,6,0;1,6,0,0,6;-2,6,0,2,4 | live
REL 2,-1 21,-1 23,-2 | 1,0,6,5,1;2,0,6,6,0;1,3,3,0,6;-1,3,3,6,0;-2,6,0,0,6;-1,6,0,1,5 ||  || CORE 1,0,6,5,1;2,0,6,6,0;1,3,3,0,6;-1,3,3,6,0;-2,6,0,0,6;-1,6,0,1,5 | live
REL 13,-1 17,-1 21,-2 | 1,0,6,3,3;2,0,6,5,1;1,1,5,1,5;-1,5,1,5,1;-2,6,0,1,5;-1,6,0,3,3 ||  || CORE 1,0,6,2,2;2,0,6,4,0;1,1,5,0,4;-1,5,1,4,0;-2,6,0,0,4;-1,6,0,2,2 | live
REL 2,-1 4,-2 8,1 | -1,2,4,0,6;2,2,4,2,4;1,3,3,0,6;-1,3,3,6,0;-2,4,2,4,2;1,4,2,6,0 ||  || CORE -1,0,2,0,6;2,0,2,2,4;1,1,1,0,6;-1,1,1,6,0;-2,2,0,4,2;1,2,0,6,0 | live
REL 9,-2 19,1 23,-1 | -1,0,6,4,2;1,0,6,6,0;2,2,4,6,0;-2,4,2,0,6;-1,6,0,0,6;1,6,0,2,4 ||  || CORE -1,0,6,4,2;1,0,6,6,0;2,2,4,6,0;-2,4,2,0,6;-1,6,0,0,6;1,6,0,2,4 | live
REL 17,-1 18,1 19,-2 | -1,0,6,2,4;1,0,6,3,3;2,0,6,4,2;-2,6,0,2,4;-1,6,0,3,3;1,6,0,4,2 || F 1,0,0,0,1;1,0,0,1,0 | -1,0,6,0,1;2,0,6,1,0;-2,6,0,0,1;1,6,0,1,0 || CORE -1,0,6,0,1;2,0,6,1,0;-2,6,0,0,1;1,6,0,1,0 | live
REL 9,-1 19,-2 22,1 | -1,0,6,0,6;2,0,6,4,2;1,2,4,6,0;-1,4,2,0,6;-2,6,0,2,4;1,6,0,6,0 ||  || CORE -1,0,6,0,6;2,0,6,4,2;1,2,4,6,0;-1,4,2,0,6;-2,6,0,2,4;1,6,0,6,0 | live
REL 1,-1 6,-1 7,-2 | 1,2,4,1,5;2,2,4,5,1;1,3,3,1,5;-1,3,3,5,1;-2,4,2,1,5;-1,4,2,5,1 || F -1,0,1,0,0;1,1,0,0,0 | -1,0,1,0,4;-2,0,1,4,0;-2,1,0,0,4;-1,1,0,4,0 || CORE -1,0,1,0,4;-2,0,1,4,0;-2,1,0,0,4;-1,1,0,4,0 | live
REL 9,-1 18,1 22,-2 | 2,0,6,0,6;-1,0,6,2,4;1,2,4,6,0;-1,4,2,0,6;1,6,0,4,2;-2,6,0,6,0 ||  || CORE 2,0,6,0,6;-1,0,6,2,4;1,2,4,6,0;-1,4,2,0,6;1,6,0,4,2;-2,6,0,6,0 | live
REL 5,-2 10,1 12,-1 | -1,1,5,3,3;1,1,5,4,2;2,2,4,4,2;-2,4,2,2,4;-1,5,1,2,4;1,5,1,3,3 ||  || CORE -1,0,4,1,1;1,0,4,2,0;2,1,3,2,0;-2,3,1,0,2;-1,4,0,0,2;1,4,0,1,1 | live
REL 9,-2 22,-1 23,1 | 1,0,6,0,6;-1,0,6,6,0;2,2,4,6,0;-2,4,2,0,6;1,6,0,0,6;-1,6,0,6,0 || F 1,0,1,0,0;1,1,0,0,0 | 1,0,5,0,6;-1,0,5,6,0;-1,1,4,0,6;1,1,4,6,0;1,2,3,0,6;1,2,3,6,0;-1,3,2,0,6;-1,3,2,6,0;-1,4,1,0,6;1,4,1,6,0;1,5,0,0,6;-1,5,0,6,0 ## F -1,0,1,0,0;1,1,0,0,0 | -1,0,4,0,6;1,0,4,6,0;-1,2,2,0,6;-1,2,2,6,0;1,4,0,0,6;-1,4,0,6,0 || CORE -1,0,4,0,6;1,0,4,6,0;-1,2,2,0,6;-1,2,2,6,0;1,4,0,0,6;-1,4,0,6,0 | live
REL 6,-1 11,2 13,-1 | 1,1,5,1,5;-2,1,5,2,4;1,2,4,1,5;-1,4,2,5,1;2,5,1,4,2;-1,5,1,5,1 ||  || CORE 1,0,4,0,4;-2,0,4,1,3;1,1,3,0,4;-1,3,1,4,0;2,4,0,3,1;-1,4,0,4,0 | live
REL 15,-2 20,-1 23,1 | 1,0,6,1,5;-1,0,6,6,0;2,1,5,0,6;-2,5,1,6,0;1,6,0,0,6;-1,6,0,5,1 ||  || CORE 1,0,6,1,5;-1,0,6,6,0;2,1,5,0,6;-2,5,1,6,0;1,6,0,0,6;-1,6,0,5,1 | live
REL 4,-1 11,1 12,2 | -1,1,5,2,4;-2,1,5,4,2;1,2,4,2,4;-1,4,2,4,2;2,5,1,2,4;1,5,1,4,2 || F 1,0,1,0,0;1,1,0,0,0 | -1,0,3,0,2;-2,0,3,2,0;2,1,2,0,2;2,1,2,2,0;-2,2,1,0,2;-2,2,1,2,0;2,3,0,0,2;1,3,0,2,0 || CORE -1,0,3,0,2;-2,0,3,2,0;2,1,2,0,2;2,1,2,2,0;-2,2,1,0,2;-2,2,1,2,0;2,3,0,0,2;1,3,0,2,0 | live
REL 8,-1 14,-2 15,1 | -1,1,5,0,6;2,1,5,5,1;1,2,4,0,6;-1,4,2,6,0;-2,5,1,1,5;1,5,1,6,0 ||  || CORE -1,0,4,0,6;2,0,4,5,1;1,1,3,0,6;-1,3,1,6,0;-2,4,0,1,5;1,4,0,6,0 | live
REL 15,-1 20,1 22,-2 | 2,0,6,0,6;-1,0,6,1,5;1,1,5,0,6;-1,5,1,6,0;1,6,0,5,1;-2,6,0,6,0 ||  || CORE 2,0,6,0,6;-1,0,6,1,5;1,1,5,0,6;-1,5,1,6,0;1,6,0,5,1;-2,6,0,6,0 | live
REL 16,-1 22,-1 23,2 | 1,0,6,0,6;-2,0,6,6,0;1,1,5,6,0;-1,5,1,0,6;2,6,0,0,6;-1,6,0,6,0 ||  || CORE 1,0,6,0,6;-2,0,6,6,0;1,1,5,6,0;-1,5,1,0,6;2,6,0,0,6;-1,6,0,6,0 | live
REL 1,-2 18,1 21,1 | -1,0,6,2,4;-1,0,6,5,1;2,3,3,1,5;-2,3,3,5,1;1,6,0,1,5;1,6,0,4,2 || F 1,0,0,0,1;1,0,0,1,0 | -1,0,6,1,2;1,0,6,2,1;-1,0,6,3,0;2,3,3,0,3;-2,3,3,1,2;2,3,3,2,1;-2,3,3,3,0;1,6,0,0,3;-1,6,0,1,2;1,6,0,2,1 || CORE -1,0,6,1,2;1,0,6,2,1;-1,0,6,3,0;2,3,3,0,3;-2,3,3,1,2;2,3,3,2,1;-2,3,3,3,0;1,6,0,0,3;-1,6,0,1,2;1,6,0,2,1 | live
REL 6,-1 17,-2 21,1 | 2,0,6,3,3;-1,0,6,5,1;1,2,4,1,5;-1,4,2,5,1;1,6,0,1,5;-2,6,0,3,3 ||  || CORE 2,0,6,2,2;-1,0,6,4,0;1,2,4,0,4;-1,4,2,4,0;1,6,0,0,4;-2,6,0,2,2 | live
REL 6,-1 11,2 14,-1 | -2,1,5,2,4;1,1,5,5,1;1,2,4,1,5;-1,4,2,5,1;-1,5,1,1,5;2,5,1,4,2 ||  || CORE -2,0,4,1,3;1,0,4,4,0;1,1,3,0,4;-1,3,1,4,0;-1,4,0,0,4;2,4,0,3,1 | live
REL 1,-1 13,2 14,-1 | -2,1,5,1,5;1,1,5,5,1;1,3,3,1,5;-1,3,3,5,1;-1,5,1,1,5;2,5,1,5,1 ||  || CORE -2,0,4,0,4;1,0,4,4,0;1,2,2,0,4;-1,2,2,4,0;-1,4,0,0,4;2,4,0,4,0 | live
REL 9,-1 22,1 23,-2 | -1,0,6,0,6;2,0,6,6,0;1,2,4,6,0;-1,4,2,0,6;-2,6,0,0,6;1,6,0,6,0 || F 1,0,2,0,0;1,2,0,0,0 | -1,0,4,0,6;2,0,4,6,0;1,2,2,0,6;-1,2,2,6,0;-2,4,0,0,6;1,4,0,6,0 || CORE -1,0,4,0,6;2,0,4,6,0;1,2,2,0,6;-1,2,2,6,0;-2,4,0,0,6;1,4,0,6,0 | live
REL 15,-1 19,-2 22,-1 | 1,0,6,0,6;2,0,6,4,2;1,1,5,0,6;-1,5,1,6,0;-2,6,0,2,4;-1,6,0,6,0 ||  || CORE 1,0,6,0,6;2,0,6,4,2;1,1,5,0,6;-1,5,1,6,0;-2,6,0,2,4;-1,6,0,6,0 | live
REL 14,-1 15,1 16,2 | -1,1,5,0,6;1,1,5,5,1;-2,1,5,6,0;2,5,1,0,6;-1,5,1,1,5;1,5,1,6,0 ||  || CORE -1,0,4,0,6;1,0,4,5,1;-2,0,4,6,0;2,4,0,0,6;-1,4,0,1,5;1,4,0,6,0 | live
REL 11,-2 22,-1 23,1 | 1,0,6,0,6;-1,0,6,6,0;2,1,5,2,4;-2,5,1,4,2;1,6,0,0,6;-1,6,0,6,0 ||  || CORE 1,0,6,0,6;-1,0,6,6,0;2,1,5,2,4;-2,5,1,4,2;1,6,0,0,6;-1,6,0,6,0 | live
REL 16,-1 17,1 22,2 | -2,0,6,0,6;-1,0,6,3,3;1,1,5,6,0;-1,5,1,0,6;1,6,0,3,3;2,6,0,6,0 ||  || CORE -2,0,6,0,6;-1,0,6,3,3;1,1,5,6,0;-1,5,1,0,6;1,6,0,3,3;2,6,0,6,0 | live
REL 8,-1 14,1 15,-2 | 2,1,5,0,6;-1,1,5,5,1;1,2,4,0,6;-1,4,2,6,0;1,5,1,1,5;-2,5,1,6,0 ||  || CORE 2,0,4,0,6;-1,0,4,5,1;1,1,3,0,6;-1,3,1,6,0;1,4,0,1,5;-2,4,0,6,0 | live
REL 1,-1 17,2 20,1 | -1,0,6,1,5;-2,0,6,3,3;1,3,3,1,5;-1,3,3,5,1;2,6,0,3,3;1,6,0,5,1 || F -1,0,1,0,0;1,1,0,0,0 | 1,0,5,0,4;2,0,5,2,2;1,1,4,0,4;2,1,4,2,2;1,2,3,0,4;2,2,3,2,2;2,3,2,2,2;1,3,2,4,0;2,4,1,2,2;1,4,1,4,0;2,5,0,2,2;1,5,0,4,0 ## F 1,0,2,0,0;1,1,1,0,0;1,2,0,0,0 | 1,0,3,0,4;2,0,3,2,2;2,3,0,2,2;1,3,0,4,0 || CORE 1,0,3,0,4;2,0,3,2,2;2,3,0,2,2;1,3,0,4,0 | unit
REL 11,-2 17,1 19,1 | -1,0,6,3,3;-1,0,6,4,2;2,1,5,2,4;-2,5,1,4,2;1,6,0,2,4;1,6,0,3,3 ||  || CORE -1,0,6,1,1;-1,0,6,2,0;2,1,5,0,2;-2,5,1,2,0;1,6,0,0,2;1,6,0,1,1 | live
REL 3,-2 11,-1 12,-1 | 1,1,5,2,4;1,1,5,4,2;2,2,4,3,3;-2,4,2,3,3;-1,5,1,2,4;-1,5,1,4,2 || F 1,0,1,0,0;1,1,0,0,0 | 1,0,3,0,2;1,0,3,2,0;-1,1,2,0,2;2,1,2,1,1;-1,1,2,2,0;1,2,1,0,2;-2,2,1,1,1;1,2,1,2,0;-1,3,0,0,2;-1,3,0,2,0 ## F -1,0,1,0,0;1,1,0,0,0 | -1,0,2,0,2;-1,0,2,2,0;-2,1,1,1,1;-1,2,0,0,2;-1,2,0,2,0 || CORE -1,0,2,0,2;-1,0,2,2,0;-2,1,1,1,1;-1,2,0,0,2;-1,2,0,2,0 | live
REL 5,-1 6,-1 7,-2 | 1,2,4,1,5;1,2,4,4,2;2,2,4,5,1;-2,4,2,1,5;-1,4,2,2,4;-1,4,2,5,1 ||  || CORE 1,0,2,0,4;1,0,2,3,1;2,0,2,4,0;-2,2,0,0,4;-1,2,0,1,3;-1,2,0,4,0 | live
REL 7,-2 8,1 9,-1 | -1,2,4,0,6;2,2,4,5,1;1,2,4,6,0;-1,4,2,0,6;-2,4,2,1,5;1,4,2,6,0 ||  || CORE -1,0,2,0,6;2,0,2,5,1;1,0,2,6,0;-1,2,0,0,6;-2,2,0,1,5;1,2,0,6,0 | live
REL 1,-1 13,1 14,-2 | -1,1,5,1,5;2,1,5,5,1;1,3,3,1,5;-1,3,3,5,1;-2,5,1,1,5;1,5,1,5,1 ||  || CORE -1,0,4,0,4;2,0,4,4,0;1,2,2,0,4;-1,2,2,4,0;-2,4,0,0,4;1,4,0,4,0 | live
REL 2,-1 6,2 9,-1 | -2,2,4,1,5;1,2,4,6,0;1,3,3,0,6;-1,3,3,6,0;-1,4,2,0,6;2,4,2,5,1 ||  || CORE -2,0,2,1,5;1,0,2,6,0;1,1,1,0,6;-1,1,1,6,0;-1,2,0,0,6;2,2,0,5,1 | live
REL 11,-2 15,-1 16,1 | 1,1,5,0,6;2,1,5,2,4;-1,1,5,6,0;1,5,1,0,6;-2,5,1,4,2;-1,5,1,6,0 || F 1,0,0,0,2;1,0,0,2,0 | 1,0,4,0,4;1,0,4,2,2;-1,0,4,4,0;1,4,0,0,4;-1,4,0,2,2;-1,4,0,4,0 || CORE 1,0,4,0,4;1,0,4,2,2;-1,0,4,4,0;1,4,0,0,4;-1,4,0,2,2;-1,4,0,4,0 | live
REL 5,-1 10,-1 12,-2 | 1,1,5,3,3;2,1,5,4,2;1,2,4,4,2;-1,4,2,2,4;-2,5,1,2,4;-1,5,1,3,3 ||  || CORE 1,0,4,1,1;2,0,4,2,0;1,1,3,2,0;-1,3,1,0,2;-2,4,0,0,2;-1,4,0,1,1 | live
REL 4,-1 17,-1 18,-2 | 2,0,6,2,4;1,0,6,3,3;1,2,4,2,4;-1,4,2,4,2;-1,6,0,3,3;-2,6,0,4,2 ||  || CORE 2,0,6,0,2;1,0,6,1,1;1,2,4,0,2;-1,4,2,2,0;-1,6,0,1,1;-2,6,0,2,0 | live
REL 13,-1 18,1 20,2 | -2,0,6,1,5;-1,0,6,2,4;1,1,5,1,5;-1,5,1,5,1;1,6,0,4,2;2,6,0,5,1 ||  || CORE -2,0,6,0,4;-1,0,6,1,3;1,1,5,0,4;-1,5,1,4,0;1,6,0,3,1;2,6,0,4,0 | live
REL 10,-2 18,-1 19,-1 | 1,0,6,2,4;1,0,6,4,2;2,1,5,3,3;-2,5,1,3,3;-1,6,0,2,4;-1,6,0,4,2 || F 1,0,1,0,0;1,1,0,0,0 | 1,0,5,0,2;1,0,5,2,0;-1,1,4,0,2;2,1,4,1,1;-1,1,4,2,0;1,2,3,0,2;-2,2,3,1,1;1,2,3,2,0;-1,3,2,0,2;2,3,2,1,1;-1,3,2,2,0;1,4,1,0,2;-2,4,1,1,1;1,4,1,2,0;-1,5,0,0,2;-1,5,0,2,0 ## F -1,0,1,0,0;1,1,0,0,0 | -1,0,4,0,2;-1,0,4,2,0;-2,1,3,1,1;-1,2,2,0,2;-1,2,2,2,0;-2,3,1,1,1;-1,4,0,0,2;-1,4,0,2,0 || CORE -1,0,4,0,2;-1,0,4,2,0;-2,1,3,1,1;-1,2,2,0,2;-1,2,2,2,0;-2,3,1,1,1;-1,4,0,0,2;-1,4,0,2,0 | live
REL 2,-1 12,1 15,2 | -2,1,5,0,6;-1,1,5,4,2;1,3,3,0,6;-1,3,3,6,0;1,5,1,2,4;2,5,1,6,0 ||  || CORE -2,0,4,0,6;-1,0,4,4,2;1,2,2,0,6;-1,2,2,6,0;1,4,0,2,4;2,4,0,6,0 | live
REL 6,-1 19,1 21,2 | -1,0,6,4,2;-2,0,6,5,1;1,2,4,1,5;-1,4,2,5,1;2,6,0,1,5;1,6,0,2,4 ||  || CORE -1,0,6,3,1;-2,0,6,4,0;1,2,4,0,4;-1,4,2,4,0;2,6,0,0,4;1,6,0,1,3 | live
REL 2,-2 13,-1 16,1 | 1,1,5,1,5;-1,1,5,6,0;2,3,3,0,6;-2,3,3,6,0;1,5,1,0,6;-1,5,1,5,1 || F -1,0,0,0,1;1,0,0,1,0 | -1,0,4,1,4;-1,0,4,2,3;-1,0,4,3,2;-1,0,4,4,1;-1,0,4,5,0;-2,2,2,0,5;-2,2,2,1,4;-2,2,2,2,3;-2,2,2,3,2;-2,2,2,4,1;-2,2,2,5,0;-1,4,0,0,5;-1,4,0,1,4;-1,4,0,2,3;-1,4,0,3,2;-1,4,0,4,1 || CORE -1,0,4,1,4;-1,0,4,2,3;-1,0,4,3,2;-1,0,4,4,1;-1,0,4,5,0;-2,2,2,0,5;-2,2,2,1,4;-2,2,2,2,3;-2,2,2,3,2;-2,2,2,4,1;-2,2,2,5,0;-1,4,0,0,5;-1,4,0,1,4;-1,4,0,2,3;-1,4,0,3,2;-1,4,0,4,1 | live
REL 8,-1 12,-2 15,-1 | 1,1,5,0,6;2,1,5,4,2;1,2,4,0,6;-1,4,2,6,0;-2,5,1,2,4;-1,5,1,6,0 ||  || CORE 1,0,4,0,6;2,0,4,4,2;1,1,3,0,6;-1,3,1,6,0;-2,4,0,2,4;-1,4,0,6,0 | live
REL 9,-1 20,-2 22,1 | -1,0,6,0,6;2,0,6,1,5;1,2,4,6,0;-1,4,2,0,6;-2,6,0,5,1;1,6,0,6,0 ||  || CORE -1,0,6,0,6;2,0,6,1,5;1,2,4,6,0;-1,4,2,0,6;-2,6,0,5,1;1,6,0,6,0 | live
REL 6,-1 12,-1 13,2 | -2,1,5,1,5;1,1,5,4,2;1,2,4,1,5;-1,4,2,5,1;-1,5,1,2,4;2,5,1,5,1 ||  || CORE -2,0,4,0,4;1,0,4,3,1;1,1,3,0,4;-1,3,1,4,0;-1,4,0,1,3;2,4,0,4,0 | live
REL 5,-1 17,2 18,1 | -1,0,6,2,4;-2,0,6,3,3;1,2,4,4,2;-1,4,2,2,4;2,6,0,3,3;1,6,0,4,2 ||  || CORE -1,0,6,0,2;-2,0,6,1,1;1,2,4,2,0;-1,4,2,0,2;2,6,0,1,1;1,6,0,2,0 | live
REL 4,-2 11,-1 12,1 | 1,1,5,2,4;-1,1,5,4,2;2,2,4,2,4;-2,4,2,4,2;1,5,1,2,4;-1,5,1,4,2 || F 1,0,1,0,0;1,1,0,0,0 | 1,0,3,0,2;-1,0,3,2,0;1,1,2,0,2;1,1,2,2,0;-1,2,1,0,2;-1,2,1,2,0;1,3,0,0,2;-1,3,0,2,0 || CORE 1,0,3,0,2;-1,0,3,2,0;1,1,2,0,2;1,1,2,2,0;-1,2,1,0,2;-1,2,1,2,0;1,3,0,0,2;-1,3,0,2,0 | live
REL 9,-1 10,1 16,-2 | -1,1,5,3,3;2,1,5,6,0;1,2,4,6,0;-1,4,2,0,6;-2,5,1,0,6;1,5,1,3,3 ||  || CORE -1,0,4,3,3;2,0,4,6,0;1,1,3,6,0;-1,3,1,0,6;-2,4,0,0,6;1,4,0,3,3 | live
REL 6,-1 8,-2 9,-1 | 2,2,4,0,6;1,2,4,1,5;1,2,4,6,0;-1,4,2,0,6;-1,4,2,5,1;-2,4,2,6,0 ||  || CORE 2,0,2,0,6;1,0,2,1,5;1,0,2,6,0;-1,2,0,0,6;-1,2,0,5,1;-2,2,0,6,0 | live
REL 2,-1 3,-2 9,-1 | 2,2,4,3,3;1,2,4,6,0;1,3,3,0,6;-1,3,3,6,0;-1,4,2,0,6;-2,4,2,3,3 || F -1,0,1,0,0;1,1,0,0,0 | -2,0,1,3,3;-1,0,1,6,0;-1,1,0,0,6;-2,1,0,3,3 || CORE -2,0,1,3,3;-1,0,1,6,0;-1,1,0,0,6;-2,1,0,3,3 | unit
REL 9,-1 15,1 16,2 | -1,1,5,0,6;-2,1,5,6,0;1,2,4,6,0;-1,4,2,0,6;2,5,1,0,6;1,5,1,6,0 || F -1,0,1,0,0;1,1,0,0,0 | 1,0,3,0,6;2,0,3,6,0;1,1,2,0,6;1,1,2,6,0;1,2,1,0,6;1,2,1,6,0;2,3,0,0,6;1,3,0,6,0 || CORE 1,0,3,0,6;2,0,3,6,0;1,1,2,0,6;1,1,2,6,0;1,2,1,0,6;1,2,1,6,0;2,3,0,0,6;1,3,0,6,0 | live
REL 14,-1 17,-1 20,2 | -2,0,6,1,5;1,0,6,3,3;1,1,5,5,1;-1,5,1,1,5;-1,6,0,3,3;2,6,0,5,1 ||  || CORE -2,0,6,0,4;1,0,6,2,2;1,1,5,4,0;-1,5,1,0,4;-1,6,0,2,2;2,6,0,4,0 | live
REL 2,-2 12,-1 16,-1 | 1,1,5,4,2;1,1,5,6,0;2,3,3,0,6;-2,3,3,6,0;-1,5,1,0,6;-1,5,1,2,4 ||  || CORE 1,0,4,4,2;1,0,4,6,0;2,2,2,0,6;-2,2,2,6,0;-1,4,0,0,6;-1,4,0,2,4 | live
REL 8,-1 15,-1 16,2 | 1,1,5,0,6;-2,1,5,6,0;1,2,4,0,6;-1,4,2,6,0;2,5,1,0,6;-1,5,1,6,0 ||  || CORE 1,0,4,0,6;-2,0,4,6,0;1,1,3,0,6;-1,3,1,6,0;2,4,0,0,6;-1,4,0,6,0 | live
REL 8,-1 19,-1 23,-2 | 1,0,6,4,2;2,0,6,6,0;1,2,4,0,6;-1,4,2,6,0;-2,6,0,0,6;-1,6,0,2,4 ||  || CORE 1,0,6,4,2;2,0,6,6,0;1,2,4,0,6;-1,4,2,6,0;-2,6,0,0,6;-1,6,0,2,4 | live
REL 2,-1 20,1 23,2 | -1,0,6,1,5;-2,0,6,6,0;1,3,3,0,6;-1,3,3,6,0;2,6,0,0,6;1,6,0,5,1 ||  || CORE -1,0,6,1,5;-2,0,6,6,0;1,3,3,0,6;-1,3,3,6,0;2,6,0,0,6;1,6,0,5,1 | live
REL 6,-2 13,1 14,-1 | -1,1,5,1,5;1,1,5,5,1;2,2,4,1,5;-2,4,2,5,1;-1,5,1,1,5;1,5,1,5,1 || F -1,0,1,0,0;1,1,0,0,0 | 1,0,3,0,4;-1,0,3,4,0;-1,1,2,0,4;-1,1,2,4,0;-1,2,1,0,4;-1,2,1,4,0;-1,3,0,0,4;1,3,0,4,0 || CORE 1,0,3,0,4;-1,0,3,4,0;-1,1,2,0,4;-1,1,2,4,0;-1,2,1,0,4;-1,2,1,4,0;-1,3,0,0,4;1,3,0,4,0 | live
REL 4,-1 10,-2 11,-1 | 1,1,5,2,4;2,1,5,3,3;1,2,4,2,4;-1,4,2,4,2;-2,5,1,3,3;-1,5,1,4,2 || F 1,0,1,0,0;1,1,0,0,0 | 1,0,3,0,2;2,0,3,1,1;-2,1,2,1,1;2,2,1,1,1;-2,3,0,1,1;-1,3,0,2,0 || CORE 1,0,3,0,2;2,0,3,1,1;-2,1,2,1,1;2,2,1,1,1;-2,3,0,1,1;-1,3,0,2,0 | unit
REL 9,-1 18,1 22,2 | -2,0,6,0,6;-1,0,6,2,4;1,2,4,6,0;-1,4,2,0,6;1,6,0,4,2;2,6,0,6,0 ||  || CORE -2,0,6,0,6;-1,0,6,2,4;1,2,4,6,0;-1,4,2,0,6;1,6,0,4,2;2,6,0,6,0 | live
REL 14,-2 20,1 21,-1 | -1,0,6,1,5;1,0,6,5,1;2,1,5,5,1;-2,5,1,1,5;-1,6,0,1,5;1,6,0,5,1 || F 1,0,1,0,0;1,1,0,0,0 | -1,0,5,0,4;1,0,5,4,0;1,1,4,0,4;1,1,4,4,0;-1,2,3,0,4;-1,2,3,4,0;1,3,2,0,4;1,3,2,4,0;-1,4,1,0,4;-1,4,1,4,0;-1,5,0,0,4;1,5,0,4,0 || CORE -1,0,5,0,4;1,0,5,4,0;1,1,4,0,4;1,1,4,4,0;-1,2,3,0,4;-1,2,3,4,0;1,3,2,0,4;1,3,2,4,0;-1,4,1,0,4;-1,4,1,4,0;-1,5,0,0,4;1,5,0,4,0 | live
REL 15,-1 18,-1 23,2 | 1,0,6,2,4;-2,0,6,6,0;1,1,5,0,6;-1,5,1,6,0;2,6,0,0,6;-1,6,0,4,2 ||  || CORE 1,0,6,2,4;-2,0,6,6,0;1,1,5,0,6;-1,5,1,6,0;2,6,0,0,6;-1,6,0,4,2 | live
REL 11,-1 17,1 19,-2 | -1,0,6,3,3;2,0,6,4,2;1,1,5,2,4;-1,5,1,4,2;-2,6,0,2,4;1,6,0,3,3 ||  || CORE -1,0,6,1,1;2,0,6,2,0;1,1,5,0,2;-1,5,1,2,0;-2,6,0,0,2;1,6,0,1,1 | live
REL 6,-2 12,-1 13,-1 | 1,1,5,1,5;1,1,5,4,2;2,2,4,1,5;-2,4,2,5,1;-1,5,1,2,4;-1,5,1,5,1 ||  || CORE 1,0,4,0,4;1,0,4,3,1;2,1,3,0,4;-2,3,1,4,0;-1,4,0,1,3;-1,4,0,4,0 | live
REL 16,-1 21,2 23,-1 | -2,0,6,5,1;1,0,6,6,0;1,1,5,6,0;-1,5,1,0,6;-1,6,0,0,6;2,6,0,1,5 ||  || CORE -2,0,6,5,1;1,0,6,6,0;1,1,5,6,0;-1,5,1,0,6;-1,6,0,0,6;2,6,0,1,5 | live
REL 8,-1 12,1 15,-2 | 2,1,5,0,6;-1,1,5,4,2;1,2,4,0,6;-1,4,2,6,0;1,5,1,2,4;-2,5,1,6,0 ||  || CORE 2,0,4,0,6;-1,0,4,4,2;1,1,3,0,6;-1,3,1,6,0;1,4,0,2,4;-2,4,0,6,0 | live
REL 6,-2 18,-1 21,1 | 1,0,6,2,4;-1,0,6,5,1;2,2,4,1,5;-2,4,2,5,1;1,6,0,1,5;-1,6,0,4,2 ||  || CORE 1,0,6,1,3;-1,0,6,4,0;2,2,4,0,4;-2,4,2,4,0;1,6,0,0,4;-1,6,0,3,1 | live
REL 16,-1 21,1 22,2 | -2,0,6,0,6;-1,0,6,5,1;1,1,5,6,0;-1,5,1,0,6;1,6,0,1,5;2,6,0,6,0 ||  || CORE -2,0,6,0,6;-1,0,6,5,1;1,1,5,6,0;-1,5,1,0,6;1,6,0,1,5;2,6,0,6,0 | live
REL 8,-1 21,-2 23,-1 | 2,0,6,5,1;1,0,6,6,0;1,2,4,0,6;-1,4,2,6,0;-1,6,0,0,6;-2,6,0,1,5 ||  || CORE 2,0,6,5,1;1,0,6,6,0;1,2,4,0,6;-1,4,2,6,0;-1,6,0,0,6;-2,6,0,1,5 | live
REL 16,-1 20,-1 23,-2 | 1,0,6,1,5;2,0,6,6,0;1,1,5,6,0;-1,5,1,0,6;-2,6,0,0,6;-1,6,0,5,1 ||  || CORE 1,0,6,1,5;2,0,6,6,0;1,1,5,6,0;-1,5,1,0,6;-2,6,0,0,6;-1,6,0,5,1 | live
REL 13,-2 19,1 20,-1 | 1,0,6,1,5;-1,0,6,4,2;2,1,5,1,5;-2,5,1,5,1;1,6,0,2,4;-1,6,0,5,1 ||  || CORE 1,0,6,0,4;-1,0,6,3,1;2,1,5,0,4;-2,5,1,4,0;1,6,0,1,3;-1,6,0,4,0 | live
REL 15,-1 20,-1 23,2 | 1,0,6,1,5;-2,0,6,6,0;1,1,5,0,6;-1,5,1,6,0;2,6,0,0,6;-1,6,0,5,1 ||  || CORE 1,0,6,1,5;-2,0,6,6,0;1,1,5,0,6;-1,5,1,6,0;2,6,0,0,6;-1,6,0,5,1 | live
REL 13,-1 19,-2 20,1 | -1,0,6,1,5;2,0,6,4,2;1,1,5,1,5;-1,5,1,5,1;-2,6,0,2,4;1,6,0,5,1 ||  || CORE -1,0,6,0,4;2,0,6,3,1;1,1,5,0,4;-1,5,1,4,0;-2,6,0,1,3;1,6,0,4,0 | live
REL 1,-1 11,-2 14,1 | 2,1,5,2,4;-1,1,5,5,1;1,3,3,1,5;-1,3,3,5,1;1,5,1,1,5;-2,5,1,4,2 ||  || CORE 2,0,4,1,3;-1,0,4,4,0;1,2,2,0,4;-1,2,2,4,0;1,4,0,0,4;-2,4,0,3,1 | live
REL 7,-2 10,-1 14,1 | 1,1,5,3,3;-1,1,5,5,1;2,2,4,5,1;-2,4,2,1,5;1,5,1,1,5;-1,5,1,3,3 ||  || CORE 1,0,4,2,2;-1,0,4,4,0;2,1,3,4,0;-2,3,1,0,4;1,4,0,0,4;-1,4,0,2,2 | live
REL 16,-1 18,-1 23,2 | 1,0,6,2,4;-2,0,6,6,0;1,1,5,6,0;-1,5,1,0,6;2,6,0,0,6;-1,6,0,4,2 ||  || CORE 1,0,6,2,4;-2,0,6,6,0;1,1,5,6,0;-1,5,1,0,6;2,6,0,0,6;-1,6,0,4,2 | live
REL 6,-1 10,-1 14,2 | 1,1,5,3,3;-2,1,5,5,1;1,2,4,1,5;-1,4,2,5,1;2,5,1,1,5;-1,5,1,3,3 ||  || CORE 1,0,4,2,2;-2,0,4,4,0;1,1,3,0,4;-1,3,1,4,0;2,4,0,0,4;-1,4,0,2,2 | live
REL 4,-2 13,-1 14,-1 | 1,1,5,1,5;1,1,5,5,1;2,2,4,2,4;-2,4,2,4,2;-1,5,1,1,5;-1,5,1,5,1 ||  || CORE 1,0,4,0,4;1,0,4,4,0;2,1,3,1,3;-2,3,1,3,1;-1,4,0,0,4;-1,4,0,4,0 | live
REL 2,-1 6,-2 9,-1 | 2,2,4,1,5;1,2,4,6,0;1,3,3,0,6;-1,3,3,6,0;-1,4,2,0,6;-2,4,2,5,1 ||  || CORE 2,0,2,1,5;1,0,2,6,0;1,1,1,0,6;-1,1,1,6,0;-1,2,0,0,6;-2,2,0,5,1 | live
REL 16,-2 22,1 23,-1 | -1,0,6,0,6;1,0,6,6,0;2,1,5,6,0;-2,5,1,0,6;-1,6,0,0,6;1,6,0,6,0 || F 1,0,1,0,0;1,1,0,0,0 | -1,0,5,0,6;1,0,5,6,0;1,1,4,0,6;1,1,4,6,0;-1,2,3,0,6;-1,2,3,6,0;1,3,2,0,6;1,3,2,6,0;-1,4,1,0,6;-1,4,1,6,0;-1,5,0,0,6;1,5,0,6,0 || CORE -1,0,5,0,6;1,0,5,6,0;1,1,4,0,6;1,1,4,6,0;-1,2,3,0,6;-1,2,3,6,0;1,3,2,0,6;1,3,2,6,0;-1,4,1,0,6;-1,4,1,6,0;-1,5,0,0,6;1,5,0,6,0 | live
REL 5,-2 17,1 18,1 | -1,0,6,2,4;-1,0,6,3,3;2,2,4,4,2;-2,4,2,2,4;1,6,0,3,3;1,6,0,4,2 ||  || CORE -1,0,6,0,2;-1,0,6,1,1;2,2,4,2,0;-2,4,2,0,2;1,6,0,1,1;1,6,0,2,0 | live
REL 2,-2 17,-1 23,1 | 1,0,6,3,3;-1,0,6,6,0;2,3,3,0,6;-2,3,3,6,0;1,6,0,0,6;-1,6,0,3,3 || F -1,0,0,0,1;1,0,0,1,0 | -1,0,6,3,2;-1,0,6,4,1;-1,0,6,5,0;-2,3,3,0,5;-2,3,3,1,4;-2,3,3,2,3;-2,3,3,3,2;-2,3,3,4,1;-2,3,3,5,0;-1,6,0,0,5;-1,6,0,1,4;-1,6,0,2,3 ## F 1,0,0,0,2;1,0,0,1,1;1,0,0,2,0 | -1,0,6,3,0;-2,3,3,0,3;-2,3,3,3,0;-1,6,0,0,3 || CORE -1,0,6,3,0;-2,3,3,0,3;-2,3,3,3,0;-1,6,0,0,3 | unit
REL 1,-1 17,-2 20,1 | -1,0,6,1,5;2,0,6,3,3;1,3,3,1,5;-1,3,3,5,1;-2,6,0,3,3;1,6,0,5,1 || F -1,0,1,0,0;1,1,0,0,0 | 1,0,5,0,4;-2,0,5,2,2;1,1,4,0,4;-2,1,4,2,2;1,2,3,0,4;-2,2,3,2,2;-2,3,2,2,2;1,3,2,4,0;-2,4,1,2,2;1,4,1,4,0;-2,5,0,2,2;1,5,0,4,0 ## F 1,0,2,0,0;1,1,1,0,0;1,2,0,0,0 | 1,0,3,0,4;-2,0,3,2,2;-2,3,0,2,2;1,3,0,4,0 || CORE 1,0,3,0,4;-2,0,3,2,2;-2,3,0,2,2;1,3,0,4,0 | unit
REL 6,-2 13,-1 14,-1 | 1,1,5,1,5;1,1,5,5,1;2,2,4,1,5;-2,4,2,5,1;-1,5,1,1,5;-1,5,1,5,1 ||  || CORE 1,0,4,0,4;1,0,4,4,0;2,1,3,0,4;-2,3,1,4,0;-1,4,0,0,4;-1,4,0,4,0 | live
REL 2,-1 3,-1 9,-2 | 1,2,4,3,3;2,2,4,6,0;1,3,3,0,6;-1,3,3,6,0;-2,4,2,0,6;-1,4,2,3,3 ||  || CORE 1,0,2,3,3;2,0,2,6,0;1,1,1,0,6;-1,1,1,6,0;-2,2,0,0,6;-1,2,0,3,3 | live
REL 9,-2 14,-1 15,1 | -1,1,5,0,6;1,1,5,5,1;2,2,4,6,0;-2,4,2,0,6;-1,5,1,1,5;1,5,1,6,0 ||  || CORE -1,0,4,0,6;1,0,4,5,1;2,1,3,6,0;-2,3,1,0,6;-1,4,0,1,5;1,4,0,6,0 | live
REL 11,-1 17,1 18,-2 | 2,0,6,2,4;-1,0,6,3,3;1,1,5,2,4;-1,5,1,4,2;1,6,0,3,3;-2,6,0,4,2 ||  || CORE 2,0,6,0,2;-1,0,6,1,1;1,1,5,0,2;-1,5,1,2,0;1,6,0,1,1;-2,6,0,2,0 | live
REL 7,-1 8,1 9,2 | -1,2,4,0,6;1,2,4,5,1;-2,2,4,6,0;2,4,2,0,6;-1,4,2,1,5;1,4,2,6,0 ||  || CORE -1,0,2,0,6;1,0,2,5,1;-2,0,2,6,0;2,2,0,0,6;-1,2,0,1,5;1,2,0,6,0 | live
REL 6,-2 8,-1 9,1 | 1,2,4,0,6;2,2,4,1,5;-1,2,4,6,0;1,4,2,0,6;-2,4,2,5,1;-1,4,2,6,0 ||  || CORE 1,0,2,0,6;2,0,2,1,5;-1,0,2,6,0;1,2,0,0,6;-2,2,0,5,1;-1,2,0,6,0 | live
REL 2,-1 15,2 16,-1 | -2,1,5,0,6;1,1,5,6,0;1,3,3,0,6;-1,3,3,6,0;-1,5,1,0,6;2,5,1,6,0 ||  || CORE -2,0,4,0,6;1,0,4,6,0;1,2,2,0,6;-1,2,2,6,0;-1,4,0,0,6;2,4,0,6,0 | live
REL 15,-2 22,1 23,1 | -1,0,6,0,6;-1,0,6,6,0;2,1,5,0,6;-2,5,1,6,0;1,6,0,0,6;1,6,0,6,0 ||  || CORE -1,0,6,0,6;-1,0,6,6,0;2,1,5,0,6;-2,5,1,6,0;1,6,0,0,6;1,6,0,6,0 | live
REL 4,-1 6,-2 7,-1 | 2,2,4,1,5;1,2,4,2,4;1,2,4,5,1;-1,4,2,1,5;-1,4,2,4,2;-2,4,2,5,1 ||  || CORE 2,0,2,0,4;1,0,2,1,3;1,0,2,4,0;-1,2,0,0,4;-1,2,0,3,1;-2,2,0,4,0 | live
REL 8,-2 12,1 15,1 | -1,1,5,0,6;-1,1,5,4,2;2,2,4,0,6;-2,4,2,6,0;1,5,1,2,4;1,5,1,6,0 ||  || CORE -1,0,4,0,6;-1,0,4,4,2;2,1,3,0,6;-2,3,1,6,0;1,4,0,2,4;1,4,0,6,0 | live
REL 15,-1 22,2 23,1 | -2,0,6,0,6;-1,0,6,6,0;1,1,5,0,6;-1,5,1,6,0;1,6,0,0,6;2,6,0,6,0 || F -1,0,1,0,0;1,1,0,0,0 | 2,0,5,0,6;1,0,5,6,0;1,1,4,0,6;1,1,4,6,0;1,2,3,0,6;1,2,3,6,0;1,3,2,0,6;1,3,2,6,0;1,4,1,0,6;1,4,1,6,0;1,5,0,0,6;2,5,0,6,0 || CORE 2,0,5,0,6;1,0,5,6,0;1,1,4,0,6;1,1,4,6,0;1,2,3,0,6;1,2,3,6,0;1,3,2,0,6;1,3,2,6,0;1,4,1,0,6;1,4,1,6,0;1,5,0,0,6;2,5,0,6,0 | live
REL 2,-1 7,-2 9,1 | 2,2,4,5,1;-1,2,4,6,0;1,3,3,0,6;-1,3,3,6,0;1,4,2,0,6;-2,4,2,1,5 ||  || CORE 2,0,2,5,1;-1,0,2,6,0;1,1,1,0,6;-1,1,1,6,0;1,2,0,0,6;-2,2,0,1,5 | live
REL 21,-1 22,-1 23,-2 | 1,0,6,0,6;1,0,6,5,1;2,0,6,6,0;-2,6,0,0,6;-1,6,0,1,5;-1,6,0,6,0 ||  || CORE 1,0,6,0,6;1,0,6,5,1;2,0,6,6,0;-2,6,0,0,6;-1,6,0,1,5;-1,6,0,6,0 | live
REL 6,-2 12,-1 14,1 | 1,1,5,4,2;-1,1,5,5,1;2,2,4,1,5;-2,4,2,5,1;1,5,1,1,5;-1,5,1,2,4 ||  || CORE 1,0,4,3,1;-1,0,4,4,0;2,1,3,0,4;-2,3,1,4,0;1,4,0,0,4;-1,4,0,1,3 | live
REL 1,-2 8,1 9,1 | -1,2,4,0,6;-1,2,4,6,0;2,3,3,1,5;-2,3,3,5,1;1,4,2,0,6;1,4,2,6,0 || F 1,0,0,0,2;1,0,0,2,0 | -1,0,2,0,4;1,0,2,2,2;-1,0,2,4,0;2,1,1,1,3;-2,1,1,3,1;1,2,0,0,4;-1,2,0,2,2;1,2,0,4,0 || CORE -1,0,2,0,4;1,0,2,2,2;-1,0,2,4,0;2,1,1,1,3;-2,1,1,3,1;1,2,0,0,4;-1,2,0,2,2;1,2,0,4,0 | live
REL 8,-1 10,1 15,2 | -2,1,5,0,6;-1,1,5,3,3;1,2,4,0,6;-1,4,2,6,0;1,5,1,3,3;2,5,1,6,0 ||  || CORE -2,0,4,0,6;-1,0,4,3,3;1,1,3,0,6;-1,3,1,6,0;1,4,0,3,3;2,4,0,6,0 | live
REL 18,-1 22,1 23,-2 | -1,0,6,0,6;1,0,6,2,4;2,0,6,6,0;-2,6,0,0,6;-1,6,0,4,2;1,6,0,6,0 ||  || CORE -1,0,6,0,6;1,0,6,2,4;2,0,6,6,0;-2,6,0,0,6;-1,6,0,4,2;1,6,0,6,0 | live
REL 11,-2 15,1 16,1 | -1,1,5,0,6;2,1,5,2,4;-1,1,5,6,0;1,5,1,0,6;-2,5,1,4,2;1,5,1,6,0 || F 1,0,0,0,1;1,0,0,1,0 | -1,0,4,0,5;1,0,4,1,4;1,0,4,2,3;-1,0,4,3,2;1,0,4,4,1;-1,0,4,5,0;1,4,0,0,5;-1,4,0,1,4;1,4,0,2,3;-1,4,0,3,2;-1,4,0,4,1;1,4,0,5,0 ## F -1,0,0,0,1;1,0,0,1,0 | 1,0,4,0,4;-1,0,4,2,2;-1,0,4,4,0;-1,4,0,0,4;-1,4,0,2,2;1,4,0,4,0 || CORE 1,0,4,0,4;-1,0,4,2,2;-1,0,4,4,0;-1,4,0,0,4;-1,4,0,2,2;1,4,0,4,0 | live
REL 7,-1 8,-2 9,1 | 2,2,4,0,6;1,2,4,5,1;-1,2,4,6,0;1,4,2,0,6;-1,4,2,1,5;-2,4,2,6,0 || F 1,0,0,0,1;1,0,0,1,0 | 2,0,2,0,5;-2,0,2,1,4;2,0,2,2,3;-2,0,2,3,2;2,0,2,4,1;-1,0,2,5,0;1,2,0,0,5;-2,2,0,1,4;2,2,0,2,3;-2,2,0,3,2;2,2,0,4,1;-2,2,0,5,0 || CORE 2,0,2,0,5;-2,0,2,1,4;2,0,2,2,3;-2,0,2,3,2;2,0,2,4,1;-1,0,2,5,0;1,2,0,0,5;-2,2,0,1,4;2,2,0,2,3;-2,2,0,3,2;2,2,0,4,1;-2,2,0,5,0 | live
REL 6,-2 8,1 9,1 | -1,2,4,0,6;2,2,4,1,5;-1,2,4,6,0;1,4,2,0,6;-2,4,2,5,1;1,4,2,6,0 || F -1,0,0,0,1;1,0,0,1,0 | 1,0,2,0,5;-1,0,2,1,4;-1,0,2,2,3;-1,0,2,3,2;-1,0,2,4,1;-1,0,2,5,0;-1,2,0,0,5;-1,2,0,1,4;-1,2,0,2,3;-1,2,0,3,2;-1,2,0,4,1;1,2,0,5,0 || CORE 1,0,2,0,5;-1,0,2,1,4;-1,0,2,2,3;-1,0,2,3,2;-1,0,2,4,1;-1,0,2,5,0;-1,2,0,0,5;-1,2,0,1,4;-1,2,0,2,3;-1,2,0,3,2;-1,2,0,4,1;1,2,0,5,0 | live
REL 7,-1 19,1 20,2 | -2,0,6,1,5;-1,0,6,4,2;1,2,4,5,1;-1,4,2,1,5;1,6,0,2,4;2,6,0,5,1 ||  || CORE -2,0,6,0,4;-1,0,6,3,1;1,2,4,4,0;-1,4,2,0,4;1,6,0,1,3;2,6,0,4,0 | live
REL 1,-2 13,1 14,1 | -1,1,5,1,5;-1,1,5,5,1;2,3,3,1,5;-2,3,3,5,1;1,5,1,1,5;1,5,1,5,1 ||  || CORE -1,0,4,0,4;-1,0,4,4,0;2,2,2,0,4;-2,2,2,4,0;1,4,0,0,4;1,4,0,4,0 | live
REL 1,-1 3,1 7,2 | -1,2,4,3,3;-2,2,4,5,1;1,3,3,1,5;-1,3,3,5,1;2,4,2,1,5;1,4,2,3,3 ||  || CORE -1,0,2,2,2;-2,0,2,4,0;1,1,1,0,4;-1,1,1,4,0;2,2,0,0,4;1,2,0,2,2 | live
REL 6,-1 11,-1 13,-2 | 2,1,5,1,5;1,1,5,2,4;1,2,4,1,5;-1,4,2,5,1;-1,5,1,4,2;-2,5,1,5,1 ||  || CORE 2,0,4,0,4;1,0,4,1,3;1,1,3,0,4;-1,3,1,4,0;-1,4,0,3,1;-2,4,0,4,0 | live
REL 8,-1 20,2 23,1 | -2,0,6,1,5;-1,0,6,6,0;1,2,4,0,6;-1,4,2,6,0;1,6,0,0,6;2,6,0,5,1 ||  || CORE -2,0,6,1,5;-1,0,6,6,0;1,2,4,0,6;-1,4,2,6,0;1,6,0,0,6;2,6,0,5,1 | live
REL 9,-1 14,1 16,2 | -1,1,5,5,1;-2,1,5,6,0;1,2,4,6,0;-1,4,2,0,6;2,5,1,0,6;1,5,1,1,5 ||  || CORE -1,0,4,5,1;-2,0,4,6,0;1,1,3,6,0;-1,3,1,0,6;2,4,0,0,6;1,4,0,1,5 | live
REL 9,-1 13,1 15,2 | -2,1,5,0,6;-1,1,5,1,5;1,2,4,6,0;-1,4,2,0,6;1,5,1,5,1;2,5,1,6,0 ||  || CORE -2,0,4,0,6;-1,0,4,1,5;1,1,3,6,0;-1,3,1,0,6;1,4,0,5,1;2,4,0,6,0 | live
REL 13,-2 15,1 16,-1 | -1,1,5,0,6;2,1,5,1,5;1,1,5,6,0;-1,5,1,0,6;-2,5,1,5,1;1,5,1,6,0 ||  || CORE -1,0,4,0,6;2,0,4,1,5;1,0,4,6,0;-1,4,0,0,6;-2,4,0,5,1;1,4,0,6,0 | live
REL 2,-1 18,-2 23,1 | 2,0,6,2,4;-1,0,6,6,0;1,3,3,0,6;-1,3,3,6,0;1,6,0,0,6;-2,6,0,4,2 ||  || CORE 2,0,6,2,4;-1,0,6,6,0;1,3,3,0,6;-1,3,3,6,0;1,6,0,0,6;-2,6,0,4,2 | live
REL 9,-1 19,1 22,2 | -2,0,6,0,6;-1,0,6,4,2;1,2,4,6,0;-1,4,2,0,6;1,6,0,2,4;2,6,0,6,0 ||  || CORE -2,0,6,0,6;-1,0,6,4,2;1,2,4,6,0;-1,4,2,0,6;1,6,0,2,4;2,6,0,6,0 | live
REL 1,-2 18,-1 20,-1 | 1,0,6,1,5;1,0,6,2,4;2,3,3,1,5;-2,3,3,5,1;-1,6,0,4,2;-1,6,0,5,1 || F 1,0,0,0,1;1,0,0,1,0 | 1,0,6,0,3;2,3,3,0,3;-2,3,3,1,2;2,3,3,2,1;-2,3,3,3,0;-1,6,0,3,0 || CORE 1,0,6,0,3;2,3,3,0,3;-2,3,3,1,2;2,3,3,2,1;-2,3,3,3,0;-1,6,0,3,0 | unit
REL 6,-2 13,-1 14,1 | 1,1,5,1,5;-1,1,5,5,1;2,2,4,1,5;-2,4,2,5,1;1,5,1,1,5;-1,5,1,5,1 || F 1,0,1,0,0;1,1,0,0,0 | 1,0,3,0,4;-1,0,3,4,0;1,1,2,0,4;1,1,2,4,0;-1,2,1,0,4;-1,2,1,4,0;1,3,0,0,4;-1,3,0,4,0 || CORE 1,0,3,0,4;-1,0,3,4,0;1,1,2,0,4;1,1,2,4,0;-1,2,1,0,4;-1,2,1,4,0;1,3,0,0,4;-1,3,0,4,0 | live
REL 2,-1 20,-2 23,1 | 2,0,6,1,5;-1,0,6,6,0;1,3,3,0,6;-1,3,3,6,0;1,6,0,0,6;-2,6,0,5,1 ||  || CORE 2,0,6,1,5;-1,0,6,6,0;1,3,3,0,6;-1,3,3,6,0;1,6,0,0,6;-2,6,0,5,1 | live
REL 4,-1 18,-1 19,-2 | 1,0,6,2,4;2,0,6,4,2;1,2,4,2,4;-1,4,2,4,2;-2,6,0,2,4;-1,6,0,4,2 || F 1,0,1,0,0;1,1,0,0,0 | 1,0,5,0,2;2,0,5,2,0;-1,1,4,0,2;-2,1,4,2,0;2,2,3,0,2;2,2,3,2,0;-2,3,2,0,2;-2,3,2,2,0;2,4,1,0,2;1,4,1,2,0;-2,5,0,0,2;-1,5,0,2,0 ## F -1,0,1,0,0;1,1,0,0,0 | -1,0,4,0,2;-2,0,4,2,0;-2,2,2,0,2;-2,2,2,2,0;-2,4,0,0,2;-1,4,0,2,0 || CORE -1,0,4,0,2;-2,0,4,2,0;-2,2,2,0,2;-2,2,2,2,0;-2,4,0,0,2;-1,4,0,2,0 | live
REL 14,-2 17,-1 21,-1 | 1,0,6,3,3;1,0,6,5,1;2,1,5,5,1;-2,5,1,1,5;-1,6,0,1,5;-1,6,0,3,3 ||  || CORE 1,0,6,2,2;1,0,6,4,0;2,1,5,4,0;-2,5,1,0,4;-1,6,0,0,4;-1,6,0,2,2 | live
REL 6,-2 17,1 21,1 | -1,0,6,3,3;-1,0,6,5,1;2,2,4,1,5;-2,4,2,5,1;1,6,0,1,5;1,6,0,3,3 ||  || CORE -1,0,6,2,2;-1,0,6,4,0;2,2,4,0,4;-2,4,2,4,0;1,6,0,0,4;1,6,0,2,2 | live
REL 21,-1 22,1 23,-2 | -1,0,6,0,6;1,0,6,5,1;2,0,6,6,0;-2,6,0,0,6;-1,6,0,1,5;1,6,0,6,0 || F 1,0,0,0,1;1,0,0,1,0 | -1,0,6,0,5;1,0,6,1,4;-1,0,6,2,3;1,0,6,3,2;-1,0,6,4,1;2,0,6,5,0;-2,6,0,0,5;1,6,0,1,4;-1,6,0,2,3;1,6,0,3,2;-1,6,0,4,1;1,6,0,5,0 || CORE -1,0,6,0,5;1,0,6,1,4;-1,0,6,2,3;1,0,6,3,2;-1,0,6,4,1;2,0,6,5,0;-2,6,0,0,5;1,6,0,1,4;-1,6,0,2,3;1,6,0,3,2;-1,6,0,4,1;1,6,0,5,0 | live
REL 16,-1 19,2 22,1 | -1,0,6,0,6;-2,0,6,4,2;1,1,5,6,0;-1,5,1,0,6;2,6,0,2,4;1,6,0,6,0 ||  || CORE -1,0,6,0,6;-2,0,6,4,2;1,1,5,6,0;-1,5,1,0,6;2,6,0,2,4;1,6,0,6,0 | live
REL 7,-1 12,2 14,-1 | -2,1,5,4,2;1,1,5,5,1;1,2,4,5,1;-1,4,2,1,5;-1,5,1,1,5;2,5,1,2,4 ||  || CORE -2,0,4,3,1;1,0,4,4,0;1,1,3,4,0;-1,3,1,0,4;-1,4,0,0,4;2,4,0,1,3 | live
REL 2,-1 5,2 9,-1 | -2,2,4,4,2;1,2,4,6,0;1,3,3,0,6;-1,3,3,6,0;-1,4,2,0,6;2,4,2,2,4 ||  || CORE -2,0,2,4,2;1,0,2,6,0;1,1,1,0,6;-1,1,1,6,0;-1,2,0,0,6;2,2,0,2,4 | live
REL 10,-1 15,1 16,2 | -1,1,5,0,6;1,1,5,3,3;-2,1,5,6,0;2,5,1,0,6;-1,5,1,3,3;1,5,1,6,0 ||  || CORE -1,0,4,0,6;1,0,4,3,3;-2,0,4,6,0;2,4,0,0,6;-1,4,0,3,3;1,4,0,6,0 | live
REL 2,-1 10,-1 16,-2 | 1,1,5,3,3;2,1,5,6,0;1,3,3,0,6;-1,3,3,6,0;-2,5,1,0,6;-1,5,1,3,3 ||  || CORE 1,0,4,3,3;2,0,4,6,0;1,2,2,0,6;-1,2,2,6,0;-2,4,0,0,6;-1,4,0,3,3 | live
REL 5,-1 18,-1 19,2 | 1,0,6,2,4;-2,0,6,4,2;1,2,4,4,2;-1,4,2,2,4;2,6,0,2,4;-1,6,0,4,2 ||  || CORE 1,0,6,0,2;-2,0,6,2,0;1,2,4,2,0;-1,4,2,0,2;2,6,0,0,2;-1,6,0,2,0 | live
REL 1,-1 19,-2 20,1 | -1,0,6,1,5;2,0,6,4,2;1,3,3,1,5;-1,3,3,5,1;-2,6,0,2,4;1,6,0,5,1 ||  || CORE -1,0,6,0,4;2,0,6,3,1;1,3,3,0,4;-1,3,3,4,0;-2,6,0,1,3;1,6,0,4,0 | live
REL 10,-2 11,1 12,1 | -1,1,5,2,4;2,1,5,3,3;-1,1,5,4,2;1,5,1,2,4;-2,5,1,3,3;1,5,1,4,2 || F 1,0,1,0,0;1,1,0,0,0 | -1,0,3,0,2;2,0,3,1,1;-1,0,3,2,0;1,1,2,0,2;-2,1,2,1,1;1,1,2,2,0;-1,2,1,0,2;2,2,1,1,1;-1,2,1,2,0;1,3,0,0,2;-2,3,0,1,1;1,3,0,2,0 ## F -1,0,1,0,0;1,1,0,0,0 | 1,0,2,0,2;-2,0,2,1,1;1,0,2,2,0;1,2,0,0,2;-2,2,0,1,1;1,2,0,2,0 ## F -1,0,0,0,1;1,0,0,1,0 | -1,0,2,0,1;1,0,2,1,0;-1,2,0,0,1;1,2,0,1,0 ## F 1,0,2,0,0;1,2,0,0,0 | -1,0,0,0,1;1,0,0,1,0 ## F -1,0,0,0,1;1,0,0,1,0 | 1,0,0,0,0 || CORE 1,0,0,0,0 | monomial
REL 1,-1 17,2 20,-1 | 1,0,6,1,5;-2,0,6,3,3;1,3,3,1,5;-1,3,3,5,1;2,6,0,3,3;-1,6,0,5,1 || F 1,0,1,0,0;1,1,0,0,0 | 1,0,5,0,4;-2,0,5,2,2;-1,1,4,0,4;2,1,4,2,2;1,2,3,0,4;-2,2,3,2,2;2,3,2,2,2;-1,3,2,4,0;-2,4,1,2,2;1,4,1,4,0;2,5,0,2,2;-1,5,0,4,0 ## F 1,0,2,0,0;-1,1,1,0,0;1,2,0,0,0 | 1,0,3,0,4;-2,0,3,2,2;2,3,0,2,2;-1,3,0,4,0 || CORE 1,0,3,0,4;-2,0,3,2,2;2,3,0,2,2;-1,3,0,4,0 | unit
REL 16,-1 17,-2 23,-1 | 2,0,6,3,3;1,0,6,6,0;1,1,5,6,0;-1,5,1,0,6;-1,6,0,0,6;-2,6,0,3,3 || F 1,0,1,0,0;1,1,0,0,0 | 2,0,5,3,3;1,0,5,6,0;-2,1,4,3,3;2,2,3,3,3;-2,3,2,3,3;2,4,1,3,3;-1,5,0,0,6;-2,5,0,3,3 || CORE 2,0,5,3,3;1,0,5,6,0;-2,1,4,3,3;2,2,3,3,3;-2,3,2,3,3;2,4,1,3,3;-1,5,0,0,6;-2,5,0,3,3 | unit
REL 5,-1 18,2 19,-1 | -2,0,6,2,4;1,0,6,4,2;1,2,4,4,2;-1,4,2,2,4;-1,6,0,2,4;2,6,0,4,2 ||  || CORE -2,0,6,0,2;1,0,6,2,0;1,2,4,2,0;-1,4,2,0,2;-1,6,0,0,2;2,6,0,2,0 | live
REL 18,-1 20,-2 21,1 | 2,0,6,1,5;1,0,6,2,4;-1,0,6,5,1;1,6,0,1,5;-1,6,0,4,2;-2,6,0,5,1 || F 1,0,0,0,1;1,0,0,1,0 | 2,0,6,0,3;-1,0,6,1,2;1,0,6,2,1;-1,0,6,3,0;1,6,0,0,3;-1,6,0,1,2;1,6,0,2,1;-2,6,0,3,0 || CORE 2,0,6,0,3;-1,0,6,1,2;1,0,6,2,1;-1,0,6,3,0;1,6,0,0,3;-1,6,0,1,2;1,6,0,2,1;-2,6,0,3,0 | live
REL 6,-1 20,-1 21,-2 | 1,0,6,1,5;2,0,6,5,1;1,2,4,1,5;-1,4,2,5,1;-2,6,0,1,5;-1,6,0,5,1 || F 1,0,1,0,0;1,1,0,0,0 | 1,0,5,0,4;2,0,5,4,0;-1,1,4,0,4;-2,1,4,4,0;2,2,3,0,4;2,2,3,4,0;-2,3,2,0,4;-2,3,2,4,0;2,4,1,0,4;1,4,1,4,0;-2,5,0,0,4;-1,5,0,4,0 ## F -1,0,1,0,0;1,1,0,0,0 | -1,0,4,0,4;-2,0,4,4,0;-2,2,2,0,4;-2,2,2,4,0;-2,4,0,0,4;-1,4,0,4,0 || CORE -1,0,4,0,4;-2,0,4,4,0;-2,2,2,0,4;-2,2,2,4,0;-2,4,0,0,4;-1,4,0,4,0 | live
REL 7,-2 18,-1 21,1 | 1,0,6,2,4;-1,0,6,5,1;2,2,4,5,1;-2,4,2,1,5;1,6,0,1,5;-1,6,0,4,2 ||  || CORE 1,0,6,1,3;-1,0,6,4,0;2,2,4,4,0;-2,4,2,0,4;1,6,0,0,4;-1,6,0,3,1 | live
REL 2,-1 7,-1 9,2 | 1,2,4,5,1;-2,2,4,6,0;1,3,3,0,6;-1,3,3,6,0;2,4,2,0,6;-1,4,2,1,5 ||  || CORE 1,0,2,5,1;-2,0,2,6,0;1,1,1,0,6;-1,1,1,6,0;2,2,0,0,6;-1,2,0,1,5 | live
REL 20,-2 22,1 23,-1 | -1,0,6,0,6;2,0,6,1,5;1,0,6,6,0;-1,6,0,0,6;-2,6,0,5,1;1,6,0,6,0 ||  || CORE -1,0,6,0,6;2,0,6,1,5;1,0,6,6,0;-1,6,0,0,6;-2,6,0,5,1;1,6,0,6,0 | live
REL 6,-2 18,1 20,-1 | 1,0,6,1,5;-1,0,6,2,4;2,2,4,1,5;-2,4,2,5,1;1,6,0,4,2;-1,6,0,5,1 ||  || CORE 1,0,6,0,4;-1,0,6,1,3;2,2,4,0,4;-2,4,2,4,0;1,6,0,3,1;-1,6,0,4,0 | live
REL 19,-1 22,2 23,1 | -2,0,6,0,6;1,0,6,4,2;-1,0,6,6,0;1,6,0,0,6;-1,6,0,2,4;2,6,0,6,0 || F 1,0,0,0,2;1,0,0,2,0 | -2,0,6,0,4;2,0,6,2,2;-1,0,6,4,0;1,6,0,0,4;-2,6,0,2,2;2,6,0,4,0 || CORE -2,0,6,0,4;2,0,6,2,2;-1,0,6,4,0;1,6,0,0,4;-2,6,0,2,2;2,6,0,4,0 | live
REL 8,-1 14,2 15,1 | -1,1,5,0,6;-2,1,5,5,1;1,2,4,0,6;-1,4,2,6,0;2,5,1,1,5;1,5,1,6,0 ||  || CORE -1,0,4,0,6;-2,0,4,5,1;1,1,3,0,6;-1,3,1,6,0;2,4,0,1,5;1,4,0,6,0 | live
REL 11,-1 17,-1 18,-2 | 2,0,6,2,4;1,0,6,3,3;1,1,5,2,4;-1,5,1,4,2;-1,6,0,3,3;-2,6,0,4,2 ||  || CORE 2,0,6,0,2;1,0,6,1,1;1,1,5,0,2;-1,5,1,2,0;-1,6,0,1,1;-2,6,0,2,0 | live
REL 6,-1 20,-2 21,1 | 2,0,6,1,5;-1,0,6,5,1;1,2,4,1,5;-1,4,2,5,1;1,6,0,1,5;-2,6,0,5,1 || F 1,0,2,0,0;1,2,0,0,0 | 2,0,4,0,4;-1,0,4,4,0;-1,2,2,0,4;1,2,2,4,0;1,4,0,0,4;-2,4,0,4,0 || CORE 2,0,4,0,4;-1,0,4,4,0;-1,2,2,0,4;1,2,2,4,0;1,4,0,0,4;-2,4,0,4,0 | live
REL 16,-1 21,-2 23,-1 | 2,0,6,5,1;1,0,6,6,0;1,1,5,6,0;-1,5,1,0,6;-1,6,0,0,6;-2,6,0,1,5 ||  || CORE 2,0,6,5,1;1,0,6,6,0;1,1,5,6,0;-1,5,1,0,6;-1,6,0,0,6;-2,6,0,1,5 | live
REL 11,-1 13,-2 14,1 | 2,1,5,1,5;1,1,5,2,4;-1,1,5,5,1;1,5,1,1,5;-1,5,1,4,2;-2,5,1,5,1 || F 1,0,0,0,1;1,0,0,1,0 | 2,0,4,0,3;-1,0,4,1,2;1,0,4,2,1;-1,0,4,3,0;1,4,0,0,3;-1,4,0,1,2;1,4,0,2,1;-2,4,0,3,0 || CORE 2,0,4,0,3;-1,0,4,1,2;1,0,4,2,1;-1,0,4,3,0;1,4,0,0,3;-1,4,0,1,2;1,4,0,2,1;-2,4,0,3,0 | live
REL 1,-1 20,2 21,-1 | -2,0,6,1,5;1,0,6,5,1;1,3,3,1,5;-1,3,3,5,1;-1,6,0,1,5;2,6,0,5,1 ||  || CORE -2,0,6,0,4;1,0,6,4,0;1,3,3,0,4;-1,3,3,4,0;-1,6,0,0,4;2,6,0,4,0 | live
REL 12,-1 17,-2 19,1 | 2,0,6,3,3;-1,0,6,4,2;1,1,5,4,2;-1,5,1,2,4;1,6,0,2,4;-2,6,0,3,3 || F -1,0,1,0,0;1,1,0,0,0 | -2,0,5,1,1;1,0,5,2,0;-2,1,4,1,1;-2,2,3,1,1;-2,3,2,1,1;-2,4,1,1,1;1,5,0,0,2;-2,5,0,1,1 || CORE -2,0,5,1,1;1,0,5,2,0;-2,1,4,1,1;-2,2,3,1,1;-2,3,2,1,1;-2,4,1,1,1;1,5,0,0,2;-2,5,0,1,1 | unit
REL 15,-1 17,1 23,2 | -1,0,6,3,3;-2,0,6,6,0;1,1,5,0,6;-1,5,1,6,0;2,6,0,0,6;1,6,0,3,3 ||  || CORE -1,0,6,3,3;-2,0,6,6,0;1,1,5,0,6;-1,5,1,6,0;2,6,0,0,6;1,6,0,3,3 | live
REL 8,-2 11,-1 16,1 | 1,1,5,2,4;-1,1,5,6,0;2,2,4,0,6;-2,4,2,6,0;1,5,1,0,6;-1,5,1,4,2 ||  || CORE 1,0,4,2,4;-1,0,4,6,0;2,1,3,0,6;-2,3,1,6,0;1,4,0,0,6;-1,4,0,4,2 | live
REL 15,-2 20,-1 22,-1 | 1,0,6,0,6;1,0,6,1,5;2,1,5,0,6;-2,5,1,6,0;-1,6,0,5,1;-1,6,0,6,0 ||  || CORE 1,0,6,0,6;1,0,6,1,5;2,1,5,0,6;-2,5,1,6,0;-1,6,0,5,1;-1,6,0,6,0 | live
REL 13,-1 19,1 21,-2 | -1,0,6,4,2;2,0,6,5,1;1,1,5,1,5;-1,5,1,5,1;-2,6,0,1,5;1,6,0,2,4 ||  || CORE -1,0,6,3,1;2,0,6,4,0;1,1,5,0,4;-1,5,1,4,0;-2,6,0,0,4;1,6,0,1,3 | live
REL 9,-1 19,-1 23,-2 | 1,0,6,4,2;2,0,6,6,0;1,2,4,6,0;-1,4,2,0,6;-2,6,0,0,6;-1,6,0,2,4 ||  || CORE 1,0,6,4,2;2,0,6,6,0;1,2,4,6,0;-1,4,2,0,6;-2,6,0,0,6;-1,6,0,2,4 | live
REL 9,-1 17,2 23,-1 | -2,0,6,3,3;1,0,6,6,0;1,2,4,6,0;-1,4,2,0,6;-1,6,0,0,6;2,6,0,3,3 ||  || CORE -2,0,6,3,3;1,0,6,6,0;1,2,4,6,0;-1,4,2,0,6;-1,6,0,0,6;2,6,0,3,3 | live
REL 9,-2 21,1 23,-1 | -1,0,6,5,1;1,0,6,6,0;2,2,4,6,0;-2,4,2,0,6;-1,6,0,0,6;1,6,0,1,5 ||  || CORE -1,0,6,5,1;1,0,6,6,0;2,2,4,6,0;-2,4,2,0,6;-1,6,0,0,6;1,6,0,1,5 | live
REL 2,-1 18,2 23,-1 | -2,0,6,2,4;1,0,6,6,0;1,3,3,0,6;-1,3,3,6,0;-1,6,0,0,6;2,6,0,4,2 ||  || CORE -2,0,6,2,4;1,0,6,6,0;1,3,3,0,6;-1,3,3,6,0;-1,6,0,0,6;2,6,0,4,2 | live
REL 12,-2 17,1 19,1 | -1,0,6,3,3;-1,0,6,4,2;2,1,5,4,2;-2,5,1,2,4;1,6,0,2,4;1,6,0,3,3 ||  || CORE -1,0,6,1,1;-1,0,6,2,0;2,1,5,2,0;-2,5,1,0,2;1,6,0,0,2;1,6,0,1,1 | live
REL 13,-2 18,-1 21,1 | 1,0,6,2,4;-1,0,6,5,1;2,1,5,1,5;-2,5,1,5,1;1,6,0,1,5;-1,6,0,4,2 ||  || CORE 1,0,6,1,3;-1,0,6,4,0;2,1,5,0,4;-2,5,1,4,0;1,6,0,0,4;-1,6,0,3,1 | live
REL 8,-2 14,-1 16,1 | 1,1,5,5,1;-1,1,5,6,0;2,2,4,0,6;-2,4,2,6,0;1,5,1,0,6;-1,5,1,1,5 ||  || CORE 1,0,4,5,1;-1,0,4,6,0;2,1,3,0,6;-2,3,1,6,0;1,4,0,0,6;-1,4,0,1,5 | live
REL 7,-1 19,-2 21,-1 | 2,0,6,4,2;1,0,6,5,1;1,2,4,5,1;-1,4,2,1,5;-1,6,0,1,5;-2,6,0,2,4 ||  || CORE 2,0,6,3,1;1,0,6,4,0;1,2,4,4,0;-1,4,2,0,4;-1,6,0,0,4;-2,6,0,1,3 | live
REL 11,-2 13,1 14,-1 | -1,1,5,1,5;2,1,5,2,4;1,1,5,5,1;-1,5,1,1,5;-2,5,1,4,2;1,5,1,5,1 ||  || CORE -1,0,4,0,4;2,0,4,1,3;1,0,4,4,0;-1,4,0,0,4;-2,4,0,3,1;1,4,0,4,0 | live
REL 6,-1 18,2 20,1 | -1,0,6,1,5;-2,0,6,2,4;1,2,4,1,5;-1,4,2,5,1;2,6,0,4,2;1,6,0,5,1 ||  || CORE -1,0,6,0,4;-2,0,6,1,3;1,2,4,0,4;-1,4,2,4,0;2,6,0,3,1;1,6,0,4,0 | live
REL 12,-2 17,-1 19,1 | 1,0,6,3,3;-1,0,6,4,2;2,1,5,4,2;-2,5,1,2,4;1,6,0,2,4;-1,6,0,3,3 ||  || CORE 1,0,6,1,1;-1,0,6,2,0;2,1,5,2,0;-2,5,1,0,2;1,6,0,0,2;-1,6,0,1,1 | live
REL 16,-2 21,1 23,1 | -1,0,6,5,1;-1,0,6,6,0;2,1,5,6,0;-2,5,1,0,6;1,6,0,0,6;1,6,0,1,5 ||  || CORE -1,0,6,5,1;-1,0,6,6,0;2,1,5,6,0;-2,5,1,0,6;1,6,0,0,6;1,6,0,1,5 | live
REL 8,-2 18,-1 22,-1 | 1,0,6,0,6;1,0,6,2,4;2,2,4,0,6;-2,4,2,6,0;-1,6,0,4,2;-1,6,0,6,0 ||  || CORE 1,0,6,0,6;1,0,6,2,4;2,2,4,0,6;-2,4,2,6,0;-1,6,0,4,2;-1,6,0,6,0 | live
REL 0,-1 17,-2 18,1 | -1,0,6,2,4;2,0,6,3,3;1,3,3,2,4;-1,3,3,4,2;-2,6,0,3,3;1,6,0,4,2 || F -1,0,1,0,0;1,1,0,0,0 | 1,0,5,0,2;-2,0,5,1,1;1,1,4,0,2;-2,1,4,1,1;1,2,3,0,2;-2,2,3,1,1;-2,3,2,1,1;1,3,2,2,0;-2,4,1,1,1;1,4,1,2,0;-2,5,0,1,1;1,5,0,2,0 ## F 1,0,2,0,0;1,1,1,0,0;1,2,0,0,0 | 1,0,3,0,2;-2,0,3,1,1;-2,3,0,1,1;1,3,0,2,0 || CORE 1,0,3,0,2;-2,0,3,1,1;-2,3,0,1,1;1,3,0,2,0 | unit
REL 9,-2 15,1 16,-1 | -1,1,5,0,6;1,1,5,6,0;2,2,4,6,0;-2,4,2,0,6;-1,5,1,0,6;1,5,1,6,0 || F 1,0,1,0,0;1,1,0,0,0 | -1,0,3,0,6;1,0,3,6,0;1,1,2,0,6;1,1,2,6,0;-1,2,1,0,6;-1,2,1,6,0;-1,3,0,0,6;1,3,0,6,0 || CORE -1,0,3,0,6;1,0,3,6,0;1,1,2,0,6;1,1,2,6,0;-1,2,1,0,6;-1,2,1,6,0;-1,3,0,0,6;1,3,0,6,0 | live
REL 9,-1 12,-2 15,-1 | 1,1,5,0,6;2,1,5,4,2;1,2,4,6,0;-1,4,2,0,6;-2,5,1,2,4;-1,5,1,6,0 ||  || CORE 1,0,4,0,6;2,0,4,4,2;1,1,3,6,0;-1,3,1,0,6;-2,4,0,2,4;-1,4,0,6,0 | live
REL 3,-1 6,1 7,2 | -1,2,4,1,5;1,2,4,3,3;-2,2,4,5,1;2,4,2,1,5;-1,4,2,3,3;1,4,2,5,1 ||  || CORE -1,0,2,0,4;1,0,2,2,2;-2,0,2,4,0;2,2,0,0,4;-1,2,0,2,2;1,2,0,4,0 | live
REL 14,-1 15,-2 16,-1 | 2,1,5,0,6;1,1,5,5,1;1,1,5,6,0;-1,5,1,0,6;-1,5,1,1,5;-2,5,1,6,0 ||  || CORE 2,0,4,0,6;1,0,4,5,1;1,0,4,6,0;-1,4,0,0,6;-1,4,0,1,5;-2,4,0,6,0 | live
REL 7,-1 17,2 21,1 | -2,0,6,3,3;-1,0,6,5,1;1,2,4,5,1;-1,4,2,1,5;1,6,0,1,5;2,6,0,3,3 || F 1,0,1,0,0;1,1,0,0,0 | -2,0,5,2,2;-1,0,5,4,0;2,1,4,2,2;1,1,4,4,0;-2,2,3,2,2;2,3,2,2,2;-1,4,1,0,4;-2,4,1,2,2;1,5,0,0,4;2,5,0,2,2 ## F -1,0,1,0,0;1,1,0,0,0 | 2,0,4,2,2;1,0,4,4,0;2,2,2,2,2;1,4,0,0,4;2,4,0,2,2 || CORE 2,0,4,2,2;1,0,4,4,0;2,2,2,2,2;1,4,0,0,4;2,4,0,2,2 | unit
REL 12,-1 13,-2 14,1 | 2,1,5,1,5;1,1,5,4,2;-1,1,5,5,1;1,5,1,1,5;-1,5,1,2,4;-2,5,1,5,1 || F 1,0,0,0,1;1,0,0,1,0 | 2,0,4,0,3;-2,0,4,1,2;2,0,4,2,1;-1,0,4,3,0;1,4,0,0,3;-2,4,0,1,2;2,4,0,2,1;-2,4,0,3,0 || CORE 2,0,4,0,3;-2,0,4,1,2;2,0,4,2,1;-1,0,4,3,0;1,4,0,0,3;-2,4,0,1,2;2,4,0,2,1;-2,4,0,3,0 | live
REL 14,-1 15,-1 16,-2 | 1,1,5,0,6;1,1,5,5,1;2,1,5,6,0;-2,5,1,0,6;-1,5,1,1,5;-1,5,1,6,0 ||  || CORE 1,0,4,0,6;1,0,4,5,1;2,0,4,6,0;-2,4,0,0,6;-1,4,0,1,5;-1,4,0,6,0 | live
REL 9,-1 21,-2 23,1 | 2,0,6,5,1;-1,0,6,6,0;1,2,4,6,0;-1,4,2,0,6;1,6,0,0,6;-2,6,0,1,5 ||  || CORE 2,0,6,5,1;-1,0,6,6,0;1,2,4,6,0;-1,4,2,0,6;1,6,0,0,6;-2,6,0,1,5 | live
REL 7,-1 13,-1 14,-2 | 1,1,5,1,5;2,1,5,5,1;1,2,4,5,1;-1,4,2,1,5;-2,5,1,1,5;-1,5,1,5,1 || F 1,0,1,0,0;1,1,0,0,0 | 1,0,3,0,4;2,0,3,4,0;-1,1,2,0,4;-1,1,2,4,0;1,2,1,0,4;1,2,1,4,0;-2,3,0,0,4;-1,3,0,4,0 || CORE 1,0,3,0,4;2,0,3,4,0;-1,1,2,0,4;-1,1,2,4,0;1,2,1,0,4;1,2,1,4,0;-2,3,0,0,4;-1,3,0,4,0 | live
REL 1,-1 4,1 6,-2 | 2,2,4,1,5;-1,2,4,2,4;1,3,3,1,5;-1,3,3,5,1;1,4,2,4,2;-2,4,2,5,1 ||  || CORE 2,0,2,0,4;-1,0,2,1,3;1,1,1,0,4;-1,1,1,4,0;1,2,0,3,1;-2,2,0,4,0 | live
REL 0,-1 3,2 4,-1 | 1,2,4,2,4;-2,2,4,3,3;1,3,3,2,4;-1,3,3,4,2;2,4,2,3,3;-1,4,2,4,2 || F 1,0,1,0,0;1,1,0,0,0 | 1,0,1,0,2;-2,0,1,1,1;2,1,0,1,1;-1,1,0,2,0 || CORE 1,0,1,0,2;-2,0,1,1,1;2,1,0,1,1;-1,1,0,2,0 | unit
REL 13,-1 19,-2 20,-1 | 1,0,6,1,5;2,0,6,4,2;1,1,5,1,5;-1,5,1,5,1;-2,6,0,2,4;-1,6,0,5,1 ||  || CORE 1,0,6,0,4;2,0,6,3,1;1,1,5,0,4;-1,5,1,4,0;-2,6,0,1,3;-1,6,0,4,0 | live
REL 1,-1 20,-2 21,1 | 2,0,6,1,5;-1,0,6,5,1;1,3,3,1,5;-1,3,3,5,1;1,6,0,1,5;-2,6,0,5,1 ||  || CORE 2,0,6,0,4;-1,0,6,4,0;1,3,3,0,4;-1,3,3,4,0;1,6,0,0,4;-2,6,0,4,0 | live
REL 2,-1 4,2 8,-1 | 1,2,4,0,6;-2,2,4,2,4;1,3,3,0,6;-1,3,3,6,0;2,4,2,4,2;-1,4,2,6,0 ||  || CORE 1,0,2,0,6;-2,0,2,2,4;1,1,1,0,6;-1,1,1,6,0;2,2,0,4,2;-1,2,0,6,0 | live
REL 1,-1 17,2 21,1 | -2,0,6,3,3;-1,0,6,5,1;1,3,3,1,5;-1,3,3,5,1;1,6,0,1,5;2,6,0,3,3 || F 1,0,1,0,0;1,1,0,0,0 | -2,0,5,2,2;-1,0,5,4,0;2,1,4,2,2;1,1,4,4,0;-2,2,3,2,2;-1,2,3,4,0;1,3,2,0,4;2,3,2,2,2;-1,4,1,0,4;-2,4,1,2,2;1,5,0,0,4;2,5,0,2,2 ## F 1,0,2,0,0;-1,1,1,0,0;1,2,0,0,0 | -2,0,3,2,2;-1,0,3,4,0;1,3,0,0,4;2,3,0,2,2 || CORE -2,0,3,2,2;-1,0,3,4,0;1,3,0,0,4;2,3,0,2,2 | unit
REL 7,-1 17,-1 21,2 | 1,0,6,3,3;-2,0,6,5,1;1,2,4,5,1;-1,4,2,1,5;2,6,0,1,5;-1,6,0,3,3 ||  || CORE 1,0,6,2,2;-2,0,6,4,0;1,2,4,4,0;-1,4,2,0,4;2,6,0,0,4;-1,6,0,2,2 | live
REL 2,-1 12,2 15,1 | -1,1,5,0,6;-2,1,5,4,2;1,3,3,0,6;-1,3,3,6,0;2,5,1,2,4;1,5,1,6,0 ||  || CORE -1,0,4,0,6;-2,0,4,4,2;1,2,2,0,6;-1,2,2,6,0;2,4,0,2,4;1,4,0,6,0 | live
REL 1,-2 17,1 21,-1 | -1,0,6,3,3;1,0,6,5,1;2,3,3,1,5;-2,3,3,5,1;-1,6,0,1,5;1,6,0,3,3 || F 1,0,0,0,1;1,0,0,1,0 | -1,0,6,2,1;1,0,6,3,0;2,3,3,0,3;-2,3,3,1,2;2,3,3,2,1;-2,3,3,3,0;-1,6,0,0,3;1,6,0,1,2 ## F -1,0,0,0,1;1,0,0,1,0 | 1,0,6,2,0;-2,3,3,0,2;-2,3,3,2,0;1,6,0,0,2 || CORE 1,0,6,2,0;-2,3,3,0,2;-2,3,3,2,0;1,6,0,0,2 | unit
REL 7,-1 19,1 21,-2 | -1,0,6,4,2;2,0,6,5,1;1,2,4,5,1;-1,4,2,1,5;-2,6,0,1,5;1,6,0,2,4 ||  || CORE -1,0,6,3,1;2,0,6,4,0;1,2,4,4,0;-1,4,2,0,4;-2,6,0,0,4;1,6,0,1,3 | live
REL 18,-2 20,-1 21,1 | 1,0,6,1,5;2,0,6,2,4;-1,0,6,5,1;1,6,0,1,5;-2,6,0,4,2;-1,6,0,5,1 ||  || CORE 1,0,6,0,4;2,0,6,1,3;-1,0,6,4,0;1,6,0,0,4;-2,6,0,3,1;-1,6,0,4,0 | live
REL 7,-1 8,-2 9,-1 | 2,2,4,0,6;1,2,4,5,1;1,2,4,6,0;-1,4,2,0,6;-1,4,2,1,5;-2,4,2,6,0 ||  || CORE 2,0,2,0,6;1,0,2,5,1;1,0,2,6,0;-1,2,0,0,6;-1,2,0,1,5;-2,2,0,6,0 | live
REL 2,-2 11,1 15,1 | -1,1,5,0,6;-1,1,5,2,4;2,3,3,0,6;-2,3,3,6,0;1,5,1,4,2;1,5,1,6,0 ||  || CORE -1,0,4,0,6;-1,0,4,2,4;2,2,2,0,6;-2,2,2,6,0;1,4,0,4,2;1,4,0,6,0 | live
REL 14,-1 18,2 21,-1 | -2,0,6,2,4;1,0,6,5,1;1,1,5,5,1;-1,5,1,1,5;-1,6,0,1,5;2,6,0,4,2 ||  || CORE -2,0,6,1,3;1,0,6,4,0;1,1,5,4,0;-1,5,1,0,4;-1,6,0,0,4;2,6,0,3,1 | live
REL 2,-1 21,-2 22,1 | -1,0,6,0,6;2,0,6,5,1;1,3,3,0,6;-1,3,3,6,0;-2,6,0,1,5;1,6,0,6,0 ||  || CORE -1,0,6,0,6;2,0,6,5,1;1,3,3,0,6;-1,3,3,6,0;-2,6,0,1,5;1,6,0,6,0 | live
REL 15,-1 21,-2 22,-1 | 1,0,6,0,6;2,0,6,5,1;1,1,5,0,6;-1,5,1,6,0;-2,6,0,1,5;-1,6,0,6,0 ||  || CORE 1,0,6,0,6;2,0,6,5,1;1,1,5,0,6;-1,5,1,6,0;-2,6,0,1,5;-1,6,0,6,0 | live
REL 7,-2 17,1 20,1 | -1,0,6,1,5;-1,0,6,3,3;2,2,4,5,1;-2,4,2,1,5;1,6,0,3,3;1,6,0,5,1 ||  || CORE -1,0,6,0,4;-1,0,6,2,2;2,2,4,4,0;-2,4,2,0,4;1,6,0,2,2;1,6,0,4,0 | live
REL 21,-1 22,2 23,-1 | -2,0,6,0,6;1,0,6,5,1;1,0,6,6,0;-1,6,0,0,6;-1,6,0,1,5;2,6,0,6,0 || F -1,0,0,0,1;1,0,0,1,0 | 2,0,6,0,5;2,0,6,1,4;2,0,6,2,3;2,0,6,3,2;2,0,6,4,1;1,0,6,5,0;1,6,0,0,5;2,6,0,1,4;2,6,0,2,3;2,6,0,3,2;2,6,0,4,1;2,6,0,5,0 || CORE 2,0,6,0,5;2,0,6,1,4;2,0,6,2,3;2,0,6,3,2;2,0,6,4,1;1,0,6,5,0;1,6,0,0,5;2,6,0,1,4;2,6,0,2,3;2,6,0,3,2;2,6,0,4,1;2,6,0,5,0 | live
REL 1,-1 17,-1 21,-2 | 1,0,6,3,3;2,0,6,5,1;1,3,3,1,5;-1,3,3,5,1;-2,6,0,1,5;-1,6,0,3,3 ||  || CORE 1,0,6,2,2;2,0,6,4,0;1,3,3,0,4;-1,3,3,4,0;-2,6,0,0,4;-1,6,0,2,2 | live
REL 2,-2 17,-1 22,-1 | 1,0,6,0,6;1,0,6,3,3;2,3,3,0,6;-2,3,3,6,0;-1,6,0,3,3;-1,6,0,6,0 || F 1,0,0,0,1;1,0,0,1,0 | 1,0,6,0,5;-1,0,6,1,4;1,0,6,2,3;2,3,3,0,5;-2,3,3,1,4;2,3,3,2,3;-2,3,3,3,2;2,3,3,4,1;-2,3,3,5,0;-1,6,0,3,2;1,6,0,4,1;-1,6,0,5,0 ## F 1,0,0,0,2;-1,0,0,1,1;1,0,0,2,0 | 1,0,6,0,3;2,3,3,0,3;-2,3,3,3,0;-1,6,0,3,0 || CORE 1,0,6,0,3;2,3,3,0,3;-2,3,3,3,0;-1,6,0,3,0 | unit
REL 6,-2 10,1 14,1 | -1,1,5,3,3;-1,1,5,5,1;2,2,4,1,5;-2,4,2,5,1;1,5,1,1,5;1,5,1,3,3 ||  || CORE -1,0,4,2,2;-1,0,4,4,0;2,1,3,0,4;-2,3,1,4,0;1,4,0,0,4;1,4,0,2,2 | live
REL 4,-2 11,1 12,-1 | -1,1,5,2,4;1,1,5,4,2;2,2,4,2,4;-2,4,2,4,2;-1,5,1,2,4;1,5,1,4,2 || F -1,0,1,0,0;1,1,0,0,0 | 1,0,3,0,2;-1,0,3,2,0;-1,1,2,0,2;-1,1,2,2,0;-1,2,1,0,2;-1,2,1,2,0;-1,3,0,0,2;1,3,0,2,0 || CORE 1,0,3,0,2;-1,0,3,2,0;-1,1,2,0,2;-1,1,2,2,0;-1,2,1,0,2;-1,2,1,2,0;-1,3,0,0,2;1,3,0,2,0 | live
REL 8,-2 14,1 15,1 | -1,1,5,0,6;-1,1,5,5,1;2,2,4,0,6;-2,4,2,6,0;1,5,1,1,5;1,5,1,6,0 ||  || CORE -1,0,4,0,6;-1,0,4,5,1;2,1,3,0,6;-2,3,1,6,0;1,4,0,1,5;1,4,0,6,0 | live
REL 14,-2 17,-1 20,-1 | 1,0,6,1,5;1,0,6,3,3;2,1,5,5,1;-2,5,1,1,5;-1,6,0,3,3;-1,6,0,5,1 ||  || CORE 1,0,6,0,4;1,0,6,2,2;2,1,5,4,0;-2,5,1,0,4;-1,6,0,2,2;-1,6,0,4,0 | live
REL 1,-1 4,-1 7,-2 | 1,2,4,2,4;2,2,4,5,1;1,3,3,1,5;-1,3,3,5,1;-2,4,2,1,5;-1,4,2,4,2 ||  || CORE 1,0,2,1,3;2,0,2,4,0;1,1,1,0,4;-1,1,1,4,0;-2,2,0,0,4;-1,2,0,3,1 | live
REL 20,-1 22,-2 23,1 | 2,0,6,0,6;1,0,6,1,5;-1,0,6,6,0;1,6,0,0,6;-1,6,0,5,1;-2,6,0,6,0 || F 1,0,0,0,1;1,0,0,1,0 | 2,0,6,0,5;-1,0,6,1,4;1,0,6,2,3;-1,0,6,3,2;1,0,6,4,1;-1,0,6,5,0;1,6,0,0,5;-1,6,0,1,4;1,6,0,2,3;-1,6,0,3,2;1,6,0,4,1;-2,6,0,5,0 || CORE 2,0,6,0,5;-1,0,6,1,4;1,0,6,2,3;-1,0,6,3,2;1,0,6,4,1;-1,0,6,5,0;1,6,0,0,5;-1,6,0,1,4;1,6,0,2,3;-1,6,0,3,2;1,6,0,4,1;-2,6,0,5,0 | live
REL 14,-1 20,-2 21,1 | 2,0,6,1,5;-1,0,6,5,1;1,1,5,5,1;-1,5,1,1,5;1,6,0,1,5;-2,6,0,5,1 ||  || CORE 2,0,6,0,4;-1,0,6,4,0;1,1,5,4,0;-1,5,1,0,4;1,6,0,0,4;-2,6,0,4,0 | live
REL 5,-2 17,-1 18,-1 | 1,0,6,2,4;1,0,6,3,3;2,2,4,4,2;-2,4,2,2,4;-1,6,0,3,3;-1,6,0,4,2 ||  || CORE 1,0,6,0,2;1,0,6,1,1;2,2,4,2,0;-2,4,2,0,2;-1,6,0,1,1;-1,6,0,2,0 | live
REL 17,-2 18,-1 19,1 | 1,0,6,2,4;2,0,6,3,3;-1,0,6,4,2;1,6,0,2,4;-2,6,0,3,3;-1,6,0,4,2 ||  || CORE 1,0,6,0,2;2,0,6,1,1;-1,0,6,2,0;1,6,0,0,2;-2,6,0,1,1;-1,6,0,2,0 | live
REL 13,-1 19,1 21,2 | -1,0,6,4,2;-2,0,6,5,1;1,1,5,1,5;-1,5,1,5,1;2,6,0,1,5;1,6,0,2,4 ||  || CORE -1,0,6,3,1;-2,0,6,4,0;1,1,5,0,4;-1,5,1,4,0;2,6,0,0,4;1,6,0,1,3 | live
REL 8,-1 19,-1 23,2 | 1,0,6,4,2;-2,0,6,6,0;1,2,4,0,6;-1,4,2,6,0;2,6,0,0,6;-1,6,0,2,4 ||  || CORE 1,0,6,4,2;-2,0,6,6,0;1,2,4,0,6;-1,4,2,6,0;2,6,0,0,6;-1,6,0,2,4 | live
REL 0,-1 3,-2 4,1 | -1,2,4,2,4;2,2,4,3,3;1,3,3,2,4;-1,3,3,4,2;-2,4,2,3,3;1,4,2,4,2 || F -1,0,1,0,0;1,1,0,0,0 | 1,0,1,0,2;-2,0,1,1,1;-2,1,0,1,1;1,1,0,2,0 || CORE 1,0,1,0,2;-2,0,1,1,1;-2,1,0,1,1;1,1,0,2,0 | unit
REL 1,-1 3,-1 6,-2 | 2,2,4,1,5;1,2,4,3,3;1,3,3,1,5;-1,3,3,5,1;-1,4,2,3,3;-2,4,2,5,1 ||  || CORE 2,0,2,0,4;1,0,2,2,2;1,1,1,0,4;-1,1,1,4,0;-1,2,0,2,2;-2,2,0,4,0 | live
REL 15,-1 17,-1 23,-2 | 1,0,6,3,3;2,0,6,6,0;1,1,5,0,6;-1,5,1,6,0;-2,6,0,0,6;-1,6,0,3,3 ||  || CORE 1,0,6,3,3;2,0,6,6,0;1,1,5,0,6;-1,5,1,6,0;-2,6,0,0,6;-1,6,0,3,3 | live
REL 17,-2 18,1 19,-1 | -1,0,6,2,4;2,0,6,3,3;1,0,6,4,2;-1,6,0,2,4;-2,6,0,3,3;1,6,0,4,2 ||  || CORE -1,0,6,0,2;2,0,6,1,1;1,0,6,2,0;-1,6,0,0,2;-2,6,0,1,1;1,6,0,2,0 | live
REL 2,-2 13,-1 15,-1 | 1,1,5,0,6;1,1,5,1,5;2,3,3,0,6;-2,3,3,6,0;-1,5,1,5,1;-1,5,1,6,0 || F 1,0,0,0,1;1,0,0,1,0 | 1,0,4,0,5;2,2,2,0,5;-2,2,2,1,4;2,2,2,2,3;-2,2,2,3,2;2,2,2,4,1;-2,2,2,5,0;-1,4,0,5,0 || CORE 1,0,4,0,5;2,2,2,0,5;-2,2,2,1,4;2,2,2,2,3;-2,2,2,3,2;2,2,2,4,1;-2,2,2,5,0;-1,4,0,5,0 | unit
REL 14,-1 19,2 21,1 | -2,0,6,4,2;-1,0,6,5,1;1,1,5,5,1;-1,5,1,1,5;1,6,0,1,5;2,6,0,2,4 ||  || CORE -2,0,6,3,1;-1,0,6,4,0;1,1,5,4,0;-1,5,1,0,4;1,6,0,0,4;2,6,0,1,3 | live
REL 13,-1 18,-1 20,-2 | 2,0,6,1,5;1,0,6,2,4;1,1,5,1,5;-1,5,1,5,1;-1,6,0,4,2;-2,6,0,5,1 ||  || CORE 2,0,6,0,4;1,0,6,1,3;1,1,5,0,4;-1,5,1,4,0;-1,6,0,3,1;-2,6,0,4,0 | live
REL 14,-2 19,-1 21,-1 | 1,0,6,4,2;1,0,6,5,1;2,1,5,5,1;-2,5,1,1,5;-1,6,0,1,5;-1,6,0,2,4 ||  || CORE 1,0,6,3,1;1,0,6,4,0;2,1,5,4,0;-2,5,1,0,4;-1,6,0,0,4;-1,6,0,1,3 | live
REL 15,-1 18,-1 22,2 | -2,0,6,0,6;1,0,6,2,4;1,1,5,0,6;-1,5,1,6,0;-1,6,0,4,2;2,6,0,6,0 ||  || CORE -2,0,6,0,6;1,0,6,2,4;1,1,5,0,6;-1,5,1,6,0;-1,6,0,4,2;2,6,0,6,0 | live
REL 7,-2 15,-1 16,-1 | 1,1,5,0,6;1,1,5,6,0;2,2,4,5,1;-2,4,2,1,5;-1,5,1,0,6;-1,5,1,6,0 ||  || CORE 1,0,4,0,6;1,0,4,6,0;2,1,3,5,1;-2,3,1,1,5;-1,4,0,0,6;-1,4,0,6,0 | live
REL 7,-1 8,2 9,1 | -2,2,4,0,6;1,2,4,5,1;-1,2,4,6,0;1,4,2,0,6;-1,4,2,1,5;2,4,2,6,0 ||  || CORE -2,0,2,0,6;1,0,2,5,1;-1,0,2,6,0;1,2,0,0,6;-1,2,0,1,5;2,2,0,6,0 | live
REL 14,-1 20,2 21,-1 | -2,0,6,1,5;1,0,6,5,1;1,1,5,5,1;-1,5,1,1,5;-1,6,0,1,5;2,6,0,5,1 ||  || CORE -2,0,6,0,4;1,0,6,4,0;1,1,5,4,0;-1,5,1,0,4;-1,6,0,0,4;2,6,0,4,0 | live
REL 8,-2 14,1 16,-1 | -1,1,5,5,1;1,1,5,6,0;2,2,4,0,6;-2,4,2,6,0;-1,5,1,0,6;1,5,1,1,5 ||  || CORE -1,0,4,5,1;1,0,4,6,0;2,1,3,0,6;-2,3,1,6,0;-1,4,0,0,6;1,4,0,1,5 | live
REL 8,-1 18,1 23,-2 | -1,0,6,2,4;2,0,6,6,0;1,2,4,0,6;-1,4,2,6,0;-2,6,0,0,6;1,6,0,4,2 ||  || CORE -1,0,6,2,4;2,0,6,6,0;1,2,4,0,6;-1,4,2,6,0;-2,6,0,0,6;1,6,0,4,2 | live
REL 14,-2 18,1 20,-1 | 1,0,6,1,5;-1,0,6,2,4;2,1,5,5,1;-2,5,1,1,5;1,6,0,4,2;-1,6,0,5,1 ||  || CORE 1,0,6,0,4;-1,0,6,1,3;2,1,5,4,0;-2,5,1,0,4;1,6,0,3,1;-1,6,0,4,0 | live
REL 2,-2 21,-1 22,-1 | 1,0,6,0,6;1,0,6,5,1;2,3,3,0,6;-2,3,3,6,0;-1,6,0,1,5;-1,6,0,6,0 || F 1,0,0,0,1;1,0,0,1,0 | 1,0,6,0,5;-1,0,6,1,4;1,0,6,2,3;-1,0,6,3,2;1,0,6,4,1;2,3,3,0,5;-2,3,3,1,4;2,3,3,2,3;-2,3,3,3,2;2,3,3,4,1;-2,3,3,5,0;-1,6,0,1,4;1,6,0,2,3;-1,6,0,3,2;1,6,0,4,1;-1,6,0,5,0 || CORE 1,0,6,0,5;-1,0,6,1,4;1,0,6,2,3;-1,0,6,3,2;1,0,6,4,1;2,3,3,0,5;-2,3,3,1,4;2,3,3,2,3;-2,3,3,3,2;2,3,3,4,1;-2,3,3,5,0;-1,6,0,1,4;1,6,0,2,3;-1,6,0,3,2;1,6,0,4,1;-1,6,0,5,0 | live
REL 11,-1 17,2 19,-1 | -2,0,6,3,3;1,0,6,4,2;1,1,5,2,4;-1,5,1,4,2;-1,6,0,2,4;2,6,0,3,3 || F -1,0,1,0,0;1,1,0,0,0 | 2,0,5,1,1;-1,0,5,2,0;-1,1,4,0,2;2,1,4,1,1;-1,1,4,2,0;-1,2,3,0,2;2,2,3,1,1;-1,2,3,2,0;-1,3,2,0,2;2,3,2,1,1;-1,3,2,2,0;-1,4,1,0,2;2,4,1,1,1;-1,4,1,2,0;-1,5,0,0,2;2,5,0,1,1 || CORE 2,0,5,1,1;-1,0,5,2,0;-1,1,4,0,2;2,1,4,1,1;-1,1,4,2,0;-1,2,3,0,2;2,2,3,1,1;-1,2,3,2,0;-1,3,2,0,2;2,3,2,1,1;-1,3,2,2,0;-1,4,1,0,2;2,4,1,1,1;-1,4,1,2,0;-1,5,0,0,2;2,5,0,1,1 | live
REL 5,-2 18,1 19,1 | -1,0,6,2,4;-1,0,6,4,2;2,2,4,4,2;-2,4,2,2,4;1,6,0,2,4;1,6,0,4,2 ||  || CORE -1,0,6,0,2;-1,0,6,2,0;2,2,4,2,0;-2,4,2,0,2;1,6,0,0,2;1,6,0,2,0 | live
REL 0,-2 17,-1 19,1 | 1,0,6,3,3;-1,0,6,4,2;2,3,3,2,4;-2,3,3,4,2;1,6,0,2,4;-1,6,0,3,3 || F -1,0,0,0,1;1,0,0,1,0 | -1,0,6,1,0;-2,3,3,0,1;-2,3,3,1,0;-1,6,0,0,1 || CORE -1,0,6,1,0;-2,3,3,0,1;-2,3,3,1,0;-1,6,0,0,1 | unit
REL 7,-2 8,1 9,1 | -1,2,4,0,6;2,2,4,5,1;-1,2,4,6,0;1,4,2,0,6;-2,4,2,1,5;1,4,2,6,0 || F -1,0,0,0,1;1,0,0,1,0 | 1,0,2,0,5;1,0,2,1,4;1,0,2,2,3;1,0,2,3,2;1,0,2,4,1;-1,0,2,5,0;-1,2,0,0,5;1,2,0,1,4;1,2,0,2,3;1,2,0,3,2;1,2,0,4,1;1,2,0,5,0 || CORE 1,0,2,0,5;1,0,2,1,4;1,0,2,2,3;1,0,2,3,2;1,0,2,4,1;-1,0,2,5,0;-1,2,0,0,5;1,2,0,1,4;1,2,0,2,3;1,2,0,3,2;1,2,0,4,1;1,2,0,5,0 | live
REL 7,-1 19,-1 21,-2 | 1,0,6,4,2;2,0,6,5,1;1,2,4,5,1;-1,4,2,1,5;-2,6,0,1,5;-1,6,0,2,4 ||  || CORE 1,0,6,3,1;2,0,6,4,0;1,2,4,4,0;-1,4,2,0,4;-2,6,0,0,4;-1,6,0,1,3 | live
REL 7,-1 10,-1 14,-2 | 1,1,5,3,3;2,1,5,5,1;1,2,4,5,1;-1,4,2,1,5;-2,5,1,1,5;-1,5,1,3,3 ||  || CORE 1,0,4,2,2;2,0,4,4,0;1,1,3,4,0;-1,3,1,0,4;-2,4,0,0,4;-1,4,0,2,2 | live
REL 12,-2 20,-1 21,-1 | 1,0,6,1,5;1,0,6,5,1;2,1,5,4,2;-2,5,1,2,4;-1,6,0,1,5;-1,6,0,5,1 ||  || CORE 1,0,6,0,4;1,0,6,4,0;2,1,5,3,1;-2,5,1,1,3;-1,6,0,0,4;-1,6,0,4,0 | live
REL 1,-2 19,-1 21,-1 | 1,0,6,4,2;1,0,6,5,1;2,3,3,1,5;-2,3,3,5,1;-1,6,0,1,5;-1,6,0,2,4 || F 1,0,0,0,1;1,0,0,1,0 | 1,0,6,3,0;2,3,3,0,3;-2,3,3,1,2;2,3,3,2,1;-2,3,3,3,0;-1,6,0,0,3 || CORE 1,0,6,3,0;2,3,3,0,3;-2,3,3,1,2;2,3,3,2,1;-2,3,3,3,0;-1,6,0,0,3 | unit
REL 1,-1 10,-2 14,-1 | 2,1,5,3,3;1,1,5,5,1;1,3,3,1,5;-1,3,3,5,1;-1,5,1,1,5;-2,5,1,3,3 || F 1,0,1,0,0;1,1,0,0,0 | 2,0,3,2,2;1,0,3,4,0;-2,1,2,2,2;-1,1,2,4,0;1,2,1,0,4;2,2,1,2,2;-1,3,0,0,4;-2,3,0,2,2 ## F -1,0,1,0,0;1,1,0,0,0 | -2,0,2,2,2;-1,0,2,4,0;-1,2,0,0,4;-2,2,0,2,2 || CORE -2,0,2,2,2;-1,0,2,4,0;-1,2,0,0,4;-2,2,0,2,2 | unit
REL 2,-1 4,1 8,-2 | 2,2,4,0,6;-1,2,4,2,4;1,3,3,0,6;-1,3,3,6,0;1,4,2,4,2;-2,4,2,6,0 ||  || CORE 2,0,2,0,6;-1,0,2,2,4;1,1,1,0,6;-1,1,1,6,0;1,2,0,4,2;-2,2,0,6,0 | live
REL 2,-2 21,-1 23,1 | 1,0,6,5,1;-1,0,6,6,0;2,3,3,0,6;-2,3,3,6,0;1,6,0,0,6;-1,6,0,1,5 || F -1,0,0,0,1;1,0,0,1,0 | -1,0,6,5,0;-2,3,3,0,5;-2,3,3,1,4;-2,3,3,2,3;-2,3,3,3,2;-2,3,3,4,1;-2,3,3,5,0;-1,6,0,0,5 || CORE -1,0,6,5,0;-2,3,3,0,5;-2,3,3,1,4;-2,3,3,2,3;-2,3,3,3,2;-2,3,3,4,1;-2,3,3,5,0;-1,6,0,0,5 | unit
REL 16,-2 17,-1 23,-1 | 1,0,6,3,3;1,0,6,6,0;2,1,5,6,0;-2,5,1,0,6;-1,6,0,0,6;-1,6,0,3,3 ||  || CORE 1,0,6,3,3;1,0,6,6,0;2,1,5,6,0;-2,5,1,0,6;-1,6,0,0,6;-1,6,0,3,3 | live
REL 9,-1 13,-2 16,1 | 2,1,5,1,5;-1,1,5,6,0;1,2,4,6,0;-1,4,2,0,6;1,5,1,0,6;-2,5,1,5,1 ||  || CORE 2,0,4,1,5;-1,0,4,6,0;1,1,3,6,0;-1,3,1,0,6;1,4,0,0,6;-2,4,0,5,1 | live
REL 7,-1 20,2 21,1 | -2,0,6,1,5;-1,0,6,5,1;1,2,4,5,1;-1,4,2,1,5;1,6,0,1,5;2,6,0,5,1 ||  || CORE -2,0,6,0,4;-1,0,6,4,0;1,2,4,4,0;-1,4,2,0,4;1,6,0,0,4;2,6,0,4,0 | live
REL 6,-1 18,-2 21,1 | 2,0,6,2,4;-1,0,6,5,1;1,2,4,1,5;-1,4,2,5,1;1,6,0,1,5;-2,6,0,4,2 ||  || CORE 2,0,6,1,3;-1,0,6,4,0;1,2,4,0,4;-1,4,2,4,0;1,6,0,0,4;-2,6,0,3,1 | live
REL 4,-2 20,1 21,-1 | -1,0,6,1,5;1,0,6,5,1;2,2,4,2,4;-2,4,2,4,2;-1,6,0,1,5;1,6,0,5,1 ||  || CORE -1,0,6,0,4;1,0,6,4,0;2,2,4,1,3;-2,4,2,3,1;-1,6,0,0,4;1,6,0,4,0 | live
REL 6,-1 17,2 20,1 | -1,0,6,1,5;-2,0,6,3,3;1,2,4,1,5;-1,4,2,5,1;2,6,0,3,3;1,6,0,5,1 || F 1,0,1,0,0;1,1,0,0,0 | -1,0,5,0,4;-2,0,5,2,2;1,1,4,0,4;2,1,4,2,2;-2,2,3,2,2;2,3,2,2,2;-2,4,1,2,2;-1,4,1,4,0;2,5,0,2,2;1,5,0,4,0 ## F -1,0,1,0,0;1,1,0,0,0 | 1,0,4,0,4;2,0,4,2,2;2,2,2,2,2;2,4,0,2,2;1,4,0,4,0 || CORE 1,0,4,0,4;2,0,4,2,2;2,2,2,2,2;2,4,0,2,2;1,4,0,4,0 | unit
REL 14,-2 17,-1 20,1 | -1,0,6,1,5;1,0,6,3,3;2,1,5,5,1;-2,5,1,1,5;-1,6,0,3,3;1,6,0,5,1 ||  || CORE -1,0,6,0,4;1,0,6,2,2;2,1,5,4,0;-2,5,1,0,4;-1,6,0,2,2;1,6,0,4,0 | live
REL 15,-1 19,1 23,2 | -1,0,6,4,2;-2,0,6,6,0;1,1,5,0,6;-1,5,1,6,0;2,6,0,0,6;1,6,0,2,4 ||  || CORE -1,0,6,4,2;-2,0,6,6,0;1,1,5,0,6;-1,5,1,6,0;2,6,0,0,6;1,6,0,2,4 | live
REL 3,-2 11,-1 12,1 | 1,1,5,2,4;-1,1,5,4,2;2,2,4,3,3;-2,4,2,3,3;1,5,1,2,4;-1,5,1,4,2 ||  || CORE 1,0,4,0,2;-1,0,4,2,0;2,1,3,1,1;-2,3,1,1,1;1,4,0,0,2;-1,4,0,2,0 | live
REL 15,-1 19,2 22,1 | -1,0,6,0,6;-2,0,6,4,2;1,1,5,0,6;-1,5,1,6,0;2,6,0,2,4;1,6,0,6,0 ||  || CORE -1,0,6,0,6;-2,0,6,4,2;1,1,5,0,6;-1,5,1,6,0;2,6,0,2,4;1,6,0,6,0 | live
REL 2,-2 22,1 23,1 | -1,0,6,0,6;-1,0,6,6,0;2,3,3,0,6;-2,3,3,6,0;1,6,0,0,6;1,6,0,6,0 ||  || CORE -1,0,6,0,6;-1,0,6,6,0;2,3,3,0,6;-2,3,3,6,0;1,6,0,0,6;1,6,0,6,0 | live
REL 2,-2 3,1 9,-1 | -1,2,4,3,3;1,2,4,6,0;2,3,3,0,6;-2,3,3,6,0;-1,4,2,0,6;1,4,2,3,3 || F -1,0,0,0,1;1,0,0,1,0 | 1,0,2,3,2;1,0,2,4,1;1,0,2,5,0;-2,1,1,0,5;-2,1,1,1,4;-2,1,1,2,3;-2,1,1,3,2;-2,1,1,4,1;-2,1,1,5,0;1,2,0,0,5;1,2,0,1,4;1,2,0,2,3 ## F 1,0,0,0,2;1,0,0,1,1;1,0,0,2,0 | 1,0,2,3,0;-2,1,1,0,3;-2,1,1,3,0;1,2,0,0,3 || CORE 1,0,2,3,0;-2,1,1,0,3;-2,1,1,3,0;1,2,0,0,3 | unit
REL 2,-1 11,-1 16,2 | 1,1,5,2,4;-2,1,5,6,0;1,3,3,0,6;-1,3,3,6,0;2,5,1,0,6;-1,5,1,4,2 ||  || CORE 1,0,4,2,4;-2,0,4,6,0;1,2,2,0,6;-1,2,2,6,0;2,4,0,0,6;-1,4,0,4,2 | live
REL 8,-1 14,-1 16,-2 | 1,1,5,5,1;2,1,5,6,0;1,2,4,0,6;-1,4,2,6,0;-2,5,1,0,6;-1,5,1,1,5 ||  || CORE 1,0,4,5,1;2,0,4,6,0;1,1,3,0,6;-1,3,1,6,0;-2,4,0,0,6;-1,4,0,1,5 | live
REL 16,-1 18,2 22,-1 | 1,0,6,0,6;-2,0,6,2,4;1,1,5,6,0;-1,5,1,0,6;2,6,0,4,2;-1,6,0,6,0 ||  || CORE 1,0,6,0,6;-2,0,6,2,4;1,1,5,6,0;-1,5,1,0,6;2,6,0,4,2;-1,6,0,6,0 | live
REL 9,-1 15,-2 16,1 | 2,1,5,0,6;-1,1,5,6,0;1,2,4,6,0;-1,4,2,0,6;1,5,1,0,6;-2,5,1,6,0 ||  || CORE 2,0,4,0,6;-1,0,4,6,0;1,1,3,6,0;-1,3,1,0,6;1,4,0,0,6;-2,4,0,6,0 | live
REL 8,-1 13,1 16,-2 | -1,1,5,1,5;2,1,5,6,0;1,2,4,0,6;-1,4,2,6,0;-2,5,1,0,6;1,5,1,5,1 ||  || CORE -1,0,4,1,5;2,0,4,6,0;1,1,3,0,6;-1,3,1,6,0;-2,4,0,0,6;1,4,0,5,1 | live
REL 2,-1 14,1 16,2 | -1,1,5,5,1;-2,1,5,6,0;1,3,3,0,6;-1,3,3,6,0;2,5,1,0,6;1,5,1,1,5 ||  || CORE -1,0,4,5,1;-2,0,4,6,0;1,2,2,0,6;-1,2,2,6,0;2,4,0,0,6;1,4,0,1,5 | live
REL 5,-2 10,-1 12,1 | 1,1,5,3,3;-1,1,5,4,2;2,2,4,4,2;-2,4,2,2,4;1,5,1,2,4;-1,5,1,3,3 ||  || CORE 1,0,4,1,1;-1,0,4,2,0;2,1,3,2,0;-2,3,1,0,2;1,4,0,0,2;-1,4,0,1,1 | live
REL 1,-1 12,-2 14,1 | 2,1,5,4,2;-1,1,5,5,1;1,3,3,1,5;-1,3,3,5,1;1,5,1,1,5;-2,5,1,2,4 ||  || CORE 2,0,4,3,1;-1,0,4,4,0;1,2,2,0,4;-1,2,2,4,0;1,4,0,0,4;-2,4,0,1,3 | live
REL 8,-1 17,-2 22,-1 | 1,0,6,0,6;2,0,6,3,3;1,2,4,0,6;-1,4,2,6,0;-2,6,0,3,3;-1,6,0,6,0 ||  || CORE 1,0,6,0,6;2,0,6,3,3;1,2,4,0,6;-1,4,2,6,0;-2,6,0,3,3;-1,6,0,6,0 | live
REL 4,-1 6,-1 7,-2 | 1,2,4,1,5;1,2,4,2,4;2,2,4,5,1;-2,4,2,1,5;-1,4,2,4,2;-1,4,2,5,1 ||  || CORE 1,0,2,0,4;1,0,2,1,3;2,0,2,4,0;-2,2,0,0,4;-1,2,0,3,1;-1,2,0,4,0 | live
REL 9,-2 21,1 22,1 | -1,0,6,0,6;-1,0,6,5,1;2,2,4,6,0;-2,4,2,0,6;1,6,0,1,5;1,6,0,6,0 ||  || CORE -1,0,6,0,6;-1,0,6,5,1;2,2,4,6,0;-2,4,2,0,6;1,6,0,1,5;1,6,0,6,0 | live
REL 9,-2 17,1 22,1 | -1,0,6,0,6;-1,0,6,3,3;2,2,4,6,0;-2,4,2,0,6;1,6,0,3,3;1,6,0,6,0 ||  || CORE -1,0,6,0,6;-1,0,6,3,3;2,2,4,6,0;-2,4,2,0,6;1,6,0,3,3;1,6,0,6,0 | live
REL 2,-1 15,1 16,2 | -1,1,5,0,6;-2,1,5,6,0;1,3,3,0,6;-1,3,3,6,0;2,5,1,0,6;1,5,1,6,0 || F 1,0,2,0,0;1,2,0,0,0 | -1,0,2,0,6;-2,0,2,6,0;2,2,0,0,6;1,2,0,6,0 || CORE -1,0,2,0,6;-2,0,2,6,0;2,2,0,0,6;1,2,0,6,0 | live
REL 2,-2 14,1 15,1 | -1,1,5,0,6;-1,1,5,5,1;2,3,3,0,6;-2,3,3,6,0;1,5,1,1,5;1,5,1,6,0 || F 1,0,0,0,1;1,0,0,1,0 | -1,0,4,0,5;1,0,4,1,4;-1,0,4,2,3;1,0,4,3,2;-1,0,4,4,1;2,2,2,0,5;-2,2,2,1,4;2,2,2,2,3;-2,2,2,3,2;2,2,2,4,1;-2,2,2,5,0;1,4,0,1,4;-1,4,0,2,3;1,4,0,3,2;-1,4,0,4,1;1,4,0,5,0 || CORE -1,0,4,0,5;1,0,4,1,4;-1,0,4,2,3;1,0,4,3,2;-1,0,4,4,1;2,2,2,0,5;-2,2,2,1,4;2,2,2,2,3;-2,2,2,3,2;2,2,2,4,1;-2,2,2,5,0;1,4,0,1,4;-1,4,0,2,3;1,4,0,3,2;-1,4,0,4,1;1,4,0,5,0 | live
REL 0,-2 10,1 11,-1 | 1,1,5,2,4;-1,1,5,3,3;2,3,3,2,4;-2,3,3,4,2;1,5,1,3,3;-1,5,1,4,2 || F -1,0,0,0,1;1,0,0,1,0 | -1,0,4,0,1;-2,2,2,0,1;-2,2,2,1,0;-1,4,0,1,0 || CORE -1,0,4,0,1;-2,2,2,0,1;-2,2,2,1,0;-1,4,0,1,0 | unit
REL 2,-1 10,-1 15,2 | -2,1,5,0,6;1,1,5,3,3;1,3,3,0,6;-1,3,3,6,0;-1,5,1,3,3;2,5,1,6,0 ||  || CORE -2,0,4,0,6;1,0,4,3,3;1,2,2,0,6;-1,2,2,6,0;-1,4,0,3,3;2,4,0,6,0 | live
REL 1,-1 4,1 6,2 | -2,2,4,1,5;-1,2,4,2,4;1,3,3,1,5;-1,3,3,5,1;1,4,2,4,2;2,4,2,5,1 ||  || CORE -2,0,2,0,4;-1,0,2,1,3;1,1,1,0,4;-1,1,1,4,0;1,2,0,3,1;2,2,0,4,0 | live
REL 1,-1 17,1 21,-2 | -1,0,6,3,3;2,0,6,5,1;1,3,3,1,5;-1,3,3,5,1;-2,6,0,1,5;1,6,0,3,3 ||  || CORE -1,0,6,2,2;2,0,6,4,0;1,3,3,0,4;-1,3,3,4,0;-2,6,0,0,4;1,6,0,2,2 | live
REL 5,-1 10,1 11,2 | -2,1,5,2,4;-1,1,5,3,3;1,2,4,4,2;-1,4,2,2,4;1,5,1,3,3;2,5,1,4,2 ||  || CORE -2,0,4,0,2;-1,0,4,1,1;1,1,3,2,0;-1,3,1,0,2;1,4,0,1,1;2,4,0,2,0 | live
REL 8,-2 17,1 23,1 | -1,0,6,3,3;-1,0,6,6,0;2,2,4,0,6;-2,4,2,6,0;1,6,0,0,6;1,6,0,3,3 ||  || CORE -1,0,6,3,3;-1,0,6,6,0;2,2,4,0,6;-2,4,2,6,0;1,6,0,0,6;1,6,0,3,3 | live
REL 15,-1 18,-1 22,-2 | 2,0,6,0,6;1,0,6,2,4;1,1,5,0,6;-1,5,1,6,0;-1,6,0,4,2;-2,6,0,6,0 ||  || CORE 2,0,6,0,6;1,0,6,2,4;1,1,5,0,6;-1,5,1,6,0;-1,6,0,4,2;-2,6,0,6,0 | live
REL 2,-1 14,-1 16,2 | 1,1,5,5,1;-2,1,5,6,0;1,3,3,0,6;-1,3,3,6,0;2,5,1,0,6;-1,5,1,1,5 ||  || CORE 1,0,4,5,1;-2,0,4,6,0;1,2,2,0,6;-1,2,2,6,0;2,4,0,0,6;-1,4,0,1,5 | live
REL 10,-1 11,-2 12,-1 | 2,1,5,2,4;1,1,5,3,3;1,1,5,4,2;-1,5,1,2,4;-1,5,1,3,3;-2,5,1,4,2 ||  || CORE 2,0,4,0,2;1,0,4,1,1;1,0,4,2,0;-1,4,0,0,2;-1,4,0,1,1;-2,4,0,2,0 | live
REL 7,-1 17,1 20,-2 | 2,0,6,1,5;-1,0,6,3,3;1,2,4,5,1;-1,4,2,1,5;1,6,0,3,3;-2,6,0,5,1 ||  || CORE 2,0,6,0,4;-1,0,6,2,2;1,2,4,4,0;-1,4,2,0,4;1,6,0,2,2;-2,6,0,4,0 | live
REL 8,-1 14,-1 15,-2 | 2,1,5,0,6;1,1,5,5,1;1,2,4,0,6;-1,4,2,6,0;-1,5,1,1,5;-2,5,1,6,0 ||  || CORE 2,0,4,0,6;1,0,4,5,1;1,1,3,0,6;-1,3,1,6,0;-1,4,0,1,5;-2,4,0,6,0 | live
REL 2,-1 10,2 15,1 | -1,1,5,0,6;-2,1,5,3,3;1,3,3,0,6;-1,3,3,6,0;2,5,1,3,3;1,5,1,6,0 || F 1,0,1,0,0;1,1,0,0,0 | -1,0,3,0,6;-2,0,3,3,3;1,1,2,0,6;2,1,2,3,3;-2,2,1,3,3;-1,2,1,6,0;2,3,0,3,3;1,3,0,6,0 ## F -1,0,1,0,0;1,1,0,0,0 | 1,0,2,0,6;2,0,2,3,3;2,2,0,3,3;1,2,0,6,0 || CORE 1,0,2,0,6;2,0,2,3,3;2,2,0,3,3;1,2,0,6,0 | unit
REL 10,-1 11,1 12,-2 | -1,1,5,2,4;1,1,5,3,3;2,1,5,4,2;-2,5,1,2,4;-1,5,1,3,3;1,5,1,4,2 || F 1,0,0,0,1;1,0,0,1,0 | -1,0,4,0,1;2,0,4,1,0;-2,4,0,0,1;1,4,0,1,0 || CORE -1,0,4,0,1;2,0,4,1,0;-2,4,0,0,1;1,4,0,1,0 | live
REL 15,-2 21,1 22,-1 | 1,0,6,0,6;-1,0,6,5,1;2,1,5,0,6;-2,5,1,6,0;1,6,0,1,5;-1,6,0,6,0 ||  || CORE 1,0,6,0,6;-1,0,6,5,1;2,1,5,0,6;-2,5,1,6,0;1,6,0,1,5;-1,6,0,6,0 | live
REL 5,-2 20,1 21,1 | -1,0,6,1,5;-1,0,6,5,1;2,2,4,4,2;-2,4,2,2,4;1,6,0,1,5;1,6,0,5,1 ||  || CORE -1,0,6,0,4;-1,0,6,4,0;2,2,4,3,1;-2,4,2,1,3;1,6,0,0,4;1,6,0,4,0 | live
REL 6,-1 18,-1 21,2 | 1,0,6,2,4;-2,0,6,5,1;1,2,4,1,5;-1,4,2,5,1;2,6,0,1,5;-1,6,0,4,2 ||  || CORE 1,0,6,1,3;-2,0,6,4,0;1,2,4,0,4;-1,4,2,4,0;2,6,0,0,4;-1,6,0,3,1 | live
REL 18,-2 22,1 23,1 | -1,0,6,0,6;2,0,6,2,4;-1,0,6,6,0;1,6,0,0,6;-2,6,0,4,2;1,6,0,6,0 || F 1,0,0,0,1;1,0,0,1,0 | -1,0,6,0,5;1,0,6,1,4;1,0,6,2,3;-1,0,6,3,2;1,0,6,4,1;-1,0,6,5,0;1,6,0,0,5;-1,6,0,1,4;1,6,0,2,3;-1,6,0,3,2;-1,6,0,4,1;1,6,0,5,0 ## F -1,0,0,0,1;1,0,0,1,0 | 1,0,6,0,4;-1,0,6,2,2;-1,0,6,4,0;-1,6,0,0,4;-1,6,0,2,2;1,6,0,4,0 || CORE 1,0,6,0,4;-1,0,6,2,2;-1,0,6,4,0;-1,6,0,0,4;-1,6,0,2,2;1,6,0,4,0 | live
REL 1,-2 19,1 21,1 | -1,0,6,4,2;-1,0,6,5,1;2,3,3,1,5;-2,3,3,5,1;1,6,0,1,5;1,6,0,2,4 || F 1,0,0,0,1;1,0,0,1,0 | -1,0,6,3,0;2,3,3,0,3;-2,3,3,1,2;2,3,3,2,1;-2,3,3,3,0;1,6,0,0,3 || CORE -1,0,6,3,0;2,3,3,0,3;-2,3,3,1,2;2,3,3,2,1;-2,3,3,3,0;1,6,0,0,3 | unit
REL 16,-1 19,2 23,-1 | -2,0,6,4,2;1,0,6,6,0;1,1,5,6,0;-1,5,1,0,6;-1,6,0,0,6;2,6,0,2,4 ||  || CORE -2,0,6,4,2;1,0,6,6,0;1,1,5,6,0;-1,5,1,0,6;-1,6,0,0,6;2,6,0,2,4 | live
REL 16,-1 21,2 23,1 | -2,0,6,5,1;-1,0,6,6,0;1,1,5,6,0;-1,5,1,0,6;1,6,0,0,6;2,6,0,1,5 ||  || CORE -2,0,6,5,1;-1,0,6,6,0;1,1,5,6,0;-1,5,1,0,6;1,6,0,0,6;2,6,0,1,5 | live
REL 3,-1 4,-1 5,-2 | 1,2,4,2,4;1,2,4,3,3;2,2,4,4,2;-2,4,2,2,4;-1,4,2,3,3;-1,4,2,4,2 ||  || CORE 1,0,2,0,2;1,0,2,1,1;2,0,2,2,0;-2,2,0,0,2;-1,2,0,1,1;-1,2,0,2,0 | live
REL 2,-1 17,1 23,-2 | -1,0,6,3,3;2,0,6,6,0;1,3,3,0,6;-1,3,3,6,0;-2,6,0,0,6;1,6,0,3,3 ||  || CORE -1,0,6,3,3;2,0,6,6,0;1,3,3,0,6;-1,3,3,6,0;-2,6,0,0,6;1,6,0,3,3 | live
REL 9,-1 10,-1 15,2 | -2,1,5,0,6;1,1,5,3,3;1,2,4,6,0;-1,4,2,0,6;-1,5,1,3,3;2,5,1,6,0 ||  || CORE -2,0,4,0,6;1,0,4,3,3;1,1,3,6,0;-1,3,1,0,6;-1,4,0,3,3;2,4,0,6,0 | live
REL 10,-1 11,-2 12,1 | 2,1,5,2,4;1,1,5,3,3;-1,1,5,4,2;1,5,1,2,4;-1,5,1,3,3;-2,5,1,4,2 || F 1,0,0,0,1;1,0,0,1,0 | 2,0,4,0,1;-1,0,4,1,0;1,4,0,0,1;-2,4,0,1,0 || CORE 2,0,4,0,1;-1,0,4,1,0;1,4,0,0,1;-2,4,0,1,0 | live
REL 5,-2 17,1 19,1 | -1,0,6,3,3;-1,0,6,4,2;2,2,4,4,2;-2,4,2,2,4;1,6,0,2,4;1,6,0,3,3 ||  || CORE -1,0,6,1,1;-1,0,6,2,0;2,2,4,2,0;-2,4,2,0,2;1,6,0,0,2;1,6,0,1,1 | live
REL 2,-2 14,-1 15,1 | -1,1,5,0,6;1,1,5,5,1;2,3,3,0,6;-2,3,3,6,0;-1,5,1,1,5;1,5,1,6,0 || F -1,0,0,0,1;1,0,0,1,0 | 1,0,4,0,5;1,0,4,1,4;1,0,4,2,3;1,0,4,3,2;1,0,4,4,1;-2,2,2,0,5;-2,2,2,1,4;-2,2,2,2,3;-2,2,2,3,2;-2,2,2,4,1;-2,2,2,5,0;1,4,0,1,4;1,4,0,2,3;1,4,0,3,2;1,4,0,4,1;1,4,0,5,0 || CORE 1,0,4,0,5;1,0,4,1,4;1,0,4,2,3;1,0,4,3,2;1,0,4,4,1;-2,2,2,0,5;-2,2,2,1,4;-2,2,2,2,3;-2,2,2,3,2;-2,2,2,4,1;-2,2,2,5,0;1,4,0,1,4;1,4,0,2,3;1,4,0,3,2;1,4,0,4,1;1,4,0,5,0 | live
REL 8,-2 14,-1 16,-1 | 1,1,5,5,1;1,1,5,6,0;2,2,4,0,6;-2,4,2,6,0;-1,5,1,0,6;-1,5,1,1,5 ||  || CORE 1,0,4,5,1;1,0,4,6,0;2,1,3,0,6;-2,3,1,6,0;-1,4,0,0,6;-1,4,0,1,5 | live
REL 15,-1 22,-1 23,-2 | 1,0,6,0,6;2,0,6,6,0;1,1,5,0,6;-1,5,1,6,0;-2,6,0,0,6;-1,6,0,6,0 || F -1,0,1,0,0;1,1,0,0,0 | -1,0,5,0,6;-2,0,5,6,0;-2,1,4,0,6;-2,1,4,6,0;-2,2,3,0,6;-2,2,3,6,0;-2,3,2,0,6;-2,3,2,6,0;-2,4,1,0,6;-2,4,1,6,0;-2,5,0,0,6;-1,5,0,6,0 || CORE -1,0,5,0,6;-2,0,5,6,0;-2,1,4,0,6;-2,1,4,6,0;-2,2,3,0,6;-2,2,3,6,0;-2,3,2,0,6;-2,3,2,6,0;-2,4,1,0,6;-2,4,1,6,0;-2,5,0,0,6;-1,5,0,6,0 | live
REL 6,-1 12,-2 14,-1 | 2,1,5,4,2;1,1,5,5,1;1,2,4,1,5;-1,4,2,5,1;-1,5,1,1,5;-2,5,1,2,4 ||  || CORE 2,0,4,3,1;1,0,4,4,0;1,1,3,0,4;-1,3,1,4,0;-1,4,0,0,4;-2,4,0,1,3 | live
REL 15,-1 21,2 22,1 | -1,0,6,0,6;-2,0,6,5,1;1,1,5,0,6;-1,5,1,6,0;2,6,0,1,5;1,6,0,6,0 ||  || CORE -1,0,6,0,6;-2,0,6,5,1;1,1,5,0,6;-1,5,1,6,0;2,6,0,1,5;1,6,0,6,0 | live
REL 9,-1 11,1 16,2 | -1,1,5,2,4;-2,1,5,6,0;1,2,4,6,0;-1,4,2,0,6;2,5,1,0,6;1,5,1,4,2 ||  || CORE -1,0,4,2,4;-2,0,4,6,0;1,1,3,6,0;-1,3,1,0,6;2,4,0,0,6;1,4,0,4,2 | live
REL 15,-2 20,-1 23,-1 | 1,0,6,1,5;1,0,6,6,0;2,1,5,0,6;-2,5,1,6,0;-1,6,0,0,6;-1,6,0,5,1 ||  || CORE 1,0,6,1,5;1,0,6,6,0;2,1,5,0,6;-2,5,1,6,0;-1,6,0,0,6;-1,6,0,5,1 | live
REL 1,-1 4,1 7,2 | -1,2,4,2,4;-2,2,4,5,1;1,3,3,1,5;-1,3,3,5,1;2,4,2,1,5;1,4,2,4,2 ||  || CORE -1,0,2,1,3;-2,0,2,4,0;1,1,1,0,4;-1,1,1,4,0;2,2,0,0,4;1,2,0,3,1 | live
REL 5,-1 10,-2 11,1 | -1,1,5,2,4;2,1,5,3,3;1,2,4,4,2;-1,4,2,2,4;-2,5,1,3,3;1,5,1,4,2 || F 1,0,1,0,0;1,1,0,0,0 | -1,0,3,0,2;2,0,3,1,1;1,1,2,0,2;-2,1,2,1,1;1,1,2,2,0;-1,2,1,0,2;2,2,1,1,1;-1,2,1,2,0;-2,3,0,1,1;1,3,0,2,0 || CORE -1,0,3,0,2;2,0,3,1,1;1,1,2,0,2;-2,1,2,1,1;1,1,2,2,0;-1,2,1,0,2;2,2,1,1,1;-1,2,1,2,0;-2,3,0,1,1;1,3,0,2,0 | live
REL 7,-2 13,1 14,-1 | -1,1,5,1,5;1,1,5,5,1;2,2,4,5,1;-2,4,2,1,5;-1,5,1,1,5;1,5,1,5,1 || F 1,0,1,0,0;1,1,0,0,0 | -1,0,3,0,4;1,0,3,4,0;1,1,2,0,4;1,1,2,4,0;-1,2,1,0,4;-1,2,1,4,0;-1,3,0,0,4;1,3,0,4,0 || CORE -1,0,3,0,4;1,0,3,4,0;1,1,2,0,4;1,1,2,4,0;-1,2,1,0,4;-1,2,1,4,0;-1,3,0,0,4;1,3,0,4,0 | live
REL 4,-2 8,-1 9,-1 | 1,2,4,0,6;2,2,4,2,4;1,2,4,6,0;-1,4,2,0,6;-2,4,2,4,2;-1,4,2,6,0 ||  || CORE 1,0,2,0,6;2,0,2,2,4;1,0,2,6,0;-1,2,0,0,6;-2,2,0,4,2;-1,2,0,6,0 | live
REL 9,-2 18,1 22,1 | -1,0,6,0,6;-1,0,6,2,4;2,2,4,6,0;-2,4,2,0,6;1,6,0,4,2;1,6,0,6,0 ||  || CORE -1,0,6,0,6;-1,0,6,2,4;2,2,4,6,0;-2,4,2,0,6;1,6,0,4,2;1,6,0,6,0 | live
REL 2,-2 20,1 22,1 | -1,0,6,0,6;-1,0,6,1,5;2,3,3,0,6;-2,3,3,6,0;1,6,0,5,1;1,6,0,6,0 || F 1,0,0,0,1;1,0,0,1,0 | -1,0,6,0,5;2,3,3,0,5;-2,3,3,1,4;2,3,3,2,3;-2,3,3,3,2;2,3,3,4,1;-2,3,3,5,0;1,6,0,5,0 || CORE -1,0,6,0,5;2,3,3,0,5;-2,3,3,1,4;2,3,3,2,3;-2,3,3,3,2;2,3,3,4,1;-2,3,3,5,0;1,6,0,5,0 | unit
REL 17,-1 20,1 21,2 | -1,0,6,1,5;1,0,6,3,3;-2,0,6,5,1;2,6,0,1,5;-1,6,0,3,3;1,6,0,5,1 ||  || CORE -1,0,6,0,4;1,0,6,2,2;-2,0,6,4,0;2,6,0,0,4;-1,6,0,2,2;1,6,0,4,0 | live
REL 13,-1 17,-1 20,-2 | 2,0,6,1,5;1,0,6,3,3;1,1,5,1,5;-1,5,1,5,1;-1,6,0,3,3;-2,6,0,5,1 ||  || CORE 2,0,6,0,4;1,0,6,2,2;1,1,5,0,4;-1,5,1,4,0;-1,6,0,2,2;-2,6,0,4,0 | live
REL 2,-1 18,1 22,-2 | 2,0,6,0,6;-1,0,6,2,4;1,3,3,0,6;-1,3,3,6,0;1,6,0,4,2;-2,6,0,6,0 ||  || CORE 2,0,6,0,6;-1,0,6,2,4;1,3,3,0,6;-1,3,3,6,0;1,6,0,4,2;-2,6,0,6,0 | live
REL 8,-1 12,-2 15,1 | -1,1,5,0,6;2,1,5,4,2;1,2,4,0,6;-1,4,2,6,0;-2,5,1,2,4;1,5,1,6,0 ||  || CORE -1,0,4,0,6;2,0,4,4,2;1,1,3,0,6;-1,3,1,6,0;-2,4,0,2,4;1,4,0,6,0 | live
REL 18,-1 22,-1 23,2 | 1,0,6,0,6;1,0,6,2,4;-2,0,6,6,0;2,6,0,0,6;-1,6,0,4,2;-1,6,0,6,0 || F 1,0,0,0,1;1,0,0,1,0 | 1,0,6,0,5;-1,0,6,1,4;2,0,6,2,3;-2,0,6,3,2;2,0,6,4,1;-2,0,6,5,0;2,6,0,0,5;-2,6,0,1,4;2,6,0,2,3;-2,6,0,3,2;1,6,0,4,1;-1,6,0,5,0 ## F -1,0,0,0,1;1,0,0,1,0 | -1,0,6,0,4;-2,0,6,2,2;-2,0,6,4,0;-2,6,0,0,4;-2,6,0,2,2;-1,6,0,4,0 || CORE -1,0,6,0,4;-2,0,6,2,2;-2,0,6,4,0;-2,6,0,0,4;-2,6,0,2,2;-1,6,0,4,0 | live
REL 9,-2 20,1 23,-1 | -1,0,6,1,5;1,0,6,6,0;2,2,4,6,0;-2,4,2,0,6;-1,6,0,0,6;1,6,0,5,1 ||  || CORE -1,0,6,1,5;1,0,6,6,0;2,2,4,6,0;-2,4,2,0,6;-1,6,0,0,6;1,6,0,5,1 | live
REL 15,-1 20,2 23,1 | -2,0,6,1,5;-1,0,6,6,0;1,1,5,0,6;-1,5,1,6,0;1,6,0,0,6;2,6,0,5,1 ||  || CORE -2,0,6,1,5;-1,0,6,6,0;1,1,5,0,6;-1,5,1,6,0;1,6,0,0,6;2,6,0,5,1 | live
REL 0,-1 10,-1 11,2 | -2,1,5,2,4;1,1,5,3,3;1,3,3,2,4;-1,3,3,4,2;-1,5,1,3,3;2,5,1,4,2 ||  || CORE -2,0,4,0,2;1,0,4,1,1;1,2,2,0,2;-1,2,2,2,0;-1,4,0,1,1;2,4,0,2,0 | live
REL 18,-1 22,-2 23,1 | 2,0,6,0,6;1,0,6,2,4;-1,0,6,6,0;1,6,0,0,6;-1,6,0,4,2;-2,6,0,6,0 ||  || CORE 2,0,6,0,6;1,0,6,2,4;-1,0,6,6,0;1,6,0,0,6;-1,6,0,4,2;-2,6,0,6,0 | live
REL 9,-1 13,-1 16,2 | 1,1,5,1,5;-2,1,5,6,0;1,2,4,6,0;-1,4,2,0,6;2,5,1,0,6;-1,5,1,5,1 ||  || CORE 1,0,4,1,5;-2,0,4,6,0;1,1,3,6,0;-1,3,1,0,6;2,4,0,0,6;-1,4,0,5,1 | live
REL 9,-1 13,-1 15,-2 | 2,1,5,0,6;1,1,5,1,5;1,2,4,6,0;-1,4,2,0,6;-1,5,1,5,1;-2,5,1,6,0 ||  || CORE 2,0,4,0,6;1,0,4,1,5;1,1,3,6,0;-1,3,1,0,6;-1,4,0,5,1;-2,4,0,6,0 | live
REL 9,-1 13,1 16,2 | -1,1,5,1,5;-2,1,5,6,0;1,2,4,6,0;-1,4,2,0,6;2,5,1,0,6;1,5,1,5,1 ||  || CORE -1,0,4,1,5;-2,0,4,6,0;1,1,3,6,0;-1,3,1,0,6;2,4,0,0,6;1,4,0,5,1 | live
REL 5,-1 6,-2 7,-1 | 2,2,4,1,5;1,2,4,4,2;1,2,4,5,1;-1,4,2,1,5;-1,4,2,2,4;-2,4,2,5,1 ||  || CORE 2,0,2,0,4;1,0,2,3,1;1,0,2,4,0;-1,2,0,0,4;-1,2,0,1,3;-2,2,0,4,0 | live
REL 5,-2 8,-1 9,1 | 1,2,4,0,6;2,2,4,4,2;-1,2,4,6,0;1,4,2,0,6;-2,4,2,2,4;-1,4,2,6,0 ||  || CORE 1,0,2,0,6;2,0,2,4,2;-1,0,2,6,0;1,2,0,0,6;-2,2,0,2,4;-1,2,0,6,0 | live
REL 8,-2 10,-1 16,-1 | 1,1,5,3,3;1,1,5,6,0;2,2,4,0,6;-2,4,2,6,0;-1,5,1,0,6;-1,5,1,3,3 ||  || CORE 1,0,4,3,3;1,0,4,6,0;2,1,3,0,6;-2,3,1,6,0;-1,4,0,0,6;-1,4,0,3,3 | live
REL 8,-1 11,-1 16,2 | 1,1,5,2,4;-2,1,5,6,0;1,2,4,0,6;-1,4,2,6,0;2,5,1,0,6;-1,5,1,4,2 ||  || CORE 1,0,4,2,4;-2,0,4,6,0;1,1,3,0,6;-1,3,1,6,0;2,4,0,0,6;-1,4,0,4,2 | live
REL 8,-1 10,2 15,-1 | 1,1,5,0,6;-2,1,5,3,3;1,2,4,0,6;-1,4,2,6,0;2,5,1,3,3;-1,5,1,6,0 || F 1,0,1,0,0;1,1,0,0,0 | 1,0,3,0,6;-2,0,3,3,3;2,1,2,3,3;-2,2,1,3,3;2,3,0,3,3;-1,3,0,6,0 || CORE 1,0,3,0,6;-2,0,3,3,3;2,1,2,3,3;-2,2,1,3,3;2,3,0,3,3;-1,3,0,6,0 | unit
REL 17,-1 18,-1 19,-2 | 1,0,6,2,4;1,0,6,3,3;2,0,6,4,2;-2,6,0,2,4;-1,6,0,3,3;-1,6,0,4,2 ||  || CORE 1,0,6,0,2;1,0,6,1,1;2,0,6,2,0;-2,6,0,0,2;-1,6,0,1,1;-1,6,0,2,0 | live
REL 15,-2 17,1 23,-1 | -1,0,6,3,3;1,0,6,6,0;2,1,5,0,6;-2,5,1,6,0;-1,6,0,0,6;1,6,0,3,3 ||  || CORE -1,0,6,3,3;1,0,6,6,0;2,1,5,0,6;-2,5,1,6,0;-1,6,0,0,6;1,6,0,3,3 | live
REL 2,-1 12,1 16,-2 | -1,1,5,4,2;2,1,5,6,0;1,3,3,0,6;-1,3,3,6,0;-2,5,1,0,6;1,5,1,2,4 ||  || CORE -1,0,4,4,2;2,0,4,6,0;1,2,2,0,6;-1,2,2,6,0;-2,4,0,0,6;1,4,0,2,4 | live
REL 15,-1 18,1 23,-2 | -1,0,6,2,4;2,0,6,6,0;1,1,5,0,6;-1,5,1,6,0;-2,6,0,0,6;1,6,0,4,2 ||  || CORE -1,0,6,2,4;2,0,6,6,0;1,1,5,0,6;-1,5,1,6,0;-2,6,0,0,6;1,6,0,4,2 | live
REL 5,-1 6,2 7,-1 | -2,2,4,1,5;1,2,4,4,2;1,2,4,5,1;-1,4,2,1,5;-1,4,2,2,4;2,4,2,5,1 || F -1,0,0,0,1;1,0,0,1,0 | 2,0,2,0,3;2,0,2,1,2;2,0,2,2,1;1,0,2,3,0;1,2,0,0,3;2,2,0,1,2;2,2,0,2,1;2,2,0,3,0 || CORE 2,0,2,0,3;2,0,2,1,2;2,0,2,2,1;1,0,2,3,0;1,2,0,0,3;2,2,0,1,2;2,2,0,2,1;2,2,0,3,0 | live
REL 10,-1 13,2 14,-1 | -2,1,5,1,5;1,1,5,3,3;1,1,5,5,1;-1,5,1,1,5;-1,5,1,3,3;2,5,1,5,1 || F 1,0,0,0,1;1,0,0,1,0 | -2,0,4,0,3;2,0,4,1,2;-1,0,4,2,1;1,0,4,3,0;-1,4,0,0,3;1,4,0,1,2;-2,4,0,2,1;2,4,0,3,0 ## F -1,0,0,0,1;1,0,0,1,0 | 2,0,4,0,2;1,0,4,2,0;1,4,0,0,2;2,4,0,2,0 || CORE 2,0,4,0,2;1,0,4,2,0;1,4,0,0,2;2,4,0,2,0 | live
REL 8,-1 22,1 23,2 | -1,0,6,0,6;-2,0,6,6,0;1,2,4,0,6;-1,4,2,6,0;2,6,0,0,6;1,6,0,6,0 ||  || CORE -1,0,6,0,6;-2,0,6,6,0;1,2,4,0,6;-1,4,2,6,0;2,6,0,0,6;1,6,0,6,0 | live
REL 0,-2 22,-1 23,1 | 1,0,6,0,6;-1,0,6,6,0;2,3,3,2,4;-2,3,3,4,2;1,6,0,0,6;-1,6,0,6,0 || F 1,0,0,0,1;1,0,0,1,0 | 1,0,6,0,5;-1,0,6,1,4;1,0,6,2,3;-1,0,6,3,2;1,0,6,4,1;-1,0,6,5,0;2,3,3,2,3;-2,3,3,3,2;1,6,0,0,5;-1,6,0,1,4;1,6,0,2,3;-1,6,0,3,2;1,6,0,4,1;-1,6,0,5,0 ## F -1,0,0,0,1;1,0,0,1,0 | -1,0,6,0,4;-1,0,6,2,2;-1,0,6,4,0;-2,3,3,2,2;-1,6,0,0,4;-1,6,0,2,2;-1,6,0,4,0 || CORE -1,0,6,0,4;-1,0,6,2,2;-1,0,6,4,0;-2,3,3,2,2;-1,6,0,0,4;-1,6,0,2,2;-1,6,0,4,0 | live
REL 12,-2 18,1 19,1 | -1,0,6,2,4;-1,0,6,4,2;2,1,5,4,2;-2,5,1,2,4;1,6,0,2,4;1,6,0,4,2 ||  || CORE -1,0,6,0,2;-1,0,6,2,0;2,1,5,2,0;-2,5,1,0,2;1,6,0,0,2;1,6,0,2,0 | live
REL 2,-1 17,1 23,2 | -1,0,6,3,3;-2,0,6,6,0;1,3,3,0,6;-1,3,3,6,0;2,6,0,0,6;1,6,0,3,3 ||  || CORE -1,0,6,3,3;-2,0,6,6,0;1,3,3,0,6;-1,3,3,6,0;2,6,0,0,6;1,6,0,3,3 | live
REL 1,-1 20,2 21,1 | -2,0,6,1,5;-1,0,6,5,1;1,3,3,1,5;-1,3,3,5,1;1,6,0,1,5;2,6,0,5,1 || F -1,0,1,0,0;1,1,0,0,0 | 2,0,5,0,4;1,0,5,4,0;2,1,4,0,4;1,1,4,4,0;2,2,3,0,4;1,2,3,4,0;1,3,2,0,4;2,3,2,4,0;1,4,1,0,4;2,4,1,4,0;1,5,0,0,4;2,5,0,4,0 ## F 1,0,2,0,0;1,1,1,0,0;1,2,0,0,0 | 2,0,3,0,4;1,0,3,4,0;1,3,0,0,4;2,3,0,4,0 || CORE 2,0,3,0,4;1,0,3,4,0;1,3,0,0,4;2,3,0,4,0 | live
REL 4,-1 18,1 19,2 | -1,0,6,2,4;-2,0,6,4,2;1,2,4,2,4;-1,4,2,4,2;2,6,0,2,4;1,6,0,4,2 ||  || CORE -1,0,6,0,2;-2,0,6,2,0;1,2,4,0,2;-1,4,2,2,0;2,6,0,0,2;1,6,0,2,0 | live
REL 2,-2 4,1 8,1 | -1,2,4,0,6;-1,2,4,2,4;2,3,3,0,6;-2,3,3,6,0;1,4,2,4,2;1,4,2,6,0 ||  || CORE -1,0,2,0,6;-1,0,2,2,4;2,1,1,0,6;-2,1,1,6,0;1,2,0,4,2;1,2,0,6,0 | live
REL 4,-1 10,2 11,-1 | 1,1,5,2,4;-2,1,5,3,3;1,2,4,2,4;-1,4,2,4,2;2,5,1,3,3;-1,5,1,4,2 || F 1,0,1,0,0;1,1,0,0,0 | 1,0,3,0,2;-2,0,3,1,1;2,1,2,1,1;-2,2,1,1,1;2,3,0,1,1;-1,3,0,2,0 || CORE 1,0,3,0,2;-2,0,3,1,1;2,1,2,1,1;-2,2,1,1,1;2,3,0,1,1;-1,3,0,2,0 | unit
REL 15,-2 18,-1 23,-1 | 1,0,6,2,4;1,0,6,6,0;2,1,5,0,6;-2,5,1,6,0;-1,6,0,0,6;-1,6,0,4,2 ||  || CORE 1,0,6,2,4;1,0,6,6,0;2,1,5,0,6;-2,5,1,6,0;-1,6,0,0,6;-1,6,0,4,2 | live
REL 2,-1 5,-1 9,-2 | 1,2,4,4,2;2,2,4,6,0;1,3,3,0,6;-1,3,3,6,0;-2,4,2,0,6;-1,4,2,2,4 ||  || CORE 1,0,2,4,2;2,0,2,6,0;1,1,1,0,6;-1,1,1,6,0;-2,2,0,0,6;-1,2,0,2,4 | live
REL 6,-2 15,1 16,-1 | -1,1,5,0,6;1,1,5,6,0;2,2,4,1,5;-2,4,2,5,1;-1,5,1,0,6;1,5,1,6,0 ||  || CORE -1,0,4,0,6;1,0,4,6,0;2,1,3,1,5;-2,3,1,5,1;-1,4,0,0,6;1,4,0,6,0 | live
REL 9,-1 13,1 16,-2 | -1,1,5,1,5;2,1,5,6,0;1,2,4,6,0;-1,4,2,0,6;-2,5,1,0,6;1,5,1,5,1 ||  || CORE -1,0,4,1,5;2,0,4,6,0;1,1,3,6,0;-1,3,1,0,6;-2,4,0,0,6;1,4,0,5,1 | live
REL 7,-1 17,-2 21,1 | 2,0,6,3,3;-1,0,6,5,1;1,2,4,5,1;-1,4,2,1,5;1,6,0,1,5;-2,6,0,3,3 || F 1,0,1,0,0;1,1,0,0,0 | 2,0,5,2,2;-1,0,5,4,0;-2,1,4,2,2;1,1,4,4,0;2,2,3,2,2;-2,3,2,2,2;-1,4,1,0,4;2,4,1,2,2;1,5,0,0,4;-2,5,0,2,2 ## F -1,0,1,0,0;1,1,0,0,0 | -2,0,4,2,2;1,0,4,4,0;-2,2,2,2,2;1,4,0,0,4;-2,4,0,2,2 || CORE -2,0,4,2,2;1,0,4,4,0;-2,2,2,2,2;1,4,0,0,4;-2,4,0,2,2 | unit
REL 9,-1 15,-2 16,-1 | 2,1,5,0,6;1,1,5,6,0;1,2,4,6,0;-1,4,2,0,6;-1,5,1,0,6;-2,5,1,6,0 || F -1,0,1,0,0;1,1,0,0,0 | -2,0,3,0,6;-1,0,3,6,0;-2,1,2,0,6;-2,1,2,6,0;-2,2,1,0,6;-2,2,1,6,0;-1,3,0,0,6;-2,3,0,6,0 || CORE -2,0,3,0,6;-1,0,3,6,0;-2,1,2,0,6;-2,1,2,6,0;-2,2,1,0,6;-2,2,1,6,0;-1,3,0,0,6;-2,3,0,6,0 | live
REL 6,-1 17,2 21,-1 | -2,0,6,3,3;1,0,6,5,1;1,2,4,1,5;-1,4,2,5,1;-1,6,0,1,5;2,6,0,3,3 || F 1,0,1,0,0;1,1,0,0,0 | -2,0,5,2,2;1,0,5,4,0;2,1,4,2,2;-1,1,4,4,0;1,2,3,0,4;-2,2,3,2,2;1,2,3,4,0;-1,3,2,0,4;2,3,2,2,2;-1,3,2,4,0;1,4,1,0,4;-2,4,1,2,2;-1,5,0,0,4;2,5,0,2,2 ## F -1,0,1,0,0;1,1,0,0,0 | 2,0,4,2,2;-1,0,4,4,0;-1,2,2,0,4;2,2,2,2,2;-1,2,2,4,0;-1,4,0,0,4;2,4,0,2,2 || CORE 2,0,4,2,2;-1,0,4,4,0;-1,2,2,0,4;2,2,2,2,2;-1,2,2,4,0;-1,4,0,0,4;2,4,0,2,2 | live
REL 7,-1 8,2 9,-1 | -2,2,4,0,6;1,2,4,5,1;1,2,4,6,0;-1,4,2,0,6;-1,4,2,1,5;2,4,2,6,0 || F -1,0,0,0,1;1,0,0,1,0 | 2,0,2,0,5;2,0,2,1,4;2,0,2,2,3;2,0,2,3,2;2,0,2,4,1;1,0,2,5,0;1,2,0,0,5;2,2,0,1,4;2,2,0,2,3;2,2,0,3,2;2,2,0,4,1;2,2,0,5,0 || CORE 2,0,2,0,5;2,0,2,1,4;2,0,2,2,3;2,0,2,3,2;2,0,2,4,1;1,0,2,5,0;1,2,0,0,5;2,2,0,1,4;2,2,0,2,3;2,2,0,3,2;2,2,0,4,1;2,2,0,5,0 | live
REL 0,-2 20,1 21,1 | -1,0,6,1,5;-1,0,6,5,1;2,3,3,2,4;-2,3,3,4,2;1,6,0,1,5;1,6,0,5,1 ||  || CORE -1,0,6,0,4;-1,0,6,4,0;2,3,3,1,3;-2,3,3,3,1;1,6,0,0,4;1,6,0,4,0 | live
REL 8,-2 10,1 16,-1 | -1,1,5,3,3;1,1,5,6,0;2,2,4,0,6;-2,4,2,6,0;-1,5,1,0,6;1,5,1,3,3 ||  || CORE -1,0,4,3,3;1,0,4,6,0;2,1,3,0,6;-2,3,1,6,0;-1,4,0,0,6;1,4,0,3,3 | live
REL 2,-1 17,-2 22,-1 | 1,0,6,0,6;2,0,6,3,3;1,3,3,0,6;-1,3,3,6,0;-2,6,0,3,3;-1,6,0,6,0 || F 1,0,1,0,0;1,1,0,0,0 | 1,0,5,0,6;2,0,5,3,3;-1,1,4,0,6;-2,1,4,3,3;1,2,3,0,6;2,2,3,3,3;-2,3,2,3,3;-1,3,2,6,0;2,4,1,3,3;1,4,1,6,0;-2,5,0,3,3;-1,5,0,6,0 ## F 1,0,2,0,0;-1,1,1,0,0;1,2,0,0,0 | 1,0,3,0,6;2,0,3,3,3;-2,3,0,3,3;-1,3,0,6,0 || CORE 1,0,3,0,6;2,0,3,3,3;-2,3,0,3,3;-1,3,0,6,0 | unit
REL 4,-2 6,-1 7,-1 | 1,2,4,1,5;2,2,4,2,4;1,2,4,5,1;-1,4,2,1,5;-2,4,2,4,2;-1,4,2,5,1 || F 1,0,0,0,1;1,0,0,1,0 | 1,0,2,0,3;1,0,2,1,2;-1,0,2,2,1;1,0,2,3,0;-1,2,0,0,3;1,2,0,1,2;-1,2,0,2,1;-1,2,0,3,0 || CORE 1,0,2,0,3;1,0,2,1,2;-1,0,2,2,1;1,0,2,3,0;-1,2,0,0,3;1,2,0,1,2;-1,2,0,2,1;-1,2,0,3,0 | live
REL 1,-2 17,-1 20,-1 | 1,0,6,1,5;1,0,6,3,3;2,3,3,1,5;-2,3,3,5,1;-1,6,0,3,3;-1,6,0,5,1 || F 1,0,0,0,2;1,0,0,2,0 | 1,0,6,0,2;2,3,3,0,2;-2,3,3,2,0;-1,6,0,2,0 || CORE 1,0,6,0,2;2,3,3,0,2;-2,3,3,2,0;-1,6,0,2,0 | unit
REL 6,-1 13,1 14,-2 | -1,1,5,1,5;2,1,5,5,1;1,2,4,1,5;-1,4,2,5,1;-2,5,1,1,5;1,5,1,5,1 ||  || CORE -1,0,4,0,4;2,0,4,4,0;1,1,3,0,4;-1,3,1,4,0;-2,4,0,0,4;1,4,0,4,0 | live
REL 6,-2 22,1 23,1 | -1,0,6,0,6;-1,0,6,6,0;2,2,4,1,5;-2,4,2,5,1;1,6,0,0,6;1,6,0,6,0 ||  || CORE -1,0,6,0,6;-1,0,6,6,0;2,2,4,1,5;-2,4,2,5,1;1,6,0,0,6;1,6,0,6,0 | live
REL 3,-1 4,-1 5,2 | 1,2,4,2,4;1,2,4,3,3;-2,2,4,4,2;2,4,2,2,4;-1,4,2,3,3;-1,4,2,4,2 || F -1,0,0,0,1;1,0,0,1,0 | -1,0,2,0,1;-2,0,2,1,0;-2,2,0,0,1;-1,2,0,1,0 || CORE -1,0,2,0,1;-2,0,2,1,0;-2,2,0,0,1;-1,2,0,1,0 | live
REL 9,-2 10,1 16,-1 | -1,1,5,3,3;1,1,5,6,0;2,2,4,6,0;-2,4,2,0,6;-1,5,1,0,6;1,5,1,3,3 ||  || CORE -1,0,4,3,3;1,0,4,6,0;2,1,3,6,0;-2,3,1,0,6;-1,4,0,0,6;1,4,0,3,3 | live
REL 1,-1 18,-1 21,2 | 1,0,6,2,4;-2,0,6,5,1;1,3,3,1,5;-1,3,3,5,1;2,6,0,1,5;-1,6,0,4,2 ||  || CORE 1,0,6,1,3;-2,0,6,4,0;1,3,3,0,4;-1,3,3,4,0;2,6,0,0,4;-1,6,0,3,1 | live
REL 8,-2 20,-1 23,1 | 1,0,6,1,5;-1,0,6,6,0;2,2,4,0,6;-2,4,2,6,0;1,6,0,0,6;-1,6,0,5,1 ||  || CORE 1,0,6,1,5;-1,0,6,6,0;2,2,4,0,6;-2,4,2,6,0;1,6,0,0,6;-1,6,0,5,1 | live
REL 8,-2 11,-1 15,1 | -1,1,5,0,6;1,1,5,2,4;2,2,4,0,6;-2,4,2,6,0;-1,5,1,4,2;1,5,1,6,0 ||  || CORE -1,0,4,0,6;1,0,4,2,4;2,1,3,0,6;-2,3,1,6,0;-1,4,0,4,2;1,4,0,6,0 | live
REL 2,-1 6,2 8,1 | -1,2,4,0,6;-2,2,4,1,5;1,3,3,0,6;-1,3,3,6,0;2,4,2,5,1;1,4,2,6,0 ||  || CORE -1,0,2,0,6;-2,0,2,1,5;1,1,1,0,6;-1,1,1,6,0;2,2,0,5,1;1,2,0,6,0 | live
REL 8,-1 20,1 23,2 | -1,0,6,1,5;-2,0,6,6,0;1,2,4,0,6;-1,4,2,6,0;2,6,0,0,6;1,6,0,5,1 ||  || CORE -1,0,6,1,5;-2,0,6,6,0;1,2,4,0,6;-1,4,2,6,0;2,6,0,0,6;1,6,0,5,1 | live
REL 15,-1 20,-2 22,-1 | 1,0,6,0,6;2,0,6,1,5;1,1,5,0,6;-1,5,1,6,0;-2,6,0,5,1;-1,6,0,6,0 ||  || CORE 1,0,6,0,6;2,0,6,1,5;1,1,5,0,6;-1,5,1,6,0;-2,6,0,5,1;-1,6,0,6,0 | live
REL 8,-1 20,1 22,-2 | 2,0,6,0,6;-1,0,6,1,5;1,2,4,0,6;-1,4,2,6,0;1,6,0,5,1;-2,6,0,6,0 ||  || CORE 2,0,6,0,6;-1,0,6,1,5;1,2,4,0,6;-1,4,2,6,0;1,6,0,5,1;-2,6,0,6,0 | live
REL 6,-1 8,1 9,2 | -1,2,4,0,6;1,2,4,1,5;-2,2,4,6,0;2,4,2,0,6;-1,4,2,5,1;1,4,2,6,0 ||  || CORE -1,0,2,0,6;1,0,2,1,5;-2,0,2,6,0;2,2,0,0,6;-1,2,0,5,1;1,2,0,6,0 | live
REL 9,-2 14,1 15,1 | -1,1,5,0,6;-1,1,5,5,1;2,2,4,6,0;-2,4,2,0,6;1,5,1,1,5;1,5,1,6,0 ||  || CORE -1,0,4,0,6;-1,0,4,5,1;2,1,3,6,0;-2,3,1,0,6;1,4,0,1,5;1,4,0,6,0 | live
REL 9,-1 20,2 23,-1 | -2,0,6,1,5;1,0,6,6,0;1,2,4,6,0;-1,4,2,0,6;-1,6,0,0,6;2,6,0,5,1 ||  || CORE -2,0,6,1,5;1,0,6,6,0;1,2,4,6,0;-1,4,2,0,6;-1,6,0,0,6;2,6,0,5,1 | live
REL 2,-1 14,-1 16,-2 | 1,1,5,5,1;2,1,5,6,0;1,3,3,0,6;-1,3,3,6,0;-2,5,1,0,6;-1,5,1,1,5 ||  || CORE 1,0,4,5,1;2,0,4,6,0;1,2,2,0,6;-1,2,2,6,0;-2,4,0,0,6;-1,4,0,1,5 | live
REL 9,-1 14,2 16,-1 | -2,1,5,5,1;1,1,5,6,0;1,2,4,6,0;-1,4,2,0,6;-1,5,1,0,6;2,5,1,1,5 ||  || CORE -2,0,4,5,1;1,0,4,6,0;1,1,3,6,0;-1,3,1,0,6;-1,4,0,0,6;2,4,0,1,5 | live
REL 9,-2 19,1 22,1 | -1,0,6,0,6;-1,0,6,4,2;2,2,4,6,0;-2,4,2,0,6;1,6,0,2,4;1,6,0,6,0 ||  || CORE -1,0,6,0,6;-1,0,6,4,2;2,2,4,6,0;-2,4,2,0,6;1,6,0,2,4;1,6,0,6,0 | live
REL 8,-1 20,-1 22,-2 | 2,0,6,0,6;1,0,6,1,5;1,2,4,0,6;-1,4,2,6,0;-1,6,0,5,1;-2,6,0,6,0 ||  || CORE 2,0,6,0,6;1,0,6,1,5;1,2,4,0,6;-1,4,2,6,0;-1,6,0,5,1;-2,6,0,6,0 | live
REL 1,-1 11,2 14,1 | -2,1,5,2,4;-1,1,5,5,1;1,3,3,1,5;-1,3,3,5,1;1,5,1,1,5;2,5,1,4,2 ||  || CORE -2,0,4,1,3;-1,0,4,4,0;1,2,2,0,4;-1,2,2,4,0;1,4,0,0,4;2,4,0,3,1 | live
REL 16,-1 17,-2 23,1 | 2,0,6,3,3;-1,0,6,6,0;1,1,5,6,0;-1,5,1,0,6;1,6,0,0,6;-2,6,0,3,3 || F -1,0,1,0,0;1,1,0,0,0 | -2,0,5,3,3;1,0,5,6,0;-2,1,4,3,3;-2,2,3,3,3;-2,3,2,3,3;-2,4,1,3,3;1,5,0,0,6;-2,5,0,3,3 || CORE -2,0,5,3,3;1,0,5,6,0;-2,1,4,3,3;-2,2,3,3,3;-2,3,2,3,3;-2,4,1,3,3;1,5,0,0,6;-2,5,0,3,3 | unit
REL 1,-1 3,-2 6,1 | -1,2,4,1,5;2,2,4,3,3;1,3,3,1,5;-1,3,3,5,1;-2,4,2,3,3;1,4,2,5,1 || F -1,0,1,0,0;1,1,0,0,0 | 1,0,1,0,4;-2,0,1,2,2;-2,1,0,2,2;1,1,0,4,0 || CORE 1,0,1,0,4;-2,0,1,2,2;-2,1,0,2,2;1,1,0,4,0 | unit
REL 7,-1 10,-1 14,2 | 1,1,5,3,3;-2,1,5,5,1;1,2,4,5,1;-1,4,2,1,5;2,5,1,1,5;-1,5,1,3,3 ||  || CORE 1,0,4,2,2;-2,0,4,4,0;1,1,3,4,0;-1,3,1,0,4;2,4,0,0,4;-1,4,0,2,2 | live
REL 7,-1 17,1 20,2 | -2,0,6,1,5;-1,0,6,3,3;1,2,4,5,1;-1,4,2,1,5;1,6,0,3,3;2,6,0,5,1 ||  || CORE -2,0,6,0,4;-1,0,6,2,2;1,2,4,4,0;-1,4,2,0,4;1,6,0,2,2;2,6,0,4,0 | live
REL 8,-2 20,1 23,1 | -1,0,6,1,5;-1,0,6,6,0;2,2,4,0,6;-2,4,2,6,0;1,6,0,0,6;1,6,0,5,1 ||  || CORE -1,0,6,1,5;-1,0,6,6,0;2,2,4,0,6;-2,4,2,6,0;1,6,0,0,6;1,6,0,5,1 | live
REL 5,-2 20,-1 21,-1 | 1,0,6,1,5;1,0,6,5,1;2,2,4,4,2;-2,4,2,2,4;-1,6,0,1,5;-1,6,0,5,1 ||  || CORE 1,0,6,0,4;1,0,6,4,0;2,2,4,3,1;-2,4,2,1,3;-1,6,0,0,4;-1,6,0,4,0 | live
REL 7,-1 11,-1 13,-2 | 2,1,5,1,5;1,1,5,2,4;1,2,4,5,1;-1,4,2,1,5;-1,5,1,4,2;-2,5,1,5,1 ||  || CORE 2,0,4,0,4;1,0,4,1,3;1,1,3,4,0;-1,3,1,0,4;-1,4,0,3,1;-2,4,0,4,0 | live
REL 8,-2 10,1 16,1 | -1,1,5,3,3;-1,1,5,6,0;2,2,4,0,6;-2,4,2,6,0;1,5,1,0,6;1,5,1,3,3 ||  || CORE -1,0,4,3,3;-1,0,4,6,0;2,1,3,0,6;-2,3,1,6,0;1,4,0,0,6;1,4,0,3,3 | live
REL 3,-2 13,-1 14,-1 | 1,1,5,1,5;1,1,5,5,1;2,2,4,3,3;-2,4,2,3,3;-1,5,1,1,5;-1,5,1,5,1 || F 1,0,1,0,0;1,1,0,0,0 | 1,0,3,0,4;1,0,3,4,0;-1,1,2,0,4;2,1,2,2,2;-1,1,2,4,0;1,2,1,0,4;-2,2,1,2,2;1,2,1,4,0;-1,3,0,0,4;-1,3,0,4,0 ## F -1,0,1,0,0;1,1,0,0,0 | -1,0,2,0,4;-1,0,2,4,0;-2,1,1,2,2;-1,2,0,0,4;-1,2,0,4,0 || CORE -1,0,2,0,4;-1,0,2,4,0;-2,1,1,2,2;-1,2,0,0,4;-1,2,0,4,0 | live
REL 9,-2 10,-1 16,1 | 1,1,5,3,3;-1,1,5,6,0;2,2,4,6,0;-2,4,2,0,6;1,5,1,0,6;-1,5,1,3,3 ||  || CORE 1,0,4,3,3;-1,0,4,6,0;2,1,3,6,0;-2,3,1,0,6;1,4,0,0,6;-1,4,0,3,3 | live
REL 0,-1 4,-1 5,2 | 1,2,4,2,4;-2,2,4,4,2;1,3,3,2,4;-1,3,3,4,2;2,4,2,2,4;-1,4,2,4,2 ||  || CORE 1,0,2,0,2;-2,0,2,2,0;1,1,1,0,2;-1,1,1,2,0;2,2,0,0,2;-1,2,0,2,0 | live
REL 10,-1 13,-1 14,-2 | 1,1,5,1,5;1,1,5,3,3;2,1,5,5,1;-2,5,1,1,5;-1,5,1,3,3;-1,5,1,5,1 ||  || CORE 1,0,4,0,4;1,0,4,2,2;2,0,4,4,0;-2,4,0,0,4;-1,4,0,2,2;-1,4,0,4,0 | live
REL 2,-1 3,2 8,-1 | 1,2,4,0,6;-2,2,4,3,3;1,3,3,0,6;-1,3,3,6,0;2,4,2,3,3;-1,4,2,6,0 || F 1,0,1,0,0;1,1,0,0,0 | 1,0,1,0,6;-2,0,1,3,3;2,1,0,3,3;-1,1,0,6,0 || CORE 1,0,1,0,6;-2,0,1,3,3;2,1,0,3,3;-1,1,0,6,0 | unit
REL 1,-2 15,1 16,1 | -1,1,5,0,6;-1,1,5,6,0;2,3,3,1,5;-2,3,3,5,1;1,5,1,0,6;1,5,1,6,0 || F 1,0,0,0,2;1,0,0,2,0 | -1,0,4,0,4;1,0,4,2,2;-1,0,4,4,0;2,2,2,1,3;-2,2,2,3,1;1,4,0,0,4;-1,4,0,2,2;1,4,0,4,0 || CORE -1,0,4,0,4;1,0,4,2,2;-1,0,4,4,0;2,2,2,1,3;-2,2,2,3,1;1,4,0,0,4;-1,4,0,2,2;1,4,0,4,0 | live
REL 9,-1 10,2 16,-1 | -2,1,5,3,3;1,1,5,6,0;1,2,4,6,0;-1,4,2,0,6;-1,5,1,0,6;2,5,1,3,3 || F 1,0,1,0,0;1,1,0,0,0 | -2,0,3,3,3;1,0,3,6,0;2,1,2,3,3;-2,2,1,3,3;-1,3,0,0,6;2,3,0,3,3 || CORE -2,0,3,3,3;1,0,3,6,0;2,1,2,3,3;-2,2,1,3,3;-1,3,0,0,6;2,3,0,3,3 | unit
REL 5,-1 8,1 9,-2 | -1,2,4,0,6;1,2,4,4,2;2,2,4,6,0;-2,4,2,0,6;-1,4,2,2,4;1,4,2,6,0 ||  || CORE -1,0,2,0,6;1,0,2,4,2;2,0,2,6,0;-2,2,0,0,6;-1,2,0,2,4;1,2,0,6,0 | live
REL 11,-2 18,1 19,1 | -1,0,6,2,4;-1,0,6,4,2;2,1,5,2,4;-2,5,1,4,2;1,6,0,2,4;1,6,0,4,2 ||  || CORE -1,0,6,0,2;-1,0,6,2,0;2,1,5,0,2;-2,5,1,2,0;1,6,0,0,2;1,6,0,2,0 | live
REL 1,-1 4,2 6,-1 | 1,2,4,1,5;-2,2,4,2,4;1,3,3,1,5;-1,3,3,5,1;2,4,2,4,2;-1,4,2,5,1 ||  || CORE 1,0,2,0,4;-2,0,2,1,3;1,1,1,0,4;-1,1,1,4,0;2,2,0,3,1;-1,2,0,4,0 | live
REL 15,-2 18,1 23,1 | -1,0,6,2,4;-1,0,6,6,0;2,1,5,0,6;-2,5,1,6,0;1,6,0,0,6;1,6,0,4,2 ||  || CORE -1,0,6,2,4;-1,0,6,6,0;2,1,5,0,6;-2,5,1,6,0;1,6,0,0,6;1,6,0,4,2 | live
REL 7,-1 10,-1 13,2 | -2,1,5,1,5;1,1,5,3,3;1,2,4,5,1;-1,4,2,1,5;-1,5,1,3,3;2,5,1,5,1 ||  || CORE -2,0,4,0,4;1,0,4,2,2;1,1,3,4,0;-1,3,1,0,4;-1,4,0,2,2;2,4,0,4,0 | live
REL 10,-1 15,2 16,-1 | -2,1,5,0,6;1,1,5,3,3;1,1,5,6,0;-1,5,1,0,6;-1,5,1,3,3;2,5,1,6,0 || F -1,0,0,0,1;1,0,0,1,0 | 2,0,4,0,5;2,0,4,1,4;2,0,4,2,3;1,0,4,3,2;1,0,4,4,1;1,0,4,5,0;1,4,0,0,5;1,4,0,1,4;1,4,0,2,3;2,4,0,3,2;2,4,0,4,1;2,4,0,5,0 ## F 1,0,0,0,2;1,0,0,1,1;1,0,0,2,0 | 2,0,4,0,3;1,0,4,3,0;1,4,0,0,3;2,4,0,3,0 || CORE 2,0,4,0,3;1,0,4,3,0;1,4,0,0,3;2,4,0,3,0 | live
REL 14,-2 20,1 21,1 | -1,0,6,1,5;-1,0,6,5,1;2,1,5,5,1;-2,5,1,1,5;1,6,0,1,5;1,6,0,5,1 ||  || CORE -1,0,6,0,4;-1,0,6,4,0;2,1,5,4,0;-2,5,1,0,4;1,6,0,0,4;1,6,0,4,0 | live
REL 1,-2 4,-1 7,-1 | 1,2,4,2,4;1,2,4,5,1;2,3,3,1,5;-2,3,3,5,1;-1,4,2,1,5;-1,4,2,4,2 || F 1,0,0,0,1;1,0,0,1,0 | 1,0,2,1,2;-1,0,2,2,1;1,0,2,3,0;2,1,1,0,3;-2,1,1,1,2;2,1,1,2,1;-2,1,1,3,0;-1,2,0,0,3;1,2,0,1,2;-1,2,0,2,1 || CORE 1,0,2,1,2;-1,0,2,2,1;1,0,2,3,0;2,1,1,0,3;-2,1,1,1,2;2,1,1,2,1;-2,1,1,3,0;-1,2,0,0,3;1,2,0,1,2;-1,2,0,2,1 | live
REL 1,-1 18,2 20,1 | -1,0,6,1,5;-2,0,6,2,4;1,3,3,1,5;-1,3,3,5,1;2,6,0,4,2;1,6,0,5,1 ||  || CORE -1,0,6,0,4;-2,0,6,1,3;1,3,3,0,4;-1,3,3,4,0;2,6,0,3,1;1,6,0,4,0 | live
REL 9,-1 18,-1 22,2 | -2,0,6,0,6;1,0,6,2,4;1,2,4,6,0;-1,4,2,0,6;-1,6,0,4,2;2,6,0,6,0 ||  || CORE -2,0,6,0,6;1,0,6,2,4;1,2,4,6,0;-1,4,2,0,6;-1,6,0,4,2;2,6,0,6,0 | live
REL 18,-1 20,-1 21,2 | 1,0,6,1,5;1,0,6,2,4;-2,0,6,5,1;2,6,0,1,5;-1,6,0,4,2;-1,6,0,5,1 || F -1,0,0,0,1;1,0,0,1,0 | -1,0,6,0,3;-2,0,6,1,2;-2,0,6,2,1;-2,0,6,3,0;-2,6,0,0,3;-2,6,0,1,2;-2,6,0,2,1;-1,6,0,3,0 || CORE -1,0,6,0,3;-2,0,6,1,2;-2,0,6,2,1;-2,0,6,3,0;-2,6,0,0,3;-2,6,0,1,2;-2,6,0,2,1;-1,6,0,3,0 | live
REL 6,-2 10,1 13,1 | -1,1,5,1,5;-1,1,5,3,3;2,2,4,1,5;-2,4,2,5,1;1,5,1,3,3;1,5,1,5,1 ||  || CORE -1,0,4,0,4;-1,0,4,2,2;2,1,3,0,4;-2,3,1,4,0;1,4,0,2,2;1,4,0,4,0 | live
REL 7,-1 13,-2 14,1 | 2,1,5,1,5;-1,1,5,5,1;1,2,4,5,1;-1,4,2,1,5;1,5,1,1,5;-2,5,1,5,1 ||  || CORE 2,0,4,0,4;-1,0,4,4,0;1,1,3,4,0;-1,3,1,0,4;1,4,0,0,4;-2,4,0,4,0 | live
REL 2,-2 20,-1 23,1 | 1,0,6,1,5;-1,0,6,6,0;2,3,3,0,6;-2,3,3,6,0;1,6,0,0,6;-1,6,0,5,1 || F -1,0,0,0,1;1,0,0,1,0 | -1,0,6,1,4;-1,0,6,2,3;-1,0,6,3,2;-1,0,6,4,1;-1,0,6,5,0;-2,3,3,0,5;-2,3,3,1,4;-2,3,3,2,3;-2,3,3,3,2;-2,3,3,4,1;-2,3,3,5,0;-1,6,0,0,5;-1,6,0,1,4;-1,6,0,2,3;-1,6,0,3,2;-1,6,0,4,1 || CORE -1,0,6,1,4;-1,0,6,2,3;-1,0,6,3,2;-1,0,6,4,1;-1,0,6,5,0;-2,3,3,0,5;-2,3,3,1,4;-2,3,3,2,3;-2,3,3,3,2;-2,3,3,4,1;-2,3,3,5,0;-1,6,0,0,5;-1,6,0,1,4;-1,6,0,2,3;-1,6,0,3,2;-1,6,0,4,1 | live
REL 16,-1 21,-2 22,1 | -1,0,6,0,6;2,0,6,5,1;1,1,5,6,0;-1,5,1,0,6;-2,6,0,1,5;1,6,0,6,0 ||  || CORE -1,0,6,0,6;2,0,6,5,1;1,1,5,6,0;-1,5,1,0,6;-2,6,0,1,5;1,6,0,6,0 | live
REL 15,-2 17,1 22,1 | -1,0,6,0,6;-1,0,6,3,3;2,1,5,0,6;-2,5,1,6,0;1,6,0,3,3;1,6,0,6,0 ||  || CORE -1,0,6,0,6;-1,0,6,3,3;2,1,5,0,6;-2,5,1,6,0;1,6,0,3,3;1,6,0,6,0 | live
REL 8,-2 15,-1 16,-1 | 1,1,5,0,6;1,1,5,6,0;2,2,4,0,6;-2,4,2,6,0;-1,5,1,0,6;-1,5,1,6,0 ||  || CORE 1,0,4,0,6;1,0,4,6,0;2,1,3,0,6;-2,3,1,6,0;-1,4,0,0,6;-1,4,0,6,0 | live
REL 13,-1 20,-1 21,-2 | 1,0,6,1,5;2,0,6,5,1;1,1,5,1,5;-1,5,1,5,1;-2,6,0,1,5;-1,6,0,5,1 || F -1,0,1,0,0;1,1,0,0,0 | -1,0,5,0,4;-2,0,5,4,0;-2,1,4,0,4;-2,1,4,4,0;-2,2,3,0,4;-2,2,3,4,0;-2,3,2,0,4;-2,3,2,4,0;-2,4,1,0,4;-2,4,1,4,0;-2,5,0,0,4;-1,5,0,4,0 || CORE -1,0,5,0,4;-2,0,5,4,0;-2,1,4,0,4;-2,1,4,4,0;-2,2,3,0,4;-2,2,3,4,0;-2,3,2,0,4;-2,3,2,4,0;-2,4,1,0,4;-2,4,1,4,0;-2,5,0,0,4;-1,5,0,4,0 | live
REL 2,-1 5,2 8,-1 | 1,2,4,0,6;-2,2,4,4,2;1,3,3,0,6;-1,3,3,6,0;2,4,2,2,4;-1,4,2,6,0 ||  || CORE 1,0,2,0,6;-2,0,2,4,2;1,1,1,0,6;-1,1,1,6,0;2,2,0,2,4;-1,2,0,6,0 | live
REL 1,-2 15,1 16,-1 | -1,1,5,0,6;1,1,5,6,0;2,3,3,1,5;-2,3,3,5,1;-1,5,1,0,6;1,5,1,6,0 || F 1,0,0,0,1;1,0,0,1,0 | -1,0,4,0,5;1,0,4,1,4;-1,0,4,2,3;1,0,4,3,2;-1,0,4,4,1;1,0,4,5,0;2,2,2,1,4;-2,2,2,2,3;2,2,2,3,2;-2,2,2,4,1;-1,4,0,0,5;1,4,0,1,4;-1,4,0,2,3;1,4,0,3,2;-1,4,0,4,1;1,4,0,5,0 ## F -1,0,0,0,1;1,0,0,1,0 | 1,0,4,0,4;1,0,4,2,2;1,0,4,4,0;-2,2,2,1,3;-2,2,2,3,1;1,4,0,0,4;1,4,0,2,2;1,4,0,4,0 || CORE 1,0,4,0,4;1,0,4,2,2;1,0,4,4,0;-2,2,2,1,3;-2,2,2,3,1;1,4,0,0,4;1,4,0,2,2;1,4,0,4,0 | live
REL 8,-1 15,1 16,-2 | -1,1,5,0,6;2,1,5,6,0;1,2,4,0,6;-1,4,2,6,0;-2,5,1,0,6;1,5,1,6,0 ||  || CORE -1,0,4,0,6;2,0,4,6,0;1,1,3,0,6;-1,3,1,6,0;-2,4,0,0,6;1,4,0,6,0 | live
REL 14,-1 19,-2 20,1 | -1,0,6,1,5;2,0,6,4,2;1,1,5,5,1;-1,5,1,1,5;-2,6,0,2,4;1,6,0,5,1 ||  || CORE -1,0,6,0,4;2,0,6,3,1;1,1,5,4,0;-1,5,1,0,4;-2,6,0,1,3;1,6,0,4,0 | live
REL 12,-1 13,2 14,-1 | -2,1,5,1,5;1,1,5,4,2;1,1,5,5,1;-1,5,1,1,5;-1,5,1,2,4;2,5,1,5,1 || F -1,0,0,0,1;1,0,0,1,0 | 2,0,4,0,3;2,0,4,1,2;2,0,4,2,1;1,0,4,3,0;1,4,0,0,3;2,4,0,1,2;2,4,0,2,1;2,4,0,3,0 || CORE 2,0,4,0,3;2,0,4,1,2;2,0,4,2,1;1,0,4,3,0;1,4,0,0,3;2,4,0,1,2;2,4,0,2,1;2,4,0,3,0 | live
REL 14,-1 19,1 20,2 | -2,0,6,1,5;-1,0,6,4,2;1,1,5,5,1;-1,5,1,1,5;1,6,0,2,4;2,6,0,5,1 ||  || CORE -2,0,6,0,4;-1,0,6,3,1;1,1,5,4,0;-1,5,1,0,4;1,6,0,1,3;2,6,0,4,0 | live
REL 2,-1 18,-2 22,-1 | 1,0,6,0,6;2,0,6,2,4;1,3,3,0,6;-1,3,3,6,0;-2,6,0,4,2;-1,6,0,6,0 ||  || CORE 1,0,6,0,6;2,0,6,2,4;1,3,3,0,6;-1,3,3,6,0;-2,6,0,4,2;-1,6,0,6,0 | live
REL 3,-1 8,-1 9,-2 | 1,2,4,0,6;1,2,4,3,3;2,2,4,6,0;-2,4,2,0,6;-1,4,2,3,3;-1,4,2,6,0 ||  || CORE 1,0,2,0,6;1,0,2,3,3;2,0,2,6,0;-2,2,0,0,6;-1,2,0,3,3;-1,2,0,6,0 | live
REL 8,-1 12,1 15,2 | -2,1,5,0,6;-1,1,5,4,2;1,2,4,0,6;-1,4,2,6,0;1,5,1,2,4;2,5,1,6,0 ||  || CORE -2,0,4,0,6;-1,0,4,4,2;1,1,3,0,6;-1,3,1,6,0;1,4,0,2,4;2,4,0,6,0 | live
REL 8,-1 10,-2 15,1 | -1,1,5,0,6;2,1,5,3,3;1,2,4,0,6;-1,4,2,6,0;-2,5,1,3,3;1,5,1,6,0 || F -1,0,1,0,0;1,1,0,0,0 | 1,0,3,0,6;-2,0,3,3,3;-2,1,2,3,3;-2,2,1,3,3;-2,3,0,3,3;1,3,0,6,0 || CORE 1,0,3,0,6;-2,0,3,3,3;-2,1,2,3,3;-2,2,1,3,3;-2,3,0,3,3;1,3,0,6,0 | unit
REL 2,-1 11,-2 15,1 | -1,1,5,0,6;2,1,5,2,4;1,3,3,0,6;-1,3,3,6,0;-2,5,1,4,2;1,5,1,6,0 ||  || CORE -1,0,4,0,6;2,0,4,2,4;1,2,2,0,6;-1,2,2,6,0;-2,4,0,4,2;1,4,0,6,0 | live
REL 10,-2 13,1 14,1 | -1,1,5,1,5;2,1,5,3,3;-1,1,5,5,1;1,5,1,1,5;-2,5,1,3,3;1,5,1,5,1 || F 1,0,1,0,0;1,1,0,0,0 | -1,0,3,0,4;2,0,3,2,2;-1,0,3,4,0;1,1,2,0,4;-2,1,2,2,2;1,1,2,4,0;-1,2,1,0,4;2,2,1,2,2;-1,2,1,4,0;1,3,0,0,4;-2,3,0,2,2;1,3,0,4,0 ## F 1,0,0,0,1;1,0,0,1,0 | -1,0,3,0,3;1,0,3,1,2;1,0,3,2,1;-1,0,3,3,0;1,1,2,0,3;-1,1,2,1,2;-1,1,2,2,1;1,1,2,3,0;-1,2,1,0,3;1,2,1,1,2;1,2,1,2,1;-1,2,1,3,0;1,3,0,0,3;-1,3,0,1,2;-1,3,0,2,1;1,3,0,3,0 ## F -1,0,1,0,0;1,1,0,0,0 | 1,0,2,0,3;-1,0,2,1,2;-1,0,2,2,1;1,0,2,3,0;1,2,0,0,3;-1,2,0,1,2;-1,2,0,2,1;1,2,0,3,0 ## F -1,0,0,0,1;1,0,0,1,0 | -1,0,2,0,2;1,0,2,2,0;-1,2,0,0,2;1,2,0,2,0 ## F 1,0,2,0,0;1,2,0,0,0 | -1,0,0,0,2;1,0,0,2,0 ## F -1,0,0,0,2;1,0,0,2,0 | 1,0,0,0,0 || CORE 1,0,0,0,0 | monomial
REL 1,-1 10,-2 13,1 | -1,1,5,1,5;2,1,5,3,3;1,3,3,1,5;-1,3,3,5,1;-2,5,1,3,3;1,5,1,5,1 || F 1,0,1,0,0;1,1,0,0,0 | -1,0,3,0,4;2,0,3,2,2;1,1,2,0,4;-2,1,2,2,2;2,2,1,2,2;-1,2,1,4,0;-2,3,0,2,2;1,3,0,4,0 ## F -1,0,1,0,0;1,1,0,0,0 | 1,0,2,0,4;-2,0,2,2,2;-2,2,0,2,2;1,2,0,4,0 || CORE 1,0,2,0,4;-2,0,2,2,2;-2,2,0,2,2;1,2,0,4,0 | unit
REL 7,-2 10,1 14,1 | -1,1,5,3,3;-1,1,5,5,1;2,2,4,5,1;-2,4,2,1,5;1,5,1,1,5;1,5,1,3,3 ||  || CORE -1,0,4,2,2;-1,0,4,4,0;2,1,3,4,0;-2,3,1,0,4;1,4,0,0,4;1,4,0,2,2 | live
REL 5,-2 10,-1 11,-1 | 1,1,5,2,4;1,1,5,3,3;2,2,4,4,2;-2,4,2,2,4;-1,5,1,3,3;-1,5,1,4,2 ||  || CORE 1,0,4,0,2;1,0,4,1,1;2,1,3,2,0;-2,3,1,0,2;-1,4,0,1,1;-1,4,0,2,0 | live
REL 16,-2 18,1 22,1 | -1,0,6,0,6;-1,0,6,2,4;2,1,5,6,0;-2,5,1,0,6;1,6,0,4,2;1,6,0,6,0 ||  || CORE -1,0,6,0,6;-1,0,6,2,4;2,1,5,6,0;-2,5,1,0,6;1,6,0,4,2;1,6,0,6,0 | live
REL 7,-2 10,-1 13,-1 | 1,1,5,1,5;1,1,5,3,3;2,2,4,5,1;-2,4,2,1,5;-1,5,1,3,3;-1,5,1,5,1 ||  || CORE 1,0,4,0,4;1,0,4,2,2;2,1,3,4,0;-2,3,1,0,4;-1,4,0,2,2;-1,4,0,4,0 | live
REL 9,-1 17,2 23,1 | -2,0,6,3,3;-1,0,6,6,0;1,2,4,6,0;-1,4,2,0,6;1,6,0,0,6;2,6,0,3,3 || F 1,0,1,0,0;1,1,0,0,0 | -2,0,5,3,3;-1,0,5,6,0;2,1,4,3,3;1,1,4,6,0;-2,2,3,3,3;2,3,2,3,3;-1,4,1,0,6;-2,4,1,3,3;1,5,0,0,6;2,5,0,3,3 ## F -1,0,1,0,0;1,1,0,0,0 | 2,0,4,3,3;1,0,4,6,0;2,2,2,3,3;1,4,0,0,6;2,4,0,3,3 || CORE 2,0,4,3,3;1,0,4,6,0;2,2,2,3,3;1,4,0,0,6;2,4,0,3,3 | unit
REL 6,-1 18,1 21,-2 | -1,0,6,2,4;2,0,6,5,1;1,2,4,1,5;-1,4,2,5,1;-2,6,0,1,5;1,6,0,4,2 ||  || CORE -1,0,6,1,3;2,0,6,4,0;1,2,4,0,4;-1,4,2,4,0;-2,6,0,0,4;1,6,0,3,1 | live
REL 7,-1 8,-1 9,-2 | 1,2,4,0,6;1,2,4,5,1;2,2,4,6,0;-2,4,2,0,6;-1,4,2,1,5;-1,4,2,6,0 ||  || CORE 1,0,2,0,6;1,0,2,5,1;2,0,2,6,0;-2,2,0,0,6;-1,2,0,1,5;-1,2,0,6,0 | live
REL 15,-1 17,2 22,1 | -1,0,6,0,6;-2,0,6,3,3;1,1,5,0,6;-1,5,1,6,0;2,6,0,3,3;1,6,0,6,0 || F -1,0,1,0,0;1,1,0,0,0 | 1,0,5,0,6;2,0,5,3,3;2,1,4,3,3;2,2,3,3,3;2,3,2,3,3;2,4,1,3,3;2,5,0,3,3;1,5,0,6,0 || CORE 1,0,5,0,6;2,0,5,3,3;2,1,4,3,3;2,2,3,3,3;2,3,2,3,3;2,4,1,3,3;2,5,0,3,3;1,5,0,6,0 | unit
REL 1,-1 11,-2 14,-1 | 2,1,5,2,4;1,1,5,5,1;1,3,3,1,5;-1,3,3,5,1;-1,5,1,1,5;-2,5,1,4,2 ||  || CORE 2,0,4,1,3;1,0,4,4,0;1,2,2,0,4;-1,2,2,4,0;-1,4,0,0,4;-2,4,0,3,1 | live
REL 8,-1 12,-2 16,1 | 2,1,5,4,2;-1,1,5,6,0;1,2,4,0,6;-1,4,2,6,0;1,5,1,0,6;-2,5,1,2,4 ||  || CORE 2,0,4,4,2;-1,0,4,6,0;1,1,3,0,6;-1,3,1,6,0;1,4,0,0,6;-2,4,0,2,4 | live
REL 10,-2 22,-1 23,1 | 1,0,6,0,6;-1,0,6,6,0;2,1,5,3,3;-2,5,1,3,3;1,6,0,0,6;-1,6,0,6,0 || F 1,0,2,0,0;1,2,0,0,0 | 1,0,4,0,6;-1,0,4,6,0;2,1,3,3,3;-1,2,2,0,6;1,2,2,6,0;-2,3,1,3,3;1,4,0,0,6;-1,4,0,6,0 || CORE 1,0,4,0,6;-1,0,4,6,0;2,1,3,3,3;-1,2,2,0,6;1,2,2,6,0;-2,3,1,3,3;1,4,0,0,6;-1,4,0,6,0 | live
REL 1,-1 20,1 21,-2 | -1,0,6,1,5;2,0,6,5,1;1,3,3,1,5;-1,3,3,5,1;-2,6,0,1,5;1,6,0,5,1 ||  || CORE -1,0,6,0,4;2,0,6,4,0;1,3,3,0,4;-1,3,3,4,0;-2,6,0,0,4;1,6,0,4,0 | live
REL 8,-2 17,1 22,1 | -1,0,6,0,6;-1,0,6,3,3;2,2,4,0,6;-2,4,2,6,0;1,6,0,3,3;1,6,0,6,0 ||  || CORE -1,0,6,0,6;-1,0,6,3,3;2,2,4,0,6;-2,4,2,6,0;1,6,0,3,3;1,6,0,6,0 | live
REL 9,-1 21,-2 22,-1 | 1,0,6,0,6;2,0,6,5,1;1,2,4,6,0;-1,4,2,0,6;-2,6,0,1,5;-1,6,0,6,0 ||  || CORE 1,0,6,0,6;2,0,6,5,1;1,2,4,6,0;-1,4,2,0,6;-2,6,0,1,5;-1,6,0,6,0 | live
REL 2,-1 4,-1 9,2 | 1,2,4,2,4;-2,2,4,6,0;1,3,3,0,6;-1,3,3,6,0;2,4,2,0,6;-1,4,2,4,2 ||  || CORE 1,0,2,2,4;-2,0,2,6,0;1,1,1,0,6;-1,1,1,6,0;2,2,0,0,6;-1,2,0,4,2 | live
REL 15,-1 21,-1 23,-2 | 1,0,6,5,1;2,0,6,6,0;1,1,5,0,6;-1,5,1,6,0;-2,6,0,0,6;-1,6,0,1,5 ||  || CORE 1,0,6,5,1;2,0,6,6,0;1,1,5,0,6;-1,5,1,6,0;-2,6,0,0,6;-1,6,0,1,5 | live
REL 6,-1 19,-2 20,1 | -1,0,6,1,5;2,0,6,4,2;1,2,4,1,5;-1,4,2,5,1;-2,6,0,2,4;1,6,0,5,1 ||  || CORE -1,0,6,0,4;2,0,6,3,1;1,2,4,0,4;-1,4,2,4,0;-2,6,0,1,3;1,6,0,4,0 | live
REL 2,-1 21,1 23,-2 | -1,0,6,5,1;2,0,6,6,0;1,3,3,0,6;-1,3,3,6,0;-2,6,0,0,6;1,6,0,1,5 ||  || CORE -1,0,6,5,1;2,0,6,6,0;1,3,3,0,6;-1,3,3,6,0;-2,6,0,0,6;1,6,0,1,5 | live
REL 15,-1 22,-2 23,1 | 2,0,6,0,6;-1,0,6,6,0;1,1,5,0,6;-1,5,1,6,0;1,6,0,0,6;-2,6,0,6,0 ||  || CORE 2,0,6,0,6;-1,0,6,6,0;1,1,5,0,6;-1,5,1,6,0;1,6,0,0,6;-2,6,0,6,0 | live
REL 4,-1 17,-2 18,-1 | 1,0,6,2,4;2,0,6,3,3;1,2,4,2,4;-1,4,2,4,2;-2,6,0,3,3;-1,6,0,4,2 ||  || CORE 1,0,6,0,2;2,0,6,1,1;1,2,4,0,2;-1,4,2,2,0;-2,6,0,1,1;-1,6,0,2,0 | live
REL 4,-1 17,-1 19,2 | 1,0,6,3,3;-2,0,6,4,2;1,2,4,2,4;-1,4,2,4,2;2,6,0,2,4;-1,6,0,3,3 ||  || CORE 1,0,6,1,1;-2,0,6,2,0;1,2,4,0,2;-1,4,2,2,0;2,6,0,0,2;-1,6,0,1,1 | live
REL 5,-1 17,2 19,-1 | -2,0,6,3,3;1,0,6,4,2;1,2,4,4,2;-1,4,2,2,4;-1,6,0,2,4;2,6,0,3,3 ||  || CORE -2,0,6,1,1;1,0,6,2,0;1,2,4,2,0;-1,4,2,0,2;-1,6,0,0,2;2,6,0,1,1 | live
REL 9,-1 17,1 23,2 | -1,0,6,3,3;-2,0,6,6,0;1,2,4,6,0;-1,4,2,0,6;2,6,0,0,6;1,6,0,3,3 ||  || CORE -1,0,6,3,3;-2,0,6,6,0;1,2,4,6,0;-1,4,2,0,6;2,6,0,0,6;1,6,0,3,3 | live
REL 2,-1 19,2 23,1 | -2,0,6,4,2;-1,0,6,6,0;1,3,3,0,6;-1,3,3,6,0;1,6,0,0,6;2,6,0,2,4 ||  || CORE -2,0,6,4,2;-1,0,6,6,0;1,3,3,0,6;-1,3,3,6,0;1,6,0,0,6;2,6,0,2,4 | live
REL 6,-2 22,-1 23,-1 | 1,0,6,0,6;1,0,6,6,0;2,2,4,1,5;-2,4,2,5,1;-1,6,0,0,6;-1,6,0,6,0 ||  || CORE 1,0,6,0,6;1,0,6,6,0;2,2,4,1,5;-2,4,2,5,1;-1,6,0,0,6;-1,6,0,6,0 | live
REL 13,-1 15,2 16,1 | -2,1,5,0,6;1,1,5,1,5;-1,1,5,6,0;1,5,1,0,6;-1,5,1,5,1;2,5,1,6,0 ||  || CORE -2,0,4,0,6;1,0,4,1,5;-1,0,4,6,0;1,4,0,0,6;-1,4,0,5,1;2,4,0,6,0 | live
REL 1,-2 15,-1 16,1 | 1,1,5,0,6;-1,1,5,6,0;2,3,3,1,5;-2,3,3,5,1;1,5,1,0,6;-1,5,1,6,0 || F 1,0,0,0,1;1,0,0,1,0 | 1,0,4,0,5;-1,0,4,1,4;1,0,4,2,3;-1,0,4,3,2;1,0,4,4,1;-1,0,4,5,0;2,2,2,1,4;-2,2,2,2,3;2,2,2,3,2;-2,2,2,4,1;1,4,0,0,5;-1,4,0,1,4;1,4,0,2,3;-1,4,0,3,2;1,4,0,4,1;-1,4,0,5,0 ## F -1,0,0,0,1;1,0,0,1,0 | -1,0,4,0,4;-1,0,4,2,2;-1,0,4,4,0;-2,2,2,1,3;-2,2,2,3,1;-1,4,0,0,4;-1,4,0,2,2;-1,4,0,4,0 || CORE -1,0,4,0,4;-1,0,4,2,2;-1,0,4,4,0;-2,2,2,1,3;-2,2,2,3,1;-1,4,0,0,4;-1,4,0,2,2;-1,4,0,4,0 | live
REL 0,-2 10,-1 11,-1 | 1,1,5,2,4;1,1,5,3,3;2,3,3,2,4;-2,3,3,4,2;-1,5,1,3,3;-1,5,1,4,2 || F 1,0,0,0,1;1,0,0,1,0 | 1,0,4,0,1;2,2,2,0,1;-2,2,2,1,0;-1,4,0,1,0 || CORE 1,0,4,0,1;2,2,2,0,1;-2,2,2,1,0;-1,4,0,1,0 | unit
REL 16,-2 20,1 22,-1 | 1,0,6,0,6;-1,0,6,1,5;2,1,5,6,0;-2,5,1,0,6;1,6,0,5,1;-1,6,0,6,0 ||  || CORE 1,0,6,0,6;-1,0,6,1,5;2,1,5,6,0;-2,5,1,0,6;1,6,0,5,1;-1,6,0,6,0 | live
REL 0,-1 18,1 19,2 | -1,0,6,2,4;-2,0,6,4,2;1,3,3,2,4;-1,3,3,4,2;2,6,0,2,4;1,6,0,4,2 || F 1,0,1,0,0;1,1,0,0,0 | -1,0,5,0,2;-2,0,5,2,0;1,1,4,0,2;2,1,4,2,0;-1,2,3,0,2;-2,2,3,2,0;2,3,2,0,2;1,3,2,2,0;-2,4,1,0,2;-1,4,1,2,0;2,5,0,0,2;1,5,0,2,0 ## F 1,0,2,0,0;-1,1,1,0,0;1,2,0,0,0 | -1,0,3,0,2;-2,0,3,2,0;2,3,0,0,2;1,3,0,2,0 || CORE -1,0,3,0,2;-2,0,3,2,0;2,3,0,0,2;1,3,0,2,0 | live
REL 0,-1 4,2 5,1 | -2,2,4,2,4;-1,2,4,4,2;1,3,3,2,4;-1,3,3,4,2;1,4,2,2,4;2,4,2,4,2 || F -1,0,1,0,0;1,1,0,0,0 | 2,0,1,0,2;1,0,1,2,0;1,1,0,0,2;2,1,0,2,0 || CORE 2,0,1,0,2;1,0,1,2,0;1,1,0,0,2;2,1,0,2,0 | live
REL 13,-2 17,-1 21,-1 | 1,0,6,3,3;1,0,6,5,1;2,1,5,1,5;-2,5,1,5,1;-1,6,0,1,5;-1,6,0,3,3 ||  || CORE 1,0,6,2,2;1,0,6,4,0;2,1,5,0,4;-2,5,1,4,0;-1,6,0,0,4;-1,6,0,2,2 | live
REL 9,-1 18,1 23,2 | -1,0,6,2,4;-2,0,6,6,0;1,2,4,6,0;-1,4,2,0,6;2,6,0,0,6;1,6,0,4,2 ||  || CORE -1,0,6,2,4;-2,0,6,6,0;1,2,4,6,0;-1,4,2,0,6;2,6,0,0,6;1,6,0,4,2 | live
REL 5,-1 6,2 7,1 | -2,2,4,1,5;1,2,4,4,2;-1,2,4,5,1;1,4,2,1,5;-1,4,2,2,4;2,4,2,5,1 ||  || CORE -2,0,2,0,4;1,0,2,3,1;-1,0,2,4,0;1,2,0,0,4;-1,2,0,1,3;2,2,0,4,0 | live
REL 5,-1 8,-1 9,2 | 1,2,4,0,6;1,2,4,4,2;-2,2,4,6,0;2,4,2,0,6;-1,4,2,2,4;-1,4,2,6,0 || F 1,0,0,0,1;1,0,0,1,0 | 1,0,2,0,5;-1,0,2,1,4;1,0,2,2,3;-1,0,2,3,2;2,0,2,4,1;-2,0,2,5,0;2,2,0,0,5;-2,2,0,1,4;1,2,0,2,3;-1,2,0,3,2;1,2,0,4,1;-1,2,0,5,0 ## F -1,0,0,0,1;1,0,0,1,0 | -1,0,2,0,4;-1,0,2,2,2;-2,0,2,4,0;-2,2,0,0,4;-1,2,0,2,2;-1,2,0,4,0 || CORE -1,0,2,0,4;-1,0,2,2,2;-2,0,2,4,0;-2,2,0,0,4;-1,2,0,2,2;-1,2,0,4,0 | live
REL 11,-2 17,1 19,-1 | -1,0,6,3,3;1,0,6,4,2;2,1,5,2,4;-2,5,1,4,2;-1,6,0,2,4;1,6,0,3,3 ||  || CORE -1,0,6,1,1;1,0,6,2,0;2,1,5,0,2;-2,5,1,2,0;-1,6,0,0,2;1,6,0,1,1 | live
REL 7,-2 19,1 20,1 | -1,0,6,1,5;-1,0,6,4,2;2,2,4,5,1;-2,4,2,1,5;1,6,0,2,4;1,6,0,5,1 ||  || CORE -1,0,6,0,4;-1,0,6,3,1;2,2,4,4,0;-2,4,2,0,4;1,6,0,1,3;1,6,0,4,0 | live
REL 8,-1 10,2 16,1 | -2,1,5,3,3;-1,1,5,6,0;1,2,4,0,6;-1,4,2,6,0;1,5,1,0,6;2,5,1,3,3 || F 1,0,1,0,0;1,1,0,0,0 | -2,0,3,3,3;-1,0,3,6,0;1,1,2,0,6;2,1,2,3,3;1,1,2,6,0;-1,2,1,0,6;-2,2,1,3,3;-1,2,1,6,0;1,3,0,0,6;2,3,0,3,3 || CORE -2,0,3,3,3;-1,0,3,6,0;1,1,2,0,6;2,1,2,3,3;1,1,2,6,0;-1,2,1,0,6;-2,2,1,3,3;-1,2,1,6,0;1,3,0,0,6;2,3,0,3,3 | live
REL 13,-1 18,-2 20,1 | -1,0,6,1,5;2,0,6,2,4;1,1,5,1,5;-1,5,1,5,1;-2,6,0,4,2;1,6,0,5,1 ||  || CORE -1,0,6,0,4;2,0,6,1,3;1,1,5,0,4;-1,5,1,4,0;-2,6,0,3,1;1,6,0,4,0 | live
REL 8,-1 22,-2 23,1 | 2,0,6,0,6;-1,0,6,6,0;1,2,4,0,6;-1,4,2,6,0;1,6,0,0,6;-2,6,0,6,0 || F 1,0,2,0,0;1,2,0,0,0 | 2,0,4,0,6;-1,0,4,6,0;-1,2,2,0,6;1,2,2,6,0;1,4,0,0,6;-2,4,0,6,0 || CORE 2,0,4,0,6;-1,0,4,6,0;-1,2,2,0,6;1,2,2,6,0;1,4,0,0,6;-2,4,0,6,0 | live
REL 8,-2 13,-1 15,-1 | 1,1,5,0,6;1,1,5,1,5;2,2,4,0,6;-2,4,2,6,0;-1,5,1,5,1;-1,5,1,6,0 ||  || CORE 1,0,4,0,6;1,0,4,1,5;2,1,3,0,6;-2,3,1,6,0;-1,4,0,5,1;-1,4,0,6,0 | live
REL 17,-2 20,-1 21,-1 | 1,0,6,1,5;2,0,6,3,3;1,0,6,5,1;-1,6,0,1,5;-2,6,0,3,3;-1,6,0,5,1 || F 1,0,1,0,0;1,1,0,0,0 | 1,0,5,0,4;2,0,5,2,2;1,0,5,4,0;-1,1,4,0,4;-2,1,4,2,2;-1,1,4,4,0;1,2,3,0,4;2,2,3,2,2;1,2,3,4,0;-1,3,2,0,4;-2,3,2,2,2;-1,3,2,4,0;1,4,1,0,4;2,4,1,2,2;1,4,1,4,0;-1,5,0,0,4;-2,5,0,2,2;-1,5,0,4,0 ## F -1,0,1,0,0;1,1,0,0,0 | -1,0,4,0,4;-2,0,4,2,2;-1,0,4,4,0;-1,2,2,0,4;-2,2,2,2,2;-1,2,2,4,0;-1,4,0,0,4;-2,4,0,2,2;-1,4,0,4,0 ## F 1,0,2,0,0;1,1,1,0,0;1,2,0,0,0 | -1,0,2,0,4;-2,0,2,2,2;-1,0,2,4,0;1,1,1,0,4;2,1,1,2,2;1,1,1,4,0;-1,2,0,0,4;-2,2,0,2,2;-1,2,0,4,0 ## F 1,0,2,0,0;-1,1,1,0,0;1,2,0,0,0 | -1,0,0,0,4;-2,0,0,2,2;-1,0,0,4,0 ## F 1,0,0,0,2;1,0,0,2,0 | -1,0,0,0,2;-1,0,0,2,0 ## F 1,0,0,0,2;1,0,0,2,0 | -1,0,0,0,0 || CORE -1,0,0,0,0 | monomial
REL 1,-1 4,2 7,-1 | -2,2,4,2,4;1,2,4,5,1;1,3,3,1,5;-1,3,3,5,1;-1,4,2,1,5;2,4,2,4,2 ||  || CORE -2,0,2,1,3;1,0,2,4,0;1,1,1,0,4;-1,1,1,4,0;-1,2,0,0,4;2,2,0,3,1 | live
REL 16,-2 19,1 22,-1 | 1,0,6,0,6;-1,0,6,4,2;2,1,5,6,0;-2,5,1,0,6;1,6,0,2,4;-1,6,0,6,0 ||  || CORE 1,0,6,0,6;-1,0,6,4,2;2,1,5,6,0;-2,5,1,0,6;1,6,0,2,4;-1,6,0,6,0 | live
REL 7,-1 11,-2 13,-1 | 1,1,5,1,5;2,1,5,2,4;1,2,4,5,1;-1,4,2,1,5;-2,5,1,4,2;-1,5,1,5,1 ||  || CORE 1,0,4,0,4;2,0,4,1,3;1,1,3,4,0;-1,3,1,0,4;-2,4,0,3,1;-1,4,0,4,0 | live
REL 6,-1 19,2 21,-1 | -2,0,6,4,2;1,0,6,5,1;1,2,4,1,5;-1,4,2,5,1;-1,6,0,1,5;2,6,0,2,4 ||  || CORE -2,0,6,3,1;1,0,6,4,0;1,2,4,0,4;-1,4,2,4,0;-1,6,0,0,4;2,6,0,1,3 | live
REL 2,-2 13,-1 16,-1 | 1,1,5,1,5;1,1,5,6,0;2,3,3,0,6;-2,3,3,6,0;-1,5,1,0,6;-1,5,1,5,1 || F 1,0,0,0,1;1,0,0,1,0 | 1,0,4,1,4;-1,0,4,2,3;1,0,4,3,2;-1,0,4,4,1;1,0,4,5,0;2,2,2,0,5;-2,2,2,1,4;2,2,2,2,3;-2,2,2,3,2;2,2,2,4,1;-2,2,2,5,0;-1,4,0,0,5;1,4,0,1,4;-1,4,0,2,3;1,4,0,3,2;-1,4,0,4,1 || CORE 1,0,4,1,4;-1,0,4,2,3;1,0,4,3,2;-1,0,4,4,1;1,0,4,5,0;2,2,2,0,5;-2,2,2,1,4;2,2,2,2,3;-2,2,2,3,2;2,2,2,4,1;-2,2,2,5,0;-1,4,0,0,5;1,4,0,1,4;-1,4,0,2,3;1,4,0,3,2;-1,4,0,4,1 | live
REL 7,-1 11,1 14,2 | -1,1,5,2,4;-2,1,5,5,1;1,2,4,5,1;-1,4,2,1,5;2,5,1,1,5;1,5,1,4,2 ||  || CORE -1,0,4,1,3;-2,0,4,4,0;1,1,3,4,0;-1,3,1,0,4;2,4,0,0,4;1,4,0,3,1 | live
REL 7,-1 10,2 14,1 | -2,1,5,3,3;-1,1,5,5,1;1,2,4,5,1;-1,4,2,1,5;1,5,1,1,5;2,5,1,3,3 || F -1,0,1,0,0;1,1,0,0,0 | 2,0,3,2,2;1,0,3,4,0;2,1,2,2,2;2,2,1,2,2;1,3,0,0,4;2,3,0,2,2 || CORE 2,0,3,2,2;1,0,3,4,0;2,1,2,2,2;2,2,1,2,2;1,3,0,0,4;2,3,0,2,2 | unit
REL 2,-2 7,1 9,-1 | -1,2,4,5,1;1,2,4,6,0;2,3,3,0,6;-2,3,3,6,0;-1,4,2,0,6;1,4,2,1,5 || F -1,0,0,0,1;1,0,0,1,0 | 1,0,2,5,0;-2,1,1,0,5;-2,1,1,1,4;-2,1,1,2,3;-2,1,1,3,2;-2,1,1,4,1;-2,1,1,5,0;1,2,0,0,5 || CORE 1,0,2,5,0;-2,1,1,0,5;-2,1,1,1,4;-2,1,1,2,3;-2,1,1,3,2;-2,1,1,4,1;-2,1,1,5,0;1,2,0,0,5 | unit
REL 16,-1 19,-1 22,-2 | 2,0,6,0,6;1,0,6,4,2;1,1,5,6,0;-1,5,1,0,6;-1,6,0,2,4;-2,6,0,6,0 ||  || CORE 2,0,6,0,6;1,0,6,4,2;1,1,5,6,0;-1,5,1,0,6;-1,6,0,2,4;-2,6,0,6,0 | live
REL 14,-1 20,2 21,1 | -2,0,6,1,5;-1,0,6,5,1;1,1,5,5,1;-1,5,1,1,5;1,6,0,1,5;2,6,0,5,1 || F 1,0,1,0,0;1,1,0,0,0 | -2,0,5,0,4;-1,0,5,4,0;2,1,4,0,4;2,1,4,4,0;-2,2,3,0,4;-2,2,3,4,0;2,3,2,0,4;2,3,2,4,0;-2,4,1,0,4;-2,4,1,4,0;1,5,0,0,4;2,5,0,4,0 || CORE -2,0,5,0,4;-1,0,5,4,0;2,1,4,0,4;2,1,4,4,0;-2,2,3,0,4;-2,2,3,4,0;2,3,2,0,4;2,3,2,4,0;-2,4,1,0,4;-2,4,1,4,0;1,5,0,0,4;2,5,0,4,0 | live
REL 0,-2 17,1 18,1 | -1,0,6,2,4;-1,0,6,3,3;2,3,3,2,4;-2,3,3,4,2;1,6,0,3,3;1,6,0,4,2 || F 1,0,0,0,1;1,0,0,1,0 | -1,0,6,0,1;2,3,3,0,1;-2,3,3,1,0;1,6,0,1,0 || CORE -1,0,6,0,1;2,3,3,0,1;-2,3,3,1,0;1,6,0,1,0 | unit
REL 2,-1 12,-1 15,-2 | 2,1,5,0,6;1,1,5,4,2;1,3,3,0,6;-1,3,3,6,0;-1,5,1,2,4;-2,5,1,6,0 ||  || CORE 2,0,4,0,6;1,0,4,4,2;1,2,2,0,6;-1,2,2,6,0;-1,4,0,2,4;-2,4,0,6,0 | live
REL 2,-1 17,1 22,2 | -2,0,6,0,6;-1,0,6,3,3;1,3,3,0,6;-1,3,3,6,0;1,6,0,3,3;2,6,0,6,0 ||  || CORE -2,0,6,0,6;-1,0,6,3,3;1,3,3,0,6;-1,3,3,6,0;1,6,0,3,3;2,6,0,6,0 | live
REL 2,-1 12,-1 15,2 | -2,1,5,0,6;1,1,5,4,2;1,3,3,0,6;-1,3,3,6,0;-1,5,1,2,4;2,5,1,6,0 ||  || CORE -2,0,4,0,6;1,0,4,4,2;1,2,2,0,6;-1,2,2,6,0;-1,4,0,2,4;2,4,0,6,0 | live
REL 6,-1 20,1 21,2 | -1,0,6,1,5;-2,0,6,5,1;1,2,4,1,5;-1,4,2,5,1;2,6,0,1,5;1,6,0,5,1 ||  || CORE -1,0,6,0,4;-2,0,6,4,0;1,2,4,0,4;-1,4,2,4,0;2,6,0,0,4;1,6,0,4,0 | live
REL 7,-1 11,2 13,-1 | 1,1,5,1,5;-2,1,5,2,4;1,2,4,5,1;-1,4,2,1,5;2,5,1,4,2;-1,5,1,5,1 ||  || CORE 1,0,4,0,4;-2,0,4,1,3;1,1,3,4,0;-1,3,1,0,4;2,4,0,3,1;-1,4,0,4,0 | live
REL 7,-1 18,-1 21,-2 | 1,0,6,2,4;2,0,6,5,1;1,2,4,5,1;-1,4,2,1,5;-2,6,0,1,5;-1,6,0,4,2 ||  || CORE 1,0,6,1,3;2,0,6,4,0;1,2,4,4,0;-1,4,2,0,4;-2,6,0,0,4;-1,6,0,3,1 | live
REL 11,-2 15,1 16,-1 | -1,1,5,0,6;2,1,5,2,4;1,1,5,6,0;-1,5,1,0,6;-2,5,1,4,2;1,5,1,6,0 ||  || CORE -1,0,4,0,6;2,0,4,2,4;1,0,4,6,0;-1,4,0,0,6;-2,4,0,4,2;1,4,0,6,0 | live
REL 7,-1 20,1 21,-2 | -1,0,6,1,5;2,0,6,5,1;1,2,4,5,1;-1,4,2,1,5;-2,6,0,1,5;1,6,0,5,1 || F 1,0,2,0,0;1,2,0,0,0 | -1,0,4,0,4;2,0,4,4,0;1,2,2,0,4;-1,2,2,4,0;-2,4,0,0,4;1,4,0,4,0 || CORE -1,0,4,0,4;2,0,4,4,0;1,2,2,0,4;-1,2,2,4,0;-2,4,0,0,4;1,4,0,4,0 | live
REL 19,-2 20,-1 21,-1 | 1,0,6,1,5;2,0,6,4,2;1,0,6,5,1;-1,6,0,1,5;-2,6,0,2,4;-1,6,0,5,1 || F 1,0,0,0,1;1,0,0,1,0 | 1,0,6,0,3;-1,0,6,1,2;1,0,6,2,1;1,0,6,3,0;-1,6,0,0,3;-1,6,0,1,2;1,6,0,2,1;-1,6,0,3,0 || CORE 1,0,6,0,3;-1,0,6,1,2;1,0,6,2,1;1,0,6,3,0;-1,6,0,0,3;-1,6,0,1,2;1,6,0,2,1;-1,6,0,3,0 | live
REL 4,-1 18,2 19,1 | -2,0,6,2,4;-1,0,6,4,2;1,2,4,2,4;-1,4,2,4,2;1,6,0,2,4;2,6,0,4,2 || F 1,0,1,0,0;1,1,0,0,0 | -2,0,5,0,2;-1,0,5,2,0;2,1,4,0,2;1,1,4,2,0;-1,2,3,0,2;-1,2,3,2,0;1,3,2,0,2;1,3,2,2,0;-1,4,1,0,2;-2,4,1,2,0;1,5,0,0,2;2,5,0,2,0 ## F -1,0,1,0,0;1,1,0,0,0 | 2,0,4,0,2;1,0,4,2,0;1,2,2,0,2;1,2,2,2,0;1,4,0,0,2;2,4,0,2,0 || CORE 2,0,4,0,2;1,0,4,2,0;1,2,2,0,2;1,2,2,2,0;1,4,0,0,2;2,4,0,2,0 | live
REL 2,-2 5,-1 9,1 | 1,2,4,4,2;-1,2,4,6,0;2,3,3,0,6;-2,3,3,6,0;1,4,2,0,6;-1,4,2,2,4 || F 1,0,0,0,1;1,0,0,1,0 | 1,0,2,4,1;-1,0,2,5,0;2,1,1,0,5;-2,1,1,1,4;2,1,1,2,3;-2,1,1,3,2;2,1,1,4,1;-2,1,1,5,0;1,2,0,0,5;-1,2,0,1,4 ## F -1,0,0,0,1;1,0,0,1,0 | -1,0,2,4,0;-2,1,1,0,4;-2,1,1,2,2;-2,1,1,4,0;-1,2,0,0,4 || CORE -1,0,2,4,0;-2,1,1,0,4;-2,1,1,2,2;-2,1,1,4,0;-1,2,0,0,4 | unit
REL 14,-1 17,-2 21,-1 | 2,0,6,3,3;1,0,6,5,1;1,1,5,5,1;-1,5,1,1,5;-1,6,0,1,5;-2,6,0,3,3 || F 1,0,1,0,0;1,1,0,0,0 | 2,0,5,2,2;1,0,5,4,0;-2,1,4,2,2;2,2,3,2,2;-2,3,2,2,2;2,4,1,2,2;-1,5,0,0,4;-2,5,0,2,2 || CORE 2,0,5,2,2;1,0,5,4,0;-2,1,4,2,2;2,2,3,2,2;-2,3,2,2,2;2,4,1,2,2;-1,5,0,0,4;-2,5,0,2,2 | unit
REL 17,-1 22,1 23,-2 | -1,0,6,0,6;1,0,6,3,3;2,0,6,6,0;-2,6,0,0,6;-1,6,0,3,3;1,6,0,6,0 || F 1,0,0,0,1;1,0,0,1,0 | -1,0,6,0,5;1,0,6,1,4;-1,0,6,2,3;2,0,6,3,2;-2,0,6,4,1;2,0,6,5,0;-2,6,0,0,5;2,6,0,1,4;-2,6,0,2,3;1,6,0,3,2;-1,6,0,4,1;1,6,0,5,0 ## F 1,0,0,0,2;-1,0,0,1,1;1,0,0,2,0 | -1,0,6,0,3;2,0,6,3,0;-2,6,0,0,3;1,6,0,3,0 || CORE -1,0,6,0,3;2,0,6,3,0;-2,6,0,0,3;1,6,0,3,0 | live
REL 1,-1 12,-2 13,-1 | 1,1,5,1,5;2,1,5,4,2;1,3,3,1,5;-1,3,3,5,1;-2,5,1,2,4;-1,5,1,5,1 ||  || CORE 1,0,4,0,4;2,0,4,3,1;1,2,2,0,4;-1,2,2,4,0;-2,4,0,1,3;-1,4,0,4,0 | live
REL 15,-1 18,1 22,-2 | 2,0,6,0,6;-1,0,6,2,4;1,1,5,0,6;-1,5,1,6,0;1,6,0,4,2;-2,6,0,6,0 ||  || CORE 2,0,6,0,6;-1,0,6,2,4;1,1,5,0,6;-1,5,1,6,0;1,6,0,4,2;-2,6,0,6,0 | live
REL 13,-1 18,2 20,-1 | 1,0,6,1,5;-2,0,6,2,4;1,1,5,1,5;-1,5,1,5,1;2,6,0,4,2;-1,6,0,5,1 ||  || CORE 1,0,6,0,4;-2,0,6,1,3;1,1,5,0,4;-1,5,1,4,0;2,6,0,3,1;-1,6,0,4,0 | live
REL 16,-1 17,1 23,2 | -1,0,6,3,3;-2,0,6,6,0;1,1,5,6,0;-1,5,1,0,6;2,6,0,0,6;1,6,0,3,3 ||  || CORE -1,0,6,3,3;-2,0,6,6,0;1,1,5,6,0;-1,5,1,0,6;2,6,0,0,6;1,6,0,3,3 | live
REL 4,-2 22,-1 23,1 | 1,0,6,0,6;-1,0,6,6,0;2,2,4,2,4;-2,4,2,4,2;1,6,0,0,6;-1,6,0,6,0 ||  || CORE 1,0,6,0,6;-1,0,6,6,0;2,2,4,2,4;-2,4,2,4,2;1,6,0,0,6;-1,6,0,6,0 | live
REL 13,-1 20,-1 21,2 | 1,0,6,1,5;-2,0,6,5,1;1,1,5,1,5;-1,5,1,5,1;2,6,0,1,5;-1,6,0,5,1 ||  || CORE 1,0,6,0,4;-2,0,6,4,0;1,1,5,0,4;-1,5,1,4,0;2,6,0,0,4;-1,6,0,4,0 | live
REL 12,-1 15,-2 16,1 | 2,1,5,0,6;1,1,5,4,2;-1,1,5,6,0;1,5,1,0,6;-1,5,1,2,4;-2,5,1,6,0 ||  || CORE 2,0,4,0,6;1,0,4,4,2;-1,0,4,6,0;1,4,0,0,6;-1,4,0,2,4;-2,4,0,6,0 | live
REL 4,-2 6,1 7,1 | -1,2,4,1,5;2,2,4,2,4;-1,2,4,5,1;1,4,2,1,5;-2,4,2,4,2;1,4,2,5,1 || F -1,0,0,0,1;1,0,0,1,0 | 1,0,2,0,3;-1,0,2,1,2;-1,0,2,2,1;-1,0,2,3,0;-1,2,0,0,3;-1,2,0,1,2;-1,2,0,2,1;1,2,0,3,0 || CORE 1,0,2,0,3;-1,0,2,1,2;-1,0,2,2,1;-1,0,2,3,0;-1,2,0,0,3;-1,2,0,1,2;-1,2,0,2,1;1,2,0,3,0 | live
REL 8,-1 13,1 15,-2 | 2,1,5,0,6;-1,1,5,1,5;1,2,4,0,6;-1,4,2,6,0;1,5,1,5,1;-2,5,1,6,0 ||  || CORE 2,0,4,0,6;-1,0,4,1,5;1,1,3,0,6;-1,3,1,6,0;1,4,0,5,1;-2,4,0,6,0 | live
REL 1,-1 3,-1 7,2 | 1,2,4,3,3;-2,2,4,5,1;1,3,3,1,5;-1,3,3,5,1;2,4,2,1,5;-1,4,2,3,3 ||  || CORE 1,0,2,2,2;-2,0,2,4,0;1,1,1,0,4;-1,1,1,4,0;2,2,0,0,4;-1,2,0,2,2 | live
REL 5,-2 8,1 9,-1 | -1,2,4,0,6;2,2,4,4,2;1,2,4,6,0;-1,4,2,0,6;-2,4,2,2,4;1,4,2,6,0 || F 1,0,0,0,2;1,0,0,2,0 | -1,0,2,0,4;1,0,2,2,2;1,0,2,4,0;-1,2,0,0,4;-1,2,0,2,2;1,2,0,4,0 || CORE -1,0,2,0,4;1,0,2,2,2;1,0,2,4,0;-1,2,0,0,4;-1,2,0,2,2;1,2,0,4,0 | live
REL 7,-2 20,-1 21,1 | 1,0,6,1,5;-1,0,6,5,1;2,2,4,5,1;-2,4,2,1,5;1,6,0,1,5;-1,6,0,5,1 || F 1,0,1,0,0;1,1,0,0,0 | 1,0,5,0,4;-1,0,5,4,0;-1,1,4,0,4;1,1,4,4,0;1,2,3,0,4;1,2,3,4,0;-1,3,2,0,4;-1,3,2,4,0;-1,4,1,0,4;1,4,1,4,0;1,5,0,0,4;-1,5,0,4,0 ## F -1,0,1,0,0;1,1,0,0,0 | -1,0,4,0,4;1,0,4,4,0;-1,2,2,0,4;-1,2,2,4,0;1,4,0,0,4;-1,4,0,4,0 || CORE -1,0,4,0,4;1,0,4,4,0;-1,2,2,0,4;-1,2,2,4,0;1,4,0,0,4;-1,4,0,4,0 | live
REL 2,-1 8,2 9,-1 | -2,2,4,0,6;1,2,4,6,0;1,3,3,0,6;-1,3,3,6,0;-1,4,2,0,6;2,4,2,6,0 ||  || CORE -2,0,2,0,6;1,0,2,6,0;1,1,1,0,6;-1,1,1,6,0;-1,2,0,0,6;2,2,0,6,0 | live
REL 6,-1 19,-2 20,-1 | 1,0,6,1,5;2,0,6,4,2;1,2,4,1,5;-1,4,2,5,1;-2,6,0,2,4;-1,6,0,5,1 ||  || CORE 1,0,6,0,4;2,0,6,3,1;1,2,4,0,4;-1,4,2,4,0;-2,6,0,1,3;-1,6,0,4,0 | live
REL 2,-1 5,2 9,1 | -2,2,4,4,2;-1,2,4,6,0;1,3,3,0,6;-1,3,3,6,0;1,4,2,0,6;2,4,2,2,4 ||  || CORE -2,0,2,4,2;-1,0,2,6,0;1,1,1,0,6;-1,1,1,6,0;1,2,0,0,6;2,2,0,2,4 | live
REL 0,-2 4,1 5,1 | -1,2,4,2,4;-1,2,4,4,2;2,3,3,2,4;-2,3,3,4,2;1,4,2,2,4;1,4,2,4,2 ||  || CORE -1,0,2,0,2;-1,0,2,2,0;2,1,1,0,2;-2,1,1,2,0;1,2,0,0,2;1,2,0,2,0 | live
REL 8,-1 19,1 23,-2 | -1,0,6,4,2;2,0,6,6,0;1,2,4,0,6;-1,4,2,6,0;-2,6,0,0,6;1,6,0,2,4 ||  || CORE -1,0,6,4,2;2,0,6,6,0;1,2,4,0,6;-1,4,2,6,0;-2,6,0,0,6;1,6,0,2,4 | live
REL 6,-2 17,1 21,-1 | -1,0,6,3,3;1,0,6,5,1;2,2,4,1,5;-2,4,2,5,1;-1,6,0,1,5;1,6,0,3,3 ||  || CORE -1,0,6,2,2;1,0,6,4,0;2,2,4,0,4;-2,4,2,4,0;-1,6,0,0,4;1,6,0,2,2 | live
REL 9,-1 21,-2 22,1 | -1,0,6,0,6;2,0,6,5,1;1,2,4,6,0;-1,4,2,0,6;-2,6,0,1,5;1,6,0,6,0 ||  || CORE -1,0,6,0,6;2,0,6,5,1;1,2,4,6,0;-1,4,2,0,6;-2,6,0,1,5;1,6,0,6,0 | live
REL 8,-1 14,-2 16,1 | 2,1,5,5,1;-1,1,5,6,0;1,2,4,0,6;-1,4,2,6,0;1,5,1,0,6;-2,5,1,1,5 ||  || CORE 2,0,4,5,1;-1,0,4,6,0;1,1,3,0,6;-1,3,1,6,0;1,4,0,0,6;-2,4,0,1,5 | live
REL 18,-2 22,1 23,-1 | -1,0,6,0,6;2,0,6,2,4;1,0,6,6,0;-1,6,0,0,6;-2,6,0,4,2;1,6,0,6,0 ||  || CORE -1,0,6,0,6;2,0,6,2,4;1,0,6,6,0;-1,6,0,0,6;-2,6,0,4,2;1,6,0,6,0 | live
REL 15,-2 21,-1 22,-1 | 1,0,6,0,6;1,0,6,5,1;2,1,5,0,6;-2,5,1,6,0;-1,6,0,1,5;-1,6,0,6,0 ||  || CORE 1,0,6,0,6;1,0,6,5,1;2,1,5,0,6;-2,5,1,6,0;-1,6,0,1,5;-1,6,0,6,0 | live
REL 6,-1 10,-2 14,-1 | 2,1,5,3,3;1,1,5,5,1;1,2,4,1,5;-1,4,2,5,1;-1,5,1,1,5;-2,5,1,3,3 || F -1,0,1,0,0;1,1,0,0,0 | -2,0,3,2,2;-1,0,3,4,0;-1,1,2,0,4;-2,1,2,2,2;-1,1,2,4,0;-1,2,1,0,4;-2,2,1,2,2;-1,2,1,4,0;-1,3,0,0,4;-2,3,0,2,2 || CORE -2,0,3,2,2;-1,0,3,4,0;-1,1,2,0,4;-2,1,2,2,2;-1,1,2,4,0;-1,2,1,0,4;-2,2,1,2,2;-1,2,1,4,0;-1,3,0,0,4;-2,3,0,2,2 | live
REL 2,-2 20,-1 22,-1 | 1,0,6,0,6;1,0,6,1,5;2,3,3,0,6;-2,3,3,6,0;-1,6,0,5,1;-1,6,0,6,0 || F 1,0,0,0,1;1,0,0,1,0 | 1,0,6,0,5;2,3,3,0,5;-2,3,3,1,4;2,3,3,2,3;-2,3,3,3,2;2,3,3,4,1;-2,3,3,5,0;-1,6,0,5,0 || CORE 1,0,6,0,5;2,3,3,0,5;-2,3,3,1,4;2,3,3,2,3;-2,3,3,3,2;2,3,3,4,1;-2,3,3,5,0;-1,6,0,5,0 | unit
REL 9,-1 12,2 15,1 | -1,1,5,0,6;-2,1,5,4,2;1,2,4,6,0;-1,4,2,0,6;2,5,1,2,4;1,5,1,6,0 ||  || CORE -1,0,4,0,6;-2,0,4,4,2;1,1,3,6,0;-1,3,1,0,6;2,4,0,2,4;1,4,0,6,0 | live
REL 3,-2 4,1 5,-1 | -1,2,4,2,4;2,2,4,3,3;1,2,4,4,2;-1,4,2,2,4;-2,4,2,3,3;1,4,2,4,2 ||  || CORE -1,0,2,0,2;2,0,2,1,1;1,0,2,2,0;-1,2,0,0,2;-2,2,0,1,1;1,2,0,2,0 | live
REL 8,-1 20,2 22,1 | -1,0,6,0,6;-2,0,6,1,5;1,2,4,0,6;-1,4,2,6,0;2,6,0,5,1;1,6,0,6,0 ||  || CORE -1,0,6,0,6;-2,0,6,1,5;1,2,4,0,6;-1,4,2,6,0;2,6,0,5,1;1,6,0,6,0 | live
REL 9,-1 17,2 22,-1 | 1,0,6,0,6;-2,0,6,3,3;1,2,4,6,0;-1,4,2,0,6;2,6,0,3,3;-1,6,0,6,0 || F 1,0,1,0,0;1,1,0,0,0 | 1,0,5,0,6;-2,0,5,3,3;-1,1,4,0,6;2,1,4,3,3;1,2,3,0,6;-2,2,3,3,3;1,2,3,6,0;-1,3,2,0,6;2,3,2,3,3;-1,3,2,6,0;-2,4,1,3,3;1,4,1,6,0;2,5,0,3,3;-1,5,0,6,0 ## F -1,0,1,0,0;1,1,0,0,0 | -1,0,4,0,6;2,0,4,3,3;-1,2,2,0,6;2,2,2,3,3;-1,2,2,6,0;2,4,0,3,3;-1,4,0,6,0 || CORE -1,0,4,0,6;2,0,4,3,3;-1,2,2,0,6;2,2,2,3,3;-1,2,2,6,0;2,4,0,3,3;-1,4,0,6,0 | live
REL 0,-1 18,-1 19,2 | 1,0,6,2,4;-2,0,6,4,2;1,3,3,2,4;-1,3,3,4,2;2,6,0,2,4;-1,6,0,4,2 ||  || CORE 1,0,6,0,2;-2,0,6,2,0;1,3,3,0,2;-1,3,3,2,0;2,6,0,0,2;-1,6,0,2,0 | live
REL 2,-2 21,1 23,1 | -1,0,6,5,1;-1,0,6,6,0;2,3,3,0,6;-2,3,3,6,0;1,6,0,0,6;1,6,0,1,5 || F 1,0,0,0,1;1,0,0,1,0 | -1,0,6,5,0;2,3,3,0,5;-2,3,3,1,4;2,3,3,2,3;-2,3,3,3,2;2,3,3,4,1;-2,3,3,5,0;1,6,0,0,5 || CORE -1,0,6,5,0;2,3,3,0,5;-2,3,3,1,4;2,3,3,2,3;-2,3,3,3,2;2,3,3,4,1;-2,3,3,5,0;1,6,0,0,5 | unit
REL 2,-1 21,2 23,-1 | -2,0,6,5,1;1,0,6,6,0;1,3,3,0,6;-1,3,3,6,0;-1,6,0,0,6;2,6,0,1,5 ||  || CORE -2,0,6,5,1;1,0,6,6,0;1,3,3,0,6;-1,3,3,6,0;-1,6,0,0,6;2,6,0,1,5 | live
REL 13,-1 17,2 20,1 | -1,0,6,1,5;-2,0,6,3,3;1,1,5,1,5;-1,5,1,5,1;2,6,0,3,3;1,6,0,5,1 || F -1,0,1,0,0;1,1,0,0,0 | 1,0,5,0,4;2,0,5,2,2;2,1,4,2,2;2,2,3,2,2;2,3,2,2,2;2,4,1,2,2;2,5,0,2,2;1,5,0,4,0 || CORE 1,0,5,0,4;2,0,5,2,2;2,1,4,2,2;2,2,3,2,2;2,3,2,2,2;2,4,1,2,2;2,5,0,2,2;1,5,0,4,0 | unit
REL 9,-1 11,2 15,1 | -1,1,5,0,6;-2,1,5,2,4;1,2,4,6,0;-1,4,2,0,6;2,5,1,4,2;1,5,1,6,0 ||  || CORE -1,0,4,0,6;-2,0,4,2,4;1,1,3,6,0;-1,3,1,0,6;2,4,0,4,2;1,4,0,6,0 | live
REL 14,-2 18,1 20,1 | -1,0,6,1,5;-1,0,6,2,4;2,1,5,5,1;-2,5,1,1,5;1,6,0,4,2;1,6,0,5,1 ||  || CORE -1,0,6,0,4;-1,0,6,1,3;2,1,5,4,0;-2,5,1,0,4;1,6,0,3,1;1,6,0,4,0 | live
REL 6,-2 11,-1 14,-1 | 1,1,5,2,4;1,1,5,5,1;2,2,4,1,5;-2,4,2,5,1;-1,5,1,1,5;-1,5,1,4,2 ||  || CORE 1,0,4,1,3;1,0,4,4,0;2,1,3,0,4;-2,3,1,4,0;-1,4,0,0,4;-1,4,0,3,1 | live
REL 4,-1 18,1 19,-2 | -1,0,6,2,4;2,0,6,4,2;1,2,4,2,4;-1,4,2,4,2;-2,6,0,2,4;1,6,0,4,2 || F 1,0,2,0,0;1,2,0,0,0 | -1,0,4,0,2;2,0,4,2,0;2,2,2,0,2;-2,2,2,2,0;-2,4,0,0,2;1,4,0,2,0 || CORE -1,0,4,0,2;2,0,4,2,0;2,2,2,0,2;-2,2,2,2,0;-2,4,0,0,2;1,4,0,2,0 | live
REL 1,-1 18,-1 21,-2 | 1,0,6,2,4;2,0,6,5,1;1,3,3,1,5;-1,3,3,5,1;-2,6,0,1,5;-1,6,0,4,2 ||  || CORE 1,0,6,1,3;2,0,6,4,0;1,3,3,0,4;-1,3,3,4,0;-2,6,0,0,4;-1,6,0,3,1 | live
REL 9,-1 22,2 23,-1 | -2,0,6,0,6;1,0,6,6,0;1,2,4,6,0;-1,4,2,0,6;-1,6,0,0,6;2,6,0,6,0 ||  || CORE -2,0,6,0,6;1,0,6,6,0;1,2,4,6,0;-1,4,2,0,6;-1,6,0,0,6;2,6,0,6,0 | live
REL 0,-1 10,1 11,2 | -2,1,5,2,4;-1,1,5,3,3;1,3,3,2,4;-1,3,3,4,2;1,5,1,3,3;2,5,1,4,2 ||  || CORE -2,0,4,0,2;-1,0,4,1,1;1,2,2,0,2;-1,2,2,2,0;1,4,0,1,1;2,4,0,2,0 | live
REL 9,-1 15,2 16,1 | -2,1,5,0,6;-1,1,5,6,0;1,2,4,6,0;-1,4,2,0,6;1,5,1,0,6;2,5,1,6,0 || F 1,0,1,0,0;1,1,0,0,0 | -2,0,3,0,6;-1,0,3,6,0;2,1,2,0,6;2,1,2,6,0;-2,2,1,0,6;-2,2,1,6,0;1,3,0,0,6;2,3,0,6,0 || CORE -2,0,3,0,6;-1,0,3,6,0;2,1,2,0,6;2,1,2,6,0;-2,2,1,0,6;-2,2,1,6,0;1,3,0,0,6;2,3,0,6,0 | live
REL 9,-1 14,-2 15,1 | -1,1,5,0,6;2,1,5,5,1;1,2,4,6,0;-1,4,2,0,6;-2,5,1,1,5;1,5,1,6,0 ||  || CORE -1,0,4,0,6;2,0,4,5,1;1,1,3,6,0;-1,3,1,0,6;-2,4,0,1,5;1,4,0,6,0 | live
REL 0,-1 10,-2 12,1 | 2,1,5,3,3;-1,1,5,4,2;1,3,3,2,4;-1,3,3,4,2;1,5,1,2,4;-2,5,1,3,3 || F 1,0,2,0,0;1,2,0,0,0 | 2,0,2,1,1;-1,0,2,2,0;1,2,0,0,2;-2,2,0,1,1 || CORE 2,0,2,1,1;-1,0,2,2,0;1,2,0,0,2;-2,2,0,1,1 | unit
REL 2,-1 14,2 16,-1 | -2,1,5,5,1;1,1,5,6,0;1,3,3,0,6;-1,3,3,6,0;-1,5,1,0,6;2,5,1,1,5 ||  || CORE -2,0,4,5,1;1,0,4,6,0;1,2,2,0,6;-1,2,2,6,0;-1,4,0,0,6;2,4,0,1,5 | live
REL 8,-2 18,-1 22,1 | -1,0,6,0,6;1,0,6,2,4;2,2,4,0,6;-2,4,2,6,0;-1,6,0,4,2;1,6,0,6,0 ||  || CORE -1,0,6,0,6;1,0,6,2,4;2,2,4,0,6;-2,4,2,6,0;-1,6,0,4,2;1,6,0,6,0 | live
REL 2,-1 11,2 15,-1 | 1,1,5,0,6;-2,1,5,2,4;1,3,3,0,6;-1,3,3,6,0;2,5,1,4,2;-1,5,1,6,0 ||  || CORE 1,0,4,0,6;-2,0,4,2,4;1,2,2,0,6;-1,2,2,6,0;2,4,0,4,2;-1,4,0,6,0 | live
REL 1,-1 10,-1 14,2 | 1,1,5,3,3;-2,1,5,5,1;1,3,3,1,5;-1,3,3,5,1;2,5,1,1,5;-1,5,1,3,3 ||  || CORE 1,0,4,2,2;-2,0,4,4,0;1,2,2,0,4;-1,2,2,4,0;2,4,0,0,4;-1,4,0,2,2 | live
REL 0,-1 17,1 18,2 | -2,0,6,2,4;-1,0,6,3,3;1,3,3,2,4;-1,3,3,4,2;1,6,0,3,3;2,6,0,4,2 ||  || CORE -2,0,6,0,2;-1,0,6,1,1;1,3,3,0,2;-1,3,3,2,0;1,6,0,1,1;2,6,0,2,0 | live
REL 7,-1 12,1 14,2 | -1,1,5,4,2;-2,1,5,5,1;1,2,4,5,1;-1,4,2,1,5;2,5,1,1,5;1,5,1,2,4 ||  || CORE -1,0,4,3,1;-2,0,4,4,0;1,1,3,4,0;-1,3,1,0,4;2,4,0,0,4;1,4,0,1,3 | live
REL 8,-1 20,-2 23,-1 | 2,0,6,1,5;1,0,6,6,0;1,2,4,0,6;-1,4,2,6,0;-1,6,0,0,6;-2,6,0,5,1 ||  || CORE 2,0,6,1,5;1,0,6,6,0;1,2,4,0,6;-1,4,2,6,0;-1,6,0,0,6;-2,6,0,5,1 | live
REL 6,-1 18,-1 20,-2 | 2,0,6,1,5;1,0,6,2,4;1,2,4,1,5;-1,4,2,5,1;-1,6,0,4,2;-2,6,0,5,1 ||  || CORE 2,0,6,0,4;1,0,6,1,3;1,2,4,0,4;-1,4,2,4,0;-1,6,0,3,1;-2,6,0,4,0 | live
REL 2,-2 12,-1 15,1 | -1,1,5,0,6;1,1,5,4,2;2,3,3,0,6;-2,3,3,6,0;-1,5,1,2,4;1,5,1,6,0 || F 1,0,0,0,1;1,0,0,1,0 | -1,0,4,0,5;1,0,4,1,4;-1,0,4,2,3;1,0,4,3,2;2,2,2,0,5;-2,2,2,1,4;2,2,2,2,3;-2,2,2,3,2;2,2,2,4,1;-2,2,2,5,0;-1,4,0,2,3;1,4,0,3,2;-1,4,0,4,1;1,4,0,5,0 ## F -1,0,0,0,1;1,0,0,1,0 | 1,0,4,0,4;1,0,4,2,2;-2,2,2,0,4;-2,2,2,2,2;-2,2,2,4,0;1,4,0,2,2;1,4,0,4,0 || CORE 1,0,4,0,4;1,0,4,2,2;-2,2,2,0,4;-2,2,2,2,2;-2,2,2,4,0;1,4,0,2,2;1,4,0,4,0 | live
REL 1,-2 3,1 6,1 | -1,2,4,1,5;-1,2,4,3,3;2,3,3,1,5;-2,3,3,5,1;1,4,2,3,3;1,4,2,5,1 || F 1,0,0,0,2;1,0,0,2,0 | -1,0,2,0,2;2,1,1,0,2;-2,1,1,2,0;1,2,0,2,0 || CORE -1,0,2,0,2;2,1,1,0,2;-2,1,1,2,0;1,2,0,2,0 | unit
REL 7,-1 12,-2 13,-1 | 1,1,5,1,5;2,1,5,4,2;1,2,4,5,1;-1,4,2,1,5;-2,5,1,2,4;-1,5,1,5,1 ||  || CORE 1,0,4,0,4;2,0,4,3,1;1,1,3,4,0;-1,3,1,0,4;-2,4,0,1,3;-1,4,0,4,0 | live
REL 7,-1 20,-2 21,1 | 2,0,6,1,5;-1,0,6,5,1;1,2,4,5,1;-1,4,2,1,5;1,6,0,1,5;-2,6,0,5,1 || F 1,0,2,0,0;1,2,0,0,0 | 2,0,4,0,4;-1,0,4,4,0;-2,2,2,0,4;2,2,2,4,0;1,4,0,0,4;-2,4,0,4,0 || CORE 2,0,4,0,4;-1,0,4,4,0;-2,2,2,0,4;2,2,2,4,0;1,4,0,0,4;-2,4,0,4,0 | live
REL 8,-2 10,-1 15,1 | -1,1,5,0,6;1,1,5,3,3;2,2,4,0,6;-2,4,2,6,0;-1,5,1,3,3;1,5,1,6,0 ||  || CORE -1,0,4,0,6;1,0,4,3,3;2,1,3,0,6;-2,3,1,6,0;-1,4,0,3,3;1,4,0,6,0 | live
REL 9,-2 19,-1 23,1 | 1,0,6,4,2;-1,0,6,6,0;2,2,4,6,0;-2,4,2,0,6;1,6,0,0,6;-1,6,0,2,4 ||  || CORE 1,0,6,4,2;-1,0,6,6,0;2,2,4,6,0;-2,4,2,0,6;1,6,0,0,6;-1,6,0,2,4 | live
REL 15,-2 19,-1 22,1 | -1,0,6,0,6;1,0,6,4,2;2,1,5,0,6;-2,5,1,6,0;-1,6,0,2,4;1,6,0,6,0 ||  || CORE -1,0,6,0,6;1,0,6,4,2;2,1,5,0,6;-2,5,1,6,0;-1,6,0,2,4;1,6,0,6,0 | live
REL 1,-1 12,-1 14,2 | 1,1,5,4,2;-2,1,5,5,1;1,3,3,1,5;-1,3,3,5,1;2,5,1,1,5;-1,5,1,2,4 ||  || CORE 1,0,4,3,1;-2,0,4,4,0;1,2,2,0,4;-1,2,2,4,0;2,4,0,0,4;-1,4,0,1,3 | live
REL 5,-1 8,1 9,2 | -1,2,4,0,6;1,2,4,4,2;-2,2,4,6,0;2,4,2,0,6;-1,4,2,2,4;1,4,2,6,0 ||  || CORE -1,0,2,0,6;1,0,2,4,2;-2,0,2,6,0;2,2,0,0,6;-1,2,0,2,4;1,2,0,6,0 | live
REL 6,-1 19,2 20,-1 | 1,0,6,1,5;-2,0,6,4,2;1,2,4,1,5;-1,4,2,5,1;2,6,0,2,4;-1,6,0,5,1 ||  || CORE 1,0,6,0,4;-2,0,6,3,1;1,2,4,0,4;-1,4,2,4,0;2,6,0,1,3;-1,6,0,4,0 | live
REL 2,-2 5,1 9,1 | -1,2,4,4,2;-1,2,4,6,0;2,3,3,0,6;-2,3,3,6,0;1,4,2,0,6;1,4,2,2,4 ||  || CORE -1,0,2,4,2;-1,0,2,6,0;2,1,1,0,6;-2,1,1,6,0;1,2,0,0,6;1,2,0,2,4 | live
REL 14,-2 22,1 23,1 | -1,0,6,0,6;-1,0,6,6,0;2,1,5,5,1;-2,5,1,1,5;1,6,0,0,6;1,6,0,6,0 ||  || CORE -1,0,6,0,6;-1,0,6,6,0;2,1,5,5,1;-2,5,1,1,5;1,6,0,0,6;1,6,0,6,0 | live
REL 8,-1 17,2 22,-1 | 1,0,6,0,6;-2,0,6,3,3;1,2,4,0,6;-1,4,2,6,0;2,6,0,3,3;-1,6,0,6,0 ||  || CORE 1,0,6,0,6;-2,0,6,3,3;1,2,4,0,6;-1,4,2,6,0;2,6,0,3,3;-1,6,0,6,0 | live
REL 12,-2 13,-1 14,-1 | 1,1,5,1,5;2,1,5,4,2;1,1,5,5,1;-1,5,1,1,5;-2,5,1,2,4;-1,5,1,5,1 || F 1,0,0,0,1;1,0,0,1,0 | 1,0,4,0,3;-1,0,4,1,2;1,0,4,2,1;1,0,4,3,0;-1,4,0,0,3;-1,4,0,1,2;1,4,0,2,1;-1,4,0,3,0 || CORE 1,0,4,0,3;-1,0,4,1,2;1,0,4,2,1;1,0,4,3,0;-1,4,0,0,3;-1,4,0,1,2;1,4,0,2,1;-1,4,0,3,0 | live
REL 4,-2 10,-1 12,-1 | 1,1,5,3,3;1,1,5,4,2;2,2,4,2,4;-2,4,2,4,2;-1,5,1,2,4;-1,5,1,3,3 ||  || CORE 1,0,4,1,1;1,0,4,2,0;2,1,3,0,2;-2,3,1,2,0;-1,4,0,0,2;-1,4,0,1,1 | live
REL 9,-1 13,2 15,1 | -1,1,5,0,6;-2,1,5,1,5;1,2,4,6,0;-1,4,2,0,6;2,5,1,5,1;1,5,1,6,0 ||  || CORE -1,0,4,0,6;-2,0,4,1,5;1,1,3,6,0;-1,3,1,0,6;2,4,0,5,1;1,4,0,6,0 | live
REL 11,-1 17,1 19,2 | -1,0,6,3,3;-2,0,6,4,2;1,1,5,2,4;-1,5,1,4,2;2,6,0,2,4;1,6,0,3,3 ||  || CORE -1,0,6,1,1;-2,0,6,2,0;1,1,5,0,2;-1,5,1,2,0;2,6,0,0,2;1,6,0,1,1 | live
REL 11,-1 17,1 18,2 | -2,0,6,2,4;-1,0,6,3,3;1,1,5,2,4;-1,5,1,4,2;1,6,0,3,3;2,6,0,4,2 ||  || CORE -2,0,6,0,2;-1,0,6,1,1;1,1,5,0,2;-1,5,1,2,0;1,6,0,1,1;2,6,0,2,0 | live
REL 2,-1 13,1 16,-2 | -1,1,5,1,5;2,1,5,6,0;1,3,3,0,6;-1,3,3,6,0;-2,5,1,0,6;1,5,1,5,1 ||  || CORE -1,0,4,1,5;2,0,4,6,0;1,2,2,0,6;-1,2,2,6,0;-2,4,0,0,6;1,4,0,5,1 | live
REL 4,-1 6,2 7,-1 | -2,2,4,1,5;1,2,4,2,4;1,2,4,5,1;-1,4,2,1,5;-1,4,2,4,2;2,4,2,5,1 || F -1,0,0,0,1;1,0,0,1,0 | 2,0,2,0,3;1,0,2,1,2;1,0,2,2,1;1,0,2,3,0;1,2,0,0,3;1,2,0,1,2;1,2,0,2,1;2,2,0,3,0 || CORE 2,0,2,0,3;1,0,2,1,2;1,0,2,2,1;1,0,2,3,0;1,2,0,0,3;1,2,0,1,2;1,2,0,2,1;2,2,0,3,0 | live
REL 4,-2 15,-1 16,-1 | 1,1,5,0,6;1,1,5,6,0;2,2,4,2,4;-2,4,2,4,2;-1,5,1,0,6;-1,5,1,6,0 ||  || CORE 1,0,4,0,6;1,0,4,6,0;2,1,3,2,4;-2,3,1,4,2;-1,4,0,0,6;-1,4,0,6,0 | live
REL 9,-2 20,-1 22,1 | -1,0,6,0,6;1,0,6,1,5;2,2,4,6,0;-2,4,2,0,6;-1,6,0,5,1;1,6,0,6,0 ||  || CORE -1,0,6,0,6;1,0,6,1,5;2,2,4,6,0;-2,4,2,0,6;-1,6,0,5,1;1,6,0,6,0 | live
REL 5,-2 15,1 16,1 | -1,1,5,0,6;-1,1,5,6,0;2,2,4,4,2;-2,4,2,2,4;1,5,1,0,6;1,5,1,6,0 ||  || CORE -1,0,4,0,6;-1,0,4,6,0;2,1,3,4,2;-2,3,1,2,4;1,4,0,0,6;1,4,0,6,0 | live
REL 4,-2 11,-1 12,-1 | 1,1,5,2,4;1,1,5,4,2;2,2,4,2,4;-2,4,2,4,2;-1,5,1,2,4;-1,5,1,4,2 ||  || CORE 1,0,4,0,2;1,0,4,2,0;2,1,3,0,2;-2,3,1,2,0;-1,4,0,0,2;-1,4,0,2,0 | live
REL 8,-1 11,-2 15,1 | -1,1,5,0,6;2,1,5,2,4;1,2,4,0,6;-1,4,2,6,0;-2,5,1,4,2;1,5,1,6,0 ||  || CORE -1,0,4,0,6;2,0,4,2,4;1,1,3,0,6;-1,3,1,6,0;-2,4,0,4,2;1,4,0,6,0 | live
REL 7,-2 12,1 13,1 | -1,1,5,1,5;-1,1,5,4,2;2,2,4,5,1;-2,4,2,1,5;1,5,1,2,4;1,5,1,5,1 ||  || CORE -1,0,4,0,4;-1,0,4,3,1;2,1,3,4,0;-2,3,1,0,4;1,4,0,1,3;1,4,0,4,0 | live
REL 2,-2 5,-1 8,1 | -1,2,4,0,6;1,2,4,4,2;2,3,3,0,6;-2,3,3,6,0;-1,4,2,2,4;1,4,2,6,0 || F 1,0,0,0,1;1,0,0,1,0 | -1,0,2,0,5;1,0,2,1,4;-1,0,2,2,3;1,0,2,3,2;2,1,1,0,5;-2,1,1,1,4;2,1,1,2,3;-2,1,1,3,2;2,1,1,4,1;-2,1,1,5,0;-1,2,0,2,3;1,2,0,3,2;-1,2,0,4,1;1,2,0,5,0 ## F -1,0,0,0,1;1,0,0,1,0 | 1,0,2,0,4;1,0,2,2,2;-2,1,1,0,4;-2,1,1,2,2;-2,1,1,4,0;1,2,0,2,2;1,2,0,4,0 || CORE 1,0,2,0,4;1,0,2,2,2;-2,1,1,0,4;-2,1,1,2,2;-2,1,1,4,0;1,2,0,2,2;1,2,0,4,0 | live
REL 1,-1 18,-2 20,1 | -1,0,6,1,5;2,0,6,2,4;1,3,3,1,5;-1,3,3,5,1;-2,6,0,4,2;1,6,0,5,1 ||  || CORE -1,0,6,0,4;2,0,6,1,3;1,3,3,0,4;-1,3,3,4,0;-2,6,0,3,1;1,6,0,4,0 | live
REL 9,-2 17,1 22,-1 | 1,0,6,0,6;-1,0,6,3,3;2,2,4,6,0;-2,4,2,0,6;1,6,0,3,3;-1,6,0,6,0 ||  || CORE 1,0,6,0,6;-1,0,6,3,3;2,2,4,6,0;-2,4,2,0,6;1,6,0,3,3;-1,6,0,6,0 | live
REL 1,-2 12,-1 14,1 | 1,1,5,4,2;-1,1,5,5,1;2,3,3,1,5;-2,3,3,5,1;1,5,1,1,5;-1,5,1,2,4 || F -1,0,0,0,1;1,0,0,1,0 | -1,0,4,3,0;-2,2,2,0,3;-2,2,2,1,2;-2,2,2,2,1;-2,2,2,3,0;-1,4,0,0,3 || CORE -1,0,4,3,0;-2,2,2,0,3;-2,2,2,1,2;-2,2,2,2,1;-2,2,2,3,0;-1,4,0,0,3 | unit
REL 12,-1 17,1 19,2 | -1,0,6,3,3;-2,0,6,4,2;1,1,5,4,2;-1,5,1,2,4;2,6,0,2,4;1,6,0,3,3 ||  || CORE -1,0,6,1,1;-2,0,6,2,0;1,1,5,2,0;-1,5,1,0,2;2,6,0,0,2;1,6,0,1,1 | live
REL 14,-2 18,1 21,1 | -1,0,6,2,4;-1,0,6,5,1;2,1,5,5,1;-2,5,1,1,5;1,6,0,1,5;1,6,0,4,2 ||  || CORE -1,0,6,1,3;-1,0,6,4,0;2,1,5,4,0;-2,5,1,0,4;1,6,0,0,4;1,6,0,3,1 | live
REL 4,-1 6,1 7,2 | -1,2,4,1,5;1,2,4,2,4;-2,2,4,5,1;2,4,2,1,5;-1,4,2,4,2;1,4,2,5,1 ||  || CORE -1,0,2,0,4;1,0,2,1,3;-2,0,2,4,0;2,2,0,0,4;-1,2,0,3,1;1,2,0,4,0 | live
REL 11,-2 18,-1 19,-1 | 1,0,6,2,4;1,0,6,4,2;2,1,5,2,4;-2,5,1,4,2;-1,6,0,2,4;-1,6,0,4,2 ||  || CORE 1,0,6,0,2;1,0,6,2,0;2,1,5,0,2;-2,5,1,2,0;-1,6,0,0,2;-1,6,0,2,0 | live
REL 8,-2 10,-1 15,-1 | 1,1,5,0,6;1,1,5,3,3;2,2,4,0,6;-2,4,2,6,0;-1,5,1,3,3;-1,5,1,6,0 ||  || CORE 1,0,4,0,6;1,0,4,3,3;2,1,3,0,6;-2,3,1,6,0;-1,4,0,3,3;-1,4,0,6,0 | live
REL 15,-2 17,-1 23,1 | 1,0,6,3,3;-1,0,6,6,0;2,1,5,0,6;-2,5,1,6,0;1,6,0,0,6;-1,6,0,3,3 ||  || CORE 1,0,6,3,3;-1,0,6,6,0;2,1,5,0,6;-2,5,1,6,0;1,6,0,0,6;-1,6,0,3,3 | live
REL 8,-1 22,1 23,-2 | -1,0,6,0,6;2,0,6,6,0;1,2,4,0,6;-1,4,2,6,0;-2,6,0,0,6;1,6,0,6,0 || F 1,0,2,0,0;1,2,0,0,0 | -1,0,4,0,6;2,0,4,6,0;2,2,2,0,6;-2,2,2,6,0;-2,4,0,0,6;1,4,0,6,0 || CORE -1,0,4,0,6;2,0,4,6,0;2,2,2,0,6;-2,2,2,6,0;-2,4,0,0,6;1,4,0,6,0 | live
REL 14,-1 18,-1 21,2 | 1,0,6,2,4;-2,0,6,5,1;1,1,5,5,1;-1,5,1,1,5;2,6,0,1,5;-1,6,0,4,2 ||  || CORE 1,0,6,1,3;-2,0,6,4,0;1,1,5,4,0;-1,5,1,0,4;2,6,0,0,4;-1,6,0,3,1 | live
REL 8,-2 14,-1 15,-1 | 1,1,5,0,6;1,1,5,5,1;2,2,4,0,6;-2,4,2,6,0;-1,5,1,1,5;-1,5,1,6,0 ||  || CORE 1,0,4,0,6;1,0,4,5,1;2,1,3,0,6;-2,3,1,6,0;-1,4,0,1,5;-1,4,0,6,0 | live
REL 0,-2 20,-1 21,-1 | 1,0,6,1,5;1,0,6,5,1;2,3,3,2,4;-2,3,3,4,2;-1,6,0,1,5;-1,6,0,5,1 ||  || CORE 1,0,6,0,4;1,0,6,4,0;2,3,3,1,3;-2,3,3,3,1;-1,6,0,0,4;-1,6,0,4,0 | live
REL 8,-1 10,2 16,-1 | -2,1,5,3,3;1,1,5,6,0;1,2,4,0,6;-1,4,2,6,0;-1,5,1,0,6;2,5,1,3,3 || F -1,0,1,0,0;1,1,0,0,0 | 2,0,3,3,3;-1,0,3,6,0;-1,1,2,0,6;2,1,2,3,3;-1,1,2,6,0;-1,2,1,0,6;2,2,1,3,3;-1,2,1,6,0;-1,3,0,0,6;2,3,0,3,3 || CORE 2,0,3,3,3;-1,0,3,6,0;-1,1,2,0,6;2,1,2,3,3;-1,1,2,6,0;-1,2,1,0,6;2,2,1,3,3;-1,2,1,6,0;-1,3,0,0,6;2,3,0,3,3 | live
REL 0,-1 3,1 4,2 | -2,2,4,2,4;-1,2,4,3,3;1,3,3,2,4;-1,3,3,4,2;1,4,2,3,3;2,4,2,4,2 ||  || CORE -2,0,2,0,2;-1,0,2,1,1;1,1,1,0,2;-1,1,1,2,0;1,2,0,1,1;2,2,0,2,0 | live
REL 15,-2 19,1 22,1 | -1,0,6,0,6;-1,0,6,4,2;2,1,5,0,6;-2,5,1,6,0;1,6,0,2,4;1,6,0,6,0 ||  || CORE -1,0,6,0,6;-1,0,6,4,2;2,1,5,0,6;-2,5,1,6,0;1,6,0,2,4;1,6,0,6,0 | live
REL 11,-1 15,-2 16,-1 | 2,1,5,0,6;1,1,5,2,4;1,1,5,6,0;-1,5,1,0,6;-1,5,1,4,2;-2,5,1,6,0 || F 1,0,0,0,2;1,0,0,2,0 | 2,0,4,0,4;-1,0,4,2,2;1,0,4,4,0;-1,4,0,0,4;1,4,0,2,2;-2,4,0,4,0 || CORE 2,0,4,0,4;-1,0,4,2,2;1,0,4,4,0;-1,4,0,0,4;1,4,0,2,2;-2,4,0,4,0 | live
REL 0,-1 11,2 12,1 | -2,1,5,2,4;-1,1,5,4,2;1,3,3,2,4;-1,3,3,4,2;1,5,1,2,4;2,5,1,4,2 || F 1,0,1,0,0;1,1,0,0,0 | -2,0,3,0,2;-1,0,3,2,0;2,1,2,0,2;1,1,2,2,0;-1,2,1,0,2;-2,2,1,2,0;1,3,0,0,2;2,3,0,2,0 ## F -1,0,1,0,0;1,1,0,0,0 | 2,0,2,0,2;1,0,2,2,0;1,2,0,0,2;2,2,0,2,0 || CORE 2,0,2,0,2;1,0,2,2,0;1,2,0,0,2;2,2,0,2,0 | live
REL 14,-2 17,1 21,1 | -1,0,6,3,3;-1,0,6,5,1;2,1,5,5,1;-2,5,1,1,5;1,6,0,1,5;1,6,0,3,3 ||  || CORE -1,0,6,2,2;-1,0,6,4,0;2,1,5,4,0;-2,5,1,0,4;1,6,0,0,4;1,6,0,2,2 | live
REL 5,-2 6,1 7,-1 | -1,2,4,1,5;2,2,4,4,2;1,2,4,5,1;-1,4,2,1,5;-2,4,2,2,4;1,4,2,5,1 ||  || CORE -1,0,2,0,4;2,0,2,3,1;1,0,2,4,0;-1,2,0,0,4;-2,2,0,1,3;1,2,0,4,0 | live
REL 3,-2 20,-1 21,-1 | 1,0,6,1,5;1,0,6,5,1;2,2,4,3,3;-2,4,2,3,3;-1,6,0,1,5;-1,6,0,5,1 || F 1,0,1,0,0;1,1,0,0,0 | 1,0,5,0,4;1,0,5,4,0;-1,1,4,0,4;-1,1,4,4,0;1,2,3,0,4;2,2,3,2,2;1,2,3,4,0;-1,3,2,0,4;-2,3,2,2,2;-1,3,2,4,0;1,4,1,0,4;1,4,1,4,0;-1,5,0,0,4;-1,5,0,4,0 ## F -1,0,1,0,0;1,1,0,0,0 | -1,0,4,0,4;-1,0,4,4,0;-1,2,2,0,4;-2,2,2,2,2;-1,2,2,4,0;-1,4,0,0,4;-1,4,0,4,0 || CORE -1,0,4,0,4;-1,0,4,4,0;-1,2,2,0,4;-2,2,2,2,2;-1,2,2,4,0;-1,4,0,0,4;-1,4,0,4,0 | live
REL 2,-1 6,-2 9,1 | 2,2,4,1,5;-1,2,4,6,0;1,3,3,0,6;-1,3,3,6,0;1,4,2,0,6;-2,4,2,5,1 ||  || CORE 2,0,2,1,5;-1,0,2,6,0;1,1,1,0,6;-1,1,1,6,0;1,2,0,0,6;-2,2,0,5,1 | live
REL 5,-2 22,1 23,-1 | -1,0,6,0,6;1,0,6,6,0;2,2,4,4,2;-2,4,2,2,4;-1,6,0,0,6;1,6,0,6,0 ||  || CORE -1,0,6,0,6;1,0,6,6,0;2,2,4,4,2;-2,4,2,2,4;-1,6,0,0,6;1,6,0,6,0 | live
REL 16,-2 20,1 23,-1 | -1,0,6,1,5;1,0,6,6,0;2,1,5,6,0;-2,5,1,0,6;-1,6,0,0,6;1,6,0,5,1 ||  || CORE -1,0,6,1,5;1,0,6,6,0;2,1,5,6,0;-2,5,1,0,6;-1,6,0,0,6;1,6,0,5,1 | live
REL 0,-1 17,2 18,-1 | 1,0,6,2,4;-2,0,6,3,3;1,3,3,2,4;-1,3,3,4,2;2,6,0,3,3;-1,6,0,4,2 || F 1,0,1,0,0;1,1,0,0,0 | 1,0,5,0,2;-2,0,5,1,1;-1,1,4,0,2;2,1,4,1,1;1,2,3,0,2;-2,2,3,1,1;2,3,2,1,1;-1,3,2,2,0;-2,4,1,1,1;1,4,1,2,0;2,5,0,1,1;-1,5,0,2,0 ## F 1,0,2,0,0;-1,1,1,0,0;1,2,0,0,0 | 1,0,3,0,2;-2,0,3,1,1;2,3,0,1,1;-1,3,0,2,0 || CORE 1,0,3,0,2;-2,0,3,1,1;2,3,0,1,1;-1,3,0,2,0 | unit
REL 0,-1 10,-1 12,2 | 1,1,5,3,3;-2,1,5,4,2;1,3,3,2,4;-1,3,3,4,2;2,5,1,2,4;-1,5,1,3,3 ||  || CORE 1,0,4,1,1;-2,0,4,2,0;1,2,2,0,2;-1,2,2,2,0;2,4,0,0,2;-1,4,0,1,1 | live
REL 3,-2 4,1 5,1 | -1,2,4,2,4;2,2,4,3,3;-1,2,4,4,2;1,4,2,2,4;-2,4,2,3,3;1,4,2,4,2 || F 1,0,1,0,0;1,1,0,0,0 | -1,0,1,0,2;2,0,1,1,1;-1,0,1,2,0;1,1,0,0,2;-2,1,0,1,1;1,1,0,2,0 ## F -1,0,1,0,0;1,1,0,0,0 | 1,0,0,0,2;-2,0,0,1,1;1,0,0,2,0 ## F -1,0,0,0,1;1,0,0,1,0 | -1,0,0,0,1;1,0,0,1,0 ## F -1,0,0,0,1;1,0,0,1,0 | 1,0,0,0,0 || CORE 1,0,0,0,0 | monomial
REL 15,-1 19,2 23,1 | -2,0,6,4,2;-1,0,6,6,0;1,1,5,0,6;-1,5,1,6,0;1,6,0,0,6;2,6,0,2,4 ||  || CORE -2,0,6,4,2;-1,0,6,6,0;1,1,5,0,6;-1,5,1,6,0;1,6,0,0,6;2,6,0,2,4 | live
REL 2,-1 5,1 9,2 | -1,2,4,4,2;-2,2,4,6,0;1,3,3,0,6;-1,3,3,6,0;2,4,2,0,6;1,4,2,2,4 ||  || CORE -1,0,2,4,2;-2,0,2,6,0;1,1,1,0,6;-1,1,1,6,0;2,2,0,0,6;1,2,0,2,4 | live
REL 9,-2 10,-1 16,-1 | 1,1,5,3,3;1,1,5,6,0;2,2,4,6,0;-2,4,2,0,6;-1,5,1,0,6;-1,5,1,3,3 ||  || CORE 1,0,4,3,3;1,0,4,6,0;2,1,3,6,0;-2,3,1,0,6;-1,4,0,0,6;-1,4,0,3,3 | live
REL 16,-1 17,2 23,-1 | -2,0,6,3,3;1,0,6,6,0;1,1,5,6,0;-1,5,1,0,6;-1,6,0,0,6;2,6,0,3,3 || F 1,0,1,0,0;1,1,0,0,0 | -2,0,5,3,3;1,0,5,6,0;2,1,4,3,3;-2,2,3,3,3;2,3,2,3,3;-2,4,1,3,3;-1,5,0,0,6;2,5,0,3,3 || CORE -2,0,5,3,3;1,0,5,6,0;2,1,4,3,3;-2,2,3,3,3;2,3,2,3,3;-2,4,1,3,3;-1,5,0,0,6;2,5,0,3,3 | unit
REL 4,-1 10,1 12,-2 | -1,1,5,3,3;2,1,5,4,2;1,2,4,2,4;-1,4,2,4,2;-2,5,1,2,4;1,5,1,3,3 ||  || CORE -1,0,4,1,1;2,0,4,2,0;1,1,3,0,2;-1,3,1,2,0;-2,4,0,0,2;1,4,0,1,1 | live
REL 10,-1 11,1 12,2 | -1,1,5,2,4;1,1,5,3,3;-2,1,5,4,2;2,5,1,2,4;-1,5,1,3,3;1,5,1,4,2 ||  || CORE -1,0,4,0,2;1,0,4,1,1;-2,0,4,2,0;2,4,0,0,2;-1,4,0,1,1;1,4,0,2,0 | live
REL 15,-1 17,-2 22,1 | -1,0,6,0,6;2,0,6,3,3;1,1,5,0,6;-1,5,1,6,0;-2,6,0,3,3;1,6,0,6,0 || F -1,0,1,0,0;1,1,0,0,0 | 1,0,5,0,6;-2,0,5,3,3;-2,1,4,3,3;-2,2,3,3,3;-2,3,2,3,3;-2,4,1,3,3;-2,5,0,3,3;1,5,0,6,0 || CORE 1,0,5,0,6;-2,0,5,3,3;-2,1,4,3,3;-2,2,3,3,3;-2,3,2,3,3;-2,4,1,3,3;-2,5,0,3,3;1,5,0,6,0 | unit
REL 9,-2 14,-1 16,-1 | 1,1,5,5,1;1,1,5,6,0;2,2,4,6,0;-2,4,2,0,6;-1,5,1,0,6;-1,5,1,1,5 ||  || CORE 1,0,4,5,1;1,0,4,6,0;2,1,3,6,0;-2,3,1,0,6;-1,4,0,0,6;-1,4,0,1,5 | live
REL 6,-1 17,2 20,-1 | 1,0,6,1,5;-2,0,6,3,3;1,2,4,1,5;-1,4,2,5,1;2,6,0,3,3;-1,6,0,5,1 ||  || CORE 1,0,6,0,4;-2,0,6,2,2;1,2,4,0,4;-1,4,2,4,0;2,6,0,2,2;-1,6,0,4,0 | live
REL 9,-1 19,1 23,2 | -1,0,6,4,2;-2,0,6,6,0;1,2,4,6,0;-1,4,2,0,6;2,6,0,0,6;1,6,0,2,4 ||  || CORE -1,0,6,4,2;-2,0,6,6,0;1,2,4,6,0;-1,4,2,0,6;2,6,0,0,6;1,6,0,2,4 | live
REL 2,-1 18,-1 23,-2 | 1,0,6,2,4;2,0,6,6,0;1,3,3,0,6;-1,3,3,6,0;-2,6,0,0,6;-1,6,0,4,2 ||  || CORE 1,0,6,2,4;2,0,6,6,0;1,3,3,0,6;-1,3,3,6,0;-2,6,0,0,6;-1,6,0,4,2 | live
REL 9,-1 11,-2 16,1 | 2,1,5,2,4;-1,1,5,6,0;1,2,4,6,0;-1,4,2,0,6;1,5,1,0,6;-2,5,1,4,2 ||  || CORE 2,0,4,2,4;-1,0,4,6,0;1,1,3,6,0;-1,3,1,0,6;1,4,0,0,6;-2,4,0,4,2 | live
REL 10,-1 15,-2 16,-1 | 2,1,5,0,6;1,1,5,3,3;1,1,5,6,0;-1,5,1,0,6;-1,5,1,3,3;-2,5,1,6,0 ||  || CORE 2,0,4,0,6;1,0,4,3,3;1,0,4,6,0;-1,4,0,0,6;-1,4,0,3,3;-2,4,0,6,0 | live
REL 7,-1 13,1 14,2 | -1,1,5,1,5;-2,1,5,5,1;1,2,4,5,1;-1,4,2,1,5;2,5,1,1,5;1,5,1,5,1 || F -1,0,1,0,0;1,1,0,0,0 | 1,0,3,0,4;2,0,3,4,0;1,1,2,0,4;1,1,2,4,0;1,2,1,0,4;1,2,1,4,0;2,3,0,0,4;1,3,0,4,0 || CORE 1,0,3,0,4;2,0,3,4,0;1,1,2,0,4;1,1,2,4,0;1,2,1,0,4;1,2,1,4,0;2,3,0,0,4;1,3,0,4,0 | live
REL 8,-1 11,1 16,2 | -1,1,5,2,4;-2,1,5,6,0;1,2,4,0,6;-1,4,2,6,0;2,5,1,0,6;1,5,1,4,2 ||  || CORE -1,0,4,2,4;-2,0,4,6,0;1,1,3,0,6;-1,3,1,6,0;2,4,0,0,6;1,4,0,4,2 | live
REL 9,-1 13,2 15,-1 | 1,1,5,0,6;-2,1,5,1,5;1,2,4,6,0;-1,4,2,0,6;2,5,1,5,1;-1,5,1,6,0 ||  || CORE 1,0,4,0,6;-2,0,4,1,5;1,1,3,6,0;-1,3,1,0,6;2,4,0,5,1;-1,4,0,6,0 | live
REL 11,-1 17,2 19,1 | -2,0,6,3,3;-1,0,6,4,2;1,1,5,2,4;-1,5,1,4,2;1,6,0,2,4;2,6,0,3,3 || F 1,0,1,0,0;1,1,0,0,0 | -2,0,5,1,1;-1,0,5,2,0;1,1,4,0,2;2,1,4,1,1;1,1,4,2,0;-1,2,3,0,2;-2,2,3,1,1;-1,2,3,2,0;1,3,2,0,2;2,3,2,1,1;1,3,2,2,0;-1,4,1,0,2;-2,4,1,1,1;-1,4,1,2,0;1,5,0,0,2;2,5,0,1,1 || CORE -2,0,5,1,1;-1,0,5,2,0;1,1,4,0,2;2,1,4,1,1;1,1,4,2,0;-1,2,3,0,2;-2,2,3,1,1;-1,2,3,2,0;1,3,2,0,2;2,3,2,1,1;1,3,2,2,0;-1,4,1,0,2;-2,4,1,1,1;-1,4,1,2,0;1,5,0,0,2;2,5,0,1,1 | live
REL 20,-1 22,1 23,-2 | -1,0,6,0,6;1,0,6,1,5;2,0,6,6,0;-2,6,0,0,6;-1,6,0,5,1;1,6,0,6,0 || F 1,0,0,0,1;1,0,0,1,0 | -1,0,6,0,5;2,0,6,1,4;-2,0,6,2,3;2,0,6,3,2;-2,0,6,4,1;2,0,6,5,0;-2,6,0,0,5;2,6,0,1,4;-2,6,0,2,3;2,6,0,3,2;-2,6,0,4,1;1,6,0,5,0 || CORE -1,0,6,0,5;2,0,6,1,4;-2,0,6,2,3;2,0,6,3,2;-2,0,6,4,1;2,0,6,5,0;-2,6,0,0,5;2,6,0,1,4;-2,6,0,2,3;2,6,0,3,2;-2,6,0,4,1;1,6,0,5,0 | live
REL 16,-1 18,-1 22,-2 | 2,0,6,0,6;1,0,6,2,4;1,1,5,6,0;-1,5,1,0,6;-1,6,0,4,2;-2,6,0,6,0 ||  || CORE 2,0,6,0,6;1,0,6,2,4;1,1,5,6,0;-1,5,1,0,6;-1,6,0,4,2;-2,6,0,6,0 | live
REL 6,-1 11,-2 14,-1 | 2,1,5,2,4;1,1,5,5,1;1,2,4,1,5;-1,4,2,5,1;-1,5,1,1,5;-2,5,1,4,2 ||  || CORE 2,0,4,1,3;1,0,4,4,0;1,1,3,0,4;-1,3,1,4,0;-1,4,0,0,4;-2,4,0,3,1 | live
REL 14,-2 22,1 23,-1 | -1,0,6,0,6;1,0,6,6,0;2,1,5,5,1;-2,5,1,1,5;-1,6,0,0,6;1,6,0,6,0 ||  || CORE -1,0,6,0,6;1,0,6,6,0;2,1,5,5,1;-2,5,1,1,5;-1,6,0,0,6;1,6,0,6,0 | live
REL 6,-1 8,-2 9,1 | 2,2,4,0,6;1,2,4,1,5;-1,2,4,6,0;1,4,2,0,6;-1,4,2,5,1;-2,4,2,6,0 || F 1,0,0,0,1;1,0,0,1,0 | 2,0,2,0,5;-1,0,2,1,4;1,0,2,2,3;-1,0,2,3,2;1,0,2,4,1;-1,0,2,5,0;1,2,0,0,5;-1,2,0,1,4;1,2,0,2,3;-1,2,0,3,2;1,2,0,4,1;-2,2,0,5,0 || CORE 2,0,2,0,5;-1,0,2,1,4;1,0,2,2,3;-1,0,2,3,2;1,0,2,4,1;-1,0,2,5,0;1,2,0,0,5;-1,2,0,1,4;1,2,0,2,3;-1,2,0,3,2;1,2,0,4,1;-2,2,0,5,0 | live
REL 12,-2 20,-1 21,1 | 1,0,6,1,5;-1,0,6,5,1;2,1,5,4,2;-2,5,1,2,4;1,6,0,1,5;-1,6,0,5,1 ||  || CORE 1,0,6,0,4;-1,0,6,4,0;2,1,5,3,1;-2,5,1,1,3;1,6,0,0,4;-1,6,0,4,0 | live
REL 2,-1 20,1 22,2 | -2,0,6,0,6;-1,0,6,1,5;1,3,3,0,6;-1,3,3,6,0;1,6,0,5,1;2,6,0,6,0 ||  || CORE -2,0,6,0,6;-1,0,6,1,5;1,3,3,0,6;-1,3,3,6,0;1,6,0,5,1;2,6,0,6,0 | live
REL 2,-1 21,2 22,-1 | 1,0,6,0,6;-2,0,6,5,1;1,3,3,0,6;-1,3,3,6,0;2,6,0,1,5;-1,6,0,6,0 ||  || CORE 1,0,6,0,6;-2,0,6,5,1;1,3,3,0,6;-1,3,3,6,0;2,6,0,1,5;-1,6,0,6,0 | live
REL 6,-2 10,-1 13,1 | -1,1,5,1,5;1,1,5,3,3;2,2,4,1,5;-2,4,2,5,1;-1,5,1,3,3;1,5,1,5,1 ||  || CORE -1,0,4,0,4;1,0,4,2,2;2,1,3,0,4;-2,3,1,4,0;-1,4,0,2,2;1,4,0,4,0 | live
REL 15,-1 17,2 23,1 | -2,0,6,3,3;-1,0,6,6,0;1,1,5,0,6;-1,5,1,6,0;1,6,0,0,6;2,6,0,3,3 || F 1,0,1,0,0;1,1,0,0,0 | -2,0,5,3,3;-1,0,5,6,0;1,1,4,0,6;2,1,4,3,3;1,1,4,6,0;-1,2,3,0,6;-2,2,3,3,3;-1,2,3,6,0;1,3,2,0,6;2,3,2,3,3;1,3,2,6,0;-1,4,1,0,6;-2,4,1,3,3;-1,4,1,6,0;1,5,0,0,6;2,5,0,3,3 || CORE -2,0,5,3,3;-1,0,5,6,0;1,1,4,0,6;2,1,4,3,3;1,1,4,6,0;-1,2,3,0,6;-2,2,3,3,3;-1,2,3,6,0;1,3,2,0,6;2,3,2,3,3;1,3,2,6,0;-1,4,1,0,6;-2,4,1,3,3;-1,4,1,6,0;1,5,0,0,6;2,5,0,3,3 | live
REL 8,-1 12,1 16,-2 | -1,1,5,4,2;2,1,5,6,0;1,2,4,0,6;-1,4,2,6,0;-2,5,1,0,6;1,5,1,2,4 ||  || CORE -1,0,4,4,2;2,0,4,6,0;1,1,3,0,6;-1,3,1,6,0;-2,4,0,0,6;1,4,0,2,4 | live
REL 6,-1 17,-1 21,2 | 1,0,6,3,3;-2,0,6,5,1;1,2,4,1,5;-1,4,2,5,1;2,6,0,1,5;-1,6,0,3,3 ||  || CORE 1,0,6,2,2;-2,0,6,4,0;1,2,4,0,4;-1,4,2,4,0;2,6,0,0,4;-1,6,0,2,2 | live
REL 16,-1 20,2 22,-1 | 1,0,6,0,6;-2,0,6,1,5;1,1,5,6,0;-1,5,1,0,6;2,6,0,5,1;-1,6,0,6,0 ||  || CORE 1,0,6,0,6;-2,0,6,1,5;1,1,5,6,0;-1,5,1,0,6;2,6,0,5,1;-1,6,0,6,0 | live
REL 2,-1 8,2 9,1 | -2,2,4,0,6;-1,2,4,6,0;1,3,3,0,6;-1,3,3,6,0;1,4,2,0,6;2,4,2,6,0 || F -1,0,1,0,0;1,1,0,0,0 | 2,0,1,0,6;1,0,1,6,0;1,1,0,0,6;2,1,0,6,0 || CORE 2,0,1,0,6;1,0,1,6,0;1,1,0,0,6;2,1,0,6,0 | live
REL 6,-2 11,-1 14,1 | 1,1,5,2,4;-1,1,5,5,1;2,2,4,1,5;-2,4,2,5,1;1,5,1,1,5;-1,5,1,4,2 ||  || CORE 1,0,4,1,3;-1,0,4,4,0;2,1,3,0,4;-2,3,1,4,0;1,4,0,0,4;-1,4,0,3,1 | live
REL 1,-2 19,1 20,-1 | 1,0,6,1,5;-1,0,6,4,2;2,3,3,1,5;-2,3,3,5,1;1,6,0,2,4;-1,6,0,5,1 || F -1,0,0,0,1;1,0,0,1,0 | -1,0,6,0,3;-1,0,6,1,2;-1,0,6,2,1;-2,3,3,0,3;-2,3,3,1,2;-2,3,3,2,1;-2,3,3,3,0;-1,6,0,1,2;-1,6,0,2,1;-1,6,0,3,0 || CORE -1,0,6,0,3;-1,0,6,1,2;-1,0,6,2,1;-2,3,3,0,3;-2,3,3,1,2;-2,3,3,2,1;-2,3,3,3,0;-1,6,0,1,2;-1,6,0,2,1;-1,6,0,3,0 | live
REL 6,-2 17,1 20,-1 | 1,0,6,1,5;-1,0,6,3,3;2,2,4,1,5;-2,4,2,5,1;1,6,0,3,3;-1,6,0,5,1 ||  || CORE 1,0,6,0,4;-1,0,6,2,2;2,2,4,0,4;-2,4,2,4,0;1,6,0,2,2;-1,6,0,4,0 | live
REL 1,-2 20,1 21,-1 | -1,0,6,1,5;1,0,6,5,1;2,3,3,1,5;-2,3,3,5,1;-1,6,0,1,5;1,6,0,5,1 || F 1,0,0,0,1;1,0,0,1,0 | -1,0,6,0,3;1,0,6,1,2;-1,0,6,2,1;1,0,6,3,0;2,3,3,0,3;-2,3,3,1,2;2,3,3,2,1;-2,3,3,3,0;-1,6,0,0,3;1,6,0,1,2;-1,6,0,2,1;1,6,0,3,0 ## F -1,0,1,0,0;1,1,0,0,0 | 1,0,5,0,3;-1,0,5,1,2;1,0,5,2,1;-1,0,5,3,0;1,1,4,0,3;-1,1,4,1,2;1,1,4,2,1;-1,1,4,3,0;1,2,3,0,3;-1,2,3,1,2;1,2,3,2,1;-1,2,3,3,0;-1,3,2,0,3;1,3,2,1,2;-1,3,2,2,1;1,3,2,3,0;-1,4,1,0,3;1,4,1,1,2;-1,4,1,2,1;1,4,1,3,0;-1,5,0,0,3;1,5,0,1,2;-1,5,0,2,1;1,5,0,3,0 ## F -1,0,0,0,1;1,0,0,1,0 | -1,0,5,0,2;-1,0,5,2,0;-1,1,4,0,2;-1,1,4,2,0;-1,2,3,0,2;-1,2,3,2,0;1,3,2,0,2;1,3,2,2,0;1,4,1,0,2;1,4,1,2,0;1,5,0,0,2;1,5,0,2,0 ## F 1,0,2,0,0;1,1,1,0,0;1,2,0,0,0 | -1,0,3,0,2;-1,0,3,2,0;1,3,0,0,2;1,3,0,2,0 ## F 1,0,0,0,2;1,0,0,2,0 | -1,0,3,0,0;1,3,0,0,0 ## F -1,0,3,0,0;1,3,0,0,0 | 1,0,0,0,0 || CORE 1,0,0,0,0 | monomial
REL 14,-1 17,2 21,-1 | -2,0,6,3,3;1,0,6,5,1;1,1,5,5,1;-1,5,1,1,5;-1,6,0,1,5;2,6,0,3,3 || F 1,0,1,0,0;1,1,0,0,0 | -2,0,5,2,2;1,0,5,4,0;2,1,4,2,2;-2,2,3,2,2;2,3,2,2,2;-2,4,1,2,2;-1,5,0,0,4;2,5,0,2,2 || CORE -2,0,5,2,2;1,0,5,4,0;2,1,4,2,2;-2,2,3,2,2;2,3,2,2,2;-2,4,1,2,2;-1,5,0,0,4;2,5,0,2,2 | unit
REL 2,-2 14,1 15,-1 | 1,1,5,0,6;-1,1,5,5,1;2,3,3,0,6;-2,3,3,6,0;1,5,1,1,5;-1,5,1,6,0 || F -1,0,0,0,1;1,0,0,1,0 | -1,0,4,0,5;-1,0,4,1,4;-1,0,4,2,3;-1,0,4,3,2;-1,0,4,4,1;-2,2,2,0,5;-2,2,2,1,4;-2,2,2,2,3;-2,2,2,3,2;-2,2,2,4,1;-2,2,2,5,0;-1,4,0,1,4;-1,4,0,2,3;-1,4,0,3,2;-1,4,0,4,1;-1,4,0,5,0 || CORE -1,0,4,0,5;-1,0,4,1,4;-1,0,4,2,3;-1,0,4,3,2;-1,0,4,4,1;-2,2,2,0,5;-2,2,2,1,4;-2,2,2,2,3;-2,2,2,3,2;-2,2,2,4,1;-2,2,2,5,0;-1,4,0,1,4;-1,4,0,2,3;-1,4,0,3,2;-1,4,0,4,1;-1,4,0,5,0 | live
REL 4,-2 17,1 19,-1 | -1,0,6,3,3;1,0,6,4,2;2,2,4,2,4;-2,4,2,4,2;-1,6,0,2,4;1,6,0,3,3 ||  || CORE -1,0,6,1,1;1,0,6,2,0;2,2,4,0,2;-2,4,2,2,0;-1,6,0,0,2;1,6,0,1,1 | live
REL 16,-2 17,1 23,1 | -1,0,6,3,3;-1,0,6,6,0;2,1,5,6,0;-2,5,1,0,6;1,6,0,0,6;1,6,0,3,3 ||  || CORE -1,0,6,3,3;-1,0,6,6,0;2,1,5,6,0;-2,5,1,0,6;1,6,0,0,6;1,6,0,3,3 | live
REL 2,-1 6,1 9,2 | -1,2,4,1,5;-2,2,4,6,0;1,3,3,0,6;-1,3,3,6,0;2,4,2,0,6;1,4,2,5,1 ||  || CORE -1,0,2,1,5;-2,0,2,6,0;1,1,1,0,6;-1,1,1,6,0;2,2,0,0,6;1,2,0,5,1 | live
REL 1,-1 19,2 20,-1 | 1,0,6,1,5;-2,0,6,4,2;1,3,3,1,5;-1,3,3,5,1;2,6,0,2,4;-1,6,0,5,1 ||  || CORE 1,0,6,0,4;-2,0,6,3,1;1,3,3,0,4;-1,3,3,4,0;2,6,0,1,3;-1,6,0,4,0 | live
REL 9,-1 22,-1 23,2 | 1,0,6,0,6;-2,0,6,6,0;1,2,4,6,0;-1,4,2,0,6;2,6,0,0,6;-1,6,0,6,0 ||  || CORE 1,0,6,0,6;-2,0,6,6,0;1,2,4,6,0;-1,4,2,0,6;2,6,0,0,6;-1,6,0,6,0 | live
REL 7,-1 12,-1 13,2 | -2,1,5,1,5;1,1,5,4,2;1,2,4,5,1;-1,4,2,1,5;-1,5,1,2,4;2,5,1,5,1 ||  || CORE -2,0,4,0,4;1,0,4,3,1;1,1,3,4,0;-1,3,1,0,4;-1,4,0,1,3;2,4,0,4,0 | live
REL 2,-2 11,-1 16,-1 | 1,1,5,2,4;1,1,5,6,0;2,3,3,0,6;-2,3,3,6,0;-1,5,1,0,6;-1,5,1,4,2 ||  || CORE 1,0,4,2,4;1,0,4,6,0;2,2,2,0,6;-2,2,2,6,0;-1,4,0,0,6;-1,4,0,4,2 | live
REL 15,-1 19,-1 23,-2 | 1,0,6,4,2;2,0,6,6,0;1,1,5,0,6;-1,5,1,6,0;-2,6,0,0,6;-1,6,0,2,4 ||  || CORE 1,0,6,4,2;2,0,6,6,0;1,1,5,0,6;-1,5,1,6,0;-2,6,0,0,6;-1,6,0,2,4 | live
REL 6,-1 10,2 13,1 | -1,1,5,1,5;-2,1,5,3,3;1,2,4,1,5;-1,4,2,5,1;2,5,1,3,3;1,5,1,5,1 || F -1,0,1,0,0;1,1,0,0,0 | 1,0,3,0,4;2,0,3,2,2;2,1,2,2,2;2,2,1,2,2;2,3,0,2,2;1,3,0,4,0 || CORE 1,0,3,0,4;2,0,3,2,2;2,1,2,2,2;2,2,1,2,2;2,3,0,2,2;1,3,0,4,0 | unit
REL 13,-1 18,-1 21,-2 | 1,0,6,2,4;2,0,6,5,1;1,1,5,1,5;-1,5,1,5,1;-2,6,0,1,5;-1,6,0,4,2 ||  || CORE 1,0,6,1,3;2,0,6,4,0;1,1,5,0,4;-1,5,1,4,0;-2,6,0,0,4;-1,6,0,3,1 | live
REL 11,-1 15,2 16,-1 | -2,1,5,0,6;1,1,5,2,4;1,1,5,6,0;-1,5,1,0,6;-1,5,1,4,2;2,5,1,6,0 || F 1,0,0,0,1;1,0,0,1,0 | -2,0,4,0,5;2,0,4,1,4;-1,0,4,2,3;1,0,4,3,2;-1,0,4,4,1;1,0,4,5,0;-1,4,0,0,5;1,4,0,1,4;-1,4,0,2,3;1,4,0,3,2;-2,4,0,4,1;2,4,0,5,0 ## F -1,0,0,0,1;1,0,0,1,0 | 2,0,4,0,4;1,0,4,2,2;1,0,4,4,0;1,4,0,0,4;1,4,0,2,2;2,4,0,4,0 || CORE 2,0,4,0,4;1,0,4,2,2;1,0,4,4,0;1,4,0,0,4;1,4,0,2,2;2,4,0,4,0 | live
REL 7,-2 12,1 14,1 | -1,1,5,4,2;-1,1,5,5,1;2,2,4,5,1;-2,4,2,1,5;1,5,1,1,5;1,5,1,2,4 ||  || CORE -1,0,4,3,1;-1,0,4,4,0;2,1,3,4,0;-2,3,1,0,4;1,4,0,0,4;1,4,0,1,3 | live
REL 1,-1 5,2 6,-1 | 1,2,4,1,5;-2,2,4,4,2;1,3,3,1,5;-1,3,3,5,1;2,4,2,2,4;-1,4,2,5,1 ||  || CORE 1,0,2,0,4;-2,0,2,3,1;1,1,1,0,4;-1,1,1,4,0;2,2,0,1,3;-1,2,0,4,0 | live
REL 1,-1 11,1 14,-2 | -1,1,5,2,4;2,1,5,5,1;1,3,3,1,5;-1,3,3,5,1;-2,5,1,1,5;1,5,1,4,2 ||  || CORE -1,0,4,1,3;2,0,4,4,0;1,2,2,0,4;-1,2,2,4,0;-2,4,0,0,4;1,4,0,3,1 | live
REL 9,-1 13,1 15,-2 | 2,1,5,0,6;-1,1,5,1,5;1,2,4,6,0;-1,4,2,0,6;1,5,1,5,1;-2,5,1,6,0 ||  || CORE 2,0,4,0,6;-1,0,4,1,5;1,1,3,6,0;-1,3,1,0,6;1,4,0,5,1;-2,4,0,6,0 | live
REL 14,-1 17,1 21,2 | -1,0,6,3,3;-2,0,6,5,1;1,1,5,5,1;-1,5,1,1,5;2,6,0,1,5;1,6,0,3,3 ||  || CORE -1,0,6,2,2;-2,0,6,4,0;1,1,5,4,0;-1,5,1,0,4;2,6,0,0,4;1,6,0,2,2 | live
REL 4,-2 18,1 19,1 | -1,0,6,2,4;-1,0,6,4,2;2,2,4,2,4;-2,4,2,4,2;1,6,0,2,4;1,6,0,4,2 ||  || CORE -1,0,6,0,2;-1,0,6,2,0;2,2,4,0,2;-2,4,2,2,0;1,6,0,0,2;1,6,0,2,0 | live
REL 2,-2 12,1 15,-1 | 1,1,5,0,6;-1,1,5,4,2;2,3,3,0,6;-2,3,3,6,0;1,5,1,2,4;-1,5,1,6,0 || F 1,0,0,0,1;1,0,0,1,0 | 1,0,4,0,5;-1,0,4,1,4;1,0,4,2,3;-1,0,4,3,2;2,2,2,0,5;-2,2,2,1,4;2,2,2,2,3;-2,2,2,3,2;2,2,2,4,1;-2,2,2,5,0;1,4,0,2,3;-1,4,0,3,2;1,4,0,4,1;-1,4,0,5,0 ## F -1,0,0,0,1;1,0,0,1,0 | -1,0,4,0,4;-1,0,4,2,2;-2,2,2,0,4;-2,2,2,2,2;-2,2,2,4,0;-1,4,0,2,2;-1,4,0,4,0 || CORE -1,0,4,0,4;-1,0,4,2,2;-2,2,2,0,4;-2,2,2,2,2;-2,2,2,4,0;-1,4,0,2,2;-1,4,0,4,0 | live
REL 0,-1 10,1 12,-2 | -1,1,5,3,3;2,1,5,4,2;1,3,3,2,4;-1,3,3,4,2;-2,5,1,2,4;1,5,1,3,3 ||  || CORE -1,0,4,1,1;2,0,4,2,0;1,2,2,0,2;-1,2,2,2,0;-2,4,0,0,2;1,4,0,1,1 | live
REL 2,-1 6,-1 8,2 | -2,2,4,0,6;1,2,4,1,5;1,3,3,0,6;-1,3,3,6,0;-1,4,2,5,1;2,4,2,6,0 ||  || CORE -2,0,2,0,6;1,0,2,1,5;1,1,1,0,6;-1,1,1,6,0;-1,2,0,5,1;2,2,0,6,0 | live
REL 2,-2 7,1 8,1 | -1,2,4,0,6;-1,2,4,5,1;2,3,3,0,6;-2,3,3,6,0;1,4,2,1,5;1,4,2,6,0 || F 1,0,0,0,1;1,0,0,1,0 | -1,0,2,0,5;1,0,2,1,4;-1,0,2,2,3;1,0,2,3,2;-1,0,2,4,1;2,1,1,0,5;-2,1,1,1,4;2,1,1,2,3;-2,1,1,3,2;2,1,1,4,1;-2,1,1,5,0;1,2,0,1,4;-1,2,0,2,3;1,2,0,3,2;-1,2,0,4,1;1,2,0,5,0 || CORE -1,0,2,0,5;1,0,2,1,4;-1,0,2,2,3;1,0,2,3,2;-1,0,2,4,1;2,1,1,0,5;-2,1,1,1,4;2,1,1,2,3;-2,1,1,3,2;2,1,1,4,1;-2,1,1,5,0;1,2,0,1,4;-1,2,0,2,3;1,2,0,3,2;-1,2,0,4,1;1,2,0,5,0 | live
REL 3,-2 6,-1 7,-1 | 1,2,4,1,5;2,2,4,3,3;1,2,4,5,1;-1,4,2,1,5;-2,4,2,3,3;-1,4,2,5,1 || F 1,0,1,0,0;1,1,0,0,0 | 1,0,1,0,4;2,0,1,2,2;1,0,1,4,0;-1,1,0,0,4;-2,1,0,2,2;-1,1,0,4,0 ## F -1,0,1,0,0;1,1,0,0,0 | -1,0,0,0,4;-2,0,0,2,2;-1,0,0,4,0 ## F 1,0,0,0,2;1,0,0,2,0 | -1,0,0,0,2;-1,0,0,2,0 ## F 1,0,0,0,2;1,0,0,2,0 | -1,0,0,0,0 || CORE -1,0,0,0,0 | monomial
REL 5,-1 10,-2 12,-1 | 2,1,5,3,3;1,1,5,4,2;1,2,4,4,2;-1,4,2,2,4;-1,5,1,2,4;-2,5,1,3,3 || F 1,0,1,0,0;1,1,0,0,0 | 2,0,3,1,1;1,0,3,2,0;-2,1,2,1,1;2,2,1,1,1;-1,3,0,0,2;-2,3,0,1,1 || CORE 2,0,3,1,1;1,0,3,2,0;-2,1,2,1,1;2,2,1,1,1;-1,3,0,0,2;-2,3,0,1,1 | unit
REL 0,-1 10,-1 12,-2 | 1,1,5,3,3;2,1,5,4,2;1,3,3,2,4;-1,3,3,4,2;-2,5,1,2,4;-1,5,1,3,3 ||  || CORE 1,0,4,1,1;2,0,4,2,0;1,2,2,0,2;-1,2,2,2,0;-2,4,0,0,2;-1,4,0,1,1 | live
REL 5,-2 10,-1 12,-1 | 1,1,5,3,3;1,1,5,4,2;2,2,4,4,2;-2,4,2,2,4;-1,5,1,2,4;-1,5,1,3,3 ||  || CORE 1,0,4,1,1;1,0,4,2,0;2,1,3,2,0;-2,3,1,0,2;-1,4,0,0,2;-1,4,0,1,1 | live
REL 16,-2 22,-1 23,1 | 1,0,6,0,6;-1,0,6,6,0;2,1,5,6,0;-2,5,1,0,6;1,6,0,0,6;-1,6,0,6,0 || F -1,0,1,0,0;1,1,0,0,0 | -1,0,5,0,6;1,0,5,6,0;-1,1,4,0,6;-1,1,4,6,0;-1,2,3,0,6;-1,2,3,6,0;-1,3,2,0,6;-1,3,2,6,0;-1,4,1,0,6;-1,4,1,6,0;1,5,0,0,6;-1,5,0,6,0 || CORE -1,0,5,0,6;1,0,5,6,0;-1,1,4,0,6;-1,1,4,6,0;-1,2,3,0,6;-1,2,3,6,0;-1,3,2,0,6;-1,3,2,6,0;-1,4,1,0,6;-1,4,1,6,0;1,5,0,0,6;-1,5,0,6,0 | live
REL 7,-2 19,-1 21,-1 | 1,0,6,4,2;1,0,6,5,1;2,2,4,5,1;-2,4,2,1,5;-1,6,0,1,5;-1,6,0,2,4 ||  || CORE 1,0,6,3,1;1,0,6,4,0;2,2,4,4,0;-2,4,2,0,4;-1,6,0,0,4;-1,6,0,1,3 | live
REL 15,-2 18,-1 22,1 | -1,0,6,0,6;1,0,6,2,4;2,1,5,0,6;-2,5,1,6,0;-1,6,0,4,2;1,6,0,6,0 ||  || CORE -1,0,6,0,6;1,0,6,2,4;2,1,5,0,6;-2,5,1,6,0;-1,6,0,4,2;1,6,0,6,0 | live
REL 2,-2 21,1 22,-1 | 1,0,6,0,6;-1,0,6,5,1;2,3,3,0,6;-2,3,3,6,0;1,6,0,1,5;-1,6,0,6,0 || F -1,0,0,0,1;1,0,0,1,0 | -1,0,6,0,5;-1,0,6,1,4;-1,0,6,2,3;-1,0,6,3,2;-1,0,6,4,1;-2,3,3,0,5;-2,3,3,1,4;-2,3,3,2,3;-2,3,3,3,2;-2,3,3,4,1;-2,3,3,5,0;-1,6,0,1,4;-1,6,0,2,3;-1,6,0,3,2;-1,6,0,4,1;-1,6,0,5,0 || CORE -1,0,6,0,5;-1,0,6,1,4;-1,0,6,2,3;-1,0,6,3,2;-1,0,6,4,1;-2,3,3,0,5;-2,3,3,1,4;-2,3,3,2,3;-2,3,3,3,2;-2,3,3,4,1;-2,3,3,5,0;-1,6,0,1,4;-1,6,0,2,3;-1,6,0,3,2;-1,6,0,4,1;-1,6,0,5,0 | live
REL 4,-1 8,-2 9,1 | 2,2,4,0,6;1,2,4,2,4;-1,2,4,6,0;1,4,2,0,6;-1,4,2,4,2;-2,4,2,6,0 ||  || CORE 2,0,2,0,6;1,0,2,2,4;-1,0,2,6,0;1,2,0,0,6;-1,2,0,4,2;-2,2,0,6,0 | live
REL 9,-2 14,1 16,1 | -1,1,5,5,1;-1,1,5,6,0;2,2,4,6,0;-2,4,2,0,6;1,5,1,0,6;1,5,1,1,5 ||  || CORE -1,0,4,5,1;-1,0,4,6,0;2,1,3,6,0;-2,3,1,0,6;1,4,0,0,6;1,4,0,1,5 | live
REL 2,-2 13,1 16,-1 | -1,1,5,1,5;1,1,5,6,0;2,3,3,0,6;-2,3,3,6,0;-1,5,1,0,6;1,5,1,5,1 || F -1,0,0,0,1;1,0,0,1,0 | 1,0,4,1,4;1,0,4,2,3;1,0,4,3,2;1,0,4,4,1;1,0,4,5,0;-2,2,2,0,5;-2,2,2,1,4;-2,2,2,2,3;-2,2,2,3,2;-2,2,2,4,1;-2,2,2,5,0;1,4,0,0,5;1,4,0,1,4;1,4,0,2,3;1,4,0,3,2;1,4,0,4,1 || CORE 1,0,4,1,4;1,0,4,2,3;1,0,4,3,2;1,0,4,4,1;1,0,4,5,0;-2,2,2,0,5;-2,2,2,1,4;-2,2,2,2,3;-2,2,2,3,2;-2,2,2,4,1;-2,2,2,5,0;1,4,0,0,5;1,4,0,1,4;1,4,0,2,3;1,4,0,3,2;1,4,0,4,1 | live
REL 6,-1 11,1 14,-2 | -1,1,5,2,4;2,1,5,5,1;1,2,4,1,5;-1,4,2,5,1;-2,5,1,1,5;1,5,1,4,2 ||  || CORE -1,0,4,1,3;2,0,4,4,0;1,1,3,0,4;-1,3,1,4,0;-2,4,0,0,4;1,4,0,3,1 | live
REL 8,-1 22,-1 23,2 | 1,0,6,0,6;-2,0,6,6,0;1,2,4,0,6;-1,4,2,6,0;2,6,0,0,6;-1,6,0,6,0 ||  || CORE 1,0,6,0,6;-2,0,6,6,0;1,2,4,0,6;-1,4,2,6,0;2,6,0,0,6;-1,6,0,6,0 | live
REL 7,-2 18,-1 21,-1 | 1,0,6,2,4;1,0,6,5,1;2,2,4,5,1;-2,4,2,1,5;-1,6,0,1,5;-1,6,0,4,2 ||  || CORE 1,0,6,1,3;1,0,6,4,0;2,2,4,4,0;-2,4,2,0,4;-1,6,0,0,4;-1,6,0,3,1 | live
REL 8,-1 21,-1 22,2 | -2,0,6,0,6;1,0,6,5,1;1,2,4,0,6;-1,4,2,6,0;-1,6,0,1,5;2,6,0,6,0 ||  || CORE -2,0,6,0,6;1,0,6,5,1;1,2,4,0,6;-1,4,2,6,0;-1,6,0,1,5;2,6,0,6,0 | live
REL 16,-1 20,-2 23,-1 | 2,0,6,1,5;1,0,6,6,0;1,1,5,6,0;-1,5,1,0,6;-1,6,0,0,6;-2,6,0,5,1 ||  || CORE 2,0,6,1,5;1,0,6,6,0;1,1,5,6,0;-1,5,1,0,6;-1,6,0,0,6;-2,6,0,5,1 | live
REL 7,-1 12,2 13,1 | -1,1,5,1,5;-2,1,5,4,2;1,2,4,5,1;-1,4,2,1,5;2,5,1,2,4;1,5,1,5,1 ||  || CORE -1,0,4,0,4;-2,0,4,3,1;1,1,3,4,0;-1,3,1,0,4;2,4,0,1,3;1,4,0,4,0 | live
REL 9,-2 20,1 22,-1 | 1,0,6,0,6;-1,0,6,1,5;2,2,4,6,0;-2,4,2,0,6;1,6,0,5,1;-1,6,0,6,0 ||  || CORE 1,0,6,0,6;-1,0,6,1,5;2,2,4,6,0;-2,4,2,0,6;1,6,0,5,1;-1,6,0,6,0 | live
REL 9,-1 20,1 23,-2 | -1,0,6,1,5;2,0,6,6,0;1,2,4,6,0;-1,4,2,0,6;-2,6,0,0,6;1,6,0,5,1 ||  || CORE -1,0,6,1,5;2,0,6,6,0;1,2,4,6,0;-1,4,2,0,6;-2,6,0,0,6;1,6,0,5,1 | live
REL 0,-1 3,-1 4,2 | -2,2,4,2,4;1,2,4,3,3;1,3,3,2,4;-1,3,3,4,2;-1,4,2,3,3;2,4,2,4,2 ||  || CORE -2,0,2,0,2;1,0,2,1,1;1,1,1,0,2;-1,1,1,2,0;-1,2,0,1,1;2,2,0,2,0 | live
REL 1,-2 4,1 6,-1 | 1,2,4,1,5;-1,2,4,2,4;2,3,3,1,5;-2,3,3,5,1;1,4,2,4,2;-1,4,2,5,1 || F -1,0,0,0,1;1,0,0,1,0 | -1,0,2,0,3;-2,1,1,0,3;-2,1,1,1,2;-2,1,1,2,1;-2,1,1,3,0;-1,2,0,3,0 || CORE -1,0,2,0,3;-2,1,1,0,3;-2,1,1,1,2;-2,1,1,2,1;-2,1,1,3,0;-1,2,0,3,0 | unit
REL 16,-2 18,-1 23,-1 | 1,0,6,2,4;1,0,6,6,0;2,1,5,6,0;-2,5,1,0,6;-1,6,0,0,6;-1,6,0,4,2 ||  || CORE 1,0,6,2,4;1,0,6,6,0;2,1,5,6,0;-2,5,1,0,6;-1,6,0,0,6;-1,6,0,4,2 | live
REL 0,-1 17,2 19,-1 | -2,0,6,3,3;1,0,6,4,2;1,3,3,2,4;-1,3,3,4,2;-1,6,0,2,4;2,6,0,3,3 || F -1,0,1,0,0;1,1,0,0,0 | 2,0,5,1,1;-1,0,5,2,0;2,1,4,1,1;-1,1,4,2,0;2,2,3,1,1;-1,2,3,2,0;-1,3,2,0,2;2,3,2,1,1;-1,4,1,0,2;2,4,1,1,1;-1,5,0,0,2;2,5,0,1,1 ## F 1,0,2,0,0;1,1,1,0,0;1,2,0,0,0 | 2,0,3,1,1;-1,0,3,2,0;-1,3,0,0,2;2,3,0,1,1 || CORE 2,0,3,1,1;-1,0,3,2,0;-1,3,0,0,2;2,3,0,1,1 | unit
REL 9,-1 20,1 23,2 | -1,0,6,1,5;-2,0,6,6,0;1,2,4,6,0;-1,4,2,0,6;2,6,0,0,6;1,6,0,5,1 ||  || CORE -1,0,6,1,5;-2,0,6,6,0;1,2,4,6,0;-1,4,2,0,6;2,6,0,0,6;1,6,0,5,1 | live
REL 5,-1 8,-2 9,1 | 2,2,4,0,6;1,2,4,4,2;-1,2,4,6,0;1,4,2,0,6;-1,4,2,2,4;-2,4,2,6,0 ||  || CORE 2,0,2,0,6;1,0,2,4,2;-1,0,2,6,0;1,2,0,0,6;-1,2,0,2,4;-2,2,0,6,0 | live
REL 9,-1 17,-2 23,-1 | 2,0,6,3,3;1,0,6,6,0;1,2,4,6,0;-1,4,2,0,6;-1,6,0,0,6;-2,6,0,3,3 ||  || CORE 2,0,6,3,3;1,0,6,6,0;1,2,4,6,0;-1,4,2,0,6;-1,6,0,0,6;-2,6,0,3,3 | live
REL 14,-2 18,-1 20,-1 | 1,0,6,1,5;1,0,6,2,4;2,1,5,5,1;-2,5,1,1,5;-1,6,0,4,2;-1,6,0,5,1 ||  || CORE 1,0,6,0,4;1,0,6,1,3;2,1,5,4,0;-2,5,1,0,4;-1,6,0,3,1;-1,6,0,4,0 | live
REL 7,-1 10,-1 13,-2 | 2,1,5,1,5;1,1,5,3,3;1,2,4,5,1;-1,4,2,1,5;-1,5,1,3,3;-2,5,1,5,1 ||  || CORE 2,0,4,0,4;1,0,4,2,2;1,1,3,4,0;-1,3,1,0,4;-1,4,0,2,2;-2,4,0,4,0 | live
REL 6,-1 13,-2 14,1 | 2,1,5,1,5;-1,1,5,5,1;1,2,4,1,5;-1,4,2,5,1;1,5,1,1,5;-2,5,1,5,1 ||  || CORE 2,0,4,0,4;-1,0,4,4,0;1,1,3,0,4;-1,3,1,4,0;1,4,0,0,4;-2,4,0,4,0 | live
REL 5,-2 11,-1 12,-1 | 1,1,5,2,4;1,1,5,4,2;2,2,4,4,2;-2,4,2,2,4;-1,5,1,2,4;-1,5,1,4,2 ||  || CORE 1,0,4,0,2;1,0,4,2,0;2,1,3,2,0;-2,3,1,0,2;-1,4,0,0,2;-1,4,0,2,0 | live
REL 14,-2 15,1 16,1 | -1,1,5,0,6;2,1,5,5,1;-1,1,5,6,0;1,5,1,0,6;-2,5,1,1,5;1,5,1,6,0 || F -1,0,0,0,1;1,0,0,1,0 | 1,0,4,0,5;1,0,4,1,4;1,0,4,2,3;1,0,4,3,2;1,0,4,4,1;-1,0,4,5,0;-1,4,0,0,5;1,4,0,1,4;1,4,0,2,3;1,4,0,3,2;1,4,0,4,1;1,4,0,5,0 || CORE 1,0,4,0,5;1,0,4,1,4;1,0,4,2,3;1,0,4,3,2;1,0,4,4,1;-1,0,4,5,0;-1,4,0,0,5;1,4,0,1,4;1,4,0,2,3;1,4,0,3,2;1,4,0,4,1;1,4,0,5,0 | live
REL 1,-1 3,-2 7,1 | 2,2,4,3,3;-1,2,4,5,1;1,3,3,1,5;-1,3,3,5,1;1,4,2,1,5;-2,4,2,3,3 || F 1,0,1,0,0;1,1,0,0,0 | 2,0,1,2,2;-1,0,1,4,0;1,1,0,0,4;-2,1,0,2,2 || CORE 2,0,1,2,2;-1,0,1,4,0;1,1,0,0,4;-2,1,0,2,2 | unit
REL 13,-1 17,-1 21,2 | 1,0,6,3,3;-2,0,6,5,1;1,1,5,1,5;-1,5,1,5,1;2,6,0,1,5;-1,6,0,3,3 ||  || CORE 1,0,6,2,2;-2,0,6,4,0;1,1,5,0,4;-1,5,1,4,0;2,6,0,0,4;-1,6,0,2,2 | live
REL 10,-2 18,1 19,-1 | -1,0,6,2,4;1,0,6,4,2;2,1,5,3,3;-2,5,1,3,3;-1,6,0,2,4;1,6,0,4,2 || F 1,0,2,0,0;1,2,0,0,0 | -1,0,4,0,2;1,0,4,2,0;2,1,3,1,1;1,2,2,0,2;-1,2,2,2,0;-2,3,1,1,1;-1,4,0,0,2;1,4,0,2,0 || CORE -1,0,4,0,2;1,0,4,2,0;2,1,3,1,1;1,2,2,0,2;-1,2,2,2,0;-2,3,1,1,1;-1,4,0,0,2;1,4,0,2,0 | live
REL 11,-2 17,1 18,-1 | 1,0,6,2,4;-1,0,6,3,3;2,1,5,2,4;-2,5,1,4,2;1,6,0,3,3;-1,6,0,4,2 ||  || CORE 1,0,6,0,2;-1,0,6,1,1;2,1,5,0,2;-2,5,1,2,0;1,6,0,1,1;-1,6,0,2,0 | live
REL 6,-2 17,1 20,1 | -1,0,6,1,5;-1,0,6,3,3;2,2,4,1,5;-2,4,2,5,1;1,6,0,3,3;1,6,0,5,1 ||  || CORE -1,0,6,0,4;-1,0,6,2,2;2,2,4,0,4;-2,4,2,4,0;1,6,0,2,2;1,6,0,4,0 | live
REL 11,-2 20,1 21,-1 | -1,0,6,1,5;1,0,6,5,1;2,1,5,2,4;-2,5,1,4,2;-1,6,0,1,5;1,6,0,5,1 ||  || CORE -1,0,6,0,4;1,0,6,4,0;2,1,5,1,3;-2,5,1,3,1;-1,6,0,0,4;1,6,0,4,0 | live
REL 19,-1 20,-2 21,-1 | 2,0,6,1,5;1,0,6,4,2;1,0,6,5,1;-1,6,0,1,5;-1,6,0,2,4;-2,6,0,5,1 ||  || CORE 2,0,6,0,4;1,0,6,3,1;1,0,6,4,0;-1,6,0,0,4;-1,6,0,1,3;-2,6,0,4,0 | live
REL 9,-1 21,2 23,1 | -2,0,6,5,1;-1,0,6,6,0;1,2,4,6,0;-1,4,2,0,6;1,6,0,0,6;2,6,0,1,5 ||  || CORE -2,0,6,5,1;-1,0,6,6,0;1,2,4,6,0;-1,4,2,0,6;1,6,0,0,6;2,6,0,1,5 | live
REL 2,-1 7,2 9,1 | -2,2,4,5,1;-1,2,4,6,0;1,3,3,0,6;-1,3,3,6,0;1,4,2,0,6;2,4,2,1,5 ||  || CORE -2,0,2,5,1;-1,0,2,6,0;1,1,1,0,6;-1,1,1,6,0;1,2,0,0,6;2,2,0,1,5 | live
REL 16,-1 18,-1 22,2 | -2,0,6,0,6;1,0,6,2,4;1,1,5,6,0;-1,5,1,0,6;-1,6,0,4,2;2,6,0,6,0 ||  || CORE -2,0,6,0,6;1,0,6,2,4;1,1,5,6,0;-1,5,1,0,6;-1,6,0,4,2;2,6,0,6,0 | live
REL 1,-2 3,-1 6,-1 | 1,2,4,1,5;1,2,4,3,3;2,3,3,1,5;-2,3,3,5,1;-1,4,2,3,3;-1,4,2,5,1 || F 1,0,0,0,2;1,0,0,2,0 | 1,0,2,0,2;2,1,1,0,2;-2,1,1,2,0;-1,2,0,2,0 || CORE 1,0,2,0,2;2,1,1,0,2;-2,1,1,2,0;-1,2,0,2,0 | unit
REL 9,-1 19,2 22,1 | -1,0,6,0,6;-2,0,6,4,2;1,2,4,6,0;-1,4,2,0,6;2,6,0,2,4;1,6,0,6,0 ||  || CORE -1,0,6,0,6;-2,0,6,4,2;1,2,4,6,0;-1,4,2,0,6;2,6,0,2,4;1,6,0,6,0 | live
REL 5,-2 13,1 14,-1 | -1,1,5,1,5;1,1,5,5,1;2,2,4,4,2;-2,4,2,2,4;-1,5,1,1,5;1,5,1,5,1 ||  || CORE -1,0,4,0,4;1,0,4,4,0;2,1,3,3,1;-2,3,1,1,3;-1,4,0,0,4;1,4,0,4,0 | live
REL 5,-2 8,-1 9,-1 | 1,2,4,0,6;2,2,4,4,2;1,2,4,6,0;-1,4,2,0,6;-2,4,2,2,4;-1,4,2,6,0 ||  || CORE 1,0,2,0,6;2,0,2,4,2;1,0,2,6,0;-1,2,0,0,6;-2,2,0,2,4;-1,2,0,6,0 | live
REL 13,-1 17,2 21,1 | -2,0,6,3,3;-1,0,6,5,1;1,1,5,1,5;-1,5,1,5,1;1,6,0,1,5;2,6,0,3,3 || F 1,0,1,0,0;1,1,0,0,0 | -2,0,5,2,2;-1,0,5,4,0;1,1,4,0,4;2,1,4,2,2;1,1,4,4,0;-1,2,3,0,4;-2,2,3,2,2;-1,2,3,4,0;1,3,2,0,4;2,3,2,2,2;1,3,2,4,0;-1,4,1,0,4;-2,4,1,2,2;-1,4,1,4,0;1,5,0,0,4;2,5,0,2,2 || CORE -2,0,5,2,2;-1,0,5,4,0;1,1,4,0,4;2,1,4,2,2;1,1,4,4,0;-1,2,3,0,4;-2,2,3,2,2;-1,2,3,4,0;1,3,2,0,4;2,3,2,2,2;1,3,2,4,0;-1,4,1,0,4;-2,4,1,2,2;-1,4,1,4,0;1,5,0,0,4;2,5,0,2,2 | live
REL 1,-1 11,1 13,-2 | 2,1,5,1,5;-1,1,5,2,4;1,3,3,1,5;-1,3,3,5,1;1,5,1,4,2;-2,5,1,5,1 ||  || CORE 2,0,4,0,4;-1,0,4,1,3;1,2,2,0,4;-1,2,2,4,0;1,4,0,3,1;-2,4,0,4,0 | live
REL 2,-1 12,2 16,-1 | -2,1,5,4,2;1,1,5,6,0;1,3,3,0,6;-1,3,3,6,0;-1,5,1,0,6;2,5,1,2,4 ||  || CORE -2,0,4,4,2;1,0,4,6,0;1,2,2,0,6;-1,2,2,6,0;-1,4,0,0,6;2,4,0,2,4 | live
REL 14,-1 18,1 21,-2 | -1,0,6,2,4;2,0,6,5,1;1,1,5,5,1;-1,5,1,1,5;-2,6,0,1,5;1,6,0,4,2 ||  || CORE -1,0,6,1,3;2,0,6,4,0;1,1,5,4,0;-1,5,1,0,4;-2,6,0,0,4;1,6,0,3,1 | live
REL 19,-1 22,1 23,2 | -1,0,6,0,6;1,0,6,4,2;-2,0,6,6,0;2,6,0,0,6;-1,6,0,2,4;1,6,0,6,0 ||  || CORE -1,0,6,0,6;1,0,6,4,2;-2,0,6,6,0;2,6,0,0,6;-1,6,0,2,4;1,6,0,6,0 | live
REL 11,-2 22,1 23,1 | -1,0,6,0,6;-1,0,6,6,0;2,1,5,2,4;-2,5,1,4,2;1,6,0,0,6;1,6,0,6,0 ||  || CORE -1,0,6,0,6;-1,0,6,6,0;2,1,5,2,4;-2,5,1,4,2;1,6,0,0,6;1,6,0,6,0 | live
REL 15,-2 17,1 22,-1 | 1,0,6,0,6;-1,0,6,3,3;2,1,5,0,6;-2,5,1,6,0;1,6,0,3,3;-1,6,0,6,0 ||  || CORE 1,0,6,0,6;-1,0,6,3,3;2,1,5,0,6;-2,5,1,6,0;1,6,0,3,3;-1,6,0,6,0 | live
REL 2,-2 19,-1 22,1 | -1,0,6,0,6;1,0,6,4,2;2,3,3,0,6;-2,3,3,6,0;-1,6,0,2,4;1,6,0,6,0 || F 1,0,0,0,1;1,0,0,1,0 | -1,0,6,0,5;1,0,6,1,4;-1,0,6,2,3;1,0,6,3,2;2,3,3,0,5;-2,3,3,1,4;2,3,3,2,3;-2,3,3,3,2;2,3,3,4,1;-2,3,3,5,0;-1,6,0,2,3;1,6,0,3,2;-1,6,0,4,1;1,6,0,5,0 ## F -1,0,0,0,1;1,0,0,1,0 | 1,0,6,0,4;1,0,6,2,2;-2,3,3,0,4;-2,3,3,2,2;-2,3,3,4,0;1,6,0,2,2;1,6,0,4,0 || CORE 1,0,6,0,4;1,0,6,2,2;-2,3,3,0,4;-2,3,3,2,2;-2,3,3,4,0;1,6,0,2,2;1,6,0,4,0 | live
REL 8,-2 19,-1 22,1 | -1,0,6,0,6;1,0,6,4,2;2,2,4,0,6;-2,4,2,6,0;-1,6,0,2,4;1,6,0,6,0 ||  || CORE -1,0,6,0,6;1,0,6,4,2;2,2,4,0,6;-2,4,2,6,0;-1,6,0,2,4;1,6,0,6,0 | live
REL 6,-1 13,-2 14,-1 | 2,1,5,1,5;1,1,5,5,1;1,2,4,1,5;-1,4,2,5,1;-1,5,1,1,5;-2,5,1,5,1 || F 1,0,1,0,0;1,1,0,0,0 | 2,0,3,0,4;1,0,3,4,0;-1,1,2,0,4;-1,1,2,4,0;1,2,1,0,4;1,2,1,4,0;-1,3,0,0,4;-2,3,0,4,0 || CORE 2,0,3,0,4;1,0,3,4,0;-1,1,2,0,4;-1,1,2,4,0;1,2,1,0,4;1,2,1,4,0;-1,3,0,0,4;-2,3,0,4,0 | live
REL 9,-2 19,1 22,-1 | 1,0,6,0,6;-1,0,6,4,2;2,2,4,6,0;-2,4,2,0,6;1,6,0,2,4;-1,6,0,6,0 ||  || CORE 1,0,6,0,6;-1,0,6,4,2;2,2,4,6,0;-2,4,2,0,6;1,6,0,2,4;-1,6,0,6,0 | live
REL 9,-1 10,2 15,1 | -1,1,5,0,6;-2,1,5,3,3;1,2,4,6,0;-1,4,2,0,6;2,5,1,3,3;1,5,1,6,0 || F 1,0,1,0,0;1,1,0,0,0 | -1,0,3,0,6;-2,0,3,3,3;1,1,2,0,6;2,1,2,3,3;1,1,2,6,0;-1,2,1,0,6;-2,2,1,3,3;-1,2,1,6,0;2,3,0,3,3;1,3,0,6,0 || CORE -1,0,3,0,6;-2,0,3,3,3;1,1,2,0,6;2,1,2,3,3;1,1,2,6,0;-1,2,1,0,6;-2,2,1,3,3;-1,2,1,6,0;2,3,0,3,3;1,3,0,6,0 | live
REL 15,-1 21,-2 23,1 | 2,0,6,5,1;-1,0,6,6,0;1,1,5,0,6;-1,5,1,6,0;1,6,0,0,6;-2,6,0,1,5 ||  || CORE 2,0,6,5,1;-1,0,6,6,0;1,1,5,0,6;-1,5,1,6,0;1,6,0,0,6;-2,6,0,1,5 | live
REL 7,-2 17,-1 21,1 | 1,0,6,3,3;-1,0,6,5,1;2,2,4,5,1;-2,4,2,1,5;1,6,0,1,5;-1,6,0,3,3 ||  || CORE 1,0,6,2,2;-1,0,6,4,0;2,2,4,4,0;-2,4,2,0,4;1,6,0,0,4;-1,6,0,2,2 | live
REL 15,-1 19,-1 23,2 | 1,0,6,4,2;-2,0,6,6,0;1,1,5,0,6;-1,5,1,6,0;2,6,0,0,6;-1,6,0,2,4 ||  || CORE 1,0,6,4,2;-2,0,6,6,0;1,1,5,0,6;-1,5,1,6,0;2,6,0,0,6;-1,6,0,2,4 | live
REL 8,-2 11,-1 15,-1 | 1,1,5,0,6;1,1,5,2,4;2,2,4,0,6;-2,4,2,6,0;-1,5,1,4,2;-1,5,1,6,0 ||  || CORE 1,0,4,0,6;1,0,4,2,4;2,1,3,0,6;-2,3,1,6,0;-1,4,0,4,2;-1,4,0,6,0 | live
REL 7,-2 12,1 13,-1 | 1,1,5,1,5;-1,1,5,4,2;2,2,4,5,1;-2,4,2,1,5;1,5,1,2,4;-1,5,1,5,1 ||  || CORE 1,0,4,0,4;-1,0,4,3,1;2,1,3,4,0;-2,3,1,0,4;1,4,0,1,3;-1,4,0,4,0 | live
REL 16,-1 20,2 23,-1 | -2,0,6,1,5;1,0,6,6,0;1,1,5,6,0;-1,5,1,0,6;-1,6,0,0,6;2,6,0,5,1 ||  || CORE -2,0,6,1,5;1,0,6,6,0;1,1,5,6,0;-1,5,1,0,6;-1,6,0,0,6;2,6,0,5,1 | live
REL 2,-2 19,1 23,1 | -1,0,6,4,2;-1,0,6,6,0;2,3,3,0,6;-2,3,3,6,0;1,6,0,0,6;1,6,0,2,4 ||  || CORE -1,0,6,4,2;-1,0,6,6,0;2,3,3,0,6;-2,3,3,6,0;1,6,0,0,6;1,6,0,2,4 | live
REL 1,-1 19,-1 20,2 | -2,0,6,1,5;1,0,6,4,2;1,3,3,1,5;-1,3,3,5,1;-1,6,0,2,4;2,6,0,5,1 ||  || CORE -2,0,6,0,4;1,0,6,3,1;1,3,3,0,4;-1,3,3,4,0;-1,6,0,1,3;2,6,0,4,0 | live
REL 2,-2 5,-1 8,-1 | 1,2,4,0,6;1,2,4,4,2;2,3,3,0,6;-2,3,3,6,0;-1,4,2,2,4;-1,4,2,6,0 ||  || CORE 1,0,2,0,6;1,0,2,4,2;2,1,1,0,6;-2,1,1,6,0;-1,2,0,2,4;-1,2,0,6,0 | live
REL 1,-2 17,1 20,1 | -1,0,6,1,5;-1,0,6,3,3;2,3,3,1,5;-2,3,3,5,1;1,6,0,3,3;1,6,0,5,1 || F 1,0,0,0,2;1,0,0,2,0 | -1,0,6,0,2;2,3,3,0,2;-2,3,3,2,0;1,6,0,2,0 || CORE -1,0,6,0,2;2,3,3,0,2;-2,3,3,2,0;1,6,0,2,0 | unit
REL 4,-1 17,2 18,-1 | 1,0,6,2,4;-2,0,6,3,3;1,2,4,2,4;-1,4,2,4,2;2,6,0,3,3;-1,6,0,4,2 ||  || CORE 1,0,6,0,2;-2,0,6,1,1;1,2,4,0,2;-1,4,2,2,0;2,6,0,1,1;-1,6,0,2,0 | live
REL 0,-1 4,-2 5,-1 | 2,2,4,2,4;1,2,4,4,2;1,3,3,2,4;-1,3,3,4,2;-1,4,2,2,4;-2,4,2,4,2 || F 1,0,1,0,0;1,1,0,0,0 | 2,0,1,0,2;1,0,1,2,0;-1,1,0,0,2;-2,1,0,2,0 || CORE 2,0,1,0,2;1,0,1,2,0;-1,1,0,0,2;-2,1,0,2,0 | live
REL 18,-1 22,2 23,1 | -2,0,6,0,6;1,0,6,2,4;-1,0,6,6,0;1,6,0,0,6;-1,6,0,4,2;2,6,0,6,0 ||  || CORE -2,0,6,0,6;1,0,6,2,4;-1,0,6,6,0;1,6,0,0,6;-1,6,0,4,2;2,6,0,6,0 | live
REL 1,-2 3,1 7,-1 | -1,2,4,3,3;1,2,4,5,1;2,3,3,1,5;-2,3,3,5,1;-1,4,2,1,5;1,4,2,3,3 || F 1,0,0,0,1;1,0,0,1,0 | -1,0,2,2,1;1,0,2,3,0;2,1,1,0,3;-2,1,1,1,2;2,1,1,2,1;-2,1,1,3,0;-1,2,0,0,3;1,2,0,1,2 ## F -1,0,0,0,1;1,0,0,1,0 | 1,0,2,2,0;-2,1,1,0,2;-2,1,1,2,0;1,2,0,0,2 || CORE 1,0,2,2,0;-2,1,1,0,2;-2,1,1,2,0;1,2,0,0,2 | unit
REL 8,-1 21,-1 23,-2 | 1,0,6,5,1;2,0,6,6,0;1,2,4,0,6;-1,4,2,6,0;-2,6,0,0,6;-1,6,0,1,5 ||  || CORE 1,0,6,5,1;2,0,6,6,0;1,2,4,0,6;-1,4,2,6,0;-2,6,0,0,6;-1,6,0,1,5 | live
REL 7,-1 17,-2 20,-1 | 1,0,6,1,5;2,0,6,3,3;1,2,4,5,1;-1,4,2,1,5;-2,6,0,3,3;-1,6,0,5,1 || F 1,0,1,0,0;1,1,0,0,0 | 1,0,5,0,4;2,0,5,2,2;-1,1,4,0,4;-2,1,4,2,2;1,2,3,0,4;2,2,3,2,2;1,2,3,4,0;-1,3,2,0,4;-2,3,2,2,2;-1,3,2,4,0;2,4,1,2,2;1,4,1,4,0;-2,5,0,2,2;-1,5,0,4,0 ## F -1,0,1,0,0;1,1,0,0,0 | -1,0,4,0,4;-2,0,4,2,2;-1,2,2,0,4;-2,2,2,2,2;-1,2,2,4,0;-2,4,0,2,2;-1,4,0,4,0 || CORE -1,0,4,0,4;-2,0,4,2,2;-1,2,2,0,4;-2,2,2,2,2;-1,2,2,4,0;-2,4,0,2,2;-1,4,0,4,0 | live
REL 18,-1 20,-1 21,-2 | 1,0,6,1,5;1,0,6,2,4;2,0,6,5,1;-2,6,0,1,5;-1,6,0,4,2;-1,6,0,5,1 ||  || CORE 1,0,6,0,4;1,0,6,1,3;2,0,6,4,0;-2,6,0,0,4;-1,6,0,3,1;-1,6,0,4,0 | live
REL 7,-2 13,-1 14,-1 | 1,1,5,1,5;1,1,5,5,1;2,2,4,5,1;-2,4,2,1,5;-1,5,1,1,5;-1,5,1,5,1 ||  || CORE 1,0,4,0,4;1,0,4,4,0;2,1,3,4,0;-2,3,1,0,4;-1,4,0,0,4;-1,4,0,4,0 | live
REL 12,-2 15,1 16,-1 | -1,1,5,0,6;2,1,5,4,2;1,1,5,6,0;-1,5,1,0,6;-2,5,1,2,4;1,5,1,6,0 || F 1,0,0,0,2;1,0,0,2,0 | -1,0,4,0,4;1,0,4,2,2;1,0,4,4,0;-1,4,0,0,4;-1,4,0,2,2;1,4,0,4,0 || CORE -1,0,4,0,4;1,0,4,2,2;1,0,4,4,0;-1,4,0,0,4;-1,4,0,2,2;1,4,0,4,0 | live
REL 2,-1 17,2 22,-1 | 1,0,6,0,6;-2,0,6,3,3;1,3,3,0,6;-1,3,3,6,0;2,6,0,3,3;-1,6,0,6,0 || F 1,0,1,0,0;1,1,0,0,0 | 1,0,5,0,6;-2,0,5,3,3;-1,1,4,0,6;2,1,4,3,3;1,2,3,0,6;-2,2,3,3,3;2,3,2,3,3;-1,3,2,6,0;-2,4,1,3,3;1,4,1,6,0;2,5,0,3,3;-1,5,0,6,0 ## F 1,0,2,0,0;-1,1,1,0,0;1,2,0,0,0 | 1,0,3,0,6;-2,0,3,3,3;2,3,0,3,3;-1,3,0,6,0 || CORE 1,0,3,0,6;-2,0,3,3,3;2,3,0,3,3;-1,3,0,6,0 | unit
REL 2,-1 11,1 15,2 | -2,1,5,0,6;-1,1,5,2,4;1,3,3,0,6;-1,3,3,6,0;1,5,1,4,2;2,5,1,6,0 ||  || CORE -2,0,4,0,6;-1,0,4,2,4;1,2,2,0,6;-1,2,2,6,0;1,4,0,4,2;2,4,0,6,0 | live
REL 5,-1 17,-1 18,2 | -2,0,6,2,4;1,0,6,3,3;1,2,4,4,2;-1,4,2,2,4;-1,6,0,3,3;2,6,0,4,2 ||  || CORE -2,0,6,0,2;1,0,6,1,1;1,2,4,2,0;-1,4,2,0,2;-1,6,0,1,1;2,6,0,2,0 | live
REL 9,-1 21,1 23,2 | -1,0,6,5,1;-2,0,6,6,0;1,2,4,6,0;-1,4,2,0,6;2,6,0,0,6;1,6,0,1,5 ||  || CORE -1,0,6,5,1;-2,0,6,6,0;1,2,4,6,0;-1,4,2,0,6;2,6,0,0,6;1,6,0,1,5 | live
REL 3,-1 4,2 5,-1 | -2,2,4,2,4;1,2,4,3,3;1,2,4,4,2;-1,4,2,2,4;-1,4,2,3,3;2,4,2,4,2 || F -1,0,0,0,1;1,0,0,1,0 | 2,0,2,0,1;1,0,2,1,0;1,2,0,0,1;2,2,0,1,0 || CORE 2,0,2,0,1;1,0,2,1,0;1,2,0,0,1;2,2,0,1,0 | live
REL 15,-2 20,1 23,-1 | -1,0,6,1,5;1,0,6,6,0;2,1,5,0,6;-2,5,1,6,0;-1,6,0,0,6;1,6,0,5,1 ||  || CORE -1,0,6,1,5;1,0,6,6,0;2,1,5,0,6;-2,5,1,6,0;-1,6,0,0,6;1,6,0,5,1 | live
REL 2,-2 20,1 23,-1 | -1,0,6,1,5;1,0,6,6,0;2,3,3,0,6;-2,3,3,6,0;-1,6,0,0,6;1,6,0,5,1 || F -1,0,0,0,1;1,0,0,1,0 | 1,0,6,1,4;1,0,6,2,3;1,0,6,3,2;1,0,6,4,1;1,0,6,5,0;-2,3,3,0,5;-2,3,3,1,4;-2,3,3,2,3;-2,3,3,3,2;-2,3,3,4,1;-2,3,3,5,0;1,6,0,0,5;1,6,0,1,4;1,6,0,2,3;1,6,0,3,2;1,6,0,4,1 || CORE 1,0,6,1,4;1,0,6,2,3;1,0,6,3,2;1,0,6,4,1;1,0,6,5,0;-2,3,3,0,5;-2,3,3,1,4;-2,3,3,2,3;-2,3,3,3,2;-2,3,3,4,1;-2,3,3,5,0;1,6,0,0,5;1,6,0,1,4;1,6,0,2,3;1,6,0,3,2;1,6,0,4,1 | live
REL 5,-1 10,-1 12,2 | 1,1,5,3,3;-2,1,5,4,2;1,2,4,4,2;-1,4,2,2,4;2,5,1,2,4;-1,5,1,3,3 ||  || CORE 1,0,4,1,1;-2,0,4,2,0;1,1,3,2,0;-1,3,1,0,2;2,4,0,0,2;-1,4,0,1,1 | live
REL 14,-1 18,1 20,-2 | 2,0,6,1,5;-1,0,6,2,4;1,1,5,5,1;-1,5,1,1,5;1,6,0,4,2;-2,6,0,5,1 ||  || CORE 2,0,6,0,4;-1,0,6,1,3;1,1,5,4,0;-1,5,1,0,4;1,6,0,3,1;-2,6,0,4,0 | live
REL 19,-1 22,1 23,-2 | -1,0,6,0,6;1,0,6,4,2;2,0,6,6,0;-2,6,0,0,6;-1,6,0,2,4;1,6,0,6,0 ||  || CORE -1,0,6,0,6;1,0,6,4,2;2,0,6,6,0;-2,6,0,0,6;-1,6,0,2,4;1,6,0,6,0 | live
REL 4,-1 8,-1 9,-2 | 1,2,4,0,6;1,2,4,2,4;2,2,4,6,0;-2,4,2,0,6;-1,4,2,4,2;-1,4,2,6,0 ||  || CORE 1,0,2,0,6;1,0,2,2,4;2,0,2,6,0;-2,2,0,0,6;-1,2,0,4,2;-1,2,0,6,0 | live
REL 8,-1 18,-1 22,2 | -2,0,6,0,6;1,0,6,2,4;1,2,4,0,6;-1,4,2,6,0;-1,6,0,4,2;2,6,0,6,0 ||  || CORE -2,0,6,0,6;1,0,6,2,4;1,2,4,0,6;-1,4,2,6,0;-1,6,0,4,2;2,6,0,6,0 | live
REL 9,-1 18,2 23,-1 | -2,0,6,2,4;1,0,6,6,0;1,2,4,6,0;-1,4,2,0,6;-1,6,0,0,6;2,6,0,4,2 ||  || CORE -2,0,6,2,4;1,0,6,6,0;1,2,4,6,0;-1,4,2,0,6;-1,6,0,0,6;2,6,0,4,2 | live
REL 4,-2 15,-1 16,1 | 1,1,5,0,6;-1,1,5,6,0;2,2,4,2,4;-2,4,2,4,2;1,5,1,0,6;-1,5,1,6,0 ||  || CORE 1,0,4,0,6;-1,0,4,6,0;2,1,3,2,4;-2,3,1,4,2;1,4,0,0,6;-1,4,0,6,0 | live
REL 3,-1 6,2 7,1 | -2,2,4,1,5;1,2,4,3,3;-1,2,4,5,1;1,4,2,1,5;-1,4,2,3,3;2,4,2,5,1 ||  || CORE -2,0,2,0,4;1,0,2,2,2;-1,0,2,4,0;1,2,0,0,4;-1,2,0,2,2;2,2,0,4,0 | live
REL 2,-1 6,-1 9,-2 | 1,2,4,1,5;2,2,4,6,0;1,3,3,0,6;-1,3,3,6,0;-2,4,2,0,6;-1,4,2,5,1 ||  || CORE 1,0,2,1,5;2,0,2,6,0;1,1,1,0,6;-1,1,1,6,0;-2,2,0,0,6;-1,2,0,5,1 | live
REL 11,-1 15,-1 16,2 | 1,1,5,0,6;1,1,5,2,4;-2,1,5,6,0;2,5,1,0,6;-1,5,1,4,2;-1,5,1,6,0 || F 1,0,0,0,1;1,0,0,1,0 | 1,0,4,0,5;-1,0,4,1,4;2,0,4,2,3;-2,0,4,3,2;2,0,4,4,1;-2,0,4,5,0;2,4,0,0,5;-2,4,0,1,4;2,4,0,2,3;-2,4,0,3,2;1,4,0,4,1;-1,4,0,5,0 ## F -1,0,0,0,1;1,0,0,1,0 | -1,0,4,0,4;-2,0,4,2,2;-2,0,4,4,0;-2,4,0,0,4;-2,4,0,2,2;-1,4,0,4,0 || CORE -1,0,4,0,4;-2,0,4,2,2;-2,0,4,4,0;-2,4,0,0,4;-2,4,0,2,2;-1,4,0,4,0 | live
REL 7,-1 18,2 21,1 | -2,0,6,2,4;-1,0,6,5,1;1,2,4,5,1;-1,4,2,1,5;1,6,0,1,5;2,6,0,4,2 ||  || CORE -2,0,6,1,3;-1,0,6,4,0;1,2,4,4,0;-1,4,2,0,4;1,6,0,0,4;2,6,0,3,1 | live
REL 16,-2 20,1 22,1 | -1,0,6,0,6;-1,0,6,1,5;2,1,5,6,0;-2,5,1,0,6;1,6,0,5,1;1,6,0,6,0 ||  || CORE -1,0,6,0,6;-1,0,6,1,5;2,1,5,6,0;-2,5,1,0,6;1,6,0,5,1;1,6,0,6,0 | live
REL 0,-1 17,1 19,-2 | -1,0,6,3,3;2,0,6,4,2;1,3,3,2,4;-1,3,3,4,2;-2,6,0,2,4;1,6,0,3,3 ||  || CORE -1,0,6,1,1;2,0,6,2,0;1,3,3,0,2;-1,3,3,2,0;-2,6,0,0,2;1,6,0,1,1 | live
REL 13,-1 15,-2 16,-1 | 2,1,5,0,6;1,1,5,1,5;1,1,5,6,0;-1,5,1,0,6;-1,5,1,5,1;-2,5,1,6,0 ||  || CORE 2,0,4,0,6;1,0,4,1,5;1,0,4,6,0;-1,4,0,0,6;-1,4,0,5,1;-2,4,0,6,0 | live
REL 9,-2 21,-1 23,1 | 1,0,6,5,1;-1,0,6,6,0;2,2,4,6,0;-2,4,2,0,6;1,6,0,0,6;-1,6,0,1,5 ||  || CORE 1,0,6,5,1;-1,0,6,6,0;2,2,4,6,0;-2,4,2,0,6;1,6,0,0,6;-1,6,0,1,5 | live
REL 8,-1 12,-1 16,-2 | 1,1,5,4,2;2,1,5,6,0;1,2,4,0,6;-1,4,2,6,0;-2,5,1,0,6;-1,5,1,2,4 ||  || CORE 1,0,4,4,2;2,0,4,6,0;1,1,3,0,6;-1,3,1,6,0;-2,4,0,0,6;-1,4,0,2,4 | live
REL 2,-2 11,1 15,-1 | 1,1,5,0,6;-1,1,5,2,4;2,3,3,0,6;-2,3,3,6,0;1,5,1,4,2;-1,5,1,6,0 || F 1,0,0,0,1;1,0,0,1,0 | 1,0,4,0,5;-1,0,4,1,4;2,2,2,0,5;-2,2,2,1,4;2,2,2,2,3;-2,2,2,3,2;2,2,2,4,1;-2,2,2,5,0;1,4,0,4,1;-1,4,0,5,0 ## F -1,0,0,0,1;1,0,0,1,0 | -1,0,4,0,4;-2,2,2,0,4;-2,2,2,2,2;-2,2,2,4,0;-1,4,0,4,0 || CORE -1,0,4,0,4;-2,2,2,0,4;-2,2,2,2,2;-2,2,2,4,0;-1,4,0,4,0 | unit
REL 15,-2 21,-1 22,1 | -1,0,6,0,6;1,0,6,5,1;2,1,5,0,6;-2,5,1,6,0;-1,6,0,1,5;1,6,0,6,0 ||  || CORE -1,0,6,0,6;1,0,6,5,1;2,1,5,0,6;-2,5,1,6,0;-1,6,0,1,5;1,6,0,6,0 | live
REL 9,-2 11,-1 15,1 | -1,1,5,0,6;1,1,5,2,4;2,2,4,6,0;-2,4,2,0,6;-1,5,1,4,2;1,5,1,6,0 ||  || CORE -1,0,4,0,6;1,0,4,2,4;2,1,3,6,0;-2,3,1,0,6;-1,4,0,4,2;1,4,0,6,0 | live
REL 8,-1 10,1 15,-2 | 2,1,5,0,6;-1,1,5,3,3;1,2,4,0,6;-1,4,2,6,0;1,5,1,3,3;-2,5,1,6,0 ||  || CORE 2,0,4,0,6;-1,0,4,3,3;1,1,3,0,6;-1,3,1,6,0;1,4,0,3,3;-2,4,0,6,0 | live
REL 13,-2 20,-1 21,-1 | 1,0,6,1,5;1,0,6,5,1;2,1,5,1,5;-2,5,1,5,1;-1,6,0,1,5;-1,6,0,5,1 ||  || CORE 1,0,6,0,4;1,0,6,4,0;2,1,5,0,4;-2,5,1,4,0;-1,6,0,0,4;-1,6,0,4,0 | live
REL 8,-1 18,-2 22,-1 | 1,0,6,0,6;2,0,6,2,4;1,2,4,0,6;-1,4,2,6,0;-2,6,0,4,2;-1,6,0,6,0 ||  || CORE 1,0,6,0,6;2,0,6,2,4;1,2,4,0,6;-1,4,2,6,0;-2,6,0,4,2;-1,6,0,6,0 | live
REL 16,-1 17,1 22,-2 | 2,0,6,0,6;-1,0,6,3,3;1,1,5,6,0;-1,5,1,0,6;1,6,0,3,3;-2,6,0,6,0 ||  || CORE 2,0,6,0,6;-1,0,6,3,3;1,1,5,6,0;-1,5,1,0,6;1,6,0,3,3;-2,6,0,6,0 | live
REL 3,-2 8,1 9,1 | -1,2,4,0,6;2,2,4,3,3;-1,2,4,6,0;1,4,2,0,6;-2,4,2,3,3;1,4,2,6,0 || F 1,0,1,0,0;1,1,0,0,0 | -1,0,1,0,6;2,0,1,3,3;-1,0,1,6,0;1,1,0,0,6;-2,1,0,3,3;1,1,0,6,0 ## F -1,0,1,0,0;1,1,0,0,0 | 1,0,0,0,6;-2,0,0,3,3;1,0,0,6,0 ## F -1,0,0,0,1;1,0,0,1,0 | -1,0,0,0,5;-1,0,0,1,4;-1,0,0,2,3;1,0,0,3,2;1,0,0,4,1;1,0,0,5,0 ## F 1,0,0,0,2;1,0,0,1,1;1,0,0,2,0 | -1,0,0,0,3;1,0,0,3,0 ## F -1,0,0,0,3;1,0,0,3,0 | 1,0,0,0,0 || CORE 1,0,0,0,0 | monomial
REL 14,-1 19,-2 21,1 | 2,0,6,4,2;-1,0,6,5,1;1,1,5,5,1;-1,5,1,1,5;1,6,0,1,5;-2,6,0,2,4 ||  || CORE 2,0,6,3,1;-1,0,6,4,0;1,1,5,4,0;-1,5,1,0,4;1,6,0,0,4;-2,6,0,1,3 | live
REL 1,-1 12,-1 13,-2 | 2,1,5,1,5;1,1,5,4,2;1,3,3,1,5;-1,3,3,5,1;-1,5,1,2,4;-2,5,1,5,1 ||  || CORE 2,0,4,0,4;1,0,4,3,1;1,2,2,0,4;-1,2,2,4,0;-1,4,0,1,3;-2,4,0,4,0 | live
REL 1,-2 10,-1 13,1 | -1,1,5,1,5;1,1,5,3,3;2,3,3,1,5;-2,3,3,5,1;-1,5,1,3,3;1,5,1,5,1 || F 1,0,0,0,1;1,0,0,1,0 | -1,0,4,0,3;1,0,4,1,2;2,2,2,0,3;-2,2,2,1,2;2,2,2,2,1;-2,2,2,3,0;-1,4,0,2,1;1,4,0,3,0 ## F -1,0,0,0,1;1,0,0,1,0 | 1,0,4,0,2;-2,2,2,0,2;-2,2,2,2,0;1,4,0,2,0 || CORE 1,0,4,0,2;-2,2,2,0,2;-2,2,2,2,0;1,4,0,2,0 | unit
REL 2,-1 4,2 9,1 | -2,2,4,2,4;-1,2,4,6,0;1,3,3,0,6;-1,3,3,6,0;1,4,2,0,6;2,4,2,4,2 ||  || CORE -2,0,2,2,4;-1,0,2,6,0;1,1,1,0,6;-1,1,1,6,0;1,2,0,0,6;2,2,0,4,2 | live
REL 2,-2 4,1 8,-1 | 1,2,4,0,6;-1,2,4,2,4;2,3,3,0,6;-2,3,3,6,0;1,4,2,4,2;-1,4,2,6,0 || F 1,0,0,0,1;1,0,0,1,0 | 1,0,2,0,5;-1,0,2,1,4;2,1,1,0,5;-2,1,1,1,4;2,1,1,2,3;-2,1,1,3,2;2,1,1,4,1;-2,1,1,5,0;1,2,0,4,1;-1,2,0,5,0 ## F -1,0,0,0,1;1,0,0,1,0 | -1,0,2,0,4;-2,1,1,0,4;-2,1,1,2,2;-2,1,1,4,0;-1,2,0,4,0 || CORE -1,0,2,0,4;-2,1,1,0,4;-2,1,1,2,2;-2,1,1,4,0;-1,2,0,4,0 | unit
REL 13,-1 19,-1 20,2 | -2,0,6,1,5;1,0,6,4,2;1,1,5,1,5;-1,5,1,5,1;-1,6,0,2,4;2,6,0,5,1 ||  || CORE -2,0,6,0,4;1,0,6,3,1;1,1,5,0,4;-1,5,1,4,0;-1,6,0,1,3;2,6,0,4,0 | live
REL 16,-1 18,2 23,1 | -2,0,6,2,4;-1,0,6,6,0;1,1,5,6,0;-1,5,1,0,6;1,6,0,0,6;2,6,0,4,2 ||  || CORE -2,0,6,2,4;-1,0,6,6,0;1,1,5,6,0;-1,5,1,0,6;1,6,0,0,6;2,6,0,4,2 | live
REL 6,-1 19,-2 21,-1 | 2,0,6,4,2;1,0,6,5,1;1,2,4,1,5;-1,4,2,5,1;-1,6,0,1,5;-2,6,0,2,4 ||  || CORE 2,0,6,3,1;1,0,6,4,0;1,2,4,0,4;-1,4,2,4,0;-1,6,0,0,4;-2,6,0,1,3 | live
REL 8,-2 17,-1 22,-1 | 1,0,6,0,6;1,0,6,3,3;2,2,4,0,6;-2,4,2,6,0;-1,6,0,3,3;-1,6,0,6,0 ||  || CORE 1,0,6,0,6;1,0,6,3,3;2,2,4,0,6;-2,4,2,6,0;-1,6,0,3,3;-1,6,0,6,0 | live
REL 2,-1 5,-2 9,1 | 2,2,4,4,2;-1,2,4,6,0;1,3,3,0,6;-1,3,3,6,0;1,4,2,0,6;-2,4,2,2,4 ||  || CORE 2,0,2,4,2;-1,0,2,6,0;1,1,1,0,6;-1,1,1,6,0;1,2,0,0,6;-2,2,0,2,4 | live
REL 17,-1 20,2 21,-1 | -2,0,6,1,5;1,0,6,3,3;1,0,6,5,1;-1,6,0,1,5;-1,6,0,3,3;2,6,0,5,1 || F 1,0,0,0,1;1,0,0,1,0 | -2,0,6,0,3;2,0,6,1,2;-1,0,6,2,1;1,0,6,3,0;-1,6,0,0,3;1,6,0,1,2;-2,6,0,2,1;2,6,0,3,0 ## F -1,0,0,0,1;1,0,0,1,0 | 2,0,6,0,2;1,0,6,2,0;1,6,0,0,2;2,6,0,2,0 || CORE 2,0,6,0,2;1,0,6,2,0;1,6,0,0,2;2,6,0,2,0 | live
REL 5,-1 17,-2 18,1 | -1,0,6,2,4;2,0,6,3,3;1,2,4,4,2;-1,4,2,2,4;-2,6,0,3,3;1,6,0,4,2 ||  || CORE -1,0,6,0,2;2,0,6,1,1;1,2,4,2,0;-1,4,2,0,2;-2,6,0,1,1;1,6,0,2,0 | live
REL 0,-1 17,-2 19,-1 | 2,0,6,3,3;1,0,6,4,2;1,3,3,2,4;-1,3,3,4,2;-1,6,0,2,4;-2,6,0,3,3 || F -1,0,1,0,0;1,1,0,0,0 | -2,0,5,1,1;-1,0,5,2,0;-2,1,4,1,1;-1,1,4,2,0;-2,2,3,1,1;-1,2,3,2,0;-1,3,2,0,2;-2,3,2,1,1;-1,4,1,0,2;-2,4,1,1,1;-1,5,0,0,2;-2,5,0,1,1 ## F 1,0,2,0,0;1,1,1,0,0;1,2,0,0,0 | -2,0,3,1,1;-1,0,3,2,0;-1,3,0,0,2;-2,3,0,1,1 || CORE -2,0,3,1,1;-1,0,3,2,0;-1,3,0,0,2;-2,3,0,1,1 | unit
REL 13,-1 18,1 21,2 | -1,0,6,2,4;-2,0,6,5,1;1,1,5,1,5;-1,5,1,5,1;2,6,0,1,5;1,6,0,4,2 ||  || CORE -1,0,6,1,3;-2,0,6,4,0;1,1,5,0,4;-1,5,1,4,0;2,6,0,0,4;1,6,0,3,1 | live
REL 8,-1 13,-2 15,1 | -1,1,5,0,6;2,1,5,1,5;1,2,4,0,6;-1,4,2,6,0;-2,5,1,5,1;1,5,1,6,0 ||  || CORE -1,0,4,0,6;2,0,4,1,5;1,1,3,0,6;-1,3,1,6,0;-2,4,0,5,1;1,4,0,6,0 | live
REL 5,-1 17,1 19,2 | -1,0,6,3,3;-2,0,6,4,2;1,2,4,4,2;-1,4,2,2,4;2,6,0,2,4;1,6,0,3,3 ||  || CORE -1,0,6,1,1;-2,0,6,2,0;1,2,4,2,0;-1,4,2,0,2;2,6,0,0,2;1,6,0,1,1 | live
REL 13,-1 20,1 21,-2 | -1,0,6,1,5;2,0,6,5,1;1,1,5,1,5;-1,5,1,5,1;-2,6,0,1,5;1,6,0,5,1 ||  || CORE -1,0,6,0,4;2,0,6,4,0;1,1,5,0,4;-1,5,1,4,0;-2,6,0,0,4;1,6,0,4,0 | live
REL 16,-1 18,-2 23,-1 | 2,0,6,2,4;1,0,6,6,0;1,1,5,6,0;-1,5,1,0,6;-1,6,0,0,6;-2,6,0,4,2 ||  || CORE 2,0,6,2,4;1,0,6,6,0;1,1,5,6,0;-1,5,1,0,6;-1,6,0,0,6;-2,6,0,4,2 | live
REL 9,-2 11,-1 16,-1 | 1,1,5,2,4;1,1,5,6,0;2,2,4,6,0;-2,4,2,0,6;-1,5,1,0,6;-1,5,1,4,2 ||  || CORE 1,0,4,2,4;1,0,4,6,0;2,1,3,6,0;-2,3,1,0,6;-1,4,0,0,6;-1,4,0,4,2 | live
REL 2,-1 20,-1 22,2 | -2,0,6,0,6;1,0,6,1,5;1,3,3,0,6;-1,3,3,6,0;-1,6,0,5,1;2,6,0,6,0 ||  || CORE -2,0,6,0,6;1,0,6,1,5;1,3,3,0,6;-1,3,3,6,0;-1,6,0,5,1;2,6,0,6,0 | live
REL 10,-2 11,1 12,-1 | -1,1,5,2,4;2,1,5,3,3;1,1,5,4,2;-1,5,1,2,4;-2,5,1,3,3;1,5,1,4,2 ||  || CORE -1,0,4,0,2;2,0,4,1,1;1,0,4,2,0;-1,4,0,0,2;-2,4,0,1,1;1,4,0,2,0 | live
REL 1,-1 4,-1 7,2 | 1,2,4,2,4;-2,2,4,5,1;1,3,3,1,5;-1,3,3,5,1;2,4,2,1,5;-1,4,2,4,2 ||  || CORE 1,0,2,1,3;-2,0,2,4,0;1,1,1,0,4;-1,1,1,4,0;2,2,0,0,4;-1,2,0,3,1 | live
REL 1,-2 17,-1 21,1 | 1,0,6,3,3;-1,0,6,5,1;2,3,3,1,5;-2,3,3,5,1;1,6,0,1,5;-1,6,0,3,3 || F 1,0,0,0,1;1,0,0,1,0 | 1,0,6,2,1;-1,0,6,3,0;2,3,3,0,3;-2,3,3,1,2;2,3,3,2,1;-2,3,3,3,0;1,6,0,0,3;-1,6,0,1,2 ## F -1,0,0,0,1;1,0,0,1,0 | -1,0,6,2,0;-2,3,3,0,2;-2,3,3,2,0;-1,6,0,0,2 || CORE -1,0,6,2,0;-2,3,3,0,2;-2,3,3,2,0;-1,6,0,0,2 | unit
REL 11,-1 18,-2 19,1 | 2,0,6,2,4;-1,0,6,4,2;1,1,5,2,4;-1,5,1,4,2;1,6,0,2,4;-2,6,0,4,2 ||  || CORE 2,0,6,0,2;-1,0,6,2,0;1,1,5,0,2;-1,5,1,2,0;1,6,0,0,2;-2,6,0,2,0 | live
REL 6,-2 19,1 21,1 | -1,0,6,4,2;-1,0,6,5,1;2,2,4,1,5;-2,4,2,5,1;1,6,0,1,5;1,6,0,2,4 ||  || CORE -1,0,6,3,1;-1,0,6,4,0;2,2,4,0,4;-2,4,2,4,0;1,6,0,0,4;1,6,0,1,3 | live
REL 5,-1 11,2 12,1 | -2,1,5,2,4;-1,1,5,4,2;1,2,4,4,2;-1,4,2,2,4;1,5,1,2,4;2,5,1,4,2 || F 1,0,1,0,0;1,1,0,0,0 | -2,0,3,0,2;-1,0,3,2,0;2,1,2,0,2;2,1,2,2,0;-2,2,1,0,2;-2,2,1,2,0;1,3,0,0,2;2,3,0,2,0 || CORE -2,0,3,0,2;-1,0,3,2,0;2,1,2,0,2;2,1,2,2,0;-2,2,1,0,2;-2,2,1,2,0;1,3,0,0,2;2,3,0,2,0 | live
REL 9,-1 21,-1 23,-2 | 1,0,6,5,1;2,0,6,6,0;1,2,4,6,0;-1,4,2,0,6;-2,6,0,0,6;-1,6,0,1,5 ||  || CORE 1,0,6,5,1;2,0,6,6,0;1,2,4,6,0;-1,4,2,0,6;-2,6,0,0,6;-1,6,0,1,5 | live
REL 6,-1 19,2 20,1 | -1,0,6,1,5;-2,0,6,4,2;1,2,4,1,5;-1,4,2,5,1;2,6,0,2,4;1,6,0,5,1 ||  || CORE -1,0,6,0,4;-2,0,6,3,1;1,2,4,0,4;-1,4,2,4,0;2,6,0,1,3;1,6,0,4,0 | live
REL 14,-1 17,2 21,1 | -2,0,6,3,3;-1,0,6,5,1;1,1,5,5,1;-1,5,1,1,5;1,6,0,1,5;2,6,0,3,3 || F -1,0,1,0,0;1,1,0,0,0 | 2,0,5,2,2;1,0,5,4,0;2,1,4,2,2;2,2,3,2,2;2,3,2,2,2;2,4,1,2,2;1,5,0,0,4;2,5,0,2,2 || CORE 2,0,5,2,2;1,0,5,4,0;2,1,4,2,2;2,2,3,2,2;2,3,2,2,2;2,4,1,2,2;1,5,0,0,4;2,5,0,2,2 | unit
REL 8,-1 17,-1 22,-2 | 2,0,6,0,6;1,0,6,3,3;1,2,4,0,6;-1,4,2,6,0;-1,6,0,3,3;-2,6,0,6,0 ||  || CORE 2,0,6,0,6;1,0,6,3,3;1,2,4,0,6;-1,4,2,6,0;-1,6,0,3,3;-2,6,0,6,0 | live
REL 2,-1 17,2 23,-1 | -2,0,6,3,3;1,0,6,6,0;1,3,3,0,6;-1,3,3,6,0;-1,6,0,0,6;2,6,0,3,3 || F -1,0,1,0,0;1,1,0,0,0 | 2,0,5,3,3;-1,0,5,6,0;2,1,4,3,3;-1,1,4,6,0;2,2,3,3,3;-1,2,3,6,0;-1,3,2,0,6;2,3,2,3,3;-1,4,1,0,6;2,4,1,3,3;-1,5,0,0,6;2,5,0,3,3 ## F 1,0,2,0,0;1,1,1,0,0;1,2,0,0,0 | 2,0,3,3,3;-1,0,3,6,0;-1,3,0,0,6;2,3,0,3,3 || CORE 2,0,3,3,3;-1,0,3,6,0;-1,3,0,0,6;2,3,0,3,3 | unit
REL 16,-1 22,1 23,-2 | -1,0,6,0,6;2,0,6,6,0;1,1,5,6,0;-1,5,1,0,6;-2,6,0,0,6;1,6,0,6,0 ||  || CORE -1,0,6,0,6;2,0,6,6,0;1,1,5,6,0;-1,5,1,0,6;-2,6,0,0,6;1,6,0,6,0 | live
REL 6,-1 19,-2 21,1 | 2,0,6,4,2;-1,0,6,5,1;1,2,4,1,5;-1,4,2,5,1;1,6,0,1,5;-2,6,0,2,4 ||  || CORE 2,0,6,3,1;-1,0,6,4,0;1,2,4,0,4;-1,4,2,4,0;1,6,0,0,4;-2,6,0,1,3 | live
REL 8,-1 13,-2 15,-1 | 1,1,5,0,6;2,1,5,1,5;1,2,4,0,6;-1,4,2,6,0;-2,5,1,5,1;-1,5,1,6,0 ||  || CORE 1,0,4,0,6;2,0,4,1,5;1,1,3,0,6;-1,3,1,6,0;-2,4,0,5,1;-1,4,0,6,0 | live
REL 15,-1 19,2 23,-1 | -2,0,6,4,2;1,0,6,6,0;1,1,5,0,6;-1,5,1,6,0;-1,6,0,0,6;2,6,0,2,4 ||  || CORE -2,0,6,4,2;1,0,6,6,0;1,1,5,0,6;-1,5,1,6,0;-1,6,0,0,6;2,6,0,2,4 | live
REL 7,-2 11,-1 14,-1 | 1,1,5,2,4;1,1,5,5,1;2,2,4,5,1;-2,4,2,1,5;-1,5,1,1,5;-1,5,1,4,2 ||  || CORE 1,0,4,1,3;1,0,4,4,0;2,1,3,4,0;-2,3,1,0,4;-1,4,0,0,4;-1,4,0,3,1 | live
REL 1,-2 13,-1 14,-1 | 1,1,5,1,5;1,1,5,5,1;2,3,3,1,5;-2,3,3,5,1;-1,5,1,1,5;-1,5,1,5,1 ||  || CORE 1,0,4,0,4;1,0,4,4,0;2,2,2,0,4;-2,2,2,4,0;-1,4,0,0,4;-1,4,0,4,0 | live
REL 0,-1 10,2 12,-1 | -2,1,5,3,3;1,1,5,4,2;1,3,3,2,4;-1,3,3,4,2;-1,5,1,2,4;2,5,1,3,3 || F 1,0,1,0,0;1,1,0,0,0 | -2,0,3,1,1;1,0,3,2,0;2,1,2,1,1;-1,1,2,2,0;1,2,1,0,2;-2,2,1,1,1;-1,3,0,0,2;2,3,0,1,1 ## F -1,0,1,0,0;1,1,0,0,0 | 2,0,2,1,1;-1,0,2,2,0;-1,2,0,0,2;2,2,0,1,1 || CORE 2,0,2,1,1;-1,0,2,2,0;-1,2,0,0,2;2,2,0,1,1 | unit
REL 9,-1 14,-1 15,-2 | 2,1,5,0,6;1,1,5,5,1;1,2,4,6,0;-1,4,2,0,6;-1,5,1,1,5;-2,5,1,6,0 ||  || CORE 2,0,4,0,6;1,0,4,5,1;1,1,3,6,0;-1,3,1,0,6;-1,4,0,1,5;-2,4,0,6,0 | live
REL 8,-1 12,-1 15,2 | -2,1,5,0,6;1,1,5,4,2;1,2,4,0,6;-1,4,2,6,0;-1,5,1,2,4;2,5,1,6,0 ||  || CORE -2,0,4,0,6;1,0,4,4,2;1,1,3,0,6;-1,3,1,6,0;-1,4,0,2,4;2,4,0,6,0 | live
REL 1,-1 6,2 7,-1 | -2,2,4,1,5;1,2,4,5,1;1,3,3,1,5;-1,3,3,5,1;-1,4,2,1,5;2,4,2,5,1 ||  || CORE -2,0,2,0,4;1,0,2,4,0;1,1,1,0,4;-1,1,1,4,0;-1,2,0,0,4;2,2,0,4,0 | live
REL 1,-2 8,-1 9,1 | 1,2,4,0,6;-1,2,4,6,0;2,3,3,1,5;-2,3,3,5,1;1,4,2,0,6;-1,4,2,6,0 || F 1,0,0,0,1;1,0,0,1,0 | 1,0,2,0,5;-1,0,2,1,4;1,0,2,2,3;-1,0,2,3,2;1,0,2,4,1;-1,0,2,5,0;2,1,1,1,4;-2,1,1,2,3;2,1,1,3,2;-2,1,1,4,1;1,2,0,0,5;-1,2,0,1,4;1,2,0,2,3;-1,2,0,3,2;1,2,0,4,1;-1,2,0,5,0 ## F -1,0,0,0,1;1,0,0,1,0 | -1,0,2,0,4;-1,0,2,2,2;-1,0,2,4,0;-2,1,1,1,3;-2,1,1,3,1;-1,2,0,0,4;-1,2,0,2,2;-1,2,0,4,0 || CORE -1,0,2,0,4;-1,0,2,2,2;-1,0,2,4,0;-2,1,1,1,3;-2,1,1,3,1;-1,2,0,0,4;-1,2,0,2,2;-1,2,0,4,0 | live
REL 7,-1 11,-1 13,2 | -2,1,5,1,5;1,1,5,2,4;1,2,4,5,1;-1,4,2,1,5;-1,5,1,4,2;2,5,1,5,1 ||  || CORE -2,0,4,0,4;1,0,4,1,3;1,1,3,4,0;-1,3,1,0,4;-1,4,0,3,1;2,4,0,4,0 | live
REL 8,-1 19,-2 23,1 | 2,0,6,4,2;-1,0,6,6,0;1,2,4,0,6;-1,4,2,6,0;1,6,0,0,6;-2,6,0,2,4 ||  || CORE 2,0,6,4,2;-1,0,6,6,0;1,2,4,0,6;-1,4,2,6,0;1,6,0,0,6;-2,6,0,2,4 | live
REL 9,-1 12,1 16,-2 | -1,1,5,4,2;2,1,5,6,0;1,2,4,6,0;-1,4,2,0,6;-2,5,1,0,6;1,5,1,2,4 ||  || CORE -1,0,4,4,2;2,0,4,6,0;1,1,3,6,0;-1,3,1,0,6;-2,4,0,0,6;1,4,0,2,4 | live
REL 16,-1 18,1 22,-2 | 2,0,6,0,6;-1,0,6,2,4;1,1,5,6,0;-1,5,1,0,6;1,6,0,4,2;-2,6,0,6,0 ||  || CORE 2,0,6,0,6;-1,0,6,2,4;1,1,5,6,0;-1,5,1,0,6;1,6,0,4,2;-2,6,0,6,0 | live
REL 6,-1 11,1 13,2 | -2,1,5,1,5;-1,1,5,2,4;1,2,4,1,5;-1,4,2,5,1;1,5,1,4,2;2,5,1,5,1 ||  || CORE -2,0,4,0,4;-1,0,4,1,3;1,1,3,0,4;-1,3,1,4,0;1,4,0,3,1;2,4,0,4,0 | live
REL 8,-2 13,1 15,1 | -1,1,5,0,6;-1,1,5,1,5;2,2,4,0,6;-2,4,2,6,0;1,5,1,5,1;1,5,1,6,0 ||  || CORE -1,0,4,0,6;-1,0,4,1,5;2,1,3,0,6;-2,3,1,6,0;1,4,0,5,1;1,4,0,6,0 | live
REL 6,-1 19,-1 21,-2 | 1,0,6,4,2;2,0,6,5,1;1,2,4,1,5;-1,4,2,5,1;-2,6,0,1,5;-1,6,0,2,4 ||  || CORE 1,0,6,3,1;2,0,6,4,0;1,2,4,0,4;-1,4,2,4,0;-2,6,0,0,4;-1,6,0,1,3 | live
REL 7,-1 17,-1 20,2 | -2,0,6,1,5;1,0,6,3,3;1,2,4,5,1;-1,4,2,1,5;-1,6,0,3,3;2,6,0,5,1 ||  || CORE -2,0,6,0,4;1,0,6,2,2;1,2,4,4,0;-1,4,2,0,4;-1,6,0,2,2;2,6,0,4,0 | live
REL 2,-1 21,-1 23,2 | 1,0,6,5,1;-2,0,6,6,0;1,3,3,0,6;-1,3,3,6,0;2,6,0,0,6;-1,6,0,1,5 ||  || CORE 1,0,6,5,1;-2,0,6,6,0;1,3,3,0,6;-1,3,3,6,0;2,6,0,0,6;-1,6,0,1,5 | live
REL 19,-1 22,2 23,-1 | -2,0,6,0,6;1,0,6,4,2;1,0,6,6,0;-1,6,0,0,6;-1,6,0,2,4;2,6,0,6,0 || F 1,0,0,0,1;1,0,0,1,0 | -2,0,6,0,5;2,0,6,1,4;-2,0,6,2,3;2,0,6,3,2;-1,0,6,4,1;1,0,6,5,0;-1,6,0,0,5;1,6,0,1,4;-2,6,0,2,3;2,6,0,3,2;-2,6,0,4,1;2,6,0,5,0 ## F -1,0,0,0,1;1,0,0,1,0 | 2,0,6,0,4;2,0,6,2,2;1,0,6,4,0;1,6,0,0,4;2,6,0,2,2;2,6,0,4,0 || CORE 2,0,6,0,4;2,0,6,2,2;1,0,6,4,0;1,6,0,0,4;2,6,0,2,2;2,6,0,4,0 | live
REL 2,-2 13,1 15,1 | -1,1,5,0,6;-1,1,5,1,5;2,3,3,0,6;-2,3,3,6,0;1,5,1,5,1;1,5,1,6,0 || F 1,0,0,0,1;1,0,0,1,0 | -1,0,4,0,5;2,2,2,0,5;-2,2,2,1,4;2,2,2,2,3;-2,2,2,3,2;2,2,2,4,1;-2,2,2,5,0;1,4,0,5,0 || CORE -1,0,4,0,5;2,2,2,0,5;-2,2,2,1,4;2,2,2,2,3;-2,2,2,3,2;2,2,2,4,1;-2,2,2,5,0;1,4,0,5,0 | unit
REL 12,-1 17,1 19,-2 | -1,0,6,3,3;2,0,6,4,2;1,1,5,4,2;-1,5,1,2,4;-2,6,0,2,4;1,6,0,3,3 ||  || CORE -1,0,6,1,1;2,0,6,2,0;1,1,5,2,0;-1,5,1,0,2;-2,6,0,0,2;1,6,0,1,1 | live
REL 13,-1 17,1 20,2 | -2,0,6,1,5;-1,0,6,3,3;1,1,5,1,5;-1,5,1,5,1;1,6,0,3,3;2,6,0,5,1 ||  || CORE -2,0,6,0,4;-1,0,6,2,2;1,1,5,0,4;-1,5,1,4,0;1,6,0,2,2;2,6,0,4,0 | live
REL 6,-1 8,-1 9,2 | 1,2,4,0,6;1,2,4,1,5;-2,2,4,6,0;2,4,2,0,6;-1,4,2,5,1;-1,4,2,6,0 || F -1,0,0,0,1;1,0,0,1,0 | -1,0,2,0,5;-2,0,2,1,4;-2,0,2,2,3;-2,0,2,3,2;-2,0,2,4,1;-2,0,2,5,0;-2,2,0,0,5;-2,2,0,1,4;-2,2,0,2,3;-2,2,0,3,2;-2,2,0,4,1;-1,2,0,5,0 || CORE -1,0,2,0,5;-2,0,2,1,4;-2,0,2,2,3;-2,0,2,3,2;-2,0,2,4,1;-2,0,2,5,0;-2,2,0,0,5;-2,2,0,1,4;-2,2,0,2,3;-2,2,0,3,2;-2,2,0,4,1;-1,2,0,5,0 | live
REL 4,-1 6,-2 7,1 | 2,2,4,1,5;1,2,4,2,4;-1,2,4,5,1;1,4,2,1,5;-1,4,2,4,2;-2,4,2,5,1 || F 1,0,0,0,1;1,0,0,1,0 | 2,0,2,0,3;-1,0,2,1,2;1,0,2,2,1;-1,0,2,3,0;1,2,0,0,3;-1,2,0,1,2;1,2,0,2,1;-2,2,0,3,0 || CORE 2,0,2,0,3;-1,0,2,1,2;1,0,2,2,1;-1,0,2,3,0;1,2,0,0,3;-1,2,0,1,2;1,2,0,2,1;-2,2,0,3,0 | live
REL 14,-2 15,1 16,-1 | -1,1,5,0,6;2,1,5,5,1;1,1,5,6,0;-1,5,1,0,6;-2,5,1,1,5;1,5,1,6,0 ||  || CORE -1,0,4,0,6;2,0,4,5,1;1,0,4,6,0;-1,4,0,0,6;-2,4,0,1,5;1,4,0,6,0 | live
REL 21,-1 22,1 23,2 | -1,0,6,0,6;1,0,6,5,1;-2,0,6,6,0;2,6,0,0,6;-1,6,0,1,5;1,6,0,6,0 ||  || CORE -1,0,6,0,6;1,0,6,5,1;-2,0,6,6,0;2,6,0,0,6;-1,6,0,1,5;1,6,0,6,0 | live
REL 15,-1 21,1 23,-2 | -1,0,6,5,1;2,0,6,6,0;1,1,5,0,6;-1,5,1,6,0;-2,6,0,0,6;1,6,0,1,5 ||  || CORE -1,0,6,5,1;2,0,6,6,0;1,1,5,0,6;-1,5,1,6,0;-2,6,0,0,6;1,6,0,1,5 | live
REL 2,-1 5,1 8,2 | -2,2,4,0,6;-1,2,4,4,2;1,3,3,0,6;-1,3,3,6,0;1,4,2,2,4;2,4,2,6,0 ||  || CORE -2,0,2,0,6;-1,0,2,4,2;1,1,1,0,6;-1,1,1,6,0;1,2,0,2,4;2,2,0,6,0 | live
REL 2,-1 21,1 23,2 | -1,0,6,5,1;-2,0,6,6,0;1,3,3,0,6;-1,3,3,6,0;2,6,0,0,6;1,6,0,1,5 ||  || CORE -1,0,6,5,1;-2,0,6,6,0;1,3,3,0,6;-1,3,3,6,0;2,6,0,0,6;1,6,0,1,5 | live
REL 2,-1 8,1 9,-2 | -1,2,4,0,6;2,2,4,6,0;1,3,3,0,6;-1,3,3,6,0;-2,4,2,0,6;1,4,2,6,0 ||  || CORE -1,0,2,0,6;2,0,2,6,0;1,1,1,0,6;-1,1,1,6,0;-2,2,0,0,6;1,2,0,6,0 | live
REL 2,-2 17,1 22,-1 | 1,0,6,0,6;-1,0,6,3,3;2,3,3,0,6;-2,3,3,6,0;1,6,0,3,3;-1,6,0,6,0 || F -1,0,0,0,1;1,0,0,1,0 | -1,0,6,0,5;-1,0,6,1,4;-1,0,6,2,3;-2,3,3,0,5;-2,3,3,1,4;-2,3,3,2,3;-2,3,3,3,2;-2,3,3,4,1;-2,3,3,5,0;-1,6,0,3,2;-1,6,0,4,1;-1,6,0,5,0 ## F 1,0,0,0,2;1,0,0,1,1;1,0,0,2,0 | -1,0,6,0,3;-2,3,3,0,3;-2,3,3,3,0;-1,6,0,3,0 || CORE -1,0,6,0,3;-2,3,3,0,3;-2,3,3,3,0;-1,6,0,3,0 | unit
REL 7,-1 17,1 21,-2 | -1,0,6,3,3;2,0,6,5,1;1,2,4,5,1;-1,4,2,1,5;-2,6,0,1,5;1,6,0,3,3 ||  || CORE -1,0,6,2,2;2,0,6,4,0;1,2,4,4,0;-1,4,2,0,4;-2,6,0,0,4;1,6,0,2,2 | live
REL 9,-1 20,-1 22,2 | -2,0,6,0,6;1,0,6,1,5;1,2,4,6,0;-1,4,2,0,6;-1,6,0,5,1;2,6,0,6,0 ||  || CORE -2,0,6,0,6;1,0,6,1,5;1,2,4,6,0;-1,4,2,0,6;-1,6,0,5,1;2,6,0,6,0 | live
REL 15,-1 21,1 23,2 | -1,0,6,5,1;-2,0,6,6,0;1,1,5,0,6;-1,5,1,6,0;2,6,0,0,6;1,6,0,1,5 ||  || CORE -1,0,6,5,1;-2,0,6,6,0;1,1,5,0,6;-1,5,1,6,0;2,6,0,0,6;1,6,0,1,5 | live
REL 17,-1 18,2 19,-1 | -2,0,6,2,4;1,0,6,3,3;1,0,6,4,2;-1,6,0,2,4;-1,6,0,3,3;2,6,0,4,2 || F -1,0,0,0,1;1,0,0,1,0 | 2,0,6,0,1;1,0,6,1,0;1,6,0,0,1;2,6,0,1,0 || CORE 2,0,6,0,1;1,0,6,1,0;1,6,0,0,1;2,6,0,1,0 | live
REL 13,-2 17,1 21,1 | -1,0,6,3,3;-1,0,6,5,1;2,1,5,1,5;-2,5,1,5,1;1,6,0,1,5;1,6,0,3,3 ||  || CORE -1,0,6,2,2;-1,0,6,4,0;2,1,5,0,4;-2,5,1,4,0;1,6,0,0,4;1,6,0,2,2 | live
REL 21,-2 22,-1 23,-1 | 1,0,6,0,6;2,0,6,5,1;1,0,6,6,0;-1,6,0,0,6;-2,6,0,1,5;-1,6,0,6,0 || F 1,0,0,0,1;1,0,0,1,0 | 1,0,6,0,5;-1,0,6,1,4;1,0,6,2,3;-1,0,6,3,2;1,0,6,4,1;1,0,6,5,0;-1,6,0,0,5;-1,6,0,1,4;1,6,0,2,3;-1,6,0,3,2;1,6,0,4,1;-1,6,0,5,0 || CORE 1,0,6,0,5;-1,0,6,1,4;1,0,6,2,3;-1,0,6,3,2;1,0,6,4,1;1,0,6,5,0;-1,6,0,0,5;-1,6,0,1,4;1,6,0,2,3;-1,6,0,3,2;1,6,0,4,1;-1,6,0,5,0 | live
REL 16,-1 21,2 22,-1 | 1,0,6,0,6;-2,0,6,5,1;1,1,5,6,0;-1,5,1,0,6;2,6,0,1,5;-1,6,0,6,0 ||  || CORE 1,0,6,0,6;-2,0,6,5,1;1,1,5,6,0;-1,5,1,0,6;2,6,0,1,5;-1,6,0,6,0 | live
REL 6,-1 13,2 14,-1 | -2,1,5,1,5;1,1,5,5,1;1,2,4,1,5;-1,4,2,5,1;-1,5,1,1,5;2,5,1,5,1 ||  || CORE -2,0,4,0,4;1,0,4,4,0;1,1,3,0,4;-1,3,1,4,0;-1,4,0,0,4;2,4,0,4,0 | live
REL 5,-2 20,1 21,-1 | -1,0,6,1,5;1,0,6,5,1;2,2,4,4,2;-2,4,2,2,4;-1,6,0,1,5;1,6,0,5,1 ||  || CORE -1,0,6,0,4;1,0,6,4,0;2,2,4,3,1;-2,4,2,1,3;-1,6,0,0,4;1,6,0,4,0 | live
REL 2,-1 17,-1 23,-2 | 1,0,6,3,3;2,0,6,6,0;1,3,3,0,6;-1,3,3,6,0;-2,6,0,0,6;-1,6,0,3,3 ||  || CORE 1,0,6,3,3;2,0,6,6,0;1,3,3,0,6;-1,3,3,6,0;-2,6,0,0,6;-1,6,0,3,3 | live
REL 12,-2 15,-1 16,1 | 1,1,5,0,6;2,1,5,4,2;-1,1,5,6,0;1,5,1,0,6;-2,5,1,2,4;-1,5,1,6,0 ||  || CORE 1,0,4,0,6;2,0,4,4,2;-1,0,4,6,0;1,4,0,0,6;-2,4,0,2,4;-1,4,0,6,0 | live
REL 4,-1 17,-1 18,2 | -2,0,6,2,4;1,0,6,3,3;1,2,4,2,4;-1,4,2,4,2;-1,6,0,3,3;2,6,0,4,2 ||  || CORE -2,0,6,0,2;1,0,6,1,1;1,2,4,0,2;-1,4,2,2,0;-1,6,0,1,1;2,6,0,2,0 | live
REL 14,-1 19,-1 21,2 | 1,0,6,4,2;-2,0,6,5,1;1,1,5,5,1;-1,5,1,1,5;2,6,0,1,5;-1,6,0,2,4 ||  || CORE 1,0,6,3,1;-2,0,6,4,0;1,1,5,4,0;-1,5,1,0,4;2,6,0,0,4;-1,6,0,1,3 | live
REL 7,-1 17,-1 21,-2 | 1,0,6,3,3;2,0,6,5,1;1,2,4,5,1;-1,4,2,1,5;-2,6,0,1,5;-1,6,0,3,3 ||  || CORE 1,0,6,2,2;2,0,6,4,0;1,2,4,4,0;-1,4,2,0,4;-2,6,0,0,4;-1,6,0,2,2 | live
REL 0,-2 11,1 12,-1 | -1,1,5,2,4;1,1,5,4,2;2,3,3,2,4;-2,3,3,4,2;-1,5,1,2,4;1,5,1,4,2 || F 1,0,1,0,0;1,1,0,0,0 | -1,0,3,0,2;1,0,3,2,0;1,1,2,0,2;-1,1,2,2,0;1,2,1,0,2;-1,2,1,2,0;-1,3,0,0,2;1,3,0,2,0 ## F 1,0,0,0,1;1,0,0,1,0 | -1,0,3,0,1;1,0,3,1,0;1,1,2,0,1;-1,1,2,1,0;1,2,1,0,1;-1,2,1,1,0;-1,3,0,0,1;1,3,0,1,0 ## F -1,0,1,0,0;1,1,0,0,0 | 1,0,2,0,1;-1,0,2,1,0;-1,2,0,0,1;1,2,0,1,0 ## F -1,0,0,0,1;1,0,0,1,0 | -1,0,2,0,0;1,2,0,0,0 ## F -1,0,2,0,0;1,2,0,0,0 | 1,0,0,0,0 || CORE 1,0,0,0,0 | monomial
REL 12,-1 17,2 19,1 | -2,0,6,3,3;-1,0,6,4,2;1,1,5,4,2;-1,5,1,2,4;1,6,0,2,4;2,6,0,3,3 || F -1,0,1,0,0;1,1,0,0,0 | 2,0,5,1,1;1,0,5,2,0;2,1,4,1,1;2,2,3,1,1;2,3,2,1,1;2,4,1,1,1;1,5,0,0,2;2,5,0,1,1 || CORE 2,0,5,1,1;1,0,5,2,0;2,1,4,1,1;2,2,3,1,1;2,3,2,1,1;2,4,1,1,1;1,5,0,0,2;2,5,0,1,1 | unit
REL 8,-2 18,1 23,1 | -1,0,6,2,4;-1,0,6,6,0;2,2,4,0,6;-2,4,2,6,0;1,6,0,0,6;1,6,0,4,2 ||  || CORE -1,0,6,2,4;-1,0,6,6,0;2,2,4,0,6;-2,4,2,6,0;1,6,0,0,6;1,6,0,4,2 | live
REL 2,-2 19,-1 22,-1 | 1,0,6,0,6;1,0,6,4,2;2,3,3,0,6;-2,3,3,6,0;-1,6,0,2,4;-1,6,0,6,0 ||  || CORE 1,0,6,0,6;1,0,6,4,2;2,3,3,0,6;-2,3,3,6,0;-1,6,0,2,4;-1,6,0,6,0 | live
REL 13,-2 19,-1 20,-1 | 1,0,6,1,5;1,0,6,4,2;2,1,5,1,5;-2,5,1,5,1;-1,6,0,2,4;-1,6,0,5,1 ||  || CORE 1,0,6,0,4;1,0,6,3,1;2,1,5,0,4;-2,5,1,4,0;-1,6,0,1,3;-1,6,0,4,0 | live
REL 2,-2 6,1 8,-1 | 1,2,4,0,6;-1,2,4,1,5;2,3,3,0,6;-2,3,3,6,0;1,4,2,5,1;-1,4,2,6,0 || F -1,0,0,0,1;1,0,0,1,0 | -1,0,2,0,5;-2,1,1,0,5;-2,1,1,1,4;-2,1,1,2,3;-2,1,1,3,2;-2,1,1,4,1;-2,1,1,5,0;-1,2,0,5,0 || CORE -1,0,2,0,5;-2,1,1,0,5;-2,1,1,1,4;-2,1,1,2,3;-2,1,1,3,2;-2,1,1,4,1;-2,1,1,5,0;-1,2,0,5,0 | unit
REL 1,-2 3,1 7,1 | -1,2,4,3,3;-1,2,4,5,1;2,3,3,1,5;-2,3,3,5,1;1,4,2,1,5;1,4,2,3,3 || F 1,0,0,0,2;1,0,0,2,0 | -1,0,2,2,0;2,1,1,0,2;-2,1,1,2,0;1,2,0,0,2 || CORE -1,0,2,2,0;2,1,1,0,2;-2,1,1,2,0;1,2,0,0,2 | unit
REL 0,-2 22,-1 23,-1 | 1,0,6,0,6;1,0,6,6,0;2,3,3,2,4;-2,3,3,4,2;-1,6,0,0,6;-1,6,0,6,0 ||  || CORE 1,0,6,0,6;1,0,6,6,0;2,3,3,2,4;-2,3,3,4,2;-1,6,0,0,6;-1,6,0,6,0 | live
REL 15,-1 17,-2 23,-1 | 2,0,6,3,3;1,0,6,6,0;1,1,5,0,6;-1,5,1,6,0;-1,6,0,0,6;-2,6,0,3,3 || F -1,0,1,0,0;1,1,0,0,0 | -2,0,5,3,3;-1,0,5,6,0;-1,1,4,0,6;-2,1,4,3,3;-1,1,4,6,0;-1,2,3,0,6;-2,2,3,3,3;-1,2,3,6,0;-1,3,2,0,6;-2,3,2,3,3;-1,3,2,6,0;-1,4,1,0,6;-2,4,1,3,3;-1,4,1,6,0;-1,5,0,0,6;-2,5,0,3,3 || CORE -2,0,5,3,3;-1,0,5,6,0;-1,1,4,0,6;-2,1,4,3,3;-1,1,4,6,0;-1,2,3,0,6;-2,2,3,3,3;-1,2,3,6,0;-1,3,2,0,6;-2,3,2,3,3;-1,3,2,6,0;-1,4,1,0,6;-2,4,1,3,3;-1,4,1,6,0;-1,5,0,0,6;-2,5,0,3,3 | live
REL 5,-1 6,1 7,2 | -1,2,4,1,5;1,2,4,4,2;-2,2,4,5,1;2,4,2,1,5;-1,4,2,2,4;1,4,2,5,1 ||  || CORE -1,0,2,0,4;1,0,2,3,1;-2,0,2,4,0;2,2,0,0,4;-1,2,0,1,3;1,2,0,4,0 | live
REL 6,-1 10,-1 14,-2 | 1,1,5,3,3;2,1,5,5,1;1,2,4,1,5;-1,4,2,5,1;-2,5,1,1,5;-1,5,1,3,3 ||  || CORE 1,0,4,2,2;2,0,4,4,0;1,1,3,0,4;-1,3,1,4,0;-2,4,0,0,4;-1,4,0,2,2 | live
REL 5,-2 17,1 19,-1 | -1,0,6,3,3;1,0,6,4,2;2,2,4,4,2;-2,4,2,2,4;-1,6,0,2,4;1,6,0,3,3 ||  || CORE -1,0,6,1,1;1,0,6,2,0;2,2,4,2,0;-2,4,2,0,2;-1,6,0,0,2;1,6,0,1,1 | live
REL 9,-2 12,1 15,1 | -1,1,5,0,6;-1,1,5,4,2;2,2,4,6,0;-2,4,2,0,6;1,5,1,2,4;1,5,1,6,0 ||  || CORE -1,0,4,0,6;-1,0,4,4,2;2,1,3,6,0;-2,3,1,0,6;1,4,0,2,4;1,4,0,6,0 | live
REL 1,-2 10,1 13,-1 | 1,1,5,1,5;-1,1,5,3,3;2,3,3,1,5;-2,3,3,5,1;1,5,1,3,3;-1,5,1,5,1 || F 1,0,0,0,1;1,0,0,1,0 | 1,0,4,0,3;-1,0,4,1,2;2,2,2,0,3;-2,2,2,1,2;2,2,2,2,1;-2,2,2,3,0;1,4,0,2,1;-1,4,0,3,0 ## F -1,0,0,0,1;1,0,0,1,0 | -1,0,4,0,2;-2,2,2,0,2;-2,2,2,2,0;-1,4,0,2,0 || CORE -1,0,4,0,2;-2,2,2,0,2;-2,2,2,2,0;-1,4,0,2,0 | unit
REL 8,-1 14,-2 16,-1 | 2,1,5,5,1;1,1,5,6,0;1,2,4,0,6;-1,4,2,6,0;-1,5,1,0,6;-2,5,1,1,5 ||  || CORE 2,0,4,5,1;1,0,4,6,0;1,1,3,0,6;-1,3,1,6,0;-1,4,0,0,6;-2,4,0,1,5 | live
REL 9,-1 17,1 22,-2 | 2,0,6,0,6;-1,0,6,3,3;1,2,4,6,0;-1,4,2,0,6;1,6,0,3,3;-2,6,0,6,0 ||  || CORE 2,0,6,0,6;-1,0,6,3,3;1,2,4,6,0;-1,4,2,0,6;1,6,0,3,3;-2,6,0,6,0 | live
REL 2,-1 12,2 16,1 | -2,1,5,4,2;-1,1,5,6,0;1,3,3,0,6;-1,3,3,6,0;1,5,1,0,6;2,5,1,2,4 ||  || CORE -2,0,4,4,2;-1,0,4,6,0;1,2,2,0,6;-1,2,2,6,0;1,4,0,0,6;2,4,0,2,4 | live
REL 7,-2 12,1 14,-1 | -1,1,5,4,2;1,1,5,5,1;2,2,4,5,1;-2,4,2,1,5;-1,5,1,1,5;1,5,1,2,4 ||  || CORE -1,0,4,3,1;1,0,4,4,0;2,1,3,4,0;-2,3,1,0,4;-1,4,0,0,4;1,4,0,1,3 | live
REL 0,-1 4,1 5,2 | -1,2,4,2,4;-2,2,4,4,2;1,3,3,2,4;-1,3,3,4,2;2,4,2,2,4;1,4,2,4,2 || F 1,0,1,0,0;1,1,0,0,0 | -1,0,1,0,2;-2,0,1,2,0;2,1,0,0,2;1,1,0,2,0 || CORE -1,0,1,0,2;-2,0,1,2,0;2,1,0,0,2;1,1,0,2,0 | live
REL 2,-1 11,1 16,2 | -1,1,5,2,4;-2,1,5,6,0;1,3,3,0,6;-1,3,3,6,0;2,5,1,0,6;1,5,1,4,2 ||  || CORE -1,0,4,2,4;-2,0,4,6,0;1,2,2,0,6;-1,2,2,6,0;2,4,0,0,6;1,4,0,4,2 | live
REL 10,-2 13,1 14,-1 | -1,1,5,1,5;2,1,5,3,3;1,1,5,5,1;-1,5,1,1,5;-2,5,1,3,3;1,5,1,5,1 ||  || CORE -1,0,4,0,4;2,0,4,2,2;1,0,4,4,0;-1,4,0,0,4;-2,4,0,2,2;1,4,0,4,0 | live
REL 16,-2 20,-1 23,-1 | 1,0,6,1,5;1,0,6,6,0;2,1,5,6,0;-2,5,1,0,6;-1,6,0,0,6;-1,6,0,5,1 ||  || CORE 1,0,6,1,5;1,0,6,6,0;2,1,5,6,0;-2,5,1,0,6;-1,6,0,0,6;-1,6,0,5,1 | live
REL 2,-1 12,1 16,2 | -1,1,5,4,2;-2,1,5,6,0;1,3,3,0,6;-1,3,3,6,0;2,5,1,0,6;1,5,1,2,4 ||  || CORE -1,0,4,4,2;-2,0,4,6,0;1,2,2,0,6;-1,2,2,6,0;2,4,0,0,6;1,4,0,2,4 | live
REL 1,-2 11,1 14,1 | -1,1,5,2,4;-1,1,5,5,1;2,3,3,1,5;-2,3,3,5,1;1,5,1,1,5;1,5,1,4,2 || F 1,0,0,0,1;1,0,0,1,0 | -1,0,4,1,2;1,0,4,2,1;-1,0,4,3,0;2,2,2,0,3;-2,2,2,1,2;2,2,2,2,1;-2,2,2,3,0;1,4,0,0,3;-1,4,0,1,2;1,4,0,2,1 || CORE -1,0,4,1,2;1,0,4,2,1;-1,0,4,3,0;2,2,2,0,3;-2,2,2,1,2;2,2,2,2,1;-2,2,2,3,0;1,4,0,0,3;-1,4,0,1,2;1,4,0,2,1 | live
REL 2,-1 5,1 9,-2 | -1,2,4,4,2;2,2,4,6,0;1,3,3,0,6;-1,3,3,6,0;-2,4,2,0,6;1,4,2,2,4 ||  || CORE -1,0,2,4,2;2,0,2,6,0;1,1,1,0,6;-1,1,1,6,0;-2,2,0,0,6;1,2,0,2,4 | live
REL 5,-2 6,-1 7,1 | 1,2,4,1,5;2,2,4,4,2;-1,2,4,5,1;1,4,2,1,5;-2,4,2,2,4;-1,4,2,5,1 ||  || CORE 1,0,2,0,4;2,0,2,3,1;-1,0,2,4,0;1,2,0,0,4;-2,2,0,1,3;-1,2,0,4,0 | live
REL 16,-1 19,-1 23,2 | 1,0,6,4,2;-2,0,6,6,0;1,1,5,6,0;-1,5,1,0,6;2,6,0,0,6;-1,6,0,2,4 ||  || CORE 1,0,6,4,2;-2,0,6,6,0;1,1,5,6,0;-1,5,1,0,6;2,6,0,0,6;-1,6,0,2,4 | live
REL 7,-2 20,1 21,-1 | -1,0,6,1,5;1,0,6,5,1;2,2,4,5,1;-2,4,2,1,5;-1,6,0,1,5;1,6,0,5,1 ||  || CORE -1,0,6,0,4;1,0,6,4,0;2,2,4,4,0;-2,4,2,0,4;-1,6,0,0,4;1,6,0,4,0 | live
REL 9,-1 20,2 22,-1 | 1,0,6,0,6;-2,0,6,1,5;1,2,4,6,0;-1,4,2,0,6;2,6,0,5,1;-1,6,0,6,0 ||  || CORE 1,0,6,0,6;-2,0,6,1,5;1,2,4,6,0;-1,4,2,0,6;2,6,0,5,1;-1,6,0,6,0 | live
REL 1,-2 5,1 6,-1 | 1,2,4,1,5;-1,2,4,4,2;2,3,3,1,5;-2,3,3,5,1;1,4,2,2,4;-1,4,2,5,1 || F -1,0,0,0,1;1,0,0,1,0 | -1,0,2,0,3;-1,0,2,1,2;-1,0,2,2,1;-2,1,1,0,3;-2,1,1,1,2;-2,1,1,2,1;-2,1,1,3,0;-1,2,0,1,2;-1,2,0,2,1;-1,2,0,3,0 || CORE -1,0,2,0,3;-1,0,2,1,2;-1,0,2,2,1;-2,1,1,0,3;-2,1,1,1,2;-2,1,1,2,1;-2,1,1,3,0;-1,2,0,1,2;-1,2,0,2,1;-1,2,0,3,0 | live
REL 0,-1 3,-2 5,-1 | 2,2,4,3,3;1,2,4,4,2;1,3,3,2,4;-1,3,3,4,2;-1,4,2,2,4;-2,4,2,3,3 || F -1,0,1,0,0;1,1,0,0,0 | -2,0,1,1,1;-1,0,1,2,0;-1,1,0,0,2;-2,1,0,1,1 || CORE -2,0,1,1,1;-1,0,1,2,0;-1,1,0,0,2;-2,1,0,1,1 | unit
REL 16,-1 17,-1 22,-2 | 2,0,6,0,6;1,0,6,3,3;1,1,5,6,0;-1,5,1,0,6;-1,6,0,3,3;-2,6,0,6,0 ||  || CORE 2,0,6,0,6;1,0,6,3,3;1,1,5,6,0;-1,5,1,0,6;-1,6,0,3,3;-2,6,0,6,0 | live
REL 7,-2 18,1 21,-1 | -1,0,6,2,4;1,0,6,5,1;2,2,4,5,1;-2,4,2,1,5;-1,6,0,1,5;1,6,0,4,2 ||  || CORE -1,0,6,1,3;1,0,6,4,0;2,2,4,4,0;-2,4,2,0,4;-1,6,0,0,4;1,6,0,3,1 | live
REL 0,-2 17,-1 18,1 | -1,0,6,2,4;1,0,6,3,3;2,3,3,2,4;-2,3,3,4,2;-1,6,0,3,3;1,6,0,4,2 || F -1,0,0,0,1;1,0,0,1,0 | 1,0,6,0,1;-2,3,3,0,1;-2,3,3,1,0;1,6,0,1,0 || CORE 1,0,6,0,1;-2,3,3,0,1;-2,3,3,1,0;1,6,0,1,0 | unit
REL 15,-1 19,1 23,-2 | -1,0,6,4,2;2,0,6,6,0;1,1,5,0,6;-1,5,1,6,0;-2,6,0,0,6;1,6,0,2,4 ||  || CORE -1,0,6,4,2;2,0,6,6,0;1,1,5,0,6;-1,5,1,6,0;-2,6,0,0,6;1,6,0,2,4 | live
REL 7,-2 10,-1 13,1 | -1,1,5,1,5;1,1,5,3,3;2,2,4,5,1;-2,4,2,1,5;-1,5,1,3,3;1,5,1,5,1 ||  || CORE -1,0,4,0,4;1,0,4,2,2;2,1,3,4,0;-2,3,1,0,4;-1,4,0,2,2;1,4,0,4,0 | live
REL 15,-1 18,-2 22,1 | -1,0,6,0,6;2,0,6,2,4;1,1,5,0,6;-1,5,1,6,0;-2,6,0,4,2;1,6,0,6,0 ||  || CORE -1,0,6,0,6;2,0,6,2,4;1,1,5,0,6;-1,5,1,6,0;-2,6,0,4,2;1,6,0,6,0 | live
REL 9,-2 22,-1 23,-1 | 1,0,6,0,6;1,0,6,6,0;2,2,4,6,0;-2,4,2,0,6;-1,6,0,0,6;-1,6,0,6,0 || F 1,0,2,0,0;1,2,0,0,0 | 1,0,4,0,6;1,0,4,6,0;-1,2,2,0,6;1,2,2,6,0;-1,4,0,0,6;-1,4,0,6,0 || CORE 1,0,4,0,6;1,0,4,6,0;-1,2,2,0,6;1,2,2,6,0;-1,4,0,0,6;-1,4,0,6,0 | live
REL 7,-1 17,-1 20,-2 | 2,0,6,1,5;1,0,6,3,3;1,2,4,5,1;-1,4,2,1,5;-1,6,0,3,3;-2,6,0,5,1 ||  || CORE 2,0,6,0,4;1,0,6,2,2;1,2,4,4,0;-1,4,2,0,4;-1,6,0,2,2;-2,6,0,4,0 | live
REL 18,-1 20,2 21,1 | -2,0,6,1,5;1,0,6,2,4;-1,0,6,5,1;1,6,0,1,5;-1,6,0,4,2;2,6,0,5,1 ||  || CORE -2,0,6,0,4;1,0,6,1,3;-1,0,6,4,0;1,6,0,0,4;-1,6,0,3,1;2,6,0,4,0 | live
REL 16,-2 19,-1 23,-1 | 1,0,6,4,2;1,0,6,6,0;2,1,5,6,0;-2,5,1,0,6;-1,6,0,0,6;-1,6,0,2,4 ||  || CORE 1,0,6,4,2;1,0,6,6,0;2,1,5,6,0;-2,5,1,0,6;-1,6,0,0,6;-1,6,0,2,4 | live
REL 2,-1 3,2 9,-1 | -2,2,4,3,3;1,2,4,6,0;1,3,3,0,6;-1,3,3,6,0;-1,4,2,0,6;2,4,2,3,3 || F -1,0,1,0,0;1,1,0,0,0 | 2,0,1,3,3;-1,0,1,6,0;-1,1,0,0,6;2,1,0,3,3 || CORE 2,0,1,3,3;-1,0,1,6,0;-1,1,0,0,6;2,1,0,3,3 | unit
REL 2,-2 6,1 9,-1 | -1,2,4,1,5;1,2,4,6,0;2,3,3,0,6;-2,3,3,6,0;-1,4,2,0,6;1,4,2,5,1 || F -1,0,0,0,1;1,0,0,1,0 | 1,0,2,1,4;1,0,2,2,3;1,0,2,3,2;1,0,2,4,1;1,0,2,5,0;-2,1,1,0,5;-2,1,1,1,4;-2,1,1,2,3;-2,1,1,3,2;-2,1,1,4,1;-2,1,1,5,0;1,2,0,0,5;1,2,0,1,4;1,2,0,2,3;1,2,0,3,2;1,2,0,4,1 || CORE 1,0,2,1,4;1,0,2,2,3;1,0,2,3,2;1,0,2,4,1;1,0,2,5,0;-2,1,1,0,5;-2,1,1,1,4;-2,1,1,2,3;-2,1,1,3,2;-2,1,1,4,1;-2,1,1,5,0;1,2,0,0,5;1,2,0,1,4;1,2,0,2,3;1,2,0,3,2;1,2,0,4,1 | live
REL 5,-1 17,-1 19,-2 | 1,0,6,3,3;2,0,6,4,2;1,2,4,4,2;-1,4,2,2,4;-2,6,0,2,4;-1,6,0,3,3 ||  || CORE 1,0,6,1,1;2,0,6,2,0;1,2,4,2,0;-1,4,2,0,2;-2,6,0,0,2;-1,6,0,1,1 | live
REL 7,-2 19,-1 20,-1 | 1,0,6,1,5;1,0,6,4,2;2,2,4,5,1;-2,4,2,1,5;-1,6,0,2,4;-1,6,0,5,1 ||  || CORE 1,0,6,0,4;1,0,6,3,1;2,2,4,4,0;-2,4,2,0,4;-1,6,0,1,3;-1,6,0,4,0 | live
REL 3,-1 6,-1 7,2 | 1,2,4,1,5;1,2,4,3,3;-2,2,4,5,1;2,4,2,1,5;-1,4,2,3,3;-1,4,2,5,1 || F 1,0,0,0,1;1,0,0,1,0 | 1,0,2,0,3;-1,0,2,1,2;2,0,2,2,1;-2,0,2,3,0;2,2,0,0,3;-2,2,0,1,2;1,2,0,2,1;-1,2,0,3,0 ## F -1,0,0,0,1;1,0,0,1,0 | -1,0,2,0,2;-2,0,2,2,0;-2,2,0,0,2;-1,2,0,2,0 || CORE -1,0,2,0,2;-2,0,2,2,0;-2,2,0,0,2;-1,2,0,2,0 | live
REL 2,-1 19,1 23,2 | -1,0,6,4,2;-2,0,6,6,0;1,3,3,0,6;-1,3,3,6,0;2,6,0,0,6;1,6,0,2,4 ||  || CORE -1,0,6,4,2;-2,0,6,6,0;1,3,3,0,6;-1,3,3,6,0;2,6,0,0,6;1,6,0,2,4 | live
REL 16,-2 20,1 23,1 | -1,0,6,1,5;-1,0,6,6,0;2,1,5,6,0;-2,5,1,0,6;1,6,0,0,6;1,6,0,5,1 ||  || CORE -1,0,6,1,5;-1,0,6,6,0;2,1,5,6,0;-2,5,1,0,6;1,6,0,0,6;1,6,0,5,1 | live
REL 6,-2 19,-1 20,-1 | 1,0,6,1,5;1,0,6,4,2;2,2,4,1,5;-2,4,2,5,1;-1,6,0,2,4;-1,6,0,5,1 ||  || CORE 1,0,6,0,4;1,0,6,3,1;2,2,4,0,4;-2,4,2,4,0;-1,6,0,1,3;-1,6,0,4,0 | live
REL 2,-2 10,1 15,1 | -1,1,5,0,6;-1,1,5,3,3;2,3,3,0,6;-2,3,3,6,0;1,5,1,3,3;1,5,1,6,0 || F 1,0,0,0,1;1,0,0,1,0 | -1,0,4,0,5;1,0,4,1,4;-1,0,4,2,3;2,2,2,0,5;-2,2,2,1,4;2,2,2,2,3;-2,2,2,3,2;2,2,2,4,1;-2,2,2,5,0;1,4,0,3,2;-1,4,0,4,1;1,4,0,5,0 ## F 1,0,0,0,2;-1,0,0,1,1;1,0,0,2,0 | -1,0,4,0,3;2,2,2,0,3;-2,2,2,3,0;1,4,0,3,0 || CORE -1,0,4,0,3;2,2,2,0,3;-2,2,2,3,0;1,4,0,3,0 | unit
REL 7,-1 8,-1 9,2 | 1,2,4,0,6;1,2,4,5,1;-2,2,4,6,0;2,4,2,0,6;-1,4,2,1,5;-1,4,2,6,0 || F -1,0,0,0,1;1,0,0,1,0 | -1,0,2,0,5;-1,0,2,1,4;-1,0,2,2,3;-1,0,2,3,2;-1,0,2,4,1;-2,0,2,5,0;-2,2,0,0,5;-1,2,0,1,4;-1,2,0,2,3;-1,2,0,3,2;-1,2,0,4,1;-1,2,0,5,0 || CORE -1,0,2,0,5;-1,0,2,1,4;-1,0,2,2,3;-1,0,2,3,2;-1,0,2,4,1;-2,0,2,5,0;-2,2,0,0,5;-1,2,0,1,4;-1,2,0,2,3;-1,2,0,3,2;-1,2,0,4,1;-1,2,0,5,0 | live
REL 8,-1 13,1 15,2 | -2,1,5,0,6;-1,1,5,1,5;1,2,4,0,6;-1,4,2,6,0;1,5,1,5,1;2,5,1,6,0 ||  || CORE -2,0,4,0,6;-1,0,4,1,5;1,1,3,0,6;-1,3,1,6,0;1,4,0,5,1;2,4,0,6,0 | live
REL 7,-1 18,-2 21,-1 | 2,0,6,2,4;1,0,6,5,1;1,2,4,5,1;-1,4,2,1,5;-1,6,0,1,5;-2,6,0,4,2 ||  || CORE 2,0,6,1,3;1,0,6,4,0;1,2,4,4,0;-1,4,2,0,4;-1,6,0,0,4;-2,6,0,3,1 | live
REL 8,-1 18,-2 23,-1 | 2,0,6,2,4;1,0,6,6,0;1,2,4,0,6;-1,4,2,6,0;-1,6,0,0,6;-2,6,0,4,2 ||  || CORE 2,0,6,2,4;1,0,6,6,0;1,2,4,0,6;-1,4,2,6,0;-1,6,0,0,6;-2,6,0,4,2 | live
REL 8,-1 18,-1 22,-2 | 2,0,6,0,6;1,0,6,2,4;1,2,4,0,6;-1,4,2,6,0;-1,6,0,4,2;-2,6,0,6,0 ||  || CORE 2,0,6,0,6;1,0,6,2,4;1,2,4,0,6;-1,4,2,6,0;-1,6,0,4,2;-2,6,0,6,0 | live
REL 8,-1 10,-1 15,2 | -2,1,5,0,6;1,1,5,3,3;1,2,4,0,6;-1,4,2,6,0;-1,5,1,3,3;2,5,1,6,0 ||  || CORE -2,0,4,0,6;1,0,4,3,3;1,1,3,0,6;-1,3,1,6,0;-1,4,0,3,3;2,4,0,6,0 | live
REL 2,-1 3,1 9,2 | -1,2,4,3,3;-2,2,4,6,0;1,3,3,0,6;-1,3,3,6,0;2,4,2,0,6;1,4,2,3,3 ||  || CORE -1,0,2,3,3;-2,0,2,6,0;1,1,1,0,6;-1,1,1,6,0;2,2,0,0,6;1,2,0,3,3 | live
REL 9,-2 20,-1 22,-1 | 1,0,6,0,6;1,0,6,1,5;2,2,4,6,0;-2,4,2,0,6;-1,6,0,5,1;-1,6,0,6,0 ||  || CORE 1,0,6,0,6;1,0,6,1,5;2,2,4,6,0;-2,4,2,0,6;-1,6,0,5,1;-1,6,0,6,0 | live
REL 2,-1 3,-1 9,2 | 1,2,4,3,3;-2,2,4,6,0;1,3,3,0,6;-1,3,3,6,0;2,4,2,0,6;-1,4,2,3,3 ||  || CORE 1,0,2,3,3;-2,0,2,6,0;1,1,1,0,6;-1,1,1,6,0;2,2,0,0,6;-1,2,0,3,3 | live
REL 16,-2 21,1 22,-1 | 1,0,6,0,6;-1,0,6,5,1;2,1,5,6,0;-2,5,1,0,6;1,6,0,1,5;-1,6,0,6,0 ||  || CORE 1,0,6,0,6;-1,0,6,5,1;2,1,5,6,0;-2,5,1,0,6;1,6,0,1,5;-1,6,0,6,0 | live
REL 1,-1 12,2 14,-1 | -2,1,5,4,2;1,1,5,5,1;1,3,3,1,5;-1,3,3,5,1;-1,5,1,1,5;2,5,1,2,4 ||  || CORE -2,0,4,3,1;1,0,4,4,0;1,2,2,0,4;-1,2,2,4,0;-1,4,0,0,4;2,4,0,1,3 | live
REL 19,-1 20,-2 21,1 | 2,0,6,1,5;1,0,6,4,2;-1,0,6,5,1;1,6,0,1,5;-1,6,0,2,4;-2,6,0,5,1 || F 1,0,0,0,1;1,0,0,1,0 | 2,0,6,0,3;-2,0,6,1,2;2,0,6,2,1;-1,0,6,3,0;1,6,0,0,3;-2,6,0,1,2;2,6,0,2,1;-2,6,0,3,0 || CORE 2,0,6,0,3;-2,0,6,1,2;2,0,6,2,1;-1,0,6,3,0;1,6,0,0,3;-2,6,0,1,2;2,6,0,2,1;-2,6,0,3,0 | live
REL 6,-2 17,-1 20,1 | -1,0,6,1,5;1,0,6,3,3;2,2,4,1,5;-2,4,2,5,1;-1,6,0,3,3;1,6,0,5,1 ||  || CORE -1,0,6,0,4;1,0,6,2,2;2,2,4,0,4;-2,4,2,4,0;-1,6,0,2,2;1,6,0,4,0 | live
REL 2,-2 18,-1 23,1 | 1,0,6,2,4;-1,0,6,6,0;2,3,3,0,6;-2,3,3,6,0;1,6,0,0,6;-1,6,0,4,2 || F 1,0,0,0,1;1,0,0,1,0 | 1,0,6,2,3;-1,0,6,3,2;1,0,6,4,1;-1,0,6,5,0;2,3,3,0,5;-2,3,3,1,4;2,3,3,2,3;-2,3,3,3,2;2,3,3,4,1;-2,3,3,5,0;1,6,0,0,5;-1,6,0,1,4;1,6,0,2,3;-1,6,0,3,2 ## F -1,0,0,0,1;1,0,0,1,0 | -1,0,6,2,2;-1,0,6,4,0;-2,3,3,0,4;-2,3,3,2,2;-2,3,3,4,0;-1,6,0,0,4;-1,6,0,2,2 || CORE -1,0,6,2,2;-1,0,6,4,0;-2,3,3,0,4;-2,3,3,2,2;-2,3,3,4,0;-1,6,0,0,4;-1,6,0,2,2 | live
REL 8,-1 14,2 15,-1 | 1,1,5,0,6;-2,1,5,5,1;1,2,4,0,6;-1,4,2,6,0;2,5,1,1,5;-1,5,1,6,0 ||  || CORE 1,0,4,0,6;-2,0,4,5,1;1,1,3,0,6;-1,3,1,6,0;2,4,0,1,5;-1,4,0,6,0 | live
REL 2,-2 21,-1 22,1 | -1,0,6,0,6;1,0,6,5,1;2,3,3,0,6;-2,3,3,6,0;-1,6,0,1,5;1,6,0,6,0 || F -1,0,0,0,1;1,0,0,1,0 | 1,0,6,0,5;1,0,6,1,4;1,0,6,2,3;1,0,6,3,2;1,0,6,4,1;-2,3,3,0,5;-2,3,3,1,4;-2,3,3,2,3;-2,3,3,3,2;-2,3,3,4,1;-2,3,3,5,0;1,6,0,1,4;1,6,0,2,3;1,6,0,3,2;1,6,0,4,1;1,6,0,5,0 || CORE 1,0,6,0,5;1,0,6,1,4;1,0,6,2,3;1,0,6,3,2;1,0,6,4,1;-2,3,3,0,5;-2,3,3,1,4;-2,3,3,2,3;-2,3,3,3,2;-2,3,3,4,1;-2,3,3,5,0;1,6,0,1,4;1,6,0,2,3;1,6,0,3,2;1,6,0,4,1;1,6,0,5,0 | live
REL 5,-2 13,-1 14,-1 | 1,1,5,1,5;1,1,5,5,1;2,2,4,4,2;-2,4,2,2,4;-1,5,1,1,5;-1,5,1,5,1 ||  || CORE 1,0,4,0,4;1,0,4,4,0;2,1,3,3,1;-2,3,1,1,3;-1,4,0,0,4;-1,4,0,4,0 | live
REL 1,-2 11,-1 14,-1 | 1,1,5,2,4;1,1,5,5,1;2,3,3,1,5;-2,3,3,5,1;-1,5,1,1,5;-1,5,1,4,2 || F 1,0,0,0,1;1,0,0,1,0 | 1,0,4,1,2;-1,0,4,2,1;1,0,4,3,0;2,2,2,0,3;-2,2,2,1,2;2,2,2,2,1;-2,2,2,3,0;-1,4,0,0,3;1,4,0,1,2;-1,4,0,2,1 || CORE 1,0,4,1,2;-1,0,4,2,1;1,0,4,3,0;2,2,2,0,3;-2,2,2,1,2;2,2,2,2,1;-2,2,2,3,0;-1,4,0,0,3;1,4,0,1,2;-1,4,0,2,1 | live
REL 5,-1 10,1 12,-2 | -1,1,5,3,3;2,1,5,4,2;1,2,4,4,2;-1,4,2,2,4;-2,5,1,2,4;1,5,1,3,3 ||  || CORE -1,0,4,1,1;2,0,4,2,0;1,1,3,2,0;-1,3,1,0,2;-2,4,0,0,2;1,4,0,1,1 | live
REL 15,-1 18,2 23,1 | -2,0,6,2,4;-1,0,6,6,0;1,1,5,0,6;-1,5,1,6,0;1,6,0,0,6;2,6,0,4,2 ||  || CORE -2,0,6,2,4;-1,0,6,6,0;1,1,5,0,6;-1,5,1,6,0;1,6,0,0,6;2,6,0,4,2 | live
REL 16,-1 22,1 23,2 | -1,0,6,0,6;-2,0,6,6,0;1,1,5,6,0;-1,5,1,0,6;2,6,0,0,6;1,6,0,6,0 || F -1,0,1,0,0;1,1,0,0,0 | 1,0,5,0,6;2,0,5,6,0;1,1,4,0,6;1,1,4,6,0;1,2,3,0,6;1,2,3,6,0;1,3,2,0,6;1,3,2,6,0;1,4,1,0,6;1,4,1,6,0;2,5,0,0,6;1,5,0,6,0 || CORE 1,0,5,0,6;2,0,5,6,0;1,1,4,0,6;1,1,4,6,0;1,2,3,0,6;1,2,3,6,0;1,3,2,0,6;1,3,2,6,0;1,4,1,0,6;1,4,1,6,0;2,5,0,0,6;1,5,0,6,0 | live
REL 19,-2 20,-1 21,1 | 1,0,6,1,5;2,0,6,4,2;-1,0,6,5,1;1,6,0,1,5;-2,6,0,2,4;-1,6,0,5,1 ||  || CORE 1,0,6,0,4;2,0,6,3,1;-1,0,6,4,0;1,6,0,0,4;-2,6,0,1,3;-1,6,0,4,0 | live
REL 14,-1 20,-2 21,-1 | 2,0,6,1,5;1,0,6,5,1;1,1,5,5,1;-1,5,1,1,5;-1,6,0,1,5;-2,6,0,5,1 || F -1,0,1,0,0;1,1,0,0,0 | -2,0,5,0,4;-1,0,5,4,0;-2,1,4,0,4;-2,1,4,4,0;-2,2,3,0,4;-2,2,3,4,0;-2,3,2,0,4;-2,3,2,4,0;-2,4,1,0,4;-2,4,1,4,0;-1,5,0,0,4;-2,5,0,4,0 || CORE -2,0,5,0,4;-1,0,5,4,0;-2,1,4,0,4;-2,1,4,4,0;-2,2,3,0,4;-2,2,3,4,0;-2,3,2,0,4;-2,3,2,4,0;-2,4,1,0,4;-2,4,1,4,0;-1,5,0,0,4;-2,5,0,4,0 | live
REL 1,-2 6,-1 7,-1 | 1,2,4,1,5;1,2,4,5,1;2,3,3,1,5;-2,3,3,5,1;-1,4,2,1,5;-1,4,2,5,1 ||  || CORE 1,0,2,0,4;1,0,2,4,0;2,1,1,0,4;-2,1,1,4,0;-1,2,0,0,4;-1,2,0,4,0 | live
REL 12,-2 20,1 21,-1 | -1,0,6,1,5;1,0,6,5,1;2,1,5,4,2;-2,5,1,2,4;-1,6,0,1,5;1,6,0,5,1 ||  || CORE -1,0,6,0,4;1,0,6,4,0;2,1,5,3,1;-2,5,1,1,3;-1,6,0,0,4;1,6,0,4,0 | live
REL 1,-2 18,-1 20,1 | -1,0,6,1,5;1,0,6,2,4;2,3,3,1,5;-2,3,3,5,1;-1,6,0,4,2;1,6,0,5,1 || F -1,0,0,0,1;1,0,0,1,0 | 1,0,6,0,3;-2,3,3,0,3;-2,3,3,1,2;-2,3,3,2,1;-2,3,3,3,0;1,6,0,3,0 || CORE 1,0,6,0,3;-2,3,3,0,3;-2,3,3,1,2;-2,3,3,2,1;-2,3,3,3,0;1,6,0,3,0 | unit
REL 12,-1 18,-1 19,2 | 1,0,6,2,4;-2,0,6,4,2;1,1,5,4,2;-1,5,1,2,4;2,6,0,2,4;-1,6,0,4,2 ||  || CORE 1,0,6,0,2;-2,0,6,2,0;1,1,5,2,0;-1,5,1,0,2;2,6,0,0,2;-1,6,0,2,0 | live
REL 1,-1 11,2 14,-1 | -2,1,5,2,4;1,1,5,5,1;1,3,3,1,5;-1,3,3,5,1;-1,5,1,1,5;2,5,1,4,2 ||  || CORE -2,0,4,1,3;1,0,4,4,0;1,2,2,0,4;-1,2,2,4,0;-1,4,0,0,4;2,4,0,3,1 | live
REL 0,-1 4,2 5,-1 | -2,2,4,2,4;1,2,4,4,2;1,3,3,2,4;-1,3,3,4,2;-1,4,2,2,4;2,4,2,4,2 ||  || CORE -2,0,2,0,2;1,0,2,2,0;1,1,1,0,2;-1,1,1,2,0;-1,2,0,0,2;2,2,0,2,0 | live
REL 8,-1 20,2 22,-1 | 1,0,6,0,6;-2,0,6,1,5;1,2,4,0,6;-1,4,2,6,0;2,6,0,5,1;-1,6,0,6,0 ||  || CORE 1,0,6,0,6;-2,0,6,1,5;1,2,4,0,6;-1,4,2,6,0;2,6,0,5,1;-1,6,0,6,0 | live
REL 10,-2 13,-1 14,-1 | 1,1,5,1,5;2,1,5,3,3;1,1,5,5,1;-1,5,1,1,5;-2,5,1,3,3;-1,5,1,5,1 || F 1,0,1,0,0;1,1,0,0,0 | 1,0,3,0,4;2,0,3,2,2;1,0,3,4,0;-1,1,2,0,4;-2,1,2,2,2;-1,1,2,4,0;1,2,1,0,4;2,2,1,2,2;1,2,1,4,0;-1,3,0,0,4;-2,3,0,2,2;-1,3,0,4,0 ## F -1,0,1,0,0;1,1,0,0,0 | -1,0,2,0,4;-2,0,2,2,2;-1,0,2,4,0;-1,2,0,0,4;-2,2,0,2,2;-1,2,0,4,0 ## F 1,0,2,0,0;1,2,0,0,0 | -1,0,0,0,4;-2,0,0,2,2;-1,0,0,4,0 ## F 1,0,0,0,2;1,0,0,2,0 | -1,0,0,0,2;-1,0,0,2,0 ## F 1,0,0,0,2;1,0,0,2,0 | -1,0,0,0,0 || CORE -1,0,0,0,0 | monomial
REL 2,-1 6,2 8,-1 | 1,2,4,0,6;-2,2,4,1,5;1,3,3,0,6;-1,3,3,6,0;2,4,2,5,1;-1,4,2,6,0 ||  || CORE 1,0,2,0,6;-2,0,2,1,5;1,1,1,0,6;-1,1,1,6,0;2,2,0,5,1;-1,2,0,6,0 | live
REL 2,-1 17,-1 22,2 | -2,0,6,0,6;1,0,6,3,3;1,3,3,0,6;-1,3,3,6,0;-1,6,0,3,3;2,6,0,6,0 ||  || CORE -2,0,6,0,6;1,0,6,3,3;1,3,3,0,6;-1,3,3,6,0;-1,6,0,3,3;2,6,0,6,0 | live
REL 6,-2 20,-1 21,1 | 1,0,6,1,5;-1,0,6,5,1;2,2,4,1,5;-2,4,2,5,1;1,6,0,1,5;-1,6,0,5,1 ||  || CORE 1,0,6,0,4;-1,0,6,4,0;2,2,4,0,4;-2,4,2,4,0;1,6,0,0,4;-1,6,0,4,0 | live
REL 10,-2 15,-1 16,-1 | 1,1,5,0,6;2,1,5,3,3;1,1,5,6,0;-1,5,1,0,6;-2,5,1,3,3;-1,5,1,6,0 || F 1,0,1,0,0;1,1,0,0,0 | 1,0,3,0,6;2,0,3,3,3;1,0,3,6,0;-1,1,2,0,6;-2,1,2,3,3;-1,1,2,6,0;1,2,1,0,6;2,2,1,3,3;1,2,1,6,0;-1,3,0,0,6;-2,3,0,3,3;-1,3,0,6,0 ## F 1,0,0,0,1;1,0,0,1,0 | 1,0,3,0,5;-1,0,3,1,4;1,0,3,2,3;1,0,3,3,2;-1,0,3,4,1;1,0,3,5,0;-1,1,2,0,5;1,1,2,1,4;-1,1,2,2,3;-1,1,2,3,2;1,1,2,4,1;-1,1,2,5,0;1,2,1,0,5;-1,2,1,1,4;1,2,1,2,3;1,2,1,3,2;-1,2,1,4,1;1,2,1,5,0;-1,3,0,0,5;1,3,0,1,4;-1,3,0,2,3;-1,3,0,3,2;1,3,0,4,1;-1,3,0,5,0 ## F -1,0,1,0,0;1,1,0,0,0 | -1,0,2,0,5;1,0,2,1,4;-1,0,2,2,3;-1,0,2,3,2;1,0,2,4,1;-1,0,2,5,0;-1,2,0,0,5;1,2,0,1,4;-1,2,0,2,3;-1,2,0,3,2;1,2,0,4,1;-1,2,0,5,0 ## F 1,0,0,0,2;-1,0,0,1,1;1,0,0,2,0 | -1,0,2,0,3;-1,0,2,3,0;-1,2,0,0,3;-1,2,0,3,0 ## F 1,0,2,0,0;1,2,0,0,0 | -1,0,0,0,3;-1,0,0,3,0 ## F 1,0,0,0,3;1,0,0,3,0 | -1,0,0,0,0 || CORE -1,0,0,0,0 | monomial
REL 10,-1 15,-1 16,-2 | 1,1,5,0,6;1,1,5,3,3;2,1,5,6,0;-2,5,1,0,6;-1,5,1,3,3;-1,5,1,6,0 ||  || CORE 1,0,4,0,6;1,0,4,3,3;2,0,4,6,0;-2,4,0,0,6;-1,4,0,3,3;-1,4,0,6,0 | live
REL 8,-1 11,2 15,-1 | 1,1,5,0,6;-2,1,5,2,4;1,2,4,0,6;-1,4,2,6,0;2,5,1,4,2;-1,5,1,6,0 ||  || CORE 1,0,4,0,6;-2,0,4,2,4;1,1,3,0,6;-1,3,1,6,0;2,4,0,4,2;-1,4,0,6,0 | live
REL 16,-1 19,-1 22,2 | -2,0,6,0,6;1,0,6,4,2;1,1,5,6,0;-1,5,1,0,6;-1,6,0,2,4;2,6,0,6,0 ||  || CORE -2,0,6,0,6;1,0,6,4,2;1,1,5,6,0;-1,5,1,0,6;-1,6,0,2,4;2,6,0,6,0 | live
REL 1,-1 19,2 21,-1 | -2,0,6,4,2;1,0,6,5,1;1,3,3,1,5;-1,3,3,5,1;-1,6,0,1,5;2,6,0,2,4 ||  || CORE -2,0,6,3,1;1,0,6,4,0;1,3,3,0,4;-1,3,3,4,0;-1,6,0,0,4;2,6,0,1,3 | live
REL 9,-2 20,1 22,1 | -1,0,6,0,6;-1,0,6,1,5;2,2,4,6,0;-2,4,2,0,6;1,6,0,5,1;1,6,0,6,0 ||  || CORE -1,0,6,0,6;-1,0,6,1,5;2,2,4,6,0;-2,4,2,0,6;1,6,0,5,1;1,6,0,6,0 | live
REL 1,-1 18,2 20,-1 | 1,0,6,1,5;-2,0,6,2,4;1,3,3,1,5;-1,3,3,5,1;2,6,0,4,2;-1,6,0,5,1 ||  || CORE 1,0,6,0,4;-2,0,6,1,3;1,3,3,0,4;-1,3,3,4,0;2,6,0,3,1;-1,6,0,4,0 | live
REL 11,-2 17,-1 18,1 | -1,0,6,2,4;1,0,6,3,3;2,1,5,2,4;-2,5,1,4,2;-1,6,0,3,3;1,6,0,4,2 ||  || CORE -1,0,6,0,2;1,0,6,1,1;2,1,5,0,2;-2,5,1,2,0;-1,6,0,1,1;1,6,0,2,0 | live
REL 4,-1 10,-2 12,-1 | 2,1,5,3,3;1,1,5,4,2;1,2,4,2,4;-1,4,2,4,2;-1,5,1,2,4;-2,5,1,3,3 || F -1,0,1,0,0;1,1,0,0,0 | -2,0,3,1,1;-1,0,3,2,0;-1,1,2,0,2;-2,1,2,1,1;-1,1,2,2,0;-1,2,1,0,2;-2,2,1,1,1;-1,2,1,2,0;-1,3,0,0,2;-2,3,0,1,1 || CORE -2,0,3,1,1;-1,0,3,2,0;-1,1,2,0,2;-2,1,2,1,1;-1,1,2,2,0;-1,2,1,0,2;-2,2,1,1,1;-1,2,1,2,0;-1,3,0,0,2;-2,3,0,1,1 | live
REL 16,-1 19,2 23,1 | -2,0,6,4,2;-1,0,6,6,0;1,1,5,6,0;-1,5,1,0,6;1,6,0,0,6;2,6,0,2,4 ||  || CORE -2,0,6,4,2;-1,0,6,6,0;1,1,5,6,0;-1,5,1,0,6;1,6,0,0,6;2,6,0,2,4 | live
REL 8,-1 18,1 22,-2 | 2,0,6,0,6;-1,0,6,2,4;1,2,4,0,6;-1,4,2,6,0;1,6,0,4,2;-2,6,0,6,0 ||  || CORE 2,0,6,0,6;-1,0,6,2,4;1,2,4,0,6;-1,4,2,6,0;1,6,0,4,2;-2,6,0,6,0 | live
REL 9,-2 21,-1 23,-1 | 1,0,6,5,1;1,0,6,6,0;2,2,4,6,0;-2,4,2,0,6;-1,6,0,0,6;-1,6,0,1,5 ||  || CORE 1,0,6,5,1;1,0,6,6,0;2,2,4,6,0;-2,4,2,0,6;-1,6,0,0,6;-1,6,0,1,5 | live
REL 6,-2 10,-1 14,-1 | 1,1,5,3,3;1,1,5,5,1;2,2,4,1,5;-2,4,2,5,1;-1,5,1,1,5;-1,5,1,3,3 ||  || CORE 1,0,4,2,2;1,0,4,4,0;2,1,3,0,4;-2,3,1,4,0;-1,4,0,0,4;-1,4,0,2,2 | live
REL 8,-1 11,-2 16,-1 | 2,1,5,2,4;1,1,5,6,0;1,2,4,0,6;-1,4,2,6,0;-1,5,1,0,6;-2,5,1,4,2 ||  || CORE 2,0,4,2,4;1,0,4,6,0;1,1,3,0,6;-1,3,1,6,0;-1,4,0,0,6;-2,4,0,4,2 | live
REL 16,-1 18,-1 23,-2 | 1,0,6,2,4;2,0,6,6,0;1,1,5,6,0;-1,5,1,0,6;-2,6,0,0,6;-1,6,0,4,2 ||  || CORE 1,0,6,2,4;2,0,6,6,0;1,1,5,6,0;-1,5,1,0,6;-2,6,0,0,6;-1,6,0,4,2 | live
REL 8,-2 21,-1 23,-1 | 1,0,6,5,1;1,0,6,6,0;2,2,4,0,6;-2,4,2,6,0;-1,6,0,0,6;-1,6,0,1,5 ||  || CORE 1,0,6,5,1;1,0,6,6,0;2,2,4,0,6;-2,4,2,6,0;-1,6,0,0,6;-1,6,0,1,5 | live
REL 0,-1 3,1 4,-2 | 2,2,4,2,4;-1,2,4,3,3;1,3,3,2,4;-1,3,3,4,2;1,4,2,3,3;-2,4,2,4,2 ||  || CORE 2,0,2,0,2;-1,0,2,1,1;1,1,1,0,2;-1,1,1,2,0;1,2,0,1,1;-2,2,0,2,0 | live
REL 3,-2 15,1 16,1 | -1,1,5,0,6;-1,1,5,6,0;2,2,4,3,3;-2,4,2,3,3;1,5,1,0,6;1,5,1,6,0 || F 1,0,1,0,0;1,1,0,0,0 | -1,0,3,0,6;-1,0,3,6,0;1,1,2,0,6;2,1,2,3,3;1,1,2,6,0;-1,2,1,0,6;-2,2,1,3,3;-1,2,1,6,0;1,3,0,0,6;1,3,0,6,0 ## F -1,0,1,0,0;1,1,0,0,0 | 1,0,2,0,6;1,0,2,6,0;-2,1,1,3,3;1,2,0,0,6;1,2,0,6,0 || CORE 1,0,2,0,6;1,0,2,6,0;-2,1,1,3,3;1,2,0,0,6;1,2,0,6,0 | live
REL 9,-2 13,1 16,-1 | -1,1,5,1,5;1,1,5,6,0;2,2,4,6,0;-2,4,2,0,6;-1,5,1,0,6;1,5,1,5,1 ||  || CORE -1,0,4,1,5;1,0,4,6,0;2,1,3,6,0;-2,3,1,0,6;-1,4,0,0,6;1,4,0,5,1 | live
REL 1,-1 4,-2 6,-1 | 1,2,4,1,5;2,2,4,2,4;1,3,3,1,5;-1,3,3,5,1;-2,4,2,4,2;-1,4,2,5,1 ||  || CORE 1,0,2,0,4;2,0,2,1,3;1,1,1,0,4;-1,1,1,4,0;-2,2,0,3,1;-1,2,0,4,0 | live
REL 8,-1 21,-1 22,-2 | 2,0,6,0,6;1,0,6,5,1;1,2,4,0,6;-1,4,2,6,0;-1,6,0,1,5;-2,6,0,6,0 ||  || CORE 2,0,6,0,6;1,0,6,5,1;1,2,4,0,6;-1,4,2,6,0;-1,6,0,1,5;-2,6,0,6,0 | live
REL 9,-1 21,2 22,-1 | 1,0,6,0,6;-2,0,6,5,1;1,2,4,6,0;-1,4,2,0,6;2,6,0,1,5;-1,6,0,6,0 ||  || CORE 1,0,6,0,6;-2,0,6,5,1;1,2,4,6,0;-1,4,2,0,6;2,6,0,1,5;-1,6,0,6,0 | live
REL 13,-2 18,1 21,1 | -1,0,6,2,4;-1,0,6,5,1;2,1,5,1,5;-2,5,1,5,1;1,6,0,1,5;1,6,0,4,2 ||  || CORE -1,0,6,1,3;-1,0,6,4,0;2,1,5,0,4;-2,5,1,4,0;1,6,0,0,4;1,6,0,3,1 | live
REL 1,-1 19,-1 21,2 | 1,0,6,4,2;-2,0,6,5,1;1,3,3,1,5;-1,3,3,5,1;2,6,0,1,5;-1,6,0,2,4 ||  || CORE 1,0,6,3,1;-2,0,6,4,0;1,3,3,0,4;-1,3,3,4,0;2,6,0,0,4;-1,6,0,1,3 | live
REL 18,-1 20,1 21,-2 | -1,0,6,1,5;1,0,6,2,4;2,0,6,5,1;-2,6,0,1,5;-1,6,0,4,2;1,6,0,5,1 || F 1,0,0,0,1;1,0,0,1,0 | -1,0,6,0,3;2,0,6,1,2;-2,0,6,2,1;2,0,6,3,0;-2,6,0,0,3;2,6,0,1,2;-2,6,0,2,1;1,6,0,3,0 || CORE -1,0,6,0,3;2,0,6,1,2;-2,0,6,2,1;2,0,6,3,0;-2,6,0,0,3;2,6,0,1,2;-2,6,0,2,1;1,6,0,3,0 | live
REL 7,-1 18,2 20,-1 | 1,0,6,1,5;-2,0,6,2,4;1,2,4,5,1;-1,4,2,1,5;2,6,0,4,2;-1,6,0,5,1 ||  || CORE 1,0,6,0,4;-2,0,6,1,3;1,2,4,4,0;-1,4,2,0,4;2,6,0,3,1;-1,6,0,4,0 | live
REL 8,-1 17,1 22,-2 | 2,0,6,0,6;-1,0,6,3,3;1,2,4,0,6;-1,4,2,6,0;1,6,0,3,3;-2,6,0,6,0 ||  || CORE 2,0,6,0,6;-1,0,6,3,3;1,2,4,0,6;-1,4,2,6,0;1,6,0,3,3;-2,6,0,6,0 | live
REL 7,-1 12,-1 14,-2 | 1,1,5,4,2;2,1,5,5,1;1,2,4,5,1;-1,4,2,1,5;-2,5,1,1,5;-1,5,1,2,4 ||  || CORE 1,0,4,3,1;2,0,4,4,0;1,1,3,4,0;-1,3,1,0,4;-2,4,0,0,4;-1,4,0,1,3 | live
REL 11,-1 17,-2 18,-1 | 1,0,6,2,4;2,0,6,3,3;1,1,5,2,4;-1,5,1,4,2;-2,6,0,3,3;-1,6,0,4,2 || F 1,0,1,0,0;1,1,0,0,0 | 1,0,5,0,2;2,0,5,1,1;-2,1,4,1,1;2,2,3,1,1;-2,3,2,1,1;2,4,1,1,1;-2,5,0,1,1;-1,5,0,2,0 || CORE 1,0,5,0,2;2,0,5,1,1;-2,1,4,1,1;2,2,3,1,1;-2,3,2,1,1;2,4,1,1,1;-2,5,0,1,1;-1,5,0,2,0 | unit
REL 2,-1 8,-1 9,-2 | 1,2,4,0,6;2,2,4,6,0;1,3,3,0,6;-1,3,3,6,0;-2,4,2,0,6;-1,4,2,6,0 || F -1,0,1,0,0;1,1,0,0,0 | -1,0,1,0,6;-2,0,1,6,0;-2,1,0,0,6;-1,1,0,6,0 || CORE -1,0,1,0,6;-2,0,1,6,0;-2,1,0,0,6;-1,1,0,6,0 | live
REL 1,-1 3,1 6,2 | -2,2,4,1,5;-1,2,4,3,3;1,3,3,1,5;-1,3,3,5,1;1,4,2,3,3;2,4,2,5,1 ||  || CORE -2,0,2,0,4;-1,0,2,2,2;1,1,1,0,4;-1,1,1,4,0;1,2,0,2,2;2,2,0,4,0 | live
REL 9,-1 10,2 16,1 | -2,1,5,3,3;-1,1,5,6,0;1,2,4,6,0;-1,4,2,0,6;1,5,1,0,6;2,5,1,3,3 || F -1,0,1,0,0;1,1,0,0,0 | 2,0,3,3,3;1,0,3,6,0;2,1,2,3,3;2,2,1,3,3;1,3,0,0,6;2,3,0,3,3 || CORE 2,0,3,3,3;1,0,3,6,0;2,1,2,3,3;2,2,1,3,3;1,3,0,0,6;2,3,0,3,3 | unit
REL 2,-1 8,1 9,2 | -1,2,4,0,6;-2,2,4,6,0;1,3,3,0,6;-1,3,3,6,0;2,4,2,0,6;1,4,2,6,0 || F 1,0,1,0,0;1,1,0,0,0 | -1,0,1,0,6;-2,0,1,6,0;2,1,0,0,6;1,1,0,6,0 || CORE -1,0,1,0,6;-2,0,1,6,0;2,1,0,0,6;1,1,0,6,0 | live
REL 17,-1 18,-2 19,1 | 2,0,6,2,4;1,0,6,3,3;-1,0,6,4,2;1,6,0,2,4;-1,6,0,3,3;-2,6,0,4,2 || F 1,0,0,0,1;1,0,0,1,0 | 2,0,6,0,1;-1,0,6,1,0;1,6,0,0,1;-2,6,0,1,0 || CORE 2,0,6,0,1;-1,0,6,1,0;1,6,0,0,1;-2,6,0,1,0 | live
REL 2,-1 20,-1 22,-2 | 2,0,6,0,6;1,0,6,1,5;1,3,3,0,6;-1,3,3,6,0;-1,6,0,5,1;-2,6,0,6,0 ||  || CORE 2,0,6,0,6;1,0,6,1,5;1,3,3,0,6;-1,3,3,6,0;-1,6,0,5,1;-2,6,0,6,0 | live
REL 1,-1 5,-2 7,-1 | 2,2,4,4,2;1,2,4,5,1;1,3,3,1,5;-1,3,3,5,1;-1,4,2,1,5;-2,4,2,2,4 ||  || CORE 2,0,2,3,1;1,0,2,4,0;1,1,1,0,4;-1,1,1,4,0;-1,2,0,0,4;-2,2,0,1,3 | live
REL 2,-1 5,-1 8,2 | -2,2,4,0,6;1,2,4,4,2;1,3,3,0,6;-1,3,3,6,0;-1,4,2,2,4;2,4,2,6,0 ||  || CORE -2,0,2,0,6;1,0,2,4,2;1,1,1,0,6;-1,1,1,6,0;-1,2,0,2,4;2,2,0,6,0 | live
REL 8,-2 21,-1 23,1 | 1,0,6,5,1;-1,0,6,6,0;2,2,4,0,6;-2,4,2,6,0;1,6,0,0,6;-1,6,0,1,5 ||  || CORE 1,0,6,5,1;-1,0,6,6,0;2,2,4,0,6;-2,4,2,6,0;1,6,0,0,6;-1,6,0,1,5 | live
REL 13,-2 15,-1 16,1 | 1,1,5,0,6;2,1,5,1,5;-1,1,5,6,0;1,5,1,0,6;-2,5,1,5,1;-1,5,1,6,0 ||  || CORE 1,0,4,0,6;2,0,4,1,5;-1,0,4,6,0;1,4,0,0,6;-2,4,0,5,1;-1,4,0,6,0 | live
REL 8,-1 20,1 22,2 | -2,0,6,0,6;-1,0,6,1,5;1,2,4,0,6;-1,4,2,6,0;1,6,0,5,1;2,6,0,6,0 ||  || CORE -2,0,6,0,6;-1,0,6,1,5;1,2,4,0,6;-1,4,2,6,0;1,6,0,5,1;2,6,0,6,0 | live
REL 2,-1 22,-2 23,-1 | 2,0,6,0,6;1,0,6,6,0;1,3,3,0,6;-1,3,3,6,0;-1,6,0,0,6;-2,6,0,6,0 || F 1,0,1,0,0;1,1,0,0,0 | 2,0,5,0,6;1,0,5,6,0;-2,1,4,0,6;-1,1,4,6,0;2,2,3,0,6;1,2,3,6,0;-1,3,2,0,6;-2,3,2,6,0;1,4,1,0,6;2,4,1,6,0;-1,5,0,0,6;-2,5,0,6,0 ## F 1,0,2,0,0;-1,1,1,0,0;1,2,0,0,0 | 2,0,3,0,6;1,0,3,6,0;-1,3,0,0,6;-2,3,0,6,0 || CORE 2,0,3,0,6;1,0,3,6,0;-1,3,0,0,6;-2,3,0,6,0 | live
REL 1,-2 8,1 9,-1 | -1,2,4,0,6;1,2,4,6,0;2,3,3,1,5;-2,3,3,5,1;-1,4,2,0,6;1,4,2,6,0 || F 1,0,0,0,1;1,0,0,1,0 | -1,0,2,0,5;1,0,2,1,4;-1,0,2,2,3;1,0,2,3,2;-1,0,2,4,1;1,0,2,5,0;2,1,1,1,4;-2,1,1,2,3;2,1,1,3,2;-2,1,1,4,1;-1,2,0,0,5;1,2,0,1,4;-1,2,0,2,3;1,2,0,3,2;-1,2,0,4,1;1,2,0,5,0 ## F -1,0,0,0,1;1,0,0,1,0 | 1,0,2,0,4;1,0,2,2,2;1,0,2,4,0;-2,1,1,1,3;-2,1,1,3,1;1,2,0,0,4;1,2,0,2,2;1,2,0,4,0 || CORE 1,0,2,0,4;1,0,2,2,2;1,0,2,4,0;-2,1,1,1,3;-2,1,1,3,1;1,2,0,0,4;1,2,0,2,2;1,2,0,4,0 | live
REL 7,-1 20,-1 21,-2 | 1,0,6,1,5;2,0,6,5,1;1,2,4,5,1;-1,4,2,1,5;-2,6,0,1,5;-1,6,0,5,1 ||  || CORE 1,0,6,0,4;2,0,6,4,0;1,2,4,4,0;-1,4,2,0,4;-2,6,0,0,4;-1,6,0,4,0 | live
REL 7,-2 10,-1 14,-1 | 1,1,5,3,3;1,1,5,5,1;2,2,4,5,1;-2,4,2,1,5;-1,5,1,1,5;-1,5,1,3,3 ||  || CORE 1,0,4,2,2;1,0,4,4,0;2,1,3,4,0;-2,3,1,0,4;-1,4,0,0,4;-1,4,0,2,2 | live
REL 16,-2 19,1 23,-1 | -1,0,6,4,2;1,0,6,6,0;2,1,5,6,0;-2,5,1,0,6;-1,6,0,0,6;1,6,0,2,4 ||  || CORE -1,0,6,4,2;1,0,6,6,0;2,1,5,6,0;-2,5,1,0,6;-1,6,0,0,6;1,6,0,2,4 | live
REL 16,-1 21,1 23,-2 | -1,0,6,5,1;2,0,6,6,0;1,1,5,6,0;-1,5,1,0,6;-2,6,0,0,6;1,6,0,1,5 ||  || CORE -1,0,6,5,1;2,0,6,6,0;1,1,5,6,0;-1,5,1,0,6;-2,6,0,0,6;1,6,0,1,5 | live
REL 4,-2 13,1 14,-1 | -1,1,5,1,5;1,1,5,5,1;2,2,4,2,4;-2,4,2,4,2;-1,5,1,1,5;1,5,1,5,1 ||  || CORE -1,0,4,0,4;1,0,4,4,0;2,1,3,1,3;-2,3,1,3,1;-1,4,0,0,4;1,4,0,4,0 | live
REL 5,-1 11,-1 12,-2 | 1,1,5,2,4;2,1,5,4,2;1,2,4,4,2;-1,4,2,2,4;-2,5,1,2,4;-1,5,1,4,2 || F 1,0,1,0,0;1,1,0,0,0 | 1,0,3,0,2;2,0,3,2,0;-1,1,2,0,2;-1,1,2,2,0;1,2,1,0,2;1,2,1,2,0;-2,3,0,0,2;-1,3,0,2,0 || CORE 1,0,3,0,2;2,0,3,2,0;-1,1,2,0,2;-1,1,2,2,0;1,2,1,0,2;1,2,1,2,0;-2,3,0,0,2;-1,3,0,2,0 | live
REL 1,-2 17,1 20,-1 | 1,0,6,1,5;-1,0,6,3,3;2,3,3,1,5;-2,3,3,5,1;1,6,0,3,3;-1,6,0,5,1 || F 1,0,0,0,1;1,0,0,1,0 | 1,0,6,0,3;-1,0,6,1,2;2,3,3,0,3;-2,3,3,1,2;2,3,3,2,1;-2,3,3,3,0;1,6,0,2,1;-1,6,0,3,0 ## F -1,0,0,0,1;1,0,0,1,0 | -1,0,6,0,2;-2,3,3,0,2;-2,3,3,2,0;-1,6,0,2,0 || CORE -1,0,6,0,2;-2,3,3,0,2;-2,3,3,2,0;-1,6,0,2,0 | unit
REL 1,-1 4,-1 6,2 | -2,2,4,1,5;1,2,4,2,4;1,3,3,1,5;-1,3,3,5,1;-1,4,2,4,2;2,4,2,5,1 ||  || CORE -2,0,2,0,4;1,0,2,1,3;1,1,1,0,4;-1,1,1,4,0;-1,2,0,3,1;2,2,0,4,0 | live
REL 2,-2 4,-1 9,1 | 1,2,4,2,4;-1,2,4,6,0;2,3,3,0,6;-2,3,3,6,0;1,4,2,0,6;-1,4,2,4,2 || F 1,0,0,0,1;1,0,0,1,0 | 1,0,2,2,3;-1,0,2,3,2;1,0,2,4,1;-1,0,2,5,0;2,1,1,0,5;-2,1,1,1,4;2,1,1,2,3;-2,1,1,3,2;2,1,1,4,1;-2,1,1,5,0;1,2,0,0,5;-1,2,0,1,4;1,2,0,2,3;-1,2,0,3,2 ## F -1,0,0,0,1;1,0,0,1,0 | -1,0,2,2,2;-1,0,2,4,0;-2,1,1,0,4;-2,1,1,2,2;-2,1,1,4,0;-1,2,0,0,4;-1,2,0,2,2 || CORE -1,0,2,2,2;-1,0,2,4,0;-2,1,1,0,4;-2,1,1,2,2;-2,1,1,4,0;-1,2,0,0,4;-1,2,0,2,2 | live
REL 4,-1 17,-2 18,1 | -1,0,6,2,4;2,0,6,3,3;1,2,4,2,4;-1,4,2,4,2;-2,6,0,3,3;1,6,0,4,2 || F 1,0,1,0,0;1,1,0,0,0 | -1,0,5,0,2;2,0,5,1,1;1,1,4,0,2;-2,1,4,1,1;2,2,3,1,1;-2,3,2,1,1;2,4,1,1,1;-1,4,1,2,0;-2,5,0,1,1;1,5,0,2,0 ## F -1,0,1,0,0;1,1,0,0,0 | 1,0,4,0,2;-2,0,4,1,1;-2,2,2,1,1;-2,4,0,1,1;1,4,0,2,0 || CORE 1,0,4,0,2;-2,0,4,1,1;-2,2,2,1,1;-2,4,0,1,1;1,4,0,2,0 | unit
REL 1,-1 11,-1 13,2 | -2,1,5,1,5;1,1,5,2,4;1,3,3,1,5;-1,3,3,5,1;-1,5,1,4,2;2,5,1,5,1 ||  || CORE -2,0,4,0,4;1,0,4,1,3;1,2,2,0,4;-1,2,2,4,0;-1,4,0,3,1;2,4,0,4,0 | live
REL 3,-2 18,-1 19,1 | 1,0,6,2,4;-1,0,6,4,2;2,2,4,3,3;-2,4,2,3,3;1,6,0,2,4;-1,6,0,4,2 ||  || CORE 1,0,6,0,2;-1,0,6,2,0;2,2,4,1,1;-2,4,2,1,1;1,6,0,0,2;-1,6,0,2,0 | live
REL 14,-2 22,-1 23,1 | 1,0,6,0,6;-1,0,6,6,0;2,1,5,5,1;-2,5,1,1,5;1,6,0,0,6;-1,6,0,6,0 ||  || CORE 1,0,6,0,6;-1,0,6,6,0;2,1,5,5,1;-2,5,1,1,5;1,6,0,0,6;-1,6,0,6,0 | live
REL 14,-1 15,-1 16,2 | 1,1,5,0,6;1,1,5,5,1;-2,1,5,6,0;2,5,1,0,6;-1,5,1,1,5;-1,5,1,6,0 || F -1,0,0,0,1;1,0,0,1,0 | -1,0,4,0,5;-1,0,4,1,4;-1,0,4,2,3;-1,0,4,3,2;-1,0,4,4,1;-2,0,4,5,0;-2,4,0,0,5;-1,4,0,1,4;-1,4,0,2,3;-1,4,0,3,2;-1,4,0,4,1;-1,4,0,5,0 || CORE -1,0,4,0,5;-1,0,4,1,4;-1,0,4,2,3;-1,0,4,3,2;-1,0,4,4,1;-2,0,4,5,0;-2,4,0,0,5;-1,4,0,1,4;-1,4,0,2,3;-1,4,0,3,2;-1,4,0,4,1;-1,4,0,5,0 | live
REL 10,-2 22,-1 23,-1 | 1,0,6,0,6;1,0,6,6,0;2,1,5,3,3;-2,5,1,3,3;-1,6,0,0,6;-1,6,0,6,0 || F 1,0,1,0,0;1,1,0,0,0 | 1,0,5,0,6;1,0,5,6,0;-1,1,4,0,6;2,1,4,3,3;-1,1,4,6,0;1,2,3,0,6;-2,2,3,3,3;1,2,3,6,0;-1,3,2,0,6;2,3,2,3,3;-1,3,2,6,0;1,4,1,0,6;-2,4,1,3,3;1,4,1,6,0;-1,5,0,0,6;-1,5,0,6,0 ## F -1,0,1,0,0;1,1,0,0,0 | -1,0,4,0,6;-1,0,4,6,0;-2,1,3,3,3;-1,2,2,0,6;-1,2,2,6,0;-2,3,1,3,3;-1,4,0,0,6;-1,4,0,6,0 || CORE -1,0,4,0,6;-1,0,4,6,0;-2,1,3,3,3;-1,2,2,0,6;-1,2,2,6,0;-2,3,1,3,3;-1,4,0,0,6;-1,4,0,6,0 | live
REL 2,-2 10,1 16,1 | -1,1,5,3,3;-1,1,5,6,0;2,3,3,0,6;-2,3,3,6,0;1,5,1,0,6;1,5,1,3,3 || F 1,0,0,0,1;1,0,0,1,0 | -1,0,4,3,2;1,0,4,4,1;-1,0,4,5,0;2,2,2,0,5;-2,2,2,1,4;2,2,2,2,3;-2,2,2,3,2;2,2,2,4,1;-2,2,2,5,0;1,4,0,0,5;-1,4,0,1,4;1,4,0,2,3 ## F 1,0,0,0,2;-1,0,0,1,1;1,0,0,2,0 | -1,0,4,3,0;2,2,2,0,3;-2,2,2,3,0;1,4,0,0,3 || CORE -1,0,4,3,0;2,2,2,0,3;-2,2,2,3,0;1,4,0,0,3 | unit
REL 13,-1 18,-1 21,2 | 1,0,6,2,4;-2,0,6,5,1;1,1,5,1,5;-1,5,1,5,1;2,6,0,1,5;-1,6,0,4,2 ||  || CORE 1,0,6,1,3;-2,0,6,4,0;1,1,5,0,4;-1,5,1,4,0;2,6,0,0,4;-1,6,0,3,1 | live
REL 4,-2 11,1 12,1 | -1,1,5,2,4;-1,1,5,4,2;2,2,4,2,4;-2,4,2,4,2;1,5,1,2,4;1,5,1,4,2 ||  || CORE -1,0,4,0,2;-1,0,4,2,0;2,1,3,0,2;-2,3,1,2,0;1,4,0,0,2;1,4,0,2,0 | live
REL 9,-1 14,1 15,2 | -2,1,5,0,6;-1,1,5,5,1;1,2,4,6,0;-1,4,2,0,6;1,5,1,1,5;2,5,1,6,0 ||  || CORE -2,0,4,0,6;-1,0,4,5,1;1,1,3,6,0;-1,3,1,0,6;1,4,0,1,5;2,4,0,6,0 | live
REL 5,-1 10,-2 11,-1 | 1,1,5,2,4;2,1,5,3,3;1,2,4,4,2;-1,4,2,2,4;-2,5,1,3,3;-1,5,1,4,2 || F -1,0,1,0,0;1,1,0,0,0 | -1,0,3,0,2;-2,0,3,1,1;-1,1,2,0,2;-2,1,2,1,1;-1,1,2,2,0;-1,2,1,0,2;-2,2,1,1,1;-1,2,1,2,0;-2,3,0,1,1;-1,3,0,2,0 || CORE -1,0,3,0,2;-2,0,3,1,1;-1,1,2,0,2;-2,1,2,1,1;-1,1,2,2,0;-1,2,1,0,2;-2,2,1,1,1;-1,2,1,2,0;-2,3,0,1,1;-1,3,0,2,0 | live
REL 6,-1 18,2 21,-1 | -2,0,6,2,4;1,0,6,5,1;1,2,4,1,5;-1,4,2,5,1;-1,6,0,1,5;2,6,0,4,2 ||  || CORE -2,0,6,1,3;1,0,6,4,0;1,2,4,0,4;-1,4,2,4,0;-1,6,0,0,4;2,6,0,3,1 | live
REL 4,-1 6,2 7,1 | -2,2,4,1,5;1,2,4,2,4;-1,2,4,5,1;1,4,2,1,5;-1,4,2,4,2;2,4,2,5,1 ||  || CORE -2,0,2,0,4;1,0,2,1,3;-1,0,2,4,0;1,2,0,0,4;-1,2,0,3,1;2,2,0,4,0 | live
REL 18,-1 22,1 23,2 | -1,0,6,0,6;1,0,6,2,4;-2,0,6,6,0;2,6,0,0,6;-1,6,0,4,2;1,6,0,6,0 || F 1,0,0,0,2;1,0,0,2,0 | -1,0,6,0,4;2,0,6,2,2;-2,0,6,4,0;2,6,0,0,4;-2,6,0,2,2;1,6,0,4,0 || CORE -1,0,6,0,4;2,0,6,2,2;-2,0,6,4,0;2,6,0,0,4;-2,6,0,2,2;1,6,0,4,0 | live
REL 16,-1 18,2 23,-1 | -2,0,6,2,4;1,0,6,6,0;1,1,5,6,0;-1,5,1,0,6;-1,6,0,0,6;2,6,0,4,2 ||  || CORE -2,0,6,2,4;1,0,6,6,0;1,1,5,6,0;-1,5,1,0,6;-1,6,0,0,6;2,6,0,4,2 | live
REL 2,-2 18,1 22,1 | -1,0,6,0,6;-1,0,6,2,4;2,3,3,0,6;-2,3,3,6,0;1,6,0,4,2;1,6,0,6,0 ||  || CORE -1,0,6,0,6;-1,0,6,2,4;2,3,3,0,6;-2,3,3,6,0;1,6,0,4,2;1,6,0,6,0 | live
REL 18,-2 20,1 21,-1 | -1,0,6,1,5;2,0,6,2,4;1,0,6,5,1;-1,6,0,1,5;-2,6,0,4,2;1,6,0,5,1 ||  || CORE -1,0,6,0,4;2,0,6,1,3;1,0,6,4,0;-1,6,0,0,4;-2,6,0,3,1;1,6,0,4,0 | live
REL 7,-2 18,1 21,1 | -1,0,6,2,4;-1,0,6,5,1;2,2,4,5,1;-2,4,2,1,5;1,6,0,1,5;1,6,0,4,2 ||  || CORE -1,0,6,1,3;-1,0,6,4,0;2,2,4,4,0;-2,4,2,0,4;1,6,0,0,4;1,6,0,3,1 | live
REL 16,-2 20,-1 23,1 | 1,0,6,1,5;-1,0,6,6,0;2,1,5,6,0;-2,5,1,0,6;1,6,0,0,6;-1,6,0,5,1 ||  || CORE 1,0,6,1,5;-1,0,6,6,0;2,1,5,6,0;-2,5,1,0,6;1,6,0,0,6;-1,6,0,5,1 | live
REL 9,-1 19,1 22,-2 | 2,0,6,0,6;-1,0,6,4,2;1,2,4,6,0;-1,4,2,0,6;1,6,0,2,4;-2,6,0,6,0 ||  || CORE 2,0,6,0,6;-1,0,6,4,2;1,2,4,6,0;-1,4,2,0,6;1,6,0,2,4;-2,6,0,6,0 | live
REL 8,-1 13,-1 16,2 | 1,1,5,1,5;-2,1,5,6,0;1,2,4,0,6;-1,4,2,6,0;2,5,1,0,6;-1,5,1,5,1 ||  || CORE 1,0,4,1,5;-2,0,4,6,0;1,1,3,0,6;-1,3,1,6,0;2,4,0,0,6;-1,4,0,5,1 | live
REL 1,-1 4,2 6,1 | -1,2,4,1,5;-2,2,4,2,4;1,3,3,1,5;-1,3,3,5,1;2,4,2,4,2;1,4,2,5,1 ||  || CORE -1,0,2,0,4;-2,0,2,1,3;1,1,1,0,4;-1,1,1,4,0;2,2,0,3,1;1,2,0,4,0 | live
REL 8,-1 17,1 22,2 | -2,0,6,0,6;-1,0,6,3,3;1,2,4,0,6;-1,4,2,6,0;1,6,0,3,3;2,6,0,6,0 ||  || CORE -2,0,6,0,6;-1,0,6,3,3;1,2,4,0,6;-1,4,2,6,0;1,6,0,3,3;2,6,0,6,0 | live
REL 4,-1 18,2 19,-1 | -2,0,6,2,4;1,0,6,4,2;1,2,4,2,4;-1,4,2,4,2;-1,6,0,2,4;2,6,0,4,2 ||  || CORE -2,0,6,0,2;1,0,6,2,0;1,2,4,0,2;-1,4,2,2,0;-1,6,0,0,2;2,6,0,2,0 | live
REL 2,-1 21,-2 23,-1 | 2,0,6,5,1;1,0,6,6,0;1,3,3,0,6;-1,3,3,6,0;-1,6,0,0,6;-2,6,0,1,5 ||  || CORE 2,0,6,5,1;1,0,6,6,0;1,3,3,0,6;-1,3,3,6,0;-1,6,0,0,6;-2,6,0,1,5 | live
REL 8,-1 19,2 23,1 | -2,0,6,4,2;-1,0,6,6,0;1,2,4,0,6;-1,4,2,6,0;1,6,0,0,6;2,6,0,2,4 ||  || CORE -2,0,6,4,2;-1,0,6,6,0;1,2,4,0,6;-1,4,2,6,0;1,6,0,0,6;2,6,0,2,4 | live
REL 5,-1 18,1 19,-2 | -1,0,6,2,4;2,0,6,4,2;1,2,4,4,2;-1,4,2,2,4;-2,6,0,2,4;1,6,0,4,2 || F 1,0,2,0,0;1,2,0,0,0 | -1,0,4,0,2;2,0,4,2,0;1,2,2,0,2;-1,2,2,2,0;-2,4,0,0,2;1,4,0,2,0 || CORE -1,0,4,0,2;2,0,4,2,0;1,2,2,0,2;-1,2,2,2,0;-2,4,0,0,2;1,4,0,2,0 | live
REL 1,-2 12,-1 13,1 | -1,1,5,1,5;1,1,5,4,2;2,3,3,1,5;-2,3,3,5,1;-1,5,1,2,4;1,5,1,5,1 || F -1,0,0,0,1;1,0,0,1,0 | 1,0,4,0,3;1,0,4,1,2;1,0,4,2,1;-2,2,2,0,3;-2,2,2,1,2;-2,2,2,2,1;-2,2,2,3,0;1,4,0,1,2;1,4,0,2,1;1,4,0,3,0 || CORE 1,0,4,0,3;1,0,4,1,2;1,0,4,2,1;-2,2,2,0,3;-2,2,2,1,2;-2,2,2,2,1;-2,2,2,3,0;1,4,0,1,2;1,4,0,2,1;1,4,0,3,0 | live
REL 5,-1 18,-2 19,-1 | 2,0,6,2,4;1,0,6,4,2;1,2,4,4,2;-1,4,2,2,4;-1,6,0,2,4;-2,6,0,4,2 || F 1,0,1,0,0;1,1,0,0,0 | 2,0,5,0,2;1,0,5,2,0;-2,1,4,0,2;-1,1,4,2,0;2,2,3,0,2;2,2,3,2,0;-2,3,2,0,2;-2,3,2,2,0;1,4,1,0,2;2,4,1,2,0;-1,5,0,0,2;-2,5,0,2,0 ## F -1,0,1,0,0;1,1,0,0,0 | -2,0,4,0,2;-1,0,4,2,0;-2,2,2,0,2;-2,2,2,2,0;-1,4,0,0,2;-2,4,0,2,0 || CORE -2,0,4,0,2;-1,0,4,2,0;-2,2,2,0,2;-2,2,2,2,0;-1,4,0,0,2;-2,4,0,2,0 | live
REL 14,-1 20,1 21,2 | -1,0,6,1,5;-2,0,6,5,1;1,1,5,5,1;-1,5,1,1,5;2,6,0,1,5;1,6,0,5,1 || F -1,0,1,0,0;1,1,0,0,0 | 1,0,5,0,4;2,0,5,4,0;1,1,4,0,4;1,1,4,4,0;1,2,3,0,4;1,2,3,4,0;1,3,2,0,4;1,3,2,4,0;1,4,1,0,4;1,4,1,4,0;2,5,0,0,4;1,5,0,4,0 || CORE 1,0,5,0,4;2,0,5,4,0;1,1,4,0,4;1,1,4,4,0;1,2,3,0,4;1,2,3,4,0;1,3,2,0,4;1,3,2,4,0;1,4,1,0,4;1,4,1,4,0;2,5,0,0,4;1,5,0,4,0 | live
REL 9,-2 12,1 15,-1 | 1,1,5,0,6;-1,1,5,4,2;2,2,4,6,0;-2,4,2,0,6;1,5,1,2,4;-1,5,1,6,0 ||  || CORE 1,0,4,0,6;-1,0,4,4,2;2,1,3,6,0;-2,3,1,0,6;1,4,0,2,4;-1,4,0,6,0 | live
REL 2,-1 7,-2 8,1 | -1,2,4,0,6;2,2,4,5,1;1,3,3,0,6;-1,3,3,6,0;-2,4,2,1,5;1,4,2,6,0 ||  || CORE -1,0,2,0,6;2,0,2,5,1;1,1,1,0,6;-1,1,1,6,0;-2,2,0,1,5;1,2,0,6,0 | live
REL 1,-1 5,-2 6,1 | -1,2,4,1,5;2,2,4,4,2;1,3,3,1,5;-1,3,3,5,1;-2,4,2,2,4;1,4,2,5,1 ||  || CORE -1,0,2,0,4;2,0,2,3,1;1,1,1,0,4;-1,1,1,4,0;-2,2,0,1,3;1,2,0,4,0 | live
REL 16,-1 20,-1 23,2 | 1,0,6,1,5;-2,0,6,6,0;1,1,5,6,0;-1,5,1,0,6;2,6,0,0,6;-1,6,0,5,1 ||  || CORE 1,0,6,1,5;-2,0,6,6,0;1,1,5,6,0;-1,5,1,0,6;2,6,0,0,6;-1,6,0,5,1 | live
REL 0,-2 11,-1 12,-1 | 1,1,5,2,4;1,1,5,4,2;2,3,3,2,4;-2,3,3,4,2;-1,5,1,2,4;-1,5,1,4,2 ||  || CORE 1,0,4,0,2;1,0,4,2,0;2,2,2,0,2;-2,2,2,2,0;-1,4,0,0,2;-1,4,0,2,0 | live
REL 7,-2 8,-1 9,1 | 1,2,4,0,6;2,2,4,5,1;-1,2,4,6,0;1,4,2,0,6;-2,4,2,1,5;-1,4,2,6,0 ||  || CORE 1,0,2,0,6;2,0,2,5,1;-1,0,2,6,0;1,2,0,0,6;-2,2,0,1,5;-1,2,0,6,0 | live
REL 6,-1 18,-2 20,-1 | 1,0,6,1,5;2,0,6,2,4;1,2,4,1,5;-1,4,2,5,1;-2,6,0,4,2;-1,6,0,5,1 ||  || CORE 1,0,6,0,4;2,0,6,1,3;1,2,4,0,4;-1,4,2,4,0;-2,6,0,3,1;-1,6,0,4,0 | live
REL 2,-1 14,-1 15,-2 | 2,1,5,0,6;1,1,5,5,1;1,3,3,0,6;-1,3,3,6,0;-1,5,1,1,5;-2,5,1,6,0 ||  || CORE 2,0,4,0,6;1,0,4,5,1;1,2,2,0,6;-1,2,2,6,0;-1,4,0,1,5;-2,4,0,6,0 | live
REL 7,-2 19,1 21,1 | -1,0,6,4,2;-1,0,6,5,1;2,2,4,5,1;-2,4,2,1,5;1,6,0,1,5;1,6,0,2,4 ||  || CORE -1,0,6,3,1;-1,0,6,4,0;2,2,4,4,0;-2,4,2,0,4;1,6,0,0,4;1,6,0,1,3 | live
REL 3,-1 4,-2 5,-1 | 2,2,4,2,4;1,2,4,3,3;1,2,4,4,2;-1,4,2,2,4;-1,4,2,3,3;-2,4,2,4,2 ||  || CORE 2,0,2,0,2;1,0,2,1,1;1,0,2,2,0;-1,2,0,0,2;-1,2,0,1,1;-2,2,0,2,0 | live
REL 0,-1 3,-1 5,2 | 1,2,4,3,3;-2,2,4,4,2;1,3,3,2,4;-1,3,3,4,2;2,4,2,2,4;-1,4,2,3,3 ||  || CORE 1,0,2,1,1;-2,0,2,2,0;1,1,1,0,2;-1,1,1,2,0;2,2,0,0,2;-1,2,0,1,1 | live
REL 2,-1 17,1 22,-2 | 2,0,6,0,6;-1,0,6,3,3;1,3,3,0,6;-1,3,3,6,0;1,6,0,3,3;-2,6,0,6,0 ||  || CORE 2,0,6,0,6;-1,0,6,3,3;1,3,3,0,6;-1,3,3,6,0;1,6,0,3,3;-2,6,0,6,0 | live
REL 7,-1 20,-1 21,2 | 1,0,6,1,5;-2,0,6,5,1;1,2,4,5,1;-1,4,2,1,5;2,6,0,1,5;-1,6,0,5,1 ||  || CORE 1,0,6,0,4;-2,0,6,4,0;1,2,4,4,0;-1,4,2,0,4;2,6,0,0,4;-1,6,0,4,0 | live
REL 11,-1 18,-1 19,-2 | 1,0,6,2,4;2,0,6,4,2;1,1,5,2,4;-1,5,1,4,2;-2,6,0,2,4;-1,6,0,4,2 || F -1,0,1,0,0;1,1,0,0,0 | -1,0,5,0,2;-2,0,5,2,0;-2,1,4,0,2;-2,1,4,2,0;-2,2,3,0,2;-2,2,3,2,0;-2,3,2,0,2;-2,3,2,2,0;-2,4,1,0,2;-2,4,1,2,0;-2,5,0,0,2;-1,5,0,2,0 || CORE -1,0,5,0,2;-2,0,5,2,0;-2,1,4,0,2;-2,1,4,2,0;-2,2,3,0,2;-2,2,3,2,0;-2,3,2,0,2;-2,3,2,2,0;-2,4,1,0,2;-2,4,1,2,0;-2,5,0,0,2;-1,5,0,2,0 | live
REL 7,-2 19,-1 20,1 | -1,0,6,1,5;1,0,6,4,2;2,2,4,5,1;-2,4,2,1,5;-1,6,0,2,4;1,6,0,5,1 ||  || CORE -1,0,6,0,4;1,0,6,3,1;2,2,4,4,0;-2,4,2,0,4;-1,6,0,1,3;1,6,0,4,0 | live
REL 8,-1 18,-2 23,1 | 2,0,6,2,4;-1,0,6,6,0;1,2,4,0,6;-1,4,2,6,0;1,6,0,0,6;-2,6,0,4,2 ||  || CORE 2,0,6,2,4;-1,0,6,6,0;1,2,4,0,6;-1,4,2,6,0;1,6,0,0,6;-2,6,0,4,2 | live
REL 14,-1 18,-2 21,-1 | 2,0,6,2,4;1,0,6,5,1;1,1,5,5,1;-1,5,1,1,5;-1,6,0,1,5;-2,6,0,4,2 ||  || CORE 2,0,6,1,3;1,0,6,4,0;1,1,5,4,0;-1,5,1,0,4;-1,6,0,0,4;-2,6,0,3,1 | live
REL 16,-1 20,-2 22,1 | -1,0,6,0,6;2,0,6,1,5;1,1,5,6,0;-1,5,1,0,6;-2,6,0,5,1;1,6,0,6,0 ||  || CORE -1,0,6,0,6;2,0,6,1,5;1,1,5,6,0;-1,5,1,0,6;-2,6,0,5,1;1,6,0,6,0 | live
REL 1,-2 17,-1 20,1 | -1,0,6,1,5;1,0,6,3,3;2,3,3,1,5;-2,3,3,5,1;-1,6,0,3,3;1,6,0,5,1 || F 1,0,0,0,1;1,0,0,1,0 | -1,0,6,0,3;1,0,6,1,2;2,3,3,0,3;-2,3,3,1,2;2,3,3,2,1;-2,3,3,3,0;-1,6,0,2,1;1,6,0,3,0 ## F -1,0,0,0,1;1,0,0,1,0 | 1,0,6,0,2;-2,3,3,0,2;-2,3,3,2,0;1,6,0,2,0 || CORE 1,0,6,0,2;-2,3,3,0,2;-2,3,3,2,0;1,6,0,2,0 | unit
REL 3,-2 4,-1 5,-1 | 1,2,4,2,4;2,2,4,3,3;1,2,4,4,2;-1,4,2,2,4;-2,4,2,3,3;-1,4,2,4,2 || F 1,0,1,0,0;1,1,0,0,0 | 1,0,1,0,2;2,0,1,1,1;1,0,1,2,0;-1,1,0,0,2;-2,1,0,1,1;-1,1,0,2,0 ## F 1,0,0,0,1;1,0,0,1,0 | 1,0,1,0,1;1,0,1,1,0;-1,1,0,0,1;-1,1,0,1,0 ## F -1,0,1,0,0;1,1,0,0,0 | -1,0,0,0,1;-1,0,0,1,0 ## F 1,0,0,0,1;1,0,0,1,0 | -1,0,0,0,0 || CORE -1,0,0,0,0 | monomial
REL 0,-1 11,-1 12,-2 | 1,1,5,2,4;2,1,5,4,2;1,3,3,2,4;-1,3,3,4,2;-2,5,1,2,4;-1,5,1,4,2 || F 1,0,1,0,0;1,1,0,0,0 | 1,0,3,0,2;2,0,3,2,0;-1,1,2,0,2;-2,1,2,2,0;2,2,1,0,2;1,2,1,2,0;-2,3,0,0,2;-1,3,0,2,0 ## F -1,0,1,0,0;1,1,0,0,0 | -1,0,2,0,2;-2,0,2,2,0;-2,2,0,0,2;-1,2,0,2,0 || CORE -1,0,2,0,2;-2,0,2,2,0;-2,2,0,0,2;-1,2,0,2,0 | live
REL 15,-1 22,-2 23,-1 | 2,0,6,0,6;1,0,6,6,0;1,1,5,0,6;-1,5,1,6,0;-1,6,0,0,6;-2,6,0,6,0 || F 1,0,1,0,0;1,1,0,0,0 | 2,0,5,0,6;1,0,5,6,0;-1,1,4,0,6;-1,1,4,6,0;1,2,3,0,6;1,2,3,6,0;-1,3,2,0,6;-1,3,2,6,0;1,4,1,0,6;1,4,1,6,0;-1,5,0,0,6;-2,5,0,6,0 || CORE 2,0,5,0,6;1,0,5,6,0;-1,1,4,0,6;-1,1,4,6,0;1,2,3,0,6;1,2,3,6,0;-1,3,2,0,6;-1,3,2,6,0;1,4,1,0,6;1,4,1,6,0;-1,5,0,0,6;-2,5,0,6,0 | live
REL 4,-1 11,-1 12,2 | 1,1,5,2,4;-2,1,5,4,2;1,2,4,2,4;-1,4,2,4,2;2,5,1,2,4;-1,5,1,4,2 ||  || CORE 1,0,4,0,2;-2,0,4,2,0;1,1,3,0,2;-1,3,1,2,0;2,4,0,0,2;-1,4,0,2,0 | live
REL 9,-2 20,-1 23,-1 | 1,0,6,1,5;1,0,6,6,0;2,2,4,6,0;-2,4,2,0,6;-1,6,0,0,6;-1,6,0,5,1 ||  || CORE 1,0,6,1,5;1,0,6,6,0;2,2,4,6,0;-2,4,2,0,6;-1,6,0,0,6;-1,6,0,5,1 | live
REL 16,-1 19,2 22,-1 | 1,0,6,0,6;-2,0,6,4,2;1,1,5,6,0;-1,5,1,0,6;2,6,0,2,4;-1,6,0,6,0 ||  || CORE 1,0,6,0,6;-2,0,6,4,2;1,1,5,6,0;-1,5,1,0,6;2,6,0,2,4;-1,6,0,6,0 | live
REL 3,-1 6,-2 7,1 | 2,2,4,1,5;1,2,4,3,3;-1,2,4,5,1;1,4,2,1,5;-1,4,2,3,3;-2,4,2,5,1 || F 1,0,0,0,2;1,0,0,2,0 | 2,0,2,0,2;-1,0,2,2,0;1,2,0,0,2;-2,2,0,2,0 || CORE 2,0,2,0,2;-1,0,2,2,0;1,2,0,0,2;-2,2,0,2,0 | live
REL 3,-2 13,1 14,1 | -1,1,5,1,5;-1,1,5,5,1;2,2,4,3,3;-2,4,2,3,3;1,5,1,1,5;1,5,1,5,1 || F 1,0,1,0,0;1,1,0,0,0 | -1,0,3,0,4;-1,0,3,4,0;1,1,2,0,4;2,1,2,2,2;1,1,2,4,0;-1,2,1,0,4;-2,2,1,2,2;-1,2,1,4,0;1,3,0,0,4;1,3,0,4,0 ## F -1,0,1,0,0;1,1,0,0,0 | 1,0,2,0,4;1,0,2,4,0;-2,1,1,2,2;1,2,0,0,4;1,2,0,4,0 || CORE 1,0,2,0,4;1,0,2,4,0;-2,1,1,2,2;1,2,0,0,4;1,2,0,4,0 | live
REL 10,-2 11,-1 12,-1 | 1,1,5,2,4;2,1,5,3,3;1,1,5,4,2;-1,5,1,2,4;-2,5,1,3,3;-1,5,1,4,2 || F 1,0,1,0,0;1,1,0,0,0 | 1,0,3,0,2;2,0,3,1,1;1,0,3,2,0;-1,1,2,0,2;-2,1,2,1,1;-1,1,2,2,0;1,2,1,0,2;2,2,1,1,1;1,2,1,2,0;-1,3,0,0,2;-2,3,0,1,1;-1,3,0,2,0 ## F 1,0,0,0,1;1,0,0,1,0 | 1,0,3,0,1;1,0,3,1,0;-1,1,2,0,1;-1,1,2,1,0;1,2,1,0,1;1,2,1,1,0;-1,3,0,0,1;-1,3,0,1,0 ## F -1,0,1,0,0;1,1,0,0,0 | -1,0,2,0,1;-1,0,2,1,0;-1,2,0,0,1;-1,2,0,1,0 ## F 1,0,2,0,0;1,2,0,0,0 | -1,0,0,0,1;-1,0,0,1,0 ## F 1,0,0,0,1;1,0,0,1,0 | -1,0,0,0,0 || CORE -1,0,0,0,0 | monomial
REL 8,-1 20,-2 23,1 | 2,0,6,1,5;-1,0,6,6,0;1,2,4,0,6;-1,4,2,6,0;1,6,0,0,6;-2,6,0,5,1 ||  || CORE 2,0,6,1,5;-1,0,6,6,0;1,2,4,0,6;-1,4,2,6,0;1,6,0,0,6;-2,6,0,5,1 | live
REL 2,-1 5,-1 9,2 | 1,2,4,4,2;-2,2,4,6,0;1,3,3,0,6;-1,3,3,6,0;2,4,2,0,6;-1,4,2,2,4 ||  || CORE 1,0,2,4,2;-2,0,2,6,0;1,1,1,0,6;-1,1,1,6,0;2,2,0,0,6;-1,2,0,2,4 | live
REL 5,-2 11,1 12,-1 | -1,1,5,2,4;1,1,5,4,2;2,2,4,4,2;-2,4,2,2,4;-1,5,1,2,4;1,5,1,4,2 || F 1,0,1,0,0;1,1,0,0,0 | -1,0,3,0,2;1,0,3,2,0;1,1,2,0,2;1,1,2,2,0;-1,2,1,0,2;-1,2,1,2,0;-1,3,0,0,2;1,3,0,2,0 || CORE -1,0,3,0,2;1,0,3,2,0;1,1,2,0,2;1,1,2,2,0;-1,2,1,0,2;-1,2,1,2,0;-1,3,0,0,2;1,3,0,2,0 | live
REL 13,-1 19,1 20,-2 | 2,0,6,1,5;-1,0,6,4,2;1,1,5,1,5;-1,5,1,5,1;1,6,0,2,4;-2,6,0,5,1 ||  || CORE 2,0,6,0,4;-1,0,6,3,1;1,1,5,0,4;-1,5,1,4,0;1,6,0,1,3;-2,6,0,4,0 | live
REL 10,-1 13,-1 14,2 | 1,1,5,1,5;1,1,5,3,3;-2,1,5,5,1;2,5,1,1,5;-1,5,1,3,3;-1,5,1,5,1 || F 1,0,0,0,1;1,0,0,1,0 | 1,0,4,0,3;-1,0,4,1,2;2,0,4,2,1;-2,0,4,3,0;2,4,0,0,3;-2,4,0,1,2;1,4,0,2,1;-1,4,0,3,0 ## F -1,0,0,0,1;1,0,0,1,0 | -1,0,4,0,2;-2,0,4,2,0;-2,4,0,0,2;-1,4,0,2,0 || CORE -1,0,4,0,2;-2,0,4,2,0;-2,4,0,0,2;-1,4,0,2,0 | live
REL 1,-1 11,-1 14,2 | 1,1,5,2,4;-2,1,5,5,1;1,3,3,1,5;-1,3,3,5,1;2,5,1,1,5;-1,5,1,4,2 ||  || CORE 1,0,4,1,3;-2,0,4,4,0;1,2,2,0,4;-1,2,2,4,0;2,4,0,0,4;-1,4,0,3,1 | live
REL 7,-2 13,-1 14,1 | 1,1,5,1,5;-1,1,5,5,1;2,2,4,5,1;-2,4,2,1,5;1,5,1,1,5;-1,5,1,5,1 || F -1,0,1,0,0;1,1,0,0,0 | -1,0,3,0,4;1,0,3,4,0;-1,1,2,0,4;-1,1,2,4,0;-1,2,1,0,4;-1,2,1,4,0;1,3,0,0,4;-1,3,0,4,0 || CORE -1,0,3,0,4;1,0,3,4,0;-1,1,2,0,4;-1,1,2,4,0;-1,2,1,0,4;-1,2,1,4,0;1,3,0,0,4;-1,3,0,4,0 | live
REL 1,-2 11,1 13,-1 | 1,1,5,1,5;-1,1,5,2,4;2,3,3,1,5;-2,3,3,5,1;1,5,1,4,2;-1,5,1,5,1 || F -1,0,0,0,1;1,0,0,1,0 | -1,0,4,0,3;-2,2,2,0,3;-2,2,2,1,2;-2,2,2,2,1;-2,2,2,3,0;-1,4,0,3,0 || CORE -1,0,4,0,3;-2,2,2,0,3;-2,2,2,1,2;-2,2,2,2,1;-2,2,2,3,0;-1,4,0,3,0 | unit
REL 8,-2 17,1 23,-1 | -1,0,6,3,3;1,0,6,6,0;2,2,4,0,6;-2,4,2,6,0;-1,6,0,0,6;1,6,0,3,3 ||  || CORE -1,0,6,3,3;1,0,6,6,0;2,2,4,0,6;-2,4,2,6,0;-1,6,0,0,6;1,6,0,3,3 | live
REL 9,-1 21,-1 22,2 | -2,0,6,0,6;1,0,6,5,1;1,2,4,6,0;-1,4,2,0,6;-1,6,0,1,5;2,6,0,6,0 ||  || CORE -2,0,6,0,6;1,0,6,5,1;1,2,4,6,0;-1,4,2,0,6;-1,6,0,1,5;2,6,0,6,0 | live
REL 13,-1 17,-2 21,1 | 2,0,6,3,3;-1,0,6,5,1;1,1,5,1,5;-1,5,1,5,1;1,6,0,1,5;-2,6,0,3,3 || F 1,0,1,0,0;1,1,0,0,0 | 2,0,5,2,2;-1,0,5,4,0;1,1,4,0,4;-2,1,4,2,2;1,1,4,4,0;-1,2,3,0,4;2,2,3,2,2;-1,2,3,4,0;1,3,2,0,4;-2,3,2,2,2;1,3,2,4,0;-1,4,1,0,4;2,4,1,2,2;-1,4,1,4,0;1,5,0,0,4;-2,5,0,2,2 || CORE 2,0,5,2,2;-1,0,5,4,0;1,1,4,0,4;-2,1,4,2,2;1,1,4,4,0;-1,2,3,0,4;2,2,3,2,2;-1,2,3,4,0;1,3,2,0,4;-2,3,2,2,2;1,3,2,4,0;-1,4,1,0,4;2,4,1,2,2;-1,4,1,4,0;1,5,0,0,4;-2,5,0,2,2 | live
REL 8,-2 12,1 16,1 | -1,1,5,4,2;-1,1,5,6,0;2,2,4,0,6;-2,4,2,6,0;1,5,1,0,6;1,5,1,2,4 ||  || CORE -1,0,4,4,2;-1,0,4,6,0;2,1,3,0,6;-2,3,1,6,0;1,4,0,0,6;1,4,0,2,4 | live
REL 9,-1 17,1 23,-2 | -1,0,6,3,3;2,0,6,6,0;1,2,4,6,0;-1,4,2,0,6;-2,6,0,0,6;1,6,0,3,3 ||  || CORE -1,0,6,3,3;2,0,6,6,0;1,2,4,6,0;-1,4,2,0,6;-2,6,0,0,6;1,6,0,3,3 | live
REL 0,-2 18,1 19,-1 | -1,0,6,2,4;1,0,6,4,2;2,3,3,2,4;-2,3,3,4,2;-1,6,0,2,4;1,6,0,4,2 || F 1,0,0,0,1;1,0,0,1,0 | -1,0,6,0,1;1,0,6,1,0;2,3,3,0,1;-2,3,3,1,0;-1,6,0,0,1;1,6,0,1,0 ## F -1,0,1,0,0;1,1,0,0,0 | 1,0,5,0,1;-1,0,5,1,0;1,1,4,0,1;-1,1,4,1,0;1,2,3,0,1;-1,2,3,1,0;-1,3,2,0,1;1,3,2,1,0;-1,4,1,0,1;1,4,1,1,0;-1,5,0,0,1;1,5,0,1,0 ## F -1,0,0,0,1;1,0,0,1,0 | -1,0,5,0,0;-1,1,4,0,0;-1,2,3,0,0;1,3,2,0,0;1,4,1,0,0;1,5,0,0,0 ## F 1,0,2,0,0;1,1,1,0,0;1,2,0,0,0 | -1,0,3,0,0;1,3,0,0,0 ## F -1,0,3,0,0;1,3,0,0,0 | 1,0,0,0,0 || CORE 1,0,0,0,0 | monomial
REL 8,-2 13,-1 16,1 | 1,1,5,1,5;-1,1,5,6,0;2,2,4,0,6;-2,4,2,6,0;1,5,1,0,6;-1,5,1,5,1 ||  || CORE 1,0,4,1,5;-1,0,4,6,0;2,1,3,0,6;-2,3,1,6,0;1,4,0,0,6;-1,4,0,5,1 | live
REL 7,-2 11,1 13,-1 | 1,1,5,1,5;-1,1,5,2,4;2,2,4,5,1;-2,4,2,1,5;1,5,1,4,2;-1,5,1,5,1 ||  || CORE 1,0,4,0,4;-1,0,4,1,3;2,1,3,4,0;-2,3,1,0,4;1,4,0,3,1;-1,4,0,4,0 | live
REL 15,-2 18,-1 23,1 | 1,0,6,2,4;-1,0,6,6,0;2,1,5,0,6;-2,5,1,6,0;1,6,0,0,6;-1,6,0,4,2 ||  || CORE 1,0,6,2,4;-1,0,6,6,0;2,1,5,0,6;-2,5,1,6,0;1,6,0,0,6;-1,6,0,4,2 | live
REL 18,-2 22,-1 23,1 | 1,0,6,0,6;2,0,6,2,4;-1,0,6,6,0;1,6,0,0,6;-2,6,0,4,2;-1,6,0,6,0 || F 1,0,0,0,2;1,0,0,2,0 | 1,0,6,0,4;1,0,6,2,2;-1,0,6,4,0;1,6,0,0,4;-1,6,0,2,2;-1,6,0,4,0 || CORE 1,0,6,0,4;1,0,6,2,2;-1,0,6,4,0;1,6,0,0,4;-1,6,0,2,2;-1,6,0,4,0 | live
REL 8,-1 22,-1 23,-2 | 1,0,6,0,6;2,0,6,6,0;1,2,4,0,6;-1,4,2,6,0;-2,6,0,0,6;-1,6,0,6,0 || F 1,0,1,0,0;1,1,0,0,0 | 1,0,5,0,6;2,0,5,6,0;-1,1,4,0,6;-2,1,4,6,0;2,2,3,0,6;2,2,3,6,0;-2,3,2,0,6;-2,3,2,6,0;2,4,1,0,6;1,4,1,6,0;-2,5,0,0,6;-1,5,0,6,0 ## F -1,0,1,0,0;1,1,0,0,0 | -1,0,4,0,6;-2,0,4,6,0;-2,2,2,0,6;-2,2,2,6,0;-2,4,0,0,6;-1,4,0,6,0 || CORE -1,0,4,0,6;-2,0,4,6,0;-2,2,2,0,6;-2,2,2,6,0;-2,4,0,0,6;-1,4,0,6,0 | live
REL 13,-1 18,-2 21,1 | 2,0,6,2,4;-1,0,6,5,1;1,1,5,1,5;-1,5,1,5,1;1,6,0,1,5;-2,6,0,4,2 ||  || CORE 2,0,6,1,3;-1,0,6,4,0;1,1,5,0,4;-1,5,1,4,0;1,6,0,0,4;-2,6,0,3,1 | live
REL 2,-1 5,-1 8,-2 | 2,2,4,0,6;1,2,4,4,2;1,3,3,0,6;-1,3,3,6,0;-1,4,2,2,4;-2,4,2,6,0 ||  || CORE 2,0,2,0,6;1,0,2,4,2;1,1,1,0,6;-1,1,1,6,0;-1,2,0,2,4;-2,2,0,6,0 | live
REL 9,-1 13,2 16,-1 | -2,1,5,1,5;1,1,5,6,0;1,2,4,6,0;-1,4,2,0,6;-1,5,1,0,6;2,5,1,5,1 ||  || CORE -2,0,4,1,5;1,0,4,6,0;1,1,3,6,0;-1,3,1,0,6;-1,4,0,0,6;2,4,0,5,1 | live
REL 7,-1 10,1 14,-2 | -1,1,5,3,3;2,1,5,5,1;1,2,4,5,1;-1,4,2,1,5;-2,5,1,1,5;1,5,1,3,3 ||  || CORE -1,0,4,2,2;2,0,4,4,0;1,1,3,4,0;-1,3,1,0,4;-2,4,0,0,4;1,4,0,2,2 | live
REL 6,-1 11,-2 13,-1 | 1,1,5,1,5;2,1,5,2,4;1,2,4,1,5;-1,4,2,5,1;-2,5,1,4,2;-1,5,1,5,1 ||  || CORE 1,0,4,0,4;2,0,4,1,3;1,1,3,0,4;-1,3,1,4,0;-2,4,0,3,1;-1,4,0,4,0 | live
REL 16,-2 21,1 22,1 | -1,0,6,0,6;-1,0,6,5,1;2,1,5,6,0;-2,5,1,0,6;1,6,0,1,5;1,6,0,6,0 ||  || CORE -1,0,6,0,6;-1,0,6,5,1;2,1,5,6,0;-2,5,1,0,6;1,6,0,1,5;1,6,0,6,0 | live
REL 2,-2 18,-1 22,-1 | 1,0,6,0,6;1,0,6,2,4;2,3,3,0,6;-2,3,3,6,0;-1,6,0,4,2;-1,6,0,6,0 ||  || CORE 1,0,6,0,6;1,0,6,2,4;2,3,3,0,6;-2,3,3,6,0;-1,6,0,4,2;-1,6,0,6,0 | live
REL 10,-2 15,1 16,-1 | -1,1,5,0,6;2,1,5,3,3;1,1,5,6,0;-1,5,1,0,6;-2,5,1,3,3;1,5,1,6,0 ||  || CORE -1,0,4,0,6;2,0,4,3,3;1,0,4,6,0;-1,4,0,0,6;-2,4,0,3,3;1,4,0,6,0 | live
REL 2,-1 14,1 15,2 | -2,1,5,0,6;-1,1,5,5,1;1,3,3,0,6;-1,3,3,6,0;1,5,1,1,5;2,5,1,6,0 ||  || CORE -2,0,4,0,6;-1,0,4,5,1;1,2,2,0,6;-1,2,2,6,0;1,4,0,1,5;2,4,0,6,0 | live
REL 2,-1 17,2 22,1 | -1,0,6,0,6;-2,0,6,3,3;1,3,3,0,6;-1,3,3,6,0;2,6,0,3,3;1,6,0,6,0 || F -1,0,1,0,0;1,1,0,0,0 | 1,0,5,0,6;2,0,5,3,3;1,1,4,0,6;2,1,4,3,3;1,2,3,0,6;2,2,3,3,3;2,3,2,3,3;1,3,2,6,0;2,4,1,3,3;1,4,1,6,0;2,5,0,3,3;1,5,0,6,0 ## F 1,0,2,0,0;1,1,1,0,0;1,2,0,0,0 | 1,0,3,0,6;2,0,3,3,3;2,3,0,3,3;1,3,0,6,0 || CORE 1,0,3,0,6;2,0,3,3,3;2,3,0,3,3;1,3,0,6,0 | unit
REL 7,-2 18,-1 20,-1 | 1,0,6,1,5;1,0,6,2,4;2,2,4,5,1;-2,4,2,1,5;-1,6,0,4,2;-1,6,0,5,1 ||  || CORE 1,0,6,0,4;1,0,6,1,3;2,2,4,4,0;-2,4,2,0,4;-1,6,0,3,1;-1,6,0,4,0 | live
REL 20,-1 22,2 23,-1 | -2,0,6,0,6;1,0,6,1,5;1,0,6,6,0;-1,6,0,0,6;-1,6,0,5,1;2,6,0,6,0 || F -1,0,0,0,1;1,0,0,1,0 | 2,0,6,0,5;1,0,6,1,4;1,0,6,2,3;1,0,6,3,2;1,0,6,4,1;1,0,6,5,0;1,6,0,0,5;1,6,0,1,4;1,6,0,2,3;1,6,0,3,2;1,6,0,4,1;2,6,0,5,0 || CORE 2,0,6,0,5;1,0,6,1,4;1,0,6,2,3;1,0,6,3,2;1,0,6,4,1;1,0,6,5,0;1,6,0,0,5;1,6,0,1,4;1,6,0,2,3;1,6,0,3,2;1,6,0,4,1;2,6,0,5,0 | live
REL 2,-1 14,1 16,-2 | -1,1,5,5,1;2,1,5,6,0;1,3,3,0,6;-1,3,3,6,0;-2,5,1,0,6;1,5,1,1,5 ||  || CORE -1,0,4,5,1;2,0,4,6,0;1,2,2,0,6;-1,2,2,6,0;-2,4,0,0,6;1,4,0,1,5 | live
REL 17,-1 18,-1 19,2 | 1,0,6,2,4;1,0,6,3,3;-2,0,6,4,2;2,6,0,2,4;-1,6,0,3,3;-1,6,0,4,2 || F -1,0,0,0,1;1,0,0,1,0 | -1,0,6,0,1;-2,0,6,1,0;-2,6,0,0,1;-1,6,0,1,0 || CORE -1,0,6,0,1;-2,0,6,1,0;-2,6,0,0,1;-1,6,0,1,0 | live
REL 2,-1 7,1 9,2 | -1,2,4,5,1;-2,2,4,6,0;1,3,3,0,6;-1,3,3,6,0;2,4,2,0,6;1,4,2,1,5 ||  || CORE -1,0,2,5,1;-2,0,2,6,0;1,1,1,0,6;-1,1,1,6,0;2,2,0,0,6;1,2,0,1,5 | live
REL 1,-1 10,1 13,-2 | 2,1,5,1,5;-1,1,5,3,3;1,3,3,1,5;-1,3,3,5,1;1,5,1,3,3;-2,5,1,5,1 ||  || CORE 2,0,4,0,4;-1,0,4,2,2;1,2,2,0,4;-1,2,2,4,0;1,4,0,2,2;-2,4,0,4,0 | live
REL 15,-1 21,1 22,-2 | 2,0,6,0,6;-1,0,6,5,1;1,1,5,0,6;-1,5,1,6,0;1,6,0,1,5;-2,6,0,6,0 ||  || CORE 2,0,6,0,6;-1,0,6,5,1;1,1,5,0,6;-1,5,1,6,0;1,6,0,1,5;-2,6,0,6,0 | live
REL 9,-2 13,1 16,1 | -1,1,5,1,5;-1,1,5,6,0;2,2,4,6,0;-2,4,2,0,6;1,5,1,0,6;1,5,1,5,1 ||  || CORE -1,0,4,1,5;-1,0,4,6,0;2,1,3,6,0;-2,3,1,0,6;1,4,0,0,6;1,4,0,5,1 | live
REL 9,-2 11,1 15,1 | -1,1,5,0,6;-1,1,5,2,4;2,2,4,6,0;-2,4,2,0,6;1,5,1,4,2;1,5,1,6,0 ||  || CORE -1,0,4,0,6;-1,0,4,2,4;2,1,3,6,0;-2,3,1,0,6;1,4,0,4,2;1,4,0,6,0 | live
REL 2,-2 6,-1 9,1 | 1,2,4,1,5;-1,2,4,6,0;2,3,3,0,6;-2,3,3,6,0;1,4,2,0,6;-1,4,2,5,1 || F -1,0,0,0,1;1,0,0,1,0 | -1,0,2,1,4;-1,0,2,2,3;-1,0,2,3,2;-1,0,2,4,1;-1,0,2,5,0;-2,1,1,0,5;-2,1,1,1,4;-2,1,1,2,3;-2,1,1,3,2;-2,1,1,4,1;-2,1,1,5,0;-1,2,0,0,5;-1,2,0,1,4;-1,2,0,2,3;-1,2,0,3,2;-1,2,0,4,1 || CORE -1,0,2,1,4;-1,0,2,2,3;-1,0,2,3,2;-1,0,2,4,1;-1,0,2,5,0;-2,1,1,0,5;-2,1,1,1,4;-2,1,1,2,3;-2,1,1,3,2;-2,1,1,4,1;-2,1,1,5,0;-1,2,0,0,5;-1,2,0,1,4;-1,2,0,2,3;-1,2,0,3,2;-1,2,0,4,1 | live
REL 9,-1 22,1 23,2 | -1,0,6,0,6;-2,0,6,6,0;1,2,4,6,0;-1,4,2,0,6;2,6,0,0,6;1,6,0,6,0 || F 1,0,1,0,0;1,1,0,0,0 | -1,0,5,0,6;-2,0,5,6,0;1,1,4,0,6;2,1,4,6,0;-1,2,3,0,6;-1,2,3,6,0;1,3,2,0,6;1,3,2,6,0;-2,4,1,0,6;-1,4,1,6,0;2,5,0,0,6;1,5,0,6,0 ## F -1,0,1,0,0;1,1,0,0,0 | 1,0,4,0,6;2,0,4,6,0;1,2,2,0,6;1,2,2,6,0;2,4,0,0,6;1,4,0,6,0 || CORE 1,0,4,0,6;2,0,4,6,0;1,2,2,0,6;1,2,2,6,0;2,4,0,0,6;1,4,0,6,0 | live
REL 2,-1 20,2 22,-1 | 1,0,6,0,6;-2,0,6,1,5;1,3,3,0,6;-1,3,3,6,0;2,6,0,5,1;-1,6,0,6,0 ||  || CORE 1,0,6,0,6;-2,0,6,1,5;1,3,3,0,6;-1,3,3,6,0;2,6,0,5,1;-1,6,0,6,0 | live
REL 9,-1 14,-2 16,-1 | 2,1,5,5,1;1,1,5,6,0;1,2,4,6,0;-1,4,2,0,6;-1,5,1,0,6;-2,5,1,1,5 ||  || CORE 2,0,4,5,1;1,0,4,6,0;1,1,3,6,0;-1,3,1,0,6;-1,4,0,0,6;-2,4,0,1,5 | live
REL 10,-2 13,-1 14,1 | 1,1,5,1,5;2,1,5,3,3;-1,1,5,5,1;1,5,1,1,5;-2,5,1,3,3;-1,5,1,5,1 ||  || CORE 1,0,4,0,4;2,0,4,2,2;-1,0,4,4,0;1,4,0,0,4;-2,4,0,2,2;-1,4,0,4,0 | live
REL 7,-2 12,-1 14,-1 | 1,1,5,4,2;1,1,5,5,1;2,2,4,5,1;-2,4,2,1,5;-1,5,1,1,5;-1,5,1,2,4 ||  || CORE 1,0,4,3,1;1,0,4,4,0;2,1,3,4,0;-2,3,1,0,4;-1,4,0,0,4;-1,4,0,1,3 | live
REL 0,-2 10,1 12,-1 | -1,1,5,3,3;1,1,5,4,2;2,3,3,2,4;-2,3,3,4,2;-1,5,1,2,4;1,5,1,3,3 || F -1,0,0,0,1;1,0,0,1,0 | 1,0,4,1,0;-2,2,2,0,1;-2,2,2,1,0;1,4,0,0,1 || CORE 1,0,4,1,0;-2,2,2,0,1;-2,2,2,1,0;1,4,0,0,1 | unit
REL 1,-2 11,-1 13,-1 | 1,1,5,1,5;1,1,5,2,4;2,3,3,1,5;-2,3,3,5,1;-1,5,1,4,2;-1,5,1,5,1 || F 1,0,0,0,1;1,0,0,1,0 | 1,0,4,0,3;2,2,2,0,3;-2,2,2,1,2;2,2,2,2,1;-2,2,2,3,0;-1,4,0,3,0 || CORE 1,0,4,0,3;2,2,2,0,3;-2,2,2,1,2;2,2,2,2,1;-2,2,2,3,0;-1,4,0,3,0 | unit
REL 8,-1 13,-2 16,1 | 2,1,5,1,5;-1,1,5,6,0;1,2,4,0,6;-1,4,2,6,0;1,5,1,0,6;-2,5,1,5,1 ||  || CORE 2,0,4,1,5;-1,0,4,6,0;1,1,3,0,6;-1,3,1,6,0;1,4,0,0,6;-2,4,0,5,1 | live
REL 4,-1 10,1 12,2 | -1,1,5,3,3;-2,1,5,4,2;1,2,4,2,4;-1,4,2,4,2;2,5,1,2,4;1,5,1,3,3 ||  || CORE -1,0,4,1,1;-2,0,4,2,0;1,1,3,0,2;-1,3,1,2,0;2,4,0,0,2;1,4,0,1,1 | live
REL 9,-1 18,-1 23,2 | 1,0,6,2,4;-2,0,6,6,0;1,2,4,6,0;-1,4,2,0,6;2,6,0,0,6;-1,6,0,4,2 ||  || CORE 1,0,6,2,4;-2,0,6,6,0;1,2,4,6,0;-1,4,2,0,6;2,6,0,0,6;-1,6,0,4,2 | live
REL 10,-1 13,1 14,2 | -1,1,5,1,5;1,1,5,3,3;-2,1,5,5,1;2,5,1,1,5;-1,5,1,3,3;1,5,1,5,1 ||  || CORE -1,0,4,0,4;1,0,4,2,2;-2,0,4,4,0;2,4,0,0,4;-1,4,0,2,2;1,4,0,4,0 | live
REL 9,-1 17,-2 22,1 | -1,0,6,0,6;2,0,6,3,3;1,2,4,6,0;-1,4,2,0,6;-2,6,0,3,3;1,6,0,6,0 ||  || CORE -1,0,6,0,6;2,0,6,3,3;1,2,4,6,0;-1,4,2,0,6;-2,6,0,3,3;1,6,0,6,0 | live
REL 1,-2 6,1 7,1 | -1,2,4,1,5;-1,2,4,5,1;2,3,3,1,5;-2,3,3,5,1;1,4,2,1,5;1,4,2,5,1 ||  || CORE -1,0,2,0,4;-1,0,2,4,0;2,1,1,0,4;-2,1,1,4,0;1,2,0,0,4;1,2,0,4,0 | live
REL 0,-2 8,-1 9,1 | 1,2,4,0,6;-1,2,4,6,0;2,3,3,2,4;-2,3,3,4,2;1,4,2,0,6;-1,4,2,6,0 || F 1,0,0,0,1;1,0,0,1,0 | 1,0,2,0,5;-1,0,2,1,4;1,0,2,2,3;-1,0,2,3,2;1,0,2,4,1;-1,0,2,5,0;2,1,1,2,3;-2,1,1,3,2;1,2,0,0,5;-1,2,0,1,4;1,2,0,2,3;-1,2,0,3,2;1,2,0,4,1;-1,2,0,5,0 ## F -1,0,0,0,1;1,0,0,1,0 | -1,0,2,0,4;-1,0,2,2,2;-1,0,2,4,0;-2,1,1,2,2;-1,2,0,0,4;-1,2,0,2,2;-1,2,0,4,0 || CORE -1,0,2,0,4;-1,0,2,2,2;-1,0,2,4,0;-2,1,1,2,2;-1,2,0,0,4;-1,2,0,2,2;-1,2,0,4,0 | live
REL 3,-2 8,-1 9,-1 | 1,2,4,0,6;2,2,4,3,3;1,2,4,6,0;-1,4,2,0,6;-2,4,2,3,3;-1,4,2,6,0 || F 1,0,1,0,0;1,1,0,0,0 | 1,0,1,0,6;2,0,1,3,3;1,0,1,6,0;-1,1,0,0,6;-2,1,0,3,3;-1,1,0,6,0 ## F 1,0,0,0,1;1,0,0,1,0 | 1,0,1,0,5;-1,0,1,1,4;1,0,1,2,3;1,0,1,3,2;-1,0,1,4,1;1,0,1,5,0;-1,1,0,0,5;1,1,0,1,4;-1,1,0,2,3;-1,1,0,3,2;1,1,0,4,1;-1,1,0,5,0 ## F -1,0,1,0,0;1,1,0,0,0 | -1,0,0,0,5;1,0,0,1,4;-1,0,0,2,3;-1,0,0,3,2;1,0,0,4,1;-1,0,0,5,0 ## F 1,0,0,0,2;-1,0,0,1,1;1,0,0,2,0 | -1,0,0,0,3;-1,0,0,3,0 ## F 1,0,0,0,3;1,0,0,3,0 | -1,0,0,0,0 || CORE -1,0,0,0,0 | monomial
REL 19,-1 22,-1 23,-2 | 1,0,6,0,6;1,0,6,4,2;2,0,6,6,0;-2,6,0,0,6;-1,6,0,2,4;-1,6,0,6,0 || F 1,0,0,0,2;1,0,0,2,0 | 1,0,6,0,4;-1,0,6,2,2;2,0,6,4,0;-2,6,0,0,4;1,6,0,2,2;-1,6,0,4,0 || CORE 1,0,6,0,4;-1,0,6,2,2;2,0,6,4,0;-2,6,0,0,4;1,6,0,2,2;-1,6,0,4,0 | live
REL 2,-1 4,-2 9,-1 | 2,2,4,2,4;1,2,4,6,0;1,3,3,0,6;-1,3,3,6,0;-1,4,2,0,6;-2,4,2,4,2 ||  || CORE 2,0,2,2,4;1,0,2,6,0;1,1,1,0,6;-1,1,1,6,0;-1,2,0,0,6;-2,2,0,4,2 | live
REL 0,-2 18,-1 19,1 | 1,0,6,2,4;-1,0,6,4,2;2,3,3,2,4;-2,3,3,4,2;1,6,0,2,4;-1,6,0,4,2 || F 1,0,1,0,0;1,1,0,0,0 | 1,0,5,0,2;-1,0,5,2,0;-1,1,4,0,2;1,1,4,2,0;1,2,3,0,2;-1,2,3,2,0;1,3,2,0,2;-1,3,2,2,0;-1,4,1,0,2;1,4,1,2,0;1,5,0,0,2;-1,5,0,2,0 ## F 1,0,0,0,1;1,0,0,1,0 | 1,0,5,0,1;-1,0,5,1,0;-1,1,4,0,1;1,1,4,1,0;1,2,3,0,1;-1,2,3,1,0;1,3,2,0,1;-1,3,2,1,0;-1,4,1,0,1;1,4,1,1,0;1,5,0,0,1;-1,5,0,1,0 ## F -1,0,0,0,1;1,0,0,1,0 | -1,0,5,0,0;1,1,4,0,0;-1,2,3,0,0;-1,3,2,0,0;1,4,1,0,0;-1,5,0,0,0 ## F 1,0,2,0,0;-1,1,1,0,0;1,2,0,0,0 | -1,0,3,0,0;-1,3,0,0,0 ## F 1,0,3,0,0;1,3,0,0,0 | -1,0,0,0,0 || CORE -1,0,0,0,0 | monomial
REL 1,-1 17,1 20,2 | -2,0,6,1,5;-1,0,6,3,3;1,3,3,1,5;-1,3,3,5,1;1,6,0,3,3;2,6,0,5,1 ||  || CORE -2,0,6,0,4;-1,0,6,2,2;1,3,3,0,4;-1,3,3,4,0;1,6,0,2,2;2,6,0,4,0 | live
REL 16,-2 18,-1 22,-1 | 1,0,6,0,6;1,0,6,2,4;2,1,5,6,0;-2,5,1,0,6;-1,6,0,4,2;-1,6,0,6,0 ||  || CORE 1,0,6,0,6;1,0,6,2,4;2,1,5,6,0;-2,5,1,0,6;-1,6,0,4,2;-1,6,0,6,0 | live
REL 9,-1 11,-2 16,-1 | 2,1,5,2,4;1,1,5,6,0;1,2,4,6,0;-1,4,2,0,6;-1,5,1,0,6;-2,5,1,4,2 ||  || CORE 2,0,4,2,4;1,0,4,6,0;1,1,3,6,0;-1,3,1,0,6;-1,4,0,0,6;-2,4,0,4,2 | live
REL 2,-2 20,1 23,1 | -1,0,6,1,5;-1,0,6,6,0;2,3,3,0,6;-2,3,3,6,0;1,6,0,0,6;1,6,0,5,1 || F 1,0,0,0,1;1,0,0,1,0 | -1,0,6,1,4;1,0,6,2,3;-1,0,6,3,2;1,0,6,4,1;-1,0,6,5,0;2,3,3,0,5;-2,3,3,1,4;2,3,3,2,3;-2,3,3,3,2;2,3,3,4,1;-2,3,3,5,0;1,6,0,0,5;-1,6,0,1,4;1,6,0,2,3;-1,6,0,3,2;1,6,0,4,1 || CORE -1,0,6,1,4;1,0,6,2,3;-1,0,6,3,2;1,0,6,4,1;-1,0,6,5,0;2,3,3,0,5;-2,3,3,1,4;2,3,3,2,3;-2,3,3,3,2;2,3,3,4,1;-2,3,3,5,0;1,6,0,0,5;-1,6,0,1,4;1,6,0,2,3;-1,6,0,3,2;1,6,0,4,1 | live
REL 13,-2 19,-1 21,1 | 1,0,6,4,2;-1,0,6,5,1;2,1,5,1,5;-2,5,1,5,1;1,6,0,1,5;-1,6,0,2,4 ||  || CORE 1,0,6,3,1;-1,0,6,4,0;2,1,5,0,4;-2,5,1,4,0;1,6,0,0,4;-1,6,0,1,3 | live
REL 7,-1 10,1 14,2 | -1,1,5,3,3;-2,1,5,5,1;1,2,4,5,1;-1,4,2,1,5;2,5,1,1,5;1,5,1,3,3 ||  || CORE -1,0,4,2,2;-2,0,4,4,0;1,1,3,4,0;-1,3,1,0,4;2,4,0,0,4;1,4,0,2,2 | live
REL 6,-1 12,1 13,2 | -2,1,5,1,5;-1,1,5,4,2;1,2,4,1,5;-1,4,2,5,1;1,5,1,2,4;2,5,1,5,1 ||  || CORE -2,0,4,0,4;-1,0,4,3,1;1,1,3,0,4;-1,3,1,4,0;1,4,0,1,3;2,4,0,4,0 | live
REL 1,-1 5,2 6,1 | -1,2,4,1,5;-2,2,4,4,2;1,3,3,1,5;-1,3,3,5,1;2,4,2,2,4;1,4,2,5,1 ||  || CORE -1,0,2,0,4;-2,0,2,3,1;1,1,1,0,4;-1,1,1,4,0;2,2,0,1,3;1,2,0,4,0 | live
REL 0,-2 13,-1 14,1 | 1,1,5,1,5;-1,1,5,5,1;2,3,3,2,4;-2,3,3,4,2;1,5,1,1,5;-1,5,1,5,1 || F 1,0,0,0,1;1,0,0,1,0 | 1,0,4,0,3;-1,0,4,1,2;1,0,4,2,1;-1,0,4,3,0;2,2,2,1,2;-2,2,2,2,1;1,4,0,0,3;-1,4,0,1,2;1,4,0,2,1;-1,4,0,3,0 ## F -1,0,0,0,1;1,0,0,1,0 | -1,0,4,0,2;-1,0,4,2,0;-2,2,2,1,1;-1,4,0,0,2;-1,4,0,2,0 || CORE -1,0,4,0,2;-1,0,4,2,0;-2,2,2,1,1;-1,4,0,0,2;-1,4,0,2,0 | live
REL 0,-2 3,1 4,-1 | 1,2,4,2,4;-1,2,4,3,3;2,3,3,2,4;-2,3,3,4,2;1,4,2,3,3;-1,4,2,4,2 || F -1,0,0,0,1;1,0,0,1,0 | -1,0,2,0,1;-2,1,1,0,1;-2,1,1,1,0;-1,2,0,1,0 || CORE -1,0,2,0,1;-2,1,1,0,1;-2,1,1,1,0;-1,2,0,1,0 | unit
REL 9,-1 13,-2 16,-1 | 2,1,5,1,5;1,1,5,6,0;1,2,4,6,0;-1,4,2,0,6;-1,5,1,0,6;-2,5,1,5,1 ||  || CORE 2,0,4,1,5;1,0,4,6,0;1,1,3,6,0;-1,3,1,0,6;-1,4,0,0,6;-2,4,0,5,1 | live
REL 13,-1 19,2 21,1 | -2,0,6,4,2;-1,0,6,5,1;1,1,5,1,5;-1,5,1,5,1;1,6,0,1,5;2,6,0,2,4 ||  || CORE -2,0,6,3,1;-1,0,6,4,0;1,1,5,0,4;-1,5,1,4,0;1,6,0,0,4;2,6,0,1,3 | live
REL 13,-1 20,-2 21,1 | 2,0,6,1,5;-1,0,6,5,1;1,1,5,1,5;-1,5,1,5,1;1,6,0,1,5;-2,6,0,5,1 ||  || CORE 2,0,6,0,4;-1,0,6,4,0;1,1,5,0,4;-1,5,1,4,0;1,6,0,0,4;-2,6,0,4,0 | live
REL 7,-1 19,2 21,-1 | -2,0,6,4,2;1,0,6,5,1;1,2,4,5,1;-1,4,2,1,5;-1,6,0,1,5;2,6,0,2,4 ||  || CORE -2,0,6,3,1;1,0,6,4,0;1,2,4,4,0;-1,4,2,0,4;-1,6,0,0,4;2,6,0,1,3 | live
REL 9,-1 18,-1 22,-2 | 2,0,6,0,6;1,0,6,2,4;1,2,4,6,0;-1,4,2,0,6;-1,6,0,4,2;-2,6,0,6,0 ||  || CORE 2,0,6,0,6;1,0,6,2,4;1,2,4,6,0;-1,4,2,0,6;-1,6,0,4,2;-2,6,0,6,0 | live
REL 1,-2 4,1 7,-1 | -1,2,4,2,4;1,2,4,5,1;2,3,3,1,5;-2,3,3,5,1;-1,4,2,1,5;1,4,2,4,2 || F -1,0,0,0,1;1,0,0,1,0 | 1,0,2,1,2;1,0,2,2,1;1,0,2,3,0;-2,1,1,0,3;-2,1,1,1,2;-2,1,1,2,1;-2,1,1,3,0;1,2,0,0,3;1,2,0,1,2;1,2,0,2,1 || CORE 1,0,2,1,2;1,0,2,2,1;1,0,2,3,0;-2,1,1,0,3;-2,1,1,1,2;-2,1,1,2,1;-2,1,1,3,0;1,2,0,0,3;1,2,0,1,2;1,2,0,2,1 | live
REL 16,-1 20,-1 22,-2 | 2,0,6,0,6;1,0,6,1,5;1,1,5,6,0;-1,5,1,0,6;-1,6,0,5,1;-2,6,0,6,0 ||  || CORE 2,0,6,0,6;1,0,6,1,5;1,1,5,6,0;-1,5,1,0,6;-1,6,0,5,1;-2,6,0,6,0 | live
REL 1,-1 12,1 13,-2 | 2,1,5,1,5;-1,1,5,4,2;1,3,3,1,5;-1,3,3,5,1;1,5,1,2,4;-2,5,1,5,1 ||  || CORE 2,0,4,0,4;-1,0,4,3,1;1,2,2,0,4;-1,2,2,4,0;1,4,0,1,3;-2,4,0,4,0 | live
REL 1,-1 10,-1 13,2 | -2,1,5,1,5;1,1,5,3,3;1,3,3,1,5;-1,3,3,5,1;-1,5,1,3,3;2,5,1,5,1 ||  || CORE -2,0,4,0,4;1,0,4,2,2;1,2,2,0,4;-1,2,2,4,0;-1,4,0,2,2;2,4,0,4,0 | live
REL 15,-2 19,1 23,-1 | -1,0,6,4,2;1,0,6,6,0;2,1,5,0,6;-2,5,1,6,0;-1,6,0,0,6;1,6,0,2,4 ||  || CORE -1,0,6,4,2;1,0,6,6,0;2,1,5,0,6;-2,5,1,6,0;-1,6,0,0,6;1,6,0,2,4 | live
REL 1,-2 19,-1 21,1 | 1,0,6,4,2;-1,0,6,5,1;2,3,3,1,5;-2,3,3,5,1;1,6,0,1,5;-1,6,0,2,4 || F -1,0,0,0,1;1,0,0,1,0 | -1,0,6,3,0;-2,3,3,0,3;-2,3,3,1,2;-2,3,3,2,1;-2,3,3,3,0;-1,6,0,0,3 || CORE -1,0,6,3,0;-2,3,3,0,3;-2,3,3,1,2;-2,3,3,2,1;-2,3,3,3,0;-1,6,0,0,3 | unit
REL 6,-1 20,2 21,-1 | -2,0,6,1,5;1,0,6,5,1;1,2,4,1,5;-1,4,2,5,1;-1,6,0,1,5;2,6,0,5,1 ||  || CORE -2,0,6,0,4;1,0,6,4,0;1,2,4,0,4;-1,4,2,4,0;-1,6,0,0,4;2,6,0,4,0 | live
REL 16,-2 19,1 22,1 | -1,0,6,0,6;-1,0,6,4,2;2,1,5,6,0;-2,5,1,0,6;1,6,0,2,4;1,6,0,6,0 ||  || CORE -1,0,6,0,6;-1,0,6,4,2;2,1,5,6,0;-2,5,1,0,6;1,6,0,2,4;1,6,0,6,0 | live
REL 2,-1 17,-2 23,-1 | 2,0,6,3,3;1,0,6,6,0;1,3,3,0,6;-1,3,3,6,0;-1,6,0,0,6;-2,6,0,3,3 || F -1,0,1,0,0;1,1,0,0,0 | -2,0,5,3,3;-1,0,5,6,0;-2,1,4,3,3;-1,1,4,6,0;-2,2,3,3,3;-1,2,3,6,0;-1,3,2,0,6;-2,3,2,3,3;-1,4,1,0,6;-2,4,1,3,3;-1,5,0,0,6;-2,5,0,3,3 ## F 1,0,2,0,0;1,1,1,0,0;1,2,0,0,0 | -2,0,3,3,3;-1,0,3,6,0;-1,3,0,0,6;-2,3,0,3,3 || CORE -2,0,3,3,3;-1,0,3,6,0;-1,3,0,0,6;-2,3,0,3,3 | unit
REL 2,-1 20,1 23,-2 | -1,0,6,1,5;2,0,6,6,0;1,3,3,0,6;-1,3,3,6,0;-2,6,0,0,6;1,6,0,5,1 ||  || CORE -1,0,6,1,5;2,0,6,6,0;1,3,3,0,6;-1,3,3,6,0;-2,6,0,0,6;1,6,0,5,1 | live
REL 10,-2 22,1 23,-1 | -1,0,6,0,6;1,0,6,6,0;2,1,5,3,3;-2,5,1,3,3;-1,6,0,0,6;1,6,0,6,0 || F 1,0,2,0,0;1,2,0,0,0 | -1,0,4,0,6;1,0,4,6,0;2,1,3,3,3;1,2,2,0,6;-1,2,2,6,0;-2,3,1,3,3;-1,4,0,0,6;1,4,0,6,0 || CORE -1,0,4,0,6;1,0,4,6,0;2,1,3,3,3;1,2,2,0,6;-1,2,2,6,0;-2,3,1,3,3;-1,4,0,0,6;1,4,0,6,0 | live
REL 8,-2 21,1 22,-1 | 1,0,6,0,6;-1,0,6,5,1;2,2,4,0,6;-2,4,2,6,0;1,6,0,1,5;-1,6,0,6,0 ||  || CORE 1,0,6,0,6;-1,0,6,5,1;2,2,4,0,6;-2,4,2,6,0;1,6,0,1,5;-1,6,0,6,0 | live
REL 14,-1 15,2 16,-1 | -2,1,5,0,6;1,1,5,5,1;1,1,5,6,0;-1,5,1,0,6;-1,5,1,1,5;2,5,1,6,0 || F -1,0,0,0,1;1,0,0,1,0 | 2,0,4,0,5;2,0,4,1,4;2,0,4,2,3;2,0,4,3,2;2,0,4,4,1;1,0,4,5,0;1,4,0,0,5;2,4,0,1,4;2,4,0,2,3;2,4,0,3,2;2,4,0,4,1;2,4,0,5,0 || CORE 2,0,4,0,5;2,0,4,1,4;2,0,4,2,3;2,0,4,3,2;2,0,4,4,1;1,0,4,5,0;1,4,0,0,5;2,4,0,1,4;2,4,0,2,3;2,4,0,3,2;2,4,0,4,1;2,4,0,5,0 | live
REL 2,-2 20,-1 22,1 | -1,0,6,0,6;1,0,6,1,5;2,3,3,0,6;-2,3,3,6,0;-1,6,0,5,1;1,6,0,6,0 || F -1,0,0,0,1;1,0,0,1,0 | 1,0,6,0,5;-2,3,3,0,5;-2,3,3,1,4;-2,3,3,2,3;-2,3,3,3,2;-2,3,3,4,1;-2,3,3,5,0;1,6,0,5,0 || CORE 1,0,6,0,5;-2,3,3,0,5;-2,3,3,1,4;-2,3,3,2,3;-2,3,3,3,2;-2,3,3,4,1;-2,3,3,5,0;1,6,0,5,0 | unit
REL 12,-2 13,1 14,-1 | -1,1,5,1,5;2,1,5,4,2;1,1,5,5,1;-1,5,1,1,5;-2,5,1,2,4;1,5,1,5,1 ||  || CORE -1,0,4,0,4;2,0,4,3,1;1,0,4,4,0;-1,4,0,0,4;-2,4,0,1,3;1,4,0,4,0 | live
REL 2,-1 5,2 8,1 | -1,2,4,0,6;-2,2,4,4,2;1,3,3,0,6;-1,3,3,6,0;2,4,2,2,4;1,4,2,6,0 ||  || CORE -1,0,2,0,6;-2,0,2,4,2;1,1,1,0,6;-1,1,1,6,0;2,2,0,2,4;1,2,0,6,0 | live
REL 9,-2 19,-1 22,-1 | 1,0,6,0,6;1,0,6,4,2;2,2,4,6,0;-2,4,2,0,6;-1,6,0,2,4;-1,6,0,6,0 ||  || CORE 1,0,6,0,6;1,0,6,4,2;2,2,4,6,0;-2,4,2,0,6;-1,6,0,2,4;-1,6,0,6,0 | live
REL 1,-1 19,1 20,2 | -2,0,6,1,5;-1,0,6,4,2;1,3,3,1,5;-1,3,3,5,1;1,6,0,2,4;2,6,0,5,1 ||  || CORE -2,0,6,0,4;-1,0,6,3,1;1,3,3,0,4;-1,3,3,4,0;1,6,0,1,3;2,6,0,4,0 | live
REL 2,-1 19,-1 22,2 | -2,0,6,0,6;1,0,6,4,2;1,3,3,0,6;-1,3,3,6,0;-1,6,0,2,4;2,6,0,6,0 ||  || CORE -2,0,6,0,6;1,0,6,4,2;1,3,3,0,6;-1,3,3,6,0;-1,6,0,2,4;2,6,0,6,0 | live
REL 6,-1 12,2 14,1 | -2,1,5,4,2;-1,1,5,5,1;1,2,4,1,5;-1,4,2,5,1;1,5,1,1,5;2,5,1,2,4 ||  || CORE -2,0,4,3,1;-1,0,4,4,0;1,1,3,0,4;-1,3,1,4,0;1,4,0,0,4;2,4,0,1,3 | live
REL 2,-1 3,2 9,1 | -2,2,4,3,3;-1,2,4,6,0;1,3,3,0,6;-1,3,3,6,0;1,4,2,0,6;2,4,2,3,3 || F 1,0,1,0,0;1,1,0,0,0 | -2,0,1,3,3;-1,0,1,6,0;1,1,0,0,6;2,1,0,3,3 || CORE -2,0,1,3,3;-1,0,1,6,0;1,1,0,0,6;2,1,0,3,3 | unit
REL 2,-1 13,-1 15,-2 | 2,1,5,0,6;1,1,5,1,5;1,3,3,0,6;-1,3,3,6,0;-1,5,1,5,1;-2,5,1,6,0 ||  || CORE 2,0,4,0,6;1,0,4,1,5;1,2,2,0,6;-1,2,2,6,0;-1,4,0,5,1;-2,4,0,6,0 | live
REL 5,-1 17,-1 19,2 | 1,0,6,3,3;-2,0,6,4,2;1,2,4,4,2;-1,4,2,2,4;2,6,0,2,4;-1,6,0,3,3 ||  || CORE 1,0,6,1,1;-2,0,6,2,0;1,2,4,2,0;-1,4,2,0,2;2,6,0,0,2;-1,6,0,1,1 | live
REL 0,-2 13,1 14,-1 | -1,1,5,1,5;1,1,5,5,1;2,3,3,2,4;-2,3,3,4,2;-1,5,1,1,5;1,5,1,5,1 || F 1,0,0,0,1;1,0,0,1,0 | -1,0,4,0,3;1,0,4,1,2;-1,0,4,2,1;1,0,4,3,0;2,2,2,1,2;-2,2,2,2,1;-1,4,0,0,3;1,4,0,1,2;-1,4,0,2,1;1,4,0,3,0 ## F -1,0,0,0,1;1,0,0,1,0 | 1,0,4,0,2;1,0,4,2,0;-2,2,2,1,1;1,4,0,0,2;1,4,0,2,0 || CORE 1,0,4,0,2;1,0,4,2,0;-2,2,2,1,1;1,4,0,0,2;1,4,0,2,0 | live
REL 2,-1 14,2 15,1 | -1,1,5,0,6;-2,1,5,5,1;1,3,3,0,6;-1,3,3,6,0;2,5,1,1,5;1,5,1,6,0 ||  || CORE -1,0,4,0,6;-2,0,4,5,1;1,2,2,0,6;-1,2,2,6,0;2,4,0,1,5;1,4,0,6,0 | live
REL 2,-1 18,1 23,2 | -1,0,6,2,4;-2,0,6,6,0;1,3,3,0,6;-1,3,3,6,0;2,6,0,0,6;1,6,0,4,2 ||  || CORE -1,0,6,2,4;-2,0,6,6,0;1,3,3,0,6;-1,3,3,6,0;2,6,0,0,6;1,6,0,4,2 | live
REL 9,-1 11,-1 16,2 | 1,1,5,2,4;-2,1,5,6,0;1,2,4,6,0;-1,4,2,0,6;2,5,1,0,6;-1,5,1,4,2 ||  || CORE 1,0,4,2,4;-2,0,4,6,0;1,1,3,6,0;-1,3,1,0,6;2,4,0,0,6;-1,4,0,4,2 | live
REL 9,-1 19,1 23,-2 | -1,0,6,4,2;2,0,6,6,0;1,2,4,6,0;-1,4,2,0,6;-2,6,0,0,6;1,6,0,2,4 ||  || CORE -1,0,6,4,2;2,0,6,6,0;1,2,4,6,0;-1,4,2,0,6;-2,6,0,0,6;1,6,0,2,4 | live
REL 2,-1 6,-2 8,-1 | 1,2,4,0,6;2,2,4,1,5;1,3,3,0,6;-1,3,3,6,0;-2,4,2,5,1;-1,4,2,6,0 ||  || CORE 1,0,2,0,6;2,0,2,1,5;1,1,1,0,6;-1,1,1,6,0;-2,2,0,5,1;-1,2,0,6,0 | live
REL 12,-1 18,1 19,2 | -1,0,6,2,4;-2,0,6,4,2;1,1,5,4,2;-1,5,1,2,4;2,6,0,2,4;1,6,0,4,2 || F -1,0,1,0,0;1,1,0,0,0 | 1,0,5,0,2;2,0,5,2,0;1,1,4,0,2;1,1,4,2,0;1,2,3,0,2;1,2,3,2,0;1,3,2,0,2;1,3,2,2,0;1,4,1,0,2;1,4,1,2,0;2,5,0,0,2;1,5,0,2,0 || CORE 1,0,5,0,2;2,0,5,2,0;1,1,4,0,2;1,1,4,2,0;1,2,3,0,2;1,2,3,2,0;1,3,2,0,2;1,3,2,2,0;1,4,1,0,2;1,4,1,2,0;2,5,0,0,2;1,5,0,2,0 | live
REL 1,-1 11,-1 13,-2 | 2,1,5,1,5;1,1,5,2,4;1,3,3,1,5;-1,3,3,5,1;-1,5,1,4,2;-2,5,1,5,1 ||  || CORE 2,0,4,0,4;1,0,4,1,3;1,2,2,0,4;-1,2,2,4,0;-1,4,0,3,1;-2,4,0,4,0 | live
REL 1,-2 3,1 6,-1 | 1,2,4,1,5;-1,2,4,3,3;2,3,3,1,5;-2,3,3,5,1;1,4,2,3,3;-1,4,2,5,1 || F 1,0,0,0,1;1,0,0,1,0 | 1,0,2,0,3;-1,0,2,1,2;2,1,1,0,3;-2,1,1,1,2;2,1,1,2,1;-2,1,1,3,0;1,2,0,2,1;-1,2,0,3,0 ## F -1,0,0,0,1;1,0,0,1,0 | -1,0,2,0,2;-2,1,1,0,2;-2,1,1,2,0;-1,2,0,2,0 || CORE -1,0,2,0,2;-2,1,1,0,2;-2,1,1,2,0;-1,2,0,2,0 | unit
REL 7,-2 15,1 16,-1 | -1,1,5,0,6;1,1,5,6,0;2,2,4,5,1;-2,4,2,1,5;-1,5,1,0,6;1,5,1,6,0 ||  || CORE -1,0,4,0,6;1,0,4,6,0;2,1,3,5,1;-2,3,1,1,5;-1,4,0,0,6;1,4,0,6,0 | live
REL 13,-1 18,2 20,1 | -1,0,6,1,5;-2,0,6,2,4;1,1,5,1,5;-1,5,1,5,1;2,6,0,4,2;1,6,0,5,1 ||  || CORE -1,0,6,0,4;-2,0,6,1,3;1,1,5,0,4;-1,5,1,4,0;2,6,0,3,1;1,6,0,4,0 | live
REL 7,-1 17,-2 21,-1 | 2,0,6,3,3;1,0,6,5,1;1,2,4,5,1;-1,4,2,1,5;-1,6,0,1,5;-2,6,0,3,3 ||  || CORE 2,0,6,2,2;1,0,6,4,0;1,2,4,4,0;-1,4,2,0,4;-1,6,0,0,4;-2,6,0,2,2 | live
REL 18,-1 20,1 21,2 | -1,0,6,1,5;1,0,6,2,4;-2,0,6,5,1;2,6,0,1,5;-1,6,0,4,2;1,6,0,5,1 ||  || CORE -1,0,6,0,4;1,0,6,1,3;-2,0,6,4,0;2,6,0,0,4;-1,6,0,3,1;1,6,0,4,0 | live
REL 9,-1 12,1 15,2 | -2,1,5,0,6;-1,1,5,4,2;1,2,4,6,0;-1,4,2,0,6;1,5,1,2,4;2,5,1,6,0 ||  || CORE -2,0,4,0,6;-1,0,4,4,2;1,1,3,6,0;-1,3,1,0,6;1,4,0,2,4;2,4,0,6,0 | live
REL 2,-1 8,-2 9,1 | 2,2,4,0,6;-1,2,4,6,0;1,3,3,0,6;-1,3,3,6,0;1,4,2,0,6;-2,4,2,6,0 ||  || CORE 2,0,2,0,6;-1,0,2,6,0;1,1,1,0,6;-1,1,1,6,0;1,2,0,0,6;-2,2,0,6,0 | live
REL 5,-1 8,-1 9,-2 | 1,2,4,0,6;1,2,4,4,2;2,2,4,6,0;-2,4,2,0,6;-1,4,2,2,4;-1,4,2,6,0 || F 1,0,0,0,2;1,0,0,2,0 | 1,0,2,0,4;-1,0,2,2,2;2,0,2,4,0;-2,2,0,0,4;1,2,0,2,2;-1,2,0,4,0 || CORE 1,0,2,0,4;-1,0,2,2,2;2,0,2,4,0;-2,2,0,0,4;1,2,0,2,2;-1,2,0,4,0 | live
REL 0,-2 17,1 19,-1 | -1,0,6,3,3;1,0,6,4,2;2,3,3,2,4;-2,3,3,4,2;-1,6,0,2,4;1,6,0,3,3 || F -1,0,0,0,1;1,0,0,1,0 | 1,0,6,1,0;-2,3,3,0,1;-2,3,3,1,0;1,6,0,0,1 || CORE 1,0,6,1,0;-2,3,3,0,1;-2,3,3,1,0;1,6,0,0,1 | unit
REL 7,-1 11,2 14,1 | -2,1,5,2,4;-1,1,5,5,1;1,2,4,5,1;-1,4,2,1,5;1,5,1,1,5;2,5,1,4,2 ||  || CORE -2,0,4,1,3;-1,0,4,4,0;1,1,3,4,0;-1,3,1,0,4;1,4,0,0,4;2,4,0,3,1 | live
REL 4,-2 15,1 16,1 | -1,1,5,0,6;-1,1,5,6,0;2,2,4,2,4;-2,4,2,4,2;1,5,1,0,6;1,5,1,6,0 ||  || CORE -1,0,4,0,6;-1,0,4,6,0;2,1,3,2,4;-2,3,1,4,2;1,4,0,0,6;1,4,0,6,0 | live
REL 4,-2 18,-1 19,1 | 1,0,6,2,4;-1,0,6,4,2;2,2,4,2,4;-2,4,2,4,2;1,6,0,2,4;-1,6,0,4,2 ||  || CORE 1,0,6,0,2;-1,0,6,2,0;2,2,4,0,2;-2,4,2,2,0;1,6,0,0,2;-1,6,0,2,0 | live
REL 10,-1 13,-2 14,1 | 2,1,5,1,5;1,1,5,3,3;-1,1,5,5,1;1,5,1,1,5;-1,5,1,3,3;-2,5,1,5,1 || F 1,0,0,0,2;1,0,0,2,0 | 2,0,4,0,2;-1,0,4,2,0;1,4,0,0,2;-2,4,0,2,0 || CORE 2,0,4,0,2;-1,0,4,2,0;1,4,0,0,2;-2,4,0,2,0 | live
REL 6,-1 8,1 9,-2 | -1,2,4,0,6;1,2,4,1,5;2,2,4,6,0;-2,4,2,0,6;-1,4,2,5,1;1,4,2,6,0 || F 1,0,0,0,1;1,0,0,1,0 | -1,0,2,0,5;2,0,2,1,4;-2,0,2,2,3;2,0,2,3,2;-2,0,2,4,1;2,0,2,5,0;-2,2,0,0,5;2,2,0,1,4;-2,2,0,2,3;2,2,0,3,2;-2,2,0,4,1;1,2,0,5,0 || CORE -1,0,2,0,5;2,0,2,1,4;-2,0,2,2,3;2,0,2,3,2;-2,0,2,4,1;2,0,2,5,0;-2,2,0,0,5;2,2,0,1,4;-2,2,0,2,3;2,2,0,3,2;-2,2,0,4,1;1,2,0,5,0 | live
REL 16,-1 18,-2 22,1 | -1,0,6,0,6;2,0,6,2,4;1,1,5,6,0;-1,5,1,0,6;-2,6,0,4,2;1,6,0,6,0 ||  || CORE -1,0,6,0,6;2,0,6,2,4;1,1,5,6,0;-1,5,1,0,6;-2,6,0,4,2;1,6,0,6,0 | live
REL 14,-2 15,-1 16,1 | 1,1,5,0,6;2,1,5,5,1;-1,1,5,6,0;1,5,1,0,6;-2,5,1,1,5;-1,5,1,6,0 ||  || CORE 1,0,4,0,6;2,0,4,5,1;-1,0,4,6,0;1,4,0,0,6;-2,4,0,1,5;-1,4,0,6,0 | live
REL 2,-2 5,1 9,-1 | -1,2,4,4,2;1,2,4,6,0;2,3,3,0,6;-2,3,3,6,0;-1,4,2,0,6;1,4,2,2,4 || F 1,0,0,0,1;1,0,0,1,0 | -1,0,2,4,1;1,0,2,5,0;2,1,1,0,5;-2,1,1,1,4;2,1,1,2,3;-2,1,1,3,2;2,1,1,4,1;-2,1,1,5,0;-1,2,0,0,5;1,2,0,1,4 ## F -1,0,0,0,1;1,0,0,1,0 | 1,0,2,4,0;-2,1,1,0,4;-2,1,1,2,2;-2,1,1,4,0;1,2,0,0,4 || CORE 1,0,2,4,0;-2,1,1,0,4;-2,1,1,2,2;-2,1,1,4,0;1,2,0,0,4 | unit
REL 7,-1 19,1 21,2 | -1,0,6,4,2;-2,0,6,5,1;1,2,4,5,1;-1,4,2,1,5;2,6,0,1,5;1,6,0,2,4 ||  || CORE -1,0,6,3,1;-2,0,6,4,0;1,2,4,4,0;-1,4,2,0,4;2,6,0,0,4;1,6,0,1,3 | live
REL 1,-1 13,-1 14,2 | 1,1,5,1,5;-2,1,5,5,1;1,3,3,1,5;-1,3,3,5,1;2,5,1,1,5;-1,5,1,5,1 ||  || CORE 1,0,4,0,4;-2,0,4,4,0;1,2,2,0,4;-1,2,2,4,0;2,4,0,0,4;-1,4,0,4,0 | live
REL 1,-1 18,1 21,-2 | -1,0,6,2,4;2,0,6,5,1;1,3,3,1,5;-1,3,3,5,1;-2,6,0,1,5;1,6,0,4,2 ||  || CORE -1,0,6,1,3;2,0,6,4,0;1,3,3,0,4;-1,3,3,4,0;-2,6,0,0,4;1,6,0,3,1 | live
REL 16,-1 17,2 22,-1 | 1,0,6,0,6;-2,0,6,3,3;1,1,5,6,0;-1,5,1,0,6;2,6,0,3,3;-1,6,0,6,0 || F -1,0,1,0,0;1,1,0,0,0 | -1,0,5,0,6;2,0,5,3,3;-1,1,4,0,6;2,1,4,3,3;-1,1,4,6,0;-1,2,3,0,6;2,2,3,3,3;-1,2,3,6,0;-1,3,2,0,6;2,3,2,3,3;-1,3,2,6,0;-1,4,1,0,6;2,4,1,3,3;-1,4,1,6,0;2,5,0,3,3;-1,5,0,6,0 || CORE -1,0,5,0,6;2,0,5,3,3;-1,1,4,0,6;2,1,4,3,3;-1,1,4,6,0;-1,2,3,0,6;2,2,3,3,3;-1,2,3,6,0;-1,3,2,0,6;2,3,2,3,3;-1,3,2,6,0;-1,4,1,0,6;2,4,1,3,3;-1,4,1,6,0;2,5,0,3,3;-1,5,0,6,0 | live
REL 1,-2 18,1 20,-1 | 1,0,6,1,5;-1,0,6,2,4;2,3,3,1,5;-2,3,3,5,1;1,6,0,4,2;-1,6,0,5,1 || F -1,0,0,0,1;1,0,0,1,0 | -1,0,6,0,3;-2,3,3,0,3;-2,3,3,1,2;-2,3,3,2,1;-2,3,3,3,0;-1,6,0,3,0 || CORE -1,0,6,0,3;-2,3,3,0,3;-2,3,3,1,2;-2,3,3,2,1;-2,3,3,3,0;-1,6,0,3,0 | unit
REL 0,-1 4,-1 5,-2 | 1,2,4,2,4;2,2,4,4,2;1,3,3,2,4;-1,3,3,4,2;-2,4,2,2,4;-1,4,2,4,2 || F -1,0,1,0,0;1,1,0,0,0 | -1,0,1,0,2;-2,0,1,2,0;-2,1,0,0,2;-1,1,0,2,0 || CORE -1,0,1,0,2;-2,0,1,2,0;-2,1,0,0,2;-1,1,0,2,0 | live
REL 0,-2 18,-1 19,-1 | 1,0,6,2,4;1,0,6,4,2;2,3,3,2,4;-2,3,3,4,2;-1,6,0,2,4;-1,6,0,4,2 ||  || CORE 1,0,6,0,2;1,0,6,2,0;2,3,3,0,2;-2,3,3,2,0;-1,6,0,0,2;-1,6,0,2,0 | live
REL 5,-2 10,1 11,-1 | 1,1,5,2,4;-1,1,5,3,3;2,2,4,4,2;-2,4,2,2,4;1,5,1,3,3;-1,5,1,4,2 ||  || CORE 1,0,4,0,2;-1,0,4,1,1;2,1,3,2,0;-2,3,1,0,2;1,4,0,1,1;-1,4,0,2,0 | live
REL 1,-2 10,-1 13,-1 | 1,1,5,1,5;1,1,5,3,3;2,3,3,1,5;-2,3,3,5,1;-1,5,1,3,3;-1,5,1,5,1 || F 1,0,0,0,2;1,0,0,2,0 | 1,0,4,0,2;2,2,2,0,2;-2,2,2,2,0;-1,4,0,2,0 || CORE 1,0,4,0,2;2,2,2,0,2;-2,2,2,2,0;-1,4,0,2,0 | unit
REL 9,-1 10,-2 15,1 | -1,1,5,0,6;2,1,5,3,3;1,2,4,6,0;-1,4,2,0,6;-2,5,1,3,3;1,5,1,6,0 || F 1,0,1,0,0;1,1,0,0,0 | -1,0,3,0,6;2,0,3,3,3;1,1,2,0,6;-2,1,2,3,3;1,1,2,6,0;-1,2,1,0,6;2,2,1,3,3;-1,2,1,6,0;-2,3,0,3,3;1,3,0,6,0 || CORE -1,0,3,0,6;2,0,3,3,3;1,1,2,0,6;-2,1,2,3,3;1,1,2,6,0;-1,2,1,0,6;2,2,1,3,3;-1,2,1,6,0;-2,3,0,3,3;1,3,0,6,0 | live
REL 2,-2 14,1 16,1 | -1,1,5,5,1;-1,1,5,6,0;2,3,3,0,6;-2,3,3,6,0;1,5,1,0,6;1,5,1,1,5 || F 1,0,0,0,1;1,0,0,1,0 | -1,0,4,5,0;2,2,2,0,5;-2,2,2,1,4;2,2,2,2,3;-2,2,2,3,2;2,2,2,4,1;-2,2,2,5,0;1,4,0,0,5 || CORE -1,0,4,5,0;2,2,2,0,5;-2,2,2,1,4;2,2,2,2,3;-2,2,2,3,2;2,2,2,4,1;-2,2,2,5,0;1,4,0,0,5 | unit
REL 2,-1 10,2 16,-1 | -2,1,5,3,3;1,1,5,6,0;1,3,3,0,6;-1,3,3,6,0;-1,5,1,0,6;2,5,1,3,3 || F 1,0,1,0,0;1,1,0,0,0 | -2,0,3,3,3;1,0,3,6,0;2,1,2,3,3;-1,1,2,6,0;1,2,1,0,6;-2,2,1,3,3;-1,3,0,0,6;2,3,0,3,3 ## F -1,0,1,0,0;1,1,0,0,0 | 2,0,2,3,3;-1,0,2,6,0;-1,2,0,0,6;2,2,0,3,3 || CORE 2,0,2,3,3;-1,0,2,6,0;-1,2,0,0,6;2,2,0,3,3 | unit
REL 2,-1 7,2 8,-1 | 1,2,4,0,6;-2,2,4,5,1;1,3,3,0,6;-1,3,3,6,0;2,4,2,1,5;-1,4,2,6,0 ||  || CORE 1,0,2,0,6;-2,0,2,5,1;1,1,1,0,6;-1,1,1,6,0;2,2,0,1,5;-1,2,0,6,0 | live
REL 3,-2 15,-1 16,-1 | 1,1,5,0,6;1,1,5,6,0;2,2,4,3,3;-2,4,2,3,3;-1,5,1,0,6;-1,5,1,6,0 || F 1,0,1,0,0;1,1,0,0,0 | 1,0,3,0,6;1,0,3,6,0;-1,1,2,0,6;2,1,2,3,3;-1,1,2,6,0;1,2,1,0,6;-2,2,1,3,3;1,2,1,6,0;-1,3,0,0,6;-1,3,0,6,0 ## F -1,0,1,0,0;1,1,0,0,0 | -1,0,2,0,6;-1,0,2,6,0;-2,1,1,3,3;-1,2,0,0,6;-1,2,0,6,0 || CORE -1,0,2,0,6;-1,0,2,6,0;-2,1,1,3,3;-1,2,0,0,6;-1,2,0,6,0 | live
REL 2,-2 13,1 16,1 | -1,1,5,1,5;-1,1,5,6,0;2,3,3,0,6;-2,3,3,6,0;1,5,1,0,6;1,5,1,5,1 || F 1,0,0,0,1;1,0,0,1,0 | -1,0,4,1,4;1,0,4,2,3;-1,0,4,3,2;1,0,4,4,1;-1,0,4,5,0;2,2,2,0,5;-2,2,2,1,4;2,2,2,2,3;-2,2,2,3,2;2,2,2,4,1;-2,2,2,5,0;1,4,0,0,5;-1,4,0,1,4;1,4,0,2,3;-1,4,0,3,2;1,4,0,4,1 || CORE -1,0,4,1,4;1,0,4,2,3;-1,0,4,3,2;1,0,4,4,1;-1,0,4,5,0;2,2,2,0,5;-2,2,2,1,4;2,2,2,2,3;-2,2,2,3,2;2,2,2,4,1;-2,2,2,5,0;1,4,0,0,5;-1,4,0,1,4;1,4,0,2,3;-1,4,0,3,2;1,4,0,4,1 | live
REL 2,-2 7,1 8,-1 | 1,2,4,0,6;-1,2,4,5,1;2,3,3,0,6;-2,3,3,6,0;1,4,2,1,5;-1,4,2,6,0 || F -1,0,0,0,1;1,0,0,1,0 | -1,0,2,0,5;-1,0,2,1,4;-1,0,2,2,3;-1,0,2,3,2;-1,0,2,4,1;-2,1,1,0,5;-2,1,1,1,4;-2,1,1,2,3;-2,1,1,3,2;-2,1,1,4,1;-2,1,1,5,0;-1,2,0,1,4;-1,2,0,2,3;-1,2,0,3,2;-1,2,0,4,1;-1,2,0,5,0 || CORE -1,0,2,0,5;-1,0,2,1,4;-1,0,2,2,3;-1,0,2,3,2;-1,0,2,4,1;-2,1,1,0,5;-2,1,1,1,4;-2,1,1,2,3;-2,1,1,3,2;-2,1,1,4,1;-2,1,1,5,0;-1,2,0,1,4;-1,2,0,2,3;-1,2,0,3,2;-1,2,0,4,1;-1,2,0,5,0 | live
REL 16,-1 22,2 23,-1 | -2,0,6,0,6;1,0,6,6,0;1,1,5,6,0;-1,5,1,0,6;-1,6,0,0,6;2,6,0,6,0 ||  || CORE -2,0,6,0,6;1,0,6,6,0;1,1,5,6,0;-1,5,1,0,6;-1,6,0,0,6;2,6,0,6,0 | live
REL 1,-1 13,-1 14,-2 | 1,1,5,1,5;2,1,5,5,1;1,3,3,1,5;-1,3,3,5,1;-2,5,1,1,5;-1,5,1,5,1 || F 1,0,1,0,0;1,1,0,0,0 | 1,0,3,0,4;2,0,3,4,0;-1,1,2,0,4;-2,1,2,4,0;2,2,1,0,4;1,2,1,4,0;-2,3,0,0,4;-1,3,0,4,0 ## F -1,0,1,0,0;1,1,0,0,0 | -1,0,2,0,4;-2,0,2,4,0;-2,2,0,0,4;-1,2,0,4,0 || CORE -1,0,2,0,4;-2,0,2,4,0;-2,2,0,0,4;-1,2,0,4,0 | live
REL 7,-1 12,1 13,2 | -2,1,5,1,5;-1,1,5,4,2;1,2,4,5,1;-1,4,2,1,5;1,5,1,2,4;2,5,1,5,1 ||  || CORE -2,0,4,0,4;-1,0,4,3,1;1,1,3,4,0;-1,3,1,0,4;1,4,0,1,3;2,4,0,4,0 | live
REL 4,-2 15,1 16,-1 | -1,1,5,0,6;1,1,5,6,0;2,2,4,2,4;-2,4,2,4,2;-1,5,1,0,6;1,5,1,6,0 ||  || CORE -1,0,4,0,6;1,0,4,6,0;2,1,3,2,4;-2,3,1,4,2;-1,4,0,0,6;1,4,0,6,0 | live
REL 0,-2 17,1 19,1 | -1,0,6,3,3;-1,0,6,4,2;2,3,3,2,4;-2,3,3,4,2;1,6,0,2,4;1,6,0,3,3 || F 1,0,0,0,1;1,0,0,1,0 | -1,0,6,1,0;2,3,3,0,1;-2,3,3,1,0;1,6,0,0,1 || CORE -1,0,6,1,0;2,3,3,0,1;-2,3,3,1,0;1,6,0,0,1 | unit
REL 3,-1 8,1 9,2 | -1,2,4,0,6;1,2,4,3,3;-2,2,4,6,0;2,4,2,0,6;-1,4,2,3,3;1,4,2,6,0 ||  || CORE -1,0,2,0,6;1,0,2,3,3;-2,0,2,6,0;2,2,0,0,6;-1,2,0,3,3;1,2,0,6,0 | live
REL 2,-2 18,1 23,1 | -1,0,6,2,4;-1,0,6,6,0;2,3,3,0,6;-2,3,3,6,0;1,6,0,0,6;1,6,0,4,2 ||  || CORE -1,0,6,2,4;-1,0,6,6,0;2,3,3,0,6;-2,3,3,6,0;1,6,0,0,6;1,6,0,4,2 | live
REL 2,-1 15,-2 16,-1 | 2,1,5,0,6;1,1,5,6,0;1,3,3,0,6;-1,3,3,6,0;-1,5,1,0,6;-2,5,1,6,0 || F 1,0,2,0,0;1,2,0,0,0 | 2,0,2,0,6;1,0,2,6,0;-1,2,0,0,6;-2,2,0,6,0 || CORE 2,0,2,0,6;1,0,2,6,0;-1,2,0,0,6;-2,2,0,6,0 | live
REL 11,-2 22,-1 23,-1 | 1,0,6,0,6;1,0,6,6,0;2,1,5,2,4;-2,5,1,4,2;-1,6,0,0,6;-1,6,0,6,0 ||  || CORE 1,0,6,0,6;1,0,6,6,0;2,1,5,2,4;-2,5,1,4,2;-1,6,0,0,6;-1,6,0,6,0 | live
REL 3,-1 4,1 5,-2 | -1,2,4,2,4;1,2,4,3,3;2,2,4,4,2;-2,4,2,2,4;-1,4,2,3,3;1,4,2,4,2 || F 1,0,0,0,1;1,0,0,1,0 | -1,0,2,0,1;2,0,2,1,0;-2,2,0,0,1;1,2,0,1,0 || CORE -1,0,2,0,1;2,0,2,1,0;-2,2,0,0,1;1,2,0,1,0 | live
REL 1,-1 13,2 14,1 | -2,1,5,1,5;-1,1,5,5,1;1,3,3,1,5;-1,3,3,5,1;1,5,1,1,5;2,5,1,5,1 || F 1,0,1,0,0;1,1,0,0,0 | -2,0,3,0,4;-1,0,3,4,0;2,1,2,0,4;1,1,2,4,0;-1,2,1,0,4;-2,2,1,4,0;1,3,0,0,4;2,3,0,4,0 ## F -1,0,1,0,0;1,1,0,0,0 | 2,0,2,0,4;1,0,2,4,0;1,2,0,0,4;2,2,0,4,0 || CORE 2,0,2,0,4;1,0,2,4,0;1,2,0,0,4;2,2,0,4,0 | live
REL 6,-1 10,2 14,1 | -2,1,5,3,3;-1,1,5,5,1;1,2,4,1,5;-1,4,2,5,1;1,5,1,1,5;2,5,1,3,3 || F 1,0,1,0,0;1,1,0,0,0 | -2,0,3,2,2;-1,0,3,4,0;1,1,2,0,4;2,1,2,2,2;1,1,2,4,0;-1,2,1,0,4;-2,2,1,2,2;-1,2,1,4,0;1,3,0,0,4;2,3,0,2,2 || CORE -2,0,3,2,2;-1,0,3,4,0;1,1,2,0,4;2,1,2,2,2;1,1,2,4,0;-1,2,1,0,4;-2,2,1,2,2;-1,2,1,4,0;1,3,0,0,4;2,3,0,2,2 | live
REL 12,-2 13,1 14,1 | -1,1,5,1,5;2,1,5,4,2;-1,1,5,5,1;1,5,1,1,5;-2,5,1,2,4;1,5,1,5,1 || F -1,0,0,0,1;1,0,0,1,0 | 1,0,4,0,3;1,0,4,1,2;1,0,4,2,1;-1,0,4,3,0;-1,4,0,0,3;1,4,0,1,2;1,4,0,2,1;1,4,0,3,0 || CORE 1,0,4,0,3;1,0,4,1,2;1,0,4,2,1;-1,0,4,3,0;-1,4,0,0,3;1,4,0,1,2;1,4,0,2,1;1,4,0,3,0 | live
REL 2,-2 18,1 22,-1 | 1,0,6,0,6;-1,0,6,2,4;2,3,3,0,6;-2,3,3,6,0;1,6,0,4,2;-1,6,0,6,0 || F 1,0,0,0,1;1,0,0,1,0 | 1,0,6,0,5;-1,0,6,1,4;2,3,3,0,5;-2,3,3,1,4;2,3,3,2,3;-2,3,3,3,2;2,3,3,4,1;-2,3,3,5,0;1,6,0,4,1;-1,6,0,5,0 ## F -1,0,0,0,1;1,0,0,1,0 | -1,0,6,0,4;-2,3,3,0,4;-2,3,3,2,2;-2,3,3,4,0;-1,6,0,4,0 || CORE -1,0,6,0,4;-2,3,3,0,4;-2,3,3,2,2;-2,3,3,4,0;-1,6,0,4,0 | unit
REL 2,-1 18,2 23,1 | -2,0,6,2,4;-1,0,6,6,0;1,3,3,0,6;-1,3,3,6,0;1,6,0,0,6;2,6,0,4,2 ||  || CORE -2,0,6,2,4;-1,0,6,6,0;1,3,3,0,6;-1,3,3,6,0;1,6,0,0,6;2,6,0,4,2 | live
REL 1,-2 6,1 7,-1 | -1,2,4,1,5;1,2,4,5,1;2,3,3,1,5;-2,3,3,5,1;-1,4,2,1,5;1,4,2,5,1 || F 1,0,0,0,1;1,0,0,1,0 | -1,0,2,0,3;1,0,2,1,2;-1,0,2,2,1;1,0,2,3,0;2,1,1,0,3;-2,1,1,1,2;2,1,1,2,1;-2,1,1,3,0;-1,2,0,0,3;1,2,0,1,2;-1,2,0,2,1;1,2,0,3,0 ## F -1,0,1,0,0;1,1,0,0,0 | 1,0,1,0,3;-1,0,1,1,2;1,0,1,2,1;-1,0,1,3,0;-1,1,0,0,3;1,1,0,1,2;-1,1,0,2,1;1,1,0,3,0 ## F -1,0,0,0,1;1,0,0,1,0 | -1,0,1,0,2;-1,0,1,2,0;1,1,0,0,2;1,1,0,2,0 ## F 1,0,0,0,2;1,0,0,2,0 | -1,0,1,0,0;1,1,0,0,0 ## F -1,0,1,0,0;1,1,0,0,0 | 1,0,0,0,0 || CORE 1,0,0,0,0 | monomial
REL 13,-1 18,-2 20,-1 | 1,0,6,1,5;2,0,6,2,4;1,1,5,1,5;-1,5,1,5,1;-2,6,0,4,2;-1,6,0,5,1 ||  || CORE 1,0,6,0,4;2,0,6,1,3;1,1,5,0,4;-1,5,1,4,0;-2,6,0,3,1;-1,6,0,4,0 | live
REL 9,-1 21,1 22,-2 | 2,0,6,0,6;-1,0,6,5,1;1,2,4,6,0;-1,4,2,0,6;1,6,0,1,5;-2,6,0,6,0 ||  || CORE 2,0,6,0,6;-1,0,6,5,1;1,2,4,6,0;-1,4,2,0,6;1,6,0,1,5;-2,6,0,6,0 | live
REL 1,-1 12,1 13,2 | -2,1,5,1,5;-1,1,5,4,2;1,3,3,1,5;-1,3,3,5,1;1,5,1,2,4;2,5,1,5,1 ||  || CORE -2,0,4,0,4;-1,0,4,3,1;1,2,2,0,4;-1,2,2,4,0;1,4,0,1,3;2,4,0,4,0 | live
REL 11,-1 18,-2 19,-1 | 2,0,6,2,4;1,0,6,4,2;1,1,5,2,4;-1,5,1,4,2;-1,6,0,2,4;-2,6,0,4,2 || F 1,0,1,0,0;1,1,0,0,0 | 2,0,5,0,2;1,0,5,2,0;-1,1,4,0,2;-1,1,4,2,0;1,2,3,0,2;1,2,3,2,0;-1,3,2,0,2;-1,3,2,2,0;1,4,1,0,2;1,4,1,2,0;-1,5,0,0,2;-2,5,0,2,0 || CORE 2,0,5,0,2;1,0,5,2,0;-1,1,4,0,2;-1,1,4,2,0;1,2,3,0,2;1,2,3,2,0;-1,3,2,0,2;-1,3,2,2,0;1,4,1,0,2;1,4,1,2,0;-1,5,0,0,2;-2,5,0,2,0 | live
REL 10,-1 11,-1 12,2 | 1,1,5,2,4;1,1,5,3,3;-2,1,5,4,2;2,5,1,2,4;-1,5,1,3,3;-1,5,1,4,2 || F -1,0,0,0,1;1,0,0,1,0 | -1,0,4,0,1;-2,0,4,1,0;-2,4,0,0,1;-1,4,0,1,0 || CORE -1,0,4,0,1;-2,0,4,1,0;-2,4,0,0,1;-1,4,0,1,0 | live
REL 2,-2 6,1 8,1 | -1,2,4,0,6;-1,2,4,1,5;2,3,3,0,6;-2,3,3,6,0;1,4,2,5,1;1,4,2,6,0 || F 1,0,0,0,1;1,0,0,1,0 | -1,0,2,0,5;2,1,1,0,5;-2,1,1,1,4;2,1,1,2,3;-2,1,1,3,2;2,1,1,4,1;-2,1,1,5,0;1,2,0,5,0 || CORE -1,0,2,0,5;2,1,1,0,5;-2,1,1,1,4;2,1,1,2,3;-2,1,1,3,2;2,1,1,4,1;-2,1,1,5,0;1,2,0,5,0 | unit
REL 2,-1 21,-2 23,1 | 2,0,6,5,1;-1,0,6,6,0;1,3,3,0,6;-1,3,3,6,0;1,6,0,0,6;-2,6,0,1,5 ||  || CORE 2,0,6,5,1;-1,0,6,6,0;1,3,3,0,6;-1,3,3,6,0;1,6,0,0,6;-2,6,0,1,5 | live
REL 16,-1 17,-1 22,2 | -2,0,6,0,6;1,0,6,3,3;1,1,5,6,0;-1,5,1,0,6;-1,6,0,3,3;2,6,0,6,0 ||  || CORE -2,0,6,0,6;1,0,6,3,3;1,1,5,6,0;-1,5,1,0,6;-1,6,0,3,3;2,6,0,6,0 | live
REL 8,-1 11,-2 15,-1 | 1,1,5,0,6;2,1,5,2,4;1,2,4,0,6;-1,4,2,6,0;-2,5,1,4,2;-1,5,1,6,0 ||  || CORE 1,0,4,0,6;2,0,4,2,4;1,1,3,0,6;-1,3,1,6,0;-2,4,0,4,2;-1,4,0,6,0 | live
REL 2,-1 10,1 15,-2 | 2,1,5,0,6;-1,1,5,3,3;1,3,3,0,6;-1,3,3,6,0;1,5,1,3,3;-2,5,1,6,0 ||  || CORE 2,0,4,0,6;-1,0,4,3,3;1,2,2,0,6;-1,2,2,6,0;1,4,0,3,3;-2,4,0,6,0 | live
REL 11,-1 17,-1 18,2 | -2,0,6,2,4;1,0,6,3,3;1,1,5,2,4;-1,5,1,4,2;-1,6,0,3,3;2,6,0,4,2 ||  || CORE -2,0,6,0,2;1,0,6,1,1;1,1,5,0,2;-1,5,1,2,0;-1,6,0,1,1;2,6,0,2,0 | live
REL 8,-1 12,1 16,2 | -1,1,5,4,2;-2,1,5,6,0;1,2,4,0,6;-1,4,2,6,0;2,5,1,0,6;1,5,1,2,4 ||  || CORE -1,0,4,4,2;-2,0,4,6,0;1,1,3,0,6;-1,3,1,6,0;2,4,0,0,6;1,4,0,2,4 | live
REL 6,-2 17,-1 20,-1 | 1,0,6,1,5;1,0,6,3,3;2,2,4,1,5;-2,4,2,5,1;-1,6,0,3,3;-1,6,0,5,1 ||  || CORE 1,0,6,0,4;1,0,6,2,2;2,2,4,0,4;-2,4,2,4,0;-1,6,0,2,2;-1,6,0,4,0 | live
REL 6,-1 17,1 21,2 | -1,0,6,3,3;-2,0,6,5,1;1,2,4,1,5;-1,4,2,5,1;2,6,0,1,5;1,6,0,3,3 ||  || CORE -1,0,6,2,2;-2,0,6,4,0;1,2,4,0,4;-1,4,2,4,0;2,6,0,0,4;1,6,0,2,2 | live
REL 2,-2 8,-1 9,-1 | 1,2,4,0,6;1,2,4,6,0;2,3,3,0,6;-2,3,3,6,0;-1,4,2,0,6;-1,4,2,6,0 ||  || CORE 1,0,2,0,6;1,0,2,6,0;2,1,1,0,6;-2,1,1,6,0;-1,2,0,0,6;-1,2,0,6,0 | live
REL 1,-1 6,-2 7,1 | 2,2,4,1,5;-1,2,4,5,1;1,3,3,1,5;-1,3,3,5,1;1,4,2,1,5;-2,4,2,5,1 ||  || CORE 2,0,2,0,4;-1,0,2,4,0;1,1,1,0,4;-1,1,1,4,0;1,2,0,0,4;-2,2,0,4,0 | live
REL 19,-2 22,-1 23,-1 | 1,0,6,0,6;2,0,6,4,2;1,0,6,6,0;-1,6,0,0,6;-2,6,0,2,4;-1,6,0,6,0 ||  || CORE 1,0,6,0,6;2,0,6,4,2;1,0,6,6,0;-1,6,0,0,6;-2,6,0,2,4;-1,6,0,6,0 | live
REL 7,-1 19,2 20,1 | -1,0,6,1,5;-2,0,6,4,2;1,2,4,5,1;-1,4,2,1,5;2,6,0,2,4;1,6,0,5,1 ||  || CORE -1,0,6,0,4;-2,0,6,3,1;1,2,4,4,0;-1,4,2,0,4;2,6,0,1,3;1,6,0,4,0 | live
REL 2,-2 17,1 23,-1 | -1,0,6,3,3;1,0,6,6,0;2,3,3,0,6;-2,3,3,6,0;-1,6,0,0,6;1,6,0,3,3 || F -1,0,0,0,1;1,0,0,1,0 | 1,0,6,3,2;1,0,6,4,1;1,0,6,5,0;-2,3,3,0,5;-2,3,3,1,4;-2,3,3,2,3;-2,3,3,3,2;-2,3,3,4,1;-2,3,3,5,0;1,6,0,0,5;1,6,0,1,4;1,6,0,2,3 ## F 1,0,0,0,2;1,0,0,1,1;1,0,0,2,0 | 1,0,6,3,0;-2,3,3,0,3;-2,3,3,3,0;1,6,0,0,3 || CORE 1,0,6,3,0;-2,3,3,0,3;-2,3,3,3,0;1,6,0,0,3 | unit
REL 5,-2 13,-1 14,1 | 1,1,5,1,5;-1,1,5,5,1;2,2,4,4,2;-2,4,2,2,4;1,5,1,1,5;-1,5,1,5,1 ||  || CORE 1,0,4,0,4;-1,0,4,4,0;2,1,3,3,1;-2,3,1,1,3;1,4,0,0,4;-1,4,0,4,0 | live
REL 8,-1 10,-1 16,-2 | 1,1,5,3,3;2,1,5,6,0;1,2,4,0,6;-1,4,2,6,0;-2,5,1,0,6;-1,5,1,3,3 ||  || CORE 1,0,4,3,3;2,0,4,6,0;1,1,3,0,6;-1,3,1,6,0;-2,4,0,0,6;-1,4,0,3,3 | live
REL 9,-2 12,-1 15,1 | -1,1,5,0,6;1,1,5,4,2;2,2,4,6,0;-2,4,2,0,6;-1,5,1,2,4;1,5,1,6,0 ||  || CORE -1,0,4,0,6;1,0,4,4,2;2,1,3,6,0;-2,3,1,0,6;-1,4,0,2,4;1,4,0,6,0 | live
REL 15,-2 17,1 23,1 | -1,0,6,3,3;-1,0,6,6,0;2,1,5,0,6;-2,5,1,6,0;1,6,0,0,6;1,6,0,3,3 ||  || CORE -1,0,6,3,3;-1,0,6,6,0;2,1,5,0,6;-2,5,1,6,0;1,6,0,0,6;1,6,0,3,3 | live
REL 2,-2 14,-1 16,1 | 1,1,5,5,1;-1,1,5,6,0;2,3,3,0,6;-2,3,3,6,0;1,5,1,0,6;-1,5,1,1,5 || F -1,0,0,0,1;1,0,0,1,0 | -1,0,4,5,0;-2,2,2,0,5;-2,2,2,1,4;-2,2,2,2,3;-2,2,2,3,2;-2,2,2,4,1;-2,2,2,5,0;-1,4,0,0,5 || CORE -1,0,4,5,0;-2,2,2,0,5;-2,2,2,1,4;-2,2,2,2,3;-2,2,2,3,2;-2,2,2,4,1;-2,2,2,5,0;-1,4,0,0,5 | unit
REL 1,-2 10,1 14,-1 | -1,1,5,3,3;1,1,5,5,1;2,3,3,1,5;-2,3,3,5,1;-1,5,1,1,5;1,5,1,3,3 || F 1,0,0,0,1;1,0,0,1,0 | -1,0,4,2,1;1,0,4,3,0;2,2,2,0,3;-2,2,2,1,2;2,2,2,2,1;-2,2,2,3,0;-1,4,0,0,3;1,4,0,1,2 ## F -1,0,0,0,1;1,0,0,1,0 | 1,0,4,2,0;-2,2,2,0,2;-2,2,2,2,0;1,4,0,0,2 || CORE 1,0,4,2,0;-2,2,2,0,2;-2,2,2,2,0;1,4,0,0,2 | unit
REL 5,-1 8,2 9,-1 | -2,2,4,0,6;1,2,4,4,2;1,2,4,6,0;-1,4,2,0,6;-1,4,2,2,4;2,4,2,6,0 || F 1,0,0,0,1;1,0,0,1,0 | -2,0,2,0,5;2,0,2,1,4;-2,0,2,2,3;2,0,2,3,2;-1,0,2,4,1;1,0,2,5,0;-1,2,0,0,5;1,2,0,1,4;-2,2,0,2,3;2,2,0,3,2;-2,2,0,4,1;2,2,0,5,0 ## F -1,0,0,0,1;1,0,0,1,0 | 2,0,2,0,4;2,0,2,2,2;1,0,2,4,0;1,2,0,0,4;2,2,0,2,2;2,2,0,4,0 || CORE 2,0,2,0,4;2,0,2,2,2;1,0,2,4,0;1,2,0,0,4;2,2,0,2,2;2,2,0,4,0 | live
REL 16,-2 22,-1 23,-1 | 1,0,6,0,6;1,0,6,6,0;2,1,5,6,0;-2,5,1,0,6;-1,6,0,0,6;-1,6,0,6,0 ||  || CORE 1,0,6,0,6;1,0,6,6,0;2,1,5,6,0;-2,5,1,0,6;-1,6,0,0,6;-1,6,0,6,0 | live
REL 11,-1 18,1 19,-2 | -1,0,6,2,4;2,0,6,4,2;1,1,5,2,4;-1,5,1,4,2;-2,6,0,2,4;1,6,0,4,2 ||  || CORE -1,0,6,0,2;2,0,6,2,0;1,1,5,0,2;-1,5,1,2,0;-2,6,0,0,2;1,6,0,2,0 | live
REL 20,-1 22,-2 23,-1 | 2,0,6,0,6;1,0,6,1,5;1,0,6,6,0;-1,6,0,0,6;-1,6,0,5,1;-2,6,0,6,0 ||  || CORE 2,0,6,0,6;1,0,6,1,5;1,0,6,6,0;-1,6,0,0,6;-1,6,0,5,1;-2,6,0,6,0 | live
REL 9,-2 17,1 23,1 | -1,0,6,3,3;-1,0,6,6,0;2,2,4,6,0;-2,4,2,0,6;1,6,0,0,6;1,6,0,3,3 ||  || CORE -1,0,6,3,3;-1,0,6,6,0;2,2,4,6,0;-2,4,2,0,6;1,6,0,0,6;1,6,0,3,3 | live
REL 2,-1 7,1 9,-2 | -1,2,4,5,1;2,2,4,6,0;1,3,3,0,6;-1,3,3,6,0;-2,4,2,0,6;1,4,2,1,5 ||  || CORE -1,0,2,5,1;2,0,2,6,0;1,1,1,0,6;-1,1,1,6,0;-2,2,0,0,6;1,2,0,1,5 | live
REL 6,-1 10,-2 13,-1 | 1,1,5,1,5;2,1,5,3,3;1,2,4,1,5;-1,4,2,5,1;-2,5,1,3,3;-1,5,1,5,1 || F 1,0,1,0,0;1,1,0,0,0 | 1,0,3,0,4;2,0,3,2,2;-2,1,2,2,2;2,2,1,2,2;-2,3,0,2,2;-1,3,0,4,0 || CORE 1,0,3,0,4;2,0,3,2,2;-2,1,2,2,2;2,2,1,2,2;-2,3,0,2,2;-1,3,0,4,0 | unit
REL 8,-1 18,1 23,2 | -1,0,6,2,4;-2,0,6,6,0;1,2,4,0,6;-1,4,2,6,0;2,6,0,0,6;1,6,0,4,2 ||  || CORE -1,0,6,2,4;-2,0,6,6,0;1,2,4,0,6;-1,4,2,6,0;2,6,0,0,6;1,6,0,4,2 | live
REL 8,-1 18,2 23,-1 | -2,0,6,2,4;1,0,6,6,0;1,2,4,0,6;-1,4,2,6,0;-1,6,0,0,6;2,6,0,4,2 ||  || CORE -2,0,6,2,4;1,0,6,6,0;1,2,4,0,6;-1,4,2,6,0;-1,6,0,0,6;2,6,0,4,2 | live
REL 10,-1 15,-1 16,2 | 1,1,5,0,6;1,1,5,3,3;-2,1,5,6,0;2,5,1,0,6;-1,5,1,3,3;-1,5,1,6,0 || F -1,0,0,0,1;1,0,0,1,0 | -1,0,4,0,5;-1,0,4,1,4;-1,0,4,2,3;-2,0,4,3,2;-2,0,4,4,1;-2,0,4,5,0;-2,4,0,0,5;-2,4,0,1,4;-2,4,0,2,3;-1,4,0,3,2;-1,4,0,4,1;-1,4,0,5,0 ## F 1,0,0,0,2;1,0,0,1,1;1,0,0,2,0 | -1,0,4,0,3;-2,0,4,3,0;-2,4,0,0,3;-1,4,0,3,0 || CORE -1,0,4,0,3;-2,0,4,3,0;-2,4,0,0,3;-1,4,0,3,0 | live
REL 13,-1 18,1 21,-2 | -1,0,6,2,4;2,0,6,5,1;1,1,5,1,5;-1,5,1,5,1;-2,6,0,1,5;1,6,0,4,2 ||  || CORE -1,0,6,1,3;2,0,6,4,0;1,1,5,0,4;-1,5,1,4,0;-2,6,0,0,4;1,6,0,3,1 | live
REL 16,-1 17,-1 23,-2 | 1,0,6,3,3;2,0,6,6,0;1,1,5,6,0;-1,5,1,0,6;-2,6,0,0,6;-1,6,0,3,3 ||  || CORE 1,0,6,3,3;2,0,6,6,0;1,1,5,6,0;-1,5,1,0,6;-2,6,0,0,6;-1,6,0,3,3 | live
REL 5,-2 20,-1 21,1 | 1,0,6,1,5;-1,0,6,5,1;2,2,4,4,2;-2,4,2,2,4;1,6,0,1,5;-1,6,0,5,1 ||  || CORE 1,0,6,0,4;-1,0,6,4,0;2,2,4,3,1;-2,4,2,1,3;1,6,0,0,4;-1,6,0,4,0 | live
REL 5,-1 10,2 11,-1 | 1,1,5,2,4;-2,1,5,3,3;1,2,4,4,2;-1,4,2,2,4;2,5,1,3,3;-1,5,1,4,2 || F -1,0,1,0,0;1,1,0,0,0 | -1,0,3,0,2;2,0,3,1,1;-1,1,2,0,2;2,1,2,1,1;-1,1,2,2,0;-1,2,1,0,2;2,2,1,1,1;-1,2,1,2,0;2,3,0,1,1;-1,3,0,2,0 || CORE -1,0,3,0,2;2,0,3,1,1;-1,1,2,0,2;2,1,2,1,1;-1,1,2,2,0;-1,2,1,0,2;2,2,1,1,1;-1,2,1,2,0;2,3,0,1,1;-1,3,0,2,0 | live
REL 6,-1 11,-2 13,1 | -1,1,5,1,5;2,1,5,2,4;1,2,4,1,5;-1,4,2,5,1;-2,5,1,4,2;1,5,1,5,1 ||  || CORE -1,0,4,0,4;2,0,4,1,3;1,1,3,0,4;-1,3,1,4,0;-2,4,0,3,1;1,4,0,4,0 | live
REL 16,-1 17,-2 22,1 | -1,0,6,0,6;2,0,6,3,3;1,1,5,6,0;-1,5,1,0,6;-2,6,0,3,3;1,6,0,6,0 || F 1,0,1,0,0;1,1,0,0,0 | -1,0,5,0,6;2,0,5,3,3;1,1,4,0,6;-2,1,4,3,3;1,1,4,6,0;-1,2,3,0,6;2,2,3,3,3;-1,2,3,6,0;1,3,2,0,6;-2,3,2,3,3;1,3,2,6,0;-1,4,1,0,6;2,4,1,3,3;-1,4,1,6,0;-2,5,0,3,3;1,5,0,6,0 || CORE -1,0,5,0,6;2,0,5,3,3;1,1,4,0,6;-2,1,4,3,3;1,1,4,6,0;-1,2,3,0,6;2,2,3,3,3;-1,2,3,6,0;1,3,2,0,6;-2,3,2,3,3;1,3,2,6,0;-1,4,1,0,6;2,4,1,3,3;-1,4,1,6,0;-2,5,0,3,3;1,5,0,6,0 | live
REL 6,-2 20,1 21,-1 | -1,0,6,1,5;1,0,6,5,1;2,2,4,1,5;-2,4,2,5,1;-1,6,0,1,5;1,6,0,5,1 || F 1,0,1,0,0;1,1,0,0,0 | -1,0,5,0,4;1,0,5,4,0;1,1,4,0,4;-1,1,4,4,0;1,2,3,0,4;1,2,3,4,0;-1,3,2,0,4;-1,3,2,4,0;1,4,1,0,4;-1,4,1,4,0;-1,5,0,0,4;1,5,0,4,0 ## F -1,0,1,0,0;1,1,0,0,0 | 1,0,4,0,4;-1,0,4,4,0;-1,2,2,0,4;-1,2,2,4,0;-1,4,0,0,4;1,4,0,4,0 || CORE 1,0,4,0,4;-1,0,4,4,0;-1,2,2,0,4;-1,2,2,4,0;-1,4,0,0,4;1,4,0,4,0 | live
REL 8,-1 12,-1 16,2 | 1,1,5,4,2;-2,1,5,6,0;1,2,4,0,6;-1,4,2,6,0;2,5,1,0,6;-1,5,1,2,4 ||  || CORE 1,0,4,4,2;-2,0,4,6,0;1,1,3,0,6;-1,3,1,6,0;2,4,0,0,6;-1,4,0,2,4 | live
REL 2,-1 6,1 9,-2 | -1,2,4,1,5;2,2,4,6,0;1,3,3,0,6;-1,3,3,6,0;-2,4,2,0,6;1,4,2,5,1 ||  || CORE -1,0,2,1,5;2,0,2,6,0;1,1,1,0,6;-1,1,1,6,0;-2,2,0,0,6;1,2,0,5,1 | live
REL 1,-1 18,2 21,-1 | -2,0,6,2,4;1,0,6,5,1;1,3,3,1,5;-1,3,3,5,1;-1,6,0,1,5;2,6,0,4,2 ||  || CORE -2,0,6,1,3;1,0,6,4,0;1,3,3,0,4;-1,3,3,4,0;-1,6,0,0,4;2,6,0,3,1 | live
REL 12,-1 18,2 19,1 | -2,0,6,2,4;-1,0,6,4,2;1,1,5,4,2;-1,5,1,2,4;1,6,0,2,4;2,6,0,4,2 || F 1,0,1,0,0;1,1,0,0,0 | -2,0,5,0,2;-1,0,5,2,0;2,1,4,0,2;2,1,4,2,0;-2,2,3,0,2;-2,2,3,2,0;2,3,2,0,2;2,3,2,2,0;-2,4,1,0,2;-2,4,1,2,0;1,5,0,0,2;2,5,0,2,0 || CORE -2,0,5,0,2;-1,0,5,2,0;2,1,4,0,2;2,1,4,2,0;-2,2,3,0,2;-2,2,3,2,0;2,3,2,0,2;2,3,2,2,0;-2,4,1,0,2;-2,4,1,2,0;1,5,0,0,2;2,5,0,2,0 | live
REL 9,-1 22,2 23,1 | -2,0,6,0,6;-1,0,6,6,0;1,2,4,6,0;-1,4,2,0,6;1,6,0,0,6;2,6,0,6,0 ||  || CORE -2,0,6,0,6;-1,0,6,6,0;1,2,4,6,0;-1,4,2,0,6;1,6,0,0,6;2,6,0,6,0 | live
REL 8,-1 17,-1 23,2 | 1,0,6,3,3;-2,0,6,6,0;1,2,4,0,6;-1,4,2,6,0;2,6,0,0,6;-1,6,0,3,3 ||  || CORE 1,0,6,3,3;-2,0,6,6,0;1,2,4,0,6;-1,4,2,6,0;2,6,0,0,6;-1,6,0,3,3 | live
REL 16,-2 17,-1 23,1 | 1,0,6,3,3;-1,0,6,6,0;2,1,5,6,0;-2,5,1,0,6;1,6,0,0,6;-1,6,0,3,3 ||  || CORE 1,0,6,3,3;-1,0,6,6,0;2,1,5,6,0;-2,5,1,0,6;1,6,0,0,6;-1,6,0,3,3 | live
REL 9,-1 20,2 23,1 | -2,0,6,1,5;-1,0,6,6,0;1,2,4,6,0;-1,4,2,0,6;1,6,0,0,6;2,6,0,5,1 ||  || CORE -2,0,6,1,5;-1,0,6,6,0;1,2,4,6,0;-1,4,2,0,6;1,6,0,0,6;2,6,0,5,1 | live
REL 13,-1 15,-1 16,-2 | 1,1,5,0,6;1,1,5,1,5;2,1,5,6,0;-2,5,1,0,6;-1,5,1,5,1;-1,5,1,6,0 ||  || CORE 1,0,4,0,6;1,0,4,1,5;2,0,4,6,0;-2,4,0,0,6;-1,4,0,5,1;-1,4,0,6,0 | live
REL 1,-1 12,1 14,2 | -1,1,5,4,2;-2,1,5,5,1;1,3,3,1,5;-1,3,3,5,1;2,5,1,1,5;1,5,1,2,4 ||  || CORE -1,0,4,3,1;-2,0,4,4,0;1,2,2,0,4;-1,2,2,4,0;2,4,0,0,4;1,4,0,1,3 | live
REL 5,-2 18,-1 19,1 | 1,0,6,2,4;-1,0,6,4,2;2,2,4,4,2;-2,4,2,2,4;1,6,0,2,4;-1,6,0,4,2 || F 1,0,1,0,0;1,1,0,0,0 | 1,0,5,0,2;-1,0,5,2,0;-1,1,4,0,2;1,1,4,2,0;1,2,3,0,2;1,2,3,2,0;-1,3,2,0,2;-1,3,2,2,0;-1,4,1,0,2;1,4,1,2,0;1,5,0,0,2;-1,5,0,2,0 ## F -1,0,1,0,0;1,1,0,0,0 | -1,0,4,0,2;1,0,4,2,0;-1,2,2,0,2;-1,2,2,2,0;1,4,0,0,2;-1,4,0,2,0 || CORE -1,0,4,0,2;1,0,4,2,0;-1,2,2,0,2;-1,2,2,2,0;1,4,0,0,2;-1,4,0,2,0 | live
REL 2,-1 10,-2 15,-1 | 1,1,5,0,6;2,1,5,3,3;1,3,3,0,6;-1,3,3,6,0;-2,5,1,3,3;-1,5,1,6,0 || F 1,0,2,0,0;1,2,0,0,0 | 1,0,2,0,6;2,0,2,3,3;-2,2,0,3,3;-1,2,0,6,0 || CORE 1,0,2,0,6;2,0,2,3,3;-2,2,0,3,3;-1,2,0,6,0 | unit
REL 0,-1 11,2 12,-1 | -2,1,5,2,4;1,1,5,4,2;1,3,3,2,4;-1,3,3,4,2;-1,5,1,2,4;2,5,1,4,2 ||  || CORE -2,0,4,0,2;1,0,4,2,0;1,2,2,0,2;-1,2,2,2,0;-1,4,0,0,2;2,4,0,2,0 | live
REL 13,-1 19,-2 21,-1 | 2,0,6,4,2;1,0,6,5,1;1,1,5,1,5;-1,5,1,5,1;-1,6,0,1,5;-2,6,0,2,4 ||  || CORE 2,0,6,3,1;1,0,6,4,0;1,1,5,0,4;-1,5,1,4,0;-1,6,0,0,4;-2,6,0,1,3 | live
REL 13,-2 18,-1 20,1 | -1,0,6,1,5;1,0,6,2,4;2,1,5,1,5;-2,5,1,5,1;-1,6,0,4,2;1,6,0,5,1 ||  || CORE -1,0,6,0,4;1,0,6,1,3;2,1,5,0,4;-2,5,1,4,0;-1,6,0,3,1;1,6,0,4,0 | live
REL 4,-2 22,1 23,1 | -1,0,6,0,6;-1,0,6,6,0;2,2,4,2,4;-2,4,2,4,2;1,6,0,0,6;1,6,0,6,0 ||  || CORE -1,0,6,0,6;-1,0,6,6,0;2,2,4,2,4;-2,4,2,4,2;1,6,0,0,6;1,6,0,6,0 | live
REL 8,-1 19,-1 22,-2 | 2,0,6,0,6;1,0,6,4,2;1,2,4,0,6;-1,4,2,6,0;-1,6,0,2,4;-2,6,0,6,0 ||  || CORE 2,0,6,0,6;1,0,6,4,2;1,2,4,0,6;-1,4,2,6,0;-1,6,0,2,4;-2,6,0,6,0 | live
REL 8,-1 19,1 22,-2 | 2,0,6,0,6;-1,0,6,4,2;1,2,4,0,6;-1,4,2,6,0;1,6,0,2,4;-2,6,0,6,0 ||  || CORE 2,0,6,0,6;-1,0,6,4,2;1,2,4,0,6;-1,4,2,6,0;1,6,0,2,4;-2,6,0,6,0 | live
REL 0,-2 20,-1 21,1 | 1,0,6,1,5;-1,0,6,5,1;2,3,3,2,4;-2,3,3,4,2;1,6,0,1,5;-1,6,0,5,1 || F 1,0,0,0,1;1,0,0,1,0 | 1,0,6,0,3;-1,0,6,1,2;1,0,6,2,1;-1,0,6,3,0;2,3,3,1,2;-2,3,3,2,1;1,6,0,0,3;-1,6,0,1,2;1,6,0,2,1;-1,6,0,3,0 ## F -1,0,0,0,1;1,0,0,1,0 | -1,0,6,0,2;-1,0,6,2,0;-2,3,3,1,1;-1,6,0,0,2;-1,6,0,2,0 || CORE -1,0,6,0,2;-1,0,6,2,0;-2,3,3,1,1;-1,6,0,0,2;-1,6,0,2,0 | live
REL 12,-1 17,-1 19,-2 | 1,0,6,3,3;2,0,6,4,2;1,1,5,4,2;-1,5,1,2,4;-2,6,0,2,4;-1,6,0,3,3 ||  || CORE 1,0,6,1,1;2,0,6,2,0;1,1,5,2,0;-1,5,1,0,2;-2,6,0,0,2;-1,6,0,1,1 | live
REL 2,-1 6,-2 8,1 | -1,2,4,0,6;2,2,4,1,5;1,3,3,0,6;-1,3,3,6,0;-2,4,2,5,1;1,4,2,6,0 ||  || CORE -1,0,2,0,6;2,0,2,1,5;1,1,1,0,6;-1,1,1,6,0;-2,2,0,5,1;1,2,0,6,0 | live
REL 2,-1 14,2 16,1 | -2,1,5,5,1;-1,1,5,6,0;1,3,3,0,6;-1,3,3,6,0;1,5,1,0,6;2,5,1,1,5 ||  || CORE -2,0,4,5,1;-1,0,4,6,0;1,2,2,0,6;-1,2,2,6,0;1,4,0,0,6;2,4,0,1,5 | live
REL 16,-2 21,-1 23,-1 | 1,0,6,5,1;1,0,6,6,0;2,1,5,6,0;-2,5,1,0,6;-1,6,0,0,6;-1,6,0,1,5 ||  || CORE 1,0,6,5,1;1,0,6,6,0;2,1,5,6,0;-2,5,1,0,6;-1,6,0,0,6;-1,6,0,1,5 | live
REL 4,-1 17,1 18,2 | -2,0,6,2,4;-1,0,6,3,3;1,2,4,2,4;-1,4,2,4,2;1,6,0,3,3;2,6,0,4,2 ||  || CORE -2,0,6,0,2;-1,0,6,1,1;1,2,4,0,2;-1,4,2,2,0;1,6,0,1,1;2,6,0,2,0 | live
REL 12,-2 17,-1 18,1 | -1,0,6,2,4;1,0,6,3,3;2,1,5,4,2;-2,5,1,2,4;-1,6,0,3,3;1,6,0,4,2 ||  || CORE -1,0,6,0,2;1,0,6,1,1;2,1,5,2,0;-2,5,1,0,2;-1,6,0,1,1;1,6,0,2,0 | live
REL 6,-2 8,-1 9,-1 | 1,2,4,0,6;2,2,4,1,5;1,2,4,6,0;-1,4,2,0,6;-2,4,2,5,1;-1,4,2,6,0 || F 1,0,0,0,1;1,0,0,1,0 | 1,0,2,0,5;1,0,2,1,4;-1,0,2,2,3;1,0,2,3,2;-1,0,2,4,1;1,0,2,5,0;-1,2,0,0,5;1,2,0,1,4;-1,2,0,2,3;1,2,0,3,2;-1,2,0,4,1;-1,2,0,5,0 || CORE 1,0,2,0,5;1,0,2,1,4;-1,0,2,2,3;1,0,2,3,2;-1,0,2,4,1;1,0,2,5,0;-1,2,0,0,5;1,2,0,1,4;-1,2,0,2,3;1,2,0,3,2;-1,2,0,4,1;-1,2,0,5,0 | live
REL 8,-2 18,1 22,-1 | 1,0,6,0,6;-1,0,6,2,4;2,2,4,0,6;-2,4,2,6,0;1,6,0,4,2;-1,6,0,6,0 ||  || CORE 1,0,6,0,6;-1,0,6,2,4;2,2,4,0,6;-2,4,2,6,0;1,6,0,4,2;-1,6,0,6,0 | live
REL 9,-1 17,1 22,2 | -2,0,6,0,6;-1,0,6,3,3;1,2,4,6,0;-1,4,2,0,6;1,6,0,3,3;2,6,0,6,0 ||  || CORE -2,0,6,0,6;-1,0,6,3,3;1,2,4,6,0;-1,4,2,0,6;1,6,0,3,3;2,6,0,6,0 | live
REL 9,-1 11,2 15,-1 | 1,1,5,0,6;-2,1,5,2,4;1,2,4,6,0;-1,4,2,0,6;2,5,1,4,2;-1,5,1,6,0 ||  || CORE 1,0,4,0,6;-2,0,4,2,4;1,1,3,6,0;-1,3,1,0,6;2,4,0,4,2;-1,4,0,6,0 | live
REL 13,-2 17,1 21,-1 | -1,0,6,3,3;1,0,6,5,1;2,1,5,1,5;-2,5,1,5,1;-1,6,0,1,5;1,6,0,3,3 ||  || CORE -1,0,6,2,2;1,0,6,4,0;2,1,5,0,4;-2,5,1,4,0;-1,6,0,0,4;1,6,0,2,2 | live
REL 8,-1 13,-1 16,-2 | 1,1,5,1,5;2,1,5,6,0;1,2,4,0,6;-1,4,2,6,0;-2,5,1,0,6;-1,5,1,5,1 ||  || CORE 1,0,4,1,5;2,0,4,6,0;1,1,3,0,6;-1,3,1,6,0;-2,4,0,0,6;-1,4,0,5,1 | live
REL 13,-1 17,-2 21,-1 | 2,0,6,3,3;1,0,6,5,1;1,1,5,1,5;-1,5,1,5,1;-1,6,0,1,5;-2,6,0,3,3 || F -1,0,1,0,0;1,1,0,0,0 | -2,0,5,2,2;-1,0,5,4,0;-1,1,4,0,4;-2,1,4,2,2;-1,1,4,4,0;-1,2,3,0,4;-2,2,3,2,2;-1,2,3,4,0;-1,3,2,0,4;-2,3,2,2,2;-1,3,2,4,0;-1,4,1,0,4;-2,4,1,2,2;-1,4,1,4,0;-1,5,0,0,4;-2,5,0,2,2 || CORE -2,0,5,2,2;-1,0,5,4,0;-1,1,4,0,4;-2,1,4,2,2;-1,1,4,4,0;-1,2,3,0,4;-2,2,3,2,2;-1,2,3,4,0;-1,3,2,0,4;-2,3,2,2,2;-1,3,2,4,0;-1,4,1,0,4;-2,4,1,2,2;-1,4,1,4,0;-1,5,0,0,4;-2,5,0,2,2 | live
REL 0,-2 10,-1 11,1 | -1,1,5,2,4;1,1,5,3,3;2,3,3,2,4;-2,3,3,4,2;-1,5,1,3,3;1,5,1,4,2 || F -1,0,0,0,1;1,0,0,1,0 | 1,0,4,0,1;-2,2,2,0,1;-2,2,2,1,0;1,4,0,1,0 || CORE 1,0,4,0,1;-2,2,2,0,1;-2,2,2,1,0;1,4,0,1,0 | unit
REL 12,-2 22,-1 23,1 | 1,0,6,0,6;-1,0,6,6,0;2,1,5,4,2;-2,5,1,2,4;1,6,0,0,6;-1,6,0,6,0 ||  || CORE 1,0,6,0,6;-1,0,6,6,0;2,1,5,4,2;-2,5,1,2,4;1,6,0,0,6;-1,6,0,6,0 | live
REL 6,-1 11,-1 14,-2 | 1,1,5,2,4;2,1,5,5,1;1,2,4,1,5;-1,4,2,5,1;-2,5,1,1,5;-1,5,1,4,2 ||  || CORE 1,0,4,1,3;2,0,4,4,0;1,1,3,0,4;-1,3,1,4,0;-2,4,0,0,4;-1,4,0,3,1 | live
REL 6,-1 17,2 21,1 | -2,0,6,3,3;-1,0,6,5,1;1,2,4,1,5;-1,4,2,5,1;1,6,0,1,5;2,6,0,3,3 ||  || CORE -2,0,6,2,2;-1,0,6,4,0;1,2,4,0,4;-1,4,2,4,0;1,6,0,0,4;2,6,0,2,2 | live
REL 7,-1 19,-1 20,2 | -2,0,6,1,5;1,0,6,4,2;1,2,4,5,1;-1,4,2,1,5;-1,6,0,2,4;2,6,0,5,1 ||  || CORE -2,0,6,0,4;1,0,6,3,1;1,2,4,4,0;-1,4,2,0,4;-1,6,0,1,3;2,6,0,4,0 | live
REL 7,-1 10,-2 14,-1 | 2,1,5,3,3;1,1,5,5,1;1,2,4,5,1;-1,4,2,1,5;-1,5,1,1,5;-2,5,1,3,3 || F 1,0,1,0,0;1,1,0,0,0 | 2,0,3,2,2;1,0,3,4,0;-2,1,2,2,2;2,2,1,2,2;-1,3,0,0,4;-2,3,0,2,2 || CORE 2,0,3,2,2;1,0,3,4,0;-2,1,2,2,2;2,2,1,2,2;-1,3,0,0,4;-2,3,0,2,2 | unit
REL 5,-2 17,-1 18,1 | -1,0,6,2,4;1,0,6,3,3;2,2,4,4,2;-2,4,2,2,4;-1,6,0,3,3;1,6,0,4,2 ||  || CORE -1,0,6,0,2;1,0,6,1,1;2,2,4,2,0;-2,4,2,0,2;-1,6,0,1,1;1,6,0,2,0 | live
REL 9,-1 10,1 16,2 | -1,1,5,3,3;-2,1,5,6,0;1,2,4,6,0;-1,4,2,0,6;2,5,1,0,6;1,5,1,3,3 ||  || CORE -1,0,4,3,3;-2,0,4,6,0;1,1,3,6,0;-1,3,1,0,6;2,4,0,0,6;1,4,0,3,3 | live
REL 15,-1 21,2 23,-1 | -2,0,6,5,1;1,0,6,6,0;1,1,5,0,6;-1,5,1,6,0;-1,6,0,0,6;2,6,0,1,5 ||  || CORE -2,0,6,5,1;1,0,6,6,0;1,1,5,0,6;-1,5,1,6,0;-1,6,0,0,6;2,6,0,1,5 | live
REL 8,-2 18,1 23,-1 | -1,0,6,2,4;1,0,6,6,0;2,2,4,0,6;-2,4,2,6,0;-1,6,0,0,6;1,6,0,4,2 ||  || CORE -1,0,6,2,4;1,0,6,6,0;2,2,4,0,6;-2,4,2,6,0;-1,6,0,0,6;1,6,0,4,2 | live
REL 11,-2 15,-1 16,-1 | 1,1,5,0,6;2,1,5,2,4;1,1,5,6,0;-1,5,1,0,6;-2,5,1,4,2;-1,5,1,6,0 ||  || CORE 1,0,4,0,6;2,0,4,2,4;1,0,4,6,0;-1,4,0,0,6;-2,4,0,4,2;-1,4,0,6,0 | live
REL 10,-1 15,-2 16,1 | 2,1,5,0,6;1,1,5,3,3;-1,1,5,6,0;1,5,1,0,6;-1,5,1,3,3;-2,5,1,6,0 || F 1,0,0,0,1;1,0,0,1,0 | 2,0,4,0,5;-2,0,4,1,4;2,0,4,2,3;-1,0,4,3,2;1,0,4,4,1;-1,0,4,5,0;1,4,0,0,5;-1,4,0,1,4;1,4,0,2,3;-2,4,0,3,2;2,4,0,4,1;-2,4,0,5,0 ## F 1,0,0,0,2;-1,0,0,1,1;1,0,0,2,0 | 2,0,4,0,3;-1,0,4,3,0;1,4,0,0,3;-2,4,0,3,0 || CORE 2,0,4,0,3;-1,0,4,3,0;1,4,0,0,3;-2,4,0,3,0 | live
REL 16,-2 17,1 22,1 | -1,0,6,0,6;-1,0,6,3,3;2,1,5,6,0;-2,5,1,0,6;1,6,0,3,3;1,6,0,6,0 ||  || CORE -1,0,6,0,6;-1,0,6,3,3;2,1,5,6,0;-2,5,1,0,6;1,6,0,3,3;1,6,0,6,0 | live
REL 1,-2 20,-1 21,1 | 1,0,6,1,5;-1,0,6,5,1;2,3,3,1,5;-2,3,3,5,1;1,6,0,1,5;-1,6,0,5,1 || F 1,0,1,0,0;1,1,0,0,0 | 1,0,5,0,4;-1,0,5,4,0;-1,1,4,0,4;1,1,4,4,0;1,2,3,0,4;-1,2,3,4,0;1,3,2,0,4;-1,3,2,4,0;-1,4,1,0,4;1,4,1,4,0;1,5,0,0,4;-1,5,0,4,0 ## F 1,0,0,0,1;1,0,0,1,0 | 1,0,5,0,3;-1,0,5,1,2;1,0,5,2,1;-1,0,5,3,0;-1,1,4,0,3;1,1,4,1,2;-1,1,4,2,1;1,1,4,3,0;1,2,3,0,3;-1,2,3,1,2;1,2,3,2,1;-1,2,3,3,0;1,3,2,0,3;-1,3,2,1,2;1,3,2,2,1;-1,3,2,3,0;-1,4,1,0,3;1,4,1,1,2;-1,4,1,2,1;1,4,1,3,0;1,5,0,0,3;-1,5,0,1,2;1,5,0,2,1;-1,5,0,3,0 ## F -1,0,0,0,1;1,0,0,1,0 | -1,0,5,0,2;-1,0,5,2,0;1,1,4,0,2;1,1,4,2,0;-1,2,3,0,2;-1,2,3,2,0;-1,3,2,0,2;-1,3,2,2,0;1,4,1,0,2;1,4,1,2,0;-1,5,0,0,2;-1,5,0,2,0 ## F 1,0,2,0,0;-1,1,1,0,0;1,2,0,0,0 | -1,0,3,0,2;-1,0,3,2,0;-1,3,0,0,2;-1,3,0,2,0 ## F 1,0,0,0,2;1,0,0,2,0 | -1,0,3,0,0;-1,3,0,0,0 ## F 1,0,3,0,0;1,3,0,0,0 | -1,0,0,0,0 || CORE -1,0,0,0,0 | monomial
REL 3,-2 15,1 16,-1 | -1,1,5,0,6;1,1,5,6,0;2,2,4,3,3;-2,4,2,3,3;-1,5,1,0,6;1,5,1,6,0 ||  || CORE -1,0,4,0,6;1,0,4,6,0;2,1,3,3,3;-2,3,1,3,3;-1,4,0,0,6;1,4,0,6,0 | live
REL 4,-2 22,1 23,-1 | -1,0,6,0,6;1,0,6,6,0;2,2,4,2,4;-2,4,2,4,2;-1,6,0,0,6;1,6,0,6,0 ||  || CORE -1,0,6,0,6;1,0,6,6,0;2,2,4,2,4;-2,4,2,4,2;-1,6,0,0,6;1,6,0,6,0 | live
REL 4,-2 8,-1 9,1 | 1,2,4,0,6;2,2,4,2,4;-1,2,4,6,0;1,4,2,0,6;-2,4,2,4,2;-1,4,2,6,0 || F 1,0,0,0,2;1,0,0,2,0 | 1,0,2,0,4;1,0,2,2,2;-1,0,2,4,0;1,2,0,0,4;-1,2,0,2,2;-1,2,0,4,0 || CORE 1,0,2,0,4;1,0,2,2,2;-1,0,2,4,0;1,2,0,0,4;-1,2,0,2,2;-1,2,0,4,0 | live
REL 17,-2 22,-1 23,1 | 1,0,6,0,6;2,0,6,3,3;-1,0,6,6,0;1,6,0,0,6;-2,6,0,3,3;-1,6,0,6,0 ||  || CORE 1,0,6,0,6;2,0,6,3,3;-1,0,6,6,0;1,6,0,0,6;-2,6,0,3,3;-1,6,0,6,0 | live
REL 10,-1 13,1 14,-2 | -1,1,5,1,5;1,1,5,3,3;2,1,5,5,1;-2,5,1,1,5;-1,5,1,3,3;1,5,1,5,1 || F 1,0,0,0,2;1,0,0,2,0 | -1,0,4,0,2;2,0,4,2,0;-2,4,0,0,2;1,4,0,2,0 || CORE -1,0,4,0,2;2,0,4,2,0;-2,4,0,0,2;1,4,0,2,0 | live
REL 15,-2 19,-1 23,-1 | 1,0,6,4,2;1,0,6,6,0;2,1,5,0,6;-2,5,1,6,0;-1,6,0,0,6;-1,6,0,2,4 ||  || CORE 1,0,6,4,2;1,0,6,6,0;2,1,5,0,6;-2,5,1,6,0;-1,6,0,0,6;-1,6,0,2,4 | live
REL 1,-1 6,1 7,-2 | -1,2,4,1,5;2,2,4,5,1;1,3,3,1,5;-1,3,3,5,1;-2,4,2,1,5;1,4,2,5,1 ||  || CORE -1,0,2,0,4;2,0,2,4,0;1,1,1,0,4;-1,1,1,4,0;-2,2,0,0,4;1,2,0,4,0 | live
REL 1,-1 3,1 7,-2 | -1,2,4,3,3;2,2,4,5,1;1,3,3,1,5;-1,3,3,5,1;-2,4,2,1,5;1,4,2,3,3 ||  || CORE -1,0,2,2,2;2,0,2,4,0;1,1,1,0,4;-1,1,1,4,0;-2,2,0,0,4;1,2,0,2,2 | live
REL 15,-2 21,-1 23,-1 | 1,0,6,5,1;1,0,6,6,0;2,1,5,0,6;-2,5,1,6,0;-1,6,0,0,6;-1,6,0,1,5 ||  || CORE 1,0,6,5,1;1,0,6,6,0;2,1,5,0,6;-2,5,1,6,0;-1,6,0,0,6;-1,6,0,1,5 | live
REL 16,-2 21,1 23,-1 | -1,0,6,5,1;1,0,6,6,0;2,1,5,6,0;-2,5,1,0,6;-1,6,0,0,6;1,6,0,1,5 ||  || CORE -1,0,6,5,1;1,0,6,6,0;2,1,5,6,0;-2,5,1,0,6;-1,6,0,0,6;1,6,0,1,5 | live
REL 0,-1 17,-2 19,1 | 2,0,6,3,3;-1,0,6,4,2;1,3,3,2,4;-1,3,3,4,2;1,6,0,2,4;-2,6,0,3,3 || F 1,0,1,0,0;1,1,0,0,0 | 2,0,5,1,1;-1,0,5,2,0;-2,1,4,1,1;1,1,4,2,0;2,2,3,1,1;-1,2,3,2,0;1,3,2,0,2;-2,3,2,1,1;-1,4,1,0,2;2,4,1,1,1;1,5,0,0,2;-2,5,0,1,1 ## F 1,0,2,0,0;-1,1,1,0,0;1,2,0,0,0 | 2,0,3,1,1;-1,0,3,2,0;1,3,0,0,2;-2,3,0,1,1 || CORE 2,0,3,1,1;-1,0,3,2,0;1,3,0,0,2;-2,3,0,1,1 | unit
REL 8,-2 19,1 22,-1 | 1,0,6,0,6;-1,0,6,4,2;2,2,4,0,6;-2,4,2,6,0;1,6,0,2,4;-1,6,0,6,0 ||  || CORE 1,0,6,0,6;-1,0,6,4,2;2,2,4,0,6;-2,4,2,6,0;1,6,0,2,4;-1,6,0,6,0 | live
REL 5,-1 10,1 12,2 | -1,1,5,3,3;-2,1,5,4,2;1,2,4,4,2;-1,4,2,2,4;2,5,1,2,4;1,5,1,3,3 ||  || CORE -1,0,4,1,1;-2,0,4,2,0;1,1,3,2,0;-1,3,1,0,2;2,4,0,0,2;1,4,0,1,1 | live
REL 2,-1 3,-2 8,1 | -1,2,4,0,6;2,2,4,3,3;1,3,3,0,6;-1,3,3,6,0;-2,4,2,3,3;1,4,2,6,0 || F -1,0,1,0,0;1,1,0,0,0 | 1,0,1,0,6;-2,0,1,3,3;-2,1,0,3,3;1,1,0,6,0 || CORE 1,0,1,0,6;-2,0,1,3,3;-2,1,0,3,3;1,1,0,6,0 | unit
REL 9,-2 11,-1 16,1 | 1,1,5,2,4;-1,1,5,6,0;2,2,4,6,0;-2,4,2,0,6;1,5,1,0,6;-1,5,1,4,2 ||  || CORE 1,0,4,2,4;-1,0,4,6,0;2,1,3,6,0;-2,3,1,0,6;1,4,0,0,6;-1,4,0,4,2 | live
REL 6,-1 11,1 14,2 | -1,1,5,2,4;-2,1,5,5,1;1,2,4,1,5;-1,4,2,5,1;2,5,1,1,5;1,5,1,4,2 ||  || CORE -1,0,4,1,3;-2,0,4,4,0;1,1,3,0,4;-1,3,1,4,0;2,4,0,0,4;1,4,0,3,1 | live
REL 16,-1 21,1 23,2 | -1,0,6,5,1;-2,0,6,6,0;1,1,5,6,0;-1,5,1,0,6;2,6,0,0,6;1,6,0,1,5 ||  || CORE -1,0,6,5,1;-2,0,6,6,0;1,1,5,6,0;-1,5,1,0,6;2,6,0,0,6;1,6,0,1,5 | live
REL 2,-1 17,-1 22,-2 | 2,0,6,0,6;1,0,6,3,3;1,3,3,0,6;-1,3,3,6,0;-1,6,0,3,3;-2,6,0,6,0 ||  || CORE 2,0,6,0,6;1,0,6,3,3;1,3,3,0,6;-1,3,3,6,0;-1,6,0,3,3;-2,6,0,6,0 | live
REL 3,-1 6,1 7,-2 | -1,2,4,1,5;1,2,4,3,3;2,2,4,5,1;-2,4,2,1,5;-1,4,2,3,3;1,4,2,5,1 || F 1,0,0,0,2;1,0,0,2,0 | -1,0,2,0,2;2,0,2,2,0;-2,2,0,0,2;1,2,0,2,0 || CORE -1,0,2,0,2;2,0,2,2,0;-2,2,0,0,2;1,2,0,2,0 | live
REL 12,-1 13,-1 14,-2 | 1,1,5,1,5;1,1,5,4,2;2,1,5,5,1;-2,5,1,1,5;-1,5,1,2,4;-1,5,1,5,1 ||  || CORE 1,0,4,0,4;1,0,4,3,1;2,0,4,4,0;-2,4,0,0,4;-1,4,0,1,3;-1,4,0,4,0 | live
REL 4,-2 13,1 14,1 | -1,1,5,1,5;-1,1,5,5,1;2,2,4,2,4;-2,4,2,4,2;1,5,1,1,5;1,5,1,5,1 ||  || CORE -1,0,4,0,4;-1,0,4,4,0;2,1,3,1,3;-2,3,1,3,1;1,4,0,0,4;1,4,0,4,0 | live
REL 7,-1 20,2 21,-1 | -2,0,6,1,5;1,0,6,5,1;1,2,4,5,1;-1,4,2,1,5;-1,6,0,1,5;2,6,0,5,1 ||  || CORE -2,0,6,0,4;1,0,6,4,0;1,2,4,4,0;-1,4,2,0,4;-1,6,0,0,4;2,6,0,4,0 | live
REL 16,-2 20,-1 22,-1 | 1,0,6,0,6;1,0,6,1,5;2,1,5,6,0;-2,5,1,0,6;-1,6,0,5,1;-1,6,0,6,0 ||  || CORE 1,0,6,0,6;1,0,6,1,5;2,1,5,6,0;-2,5,1,0,6;-1,6,0,5,1;-1,6,0,6,0 | live
REL 6,-1 18,-2 20,1 | -1,0,6,1,5;2,0,6,2,4;1,2,4,1,5;-1,4,2,5,1;-2,6,0,4,2;1,6,0,5,1 ||  || CORE -1,0,6,0,4;2,0,6,1,3;1,2,4,0,4;-1,4,2,4,0;-2,6,0,3,1;1,6,0,4,0 | live
REL 1,-1 10,1 14,2 | -1,1,5,3,3;-2,1,5,5,1;1,3,3,1,5;-1,3,3,5,1;2,5,1,1,5;1,5,1,3,3 ||  || CORE -1,0,4,2,2;-2,0,4,4,0;1,2,2,0,4;-1,2,2,4,0;2,4,0,0,4;1,4,0,2,2 | live
REL 7,-1 12,2 13,-1 | 1,1,5,1,5;-2,1,5,4,2;1,2,4,5,1;-1,4,2,1,5;2,5,1,2,4;-1,5,1,5,1 ||  || CORE 1,0,4,0,4;-2,0,4,3,1;1,1,3,4,0;-1,3,1,0,4;2,4,0,1,3;-1,4,0,4,0 | live
REL 12,-2 22,-1 23,-1 | 1,0,6,0,6;1,0,6,6,0;2,1,5,4,2;-2,5,1,2,4;-1,6,0,0,6;-1,6,0,6,0 ||  || CORE 1,0,6,0,6;1,0,6,6,0;2,1,5,4,2;-2,5,1,2,4;-1,6,0,0,6;-1,6,0,6,0 | live
REL 15,-1 20,1 23,-2 | -1,0,6,1,5;2,0,6,6,0;1,1,5,0,6;-1,5,1,6,0;-2,6,0,0,6;1,6,0,5,1 ||  || CORE -1,0,6,1,5;2,0,6,6,0;1,1,5,0,6;-1,5,1,6,0;-2,6,0,0,6;1,6,0,5,1 | live
REL 6,-2 11,1 14,1 | -1,1,5,2,4;-1,1,5,5,1;2,2,4,1,5;-2,4,2,5,1;1,5,1,1,5;1,5,1,4,2 ||  || CORE -1,0,4,1,3;-1,0,4,4,0;2,1,3,0,4;-2,3,1,4,0;1,4,0,0,4;1,4,0,3,1 | live
REL 13,-2 15,-1 16,-1 | 1,1,5,0,6;2,1,5,1,5;1,1,5,6,0;-1,5,1,0,6;-2,5,1,5,1;-1,5,1,6,0 || F 1,0,0,0,1;1,0,0,1,0 | 1,0,4,0,5;1,0,4,1,4;-1,0,4,2,3;1,0,4,3,2;-1,0,4,4,1;1,0,4,5,0;-1,4,0,0,5;1,4,0,1,4;-1,4,0,2,3;1,4,0,3,2;-1,4,0,4,1;-1,4,0,5,0 || CORE 1,0,4,0,5;1,0,4,1,4;-1,0,4,2,3;1,0,4,3,2;-1,0,4,4,1;1,0,4,5,0;-1,4,0,0,5;1,4,0,1,4;-1,4,0,2,3;1,4,0,3,2;-1,4,0,4,1;-1,4,0,5,0 | live
REL 8,-1 15,2 16,-1 | -2,1,5,0,6;1,1,5,6,0;1,2,4,0,6;-1,4,2,6,0;-1,5,1,0,6;2,5,1,6,0 ||  || CORE -2,0,4,0,6;1,0,4,6,0;1,1,3,0,6;-1,3,1,6,0;-1,4,0,0,6;2,4,0,6,0 | live
REL 14,-1 18,-2 21,1 | 2,0,6,2,4;-1,0,6,5,1;1,1,5,5,1;-1,5,1,1,5;1,6,0,1,5;-2,6,0,4,2 ||  || CORE 2,0,6,1,3;-1,0,6,4,0;1,1,5,4,0;-1,5,1,0,4;1,6,0,0,4;-2,6,0,3,1 | live
REL 1,-2 10,1 13,1 | -1,1,5,1,5;-1,1,5,3,3;2,3,3,1,5;-2,3,3,5,1;1,5,1,3,3;1,5,1,5,1 || F 1,0,0,0,2;1,0,0,2,0 | -1,0,4,0,2;2,2,2,0,2;-2,2,2,2,0;1,4,0,2,0 || CORE -1,0,4,0,2;2,2,2,0,2;-2,2,2,2,0;1,4,0,2,0 | unit
REL 5,-2 10,1 12,1 | -1,1,5,3,3;-1,1,5,4,2;2,2,4,4,2;-2,4,2,2,4;1,5,1,2,4;1,5,1,3,3 ||  || CORE -1,0,4,1,1;-1,0,4,2,0;2,1,3,2,0;-2,3,1,0,2;1,4,0,0,2;1,4,0,1,1 | live
REL 1,-1 5,-1 7,-2 | 1,2,4,4,2;2,2,4,5,1;1,3,3,1,5;-1,3,3,5,1;-2,4,2,1,5;-1,4,2,2,4 ||  || CORE 1,0,2,3,1;2,0,2,4,0;1,1,1,0,4;-1,1,1,4,0;-2,2,0,0,4;-1,2,0,1,3 | live
REL 2,-1 10,1 16,2 | -1,1,5,3,3;-2,1,5,6,0;1,3,3,0,6;-1,3,3,6,0;2,5,1,0,6;1,5,1,3,3 ||  || CORE -1,0,4,3,3;-2,0,4,6,0;1,2,2,0,6;-1,2,2,6,0;2,4,0,0,6;1,4,0,3,3 | live
REL 4,-2 18,1 19,-1 | -1,0,6,2,4;1,0,6,4,2;2,2,4,2,4;-2,4,2,4,2;-1,6,0,2,4;1,6,0,4,2 || F 1,0,1,0,0;1,1,0,0,0 | -1,0,5,0,2;1,0,5,2,0;1,1,4,0,2;-1,1,4,2,0;1,2,3,0,2;1,2,3,2,0;-1,3,2,0,2;-1,3,2,2,0;1,4,1,0,2;-1,4,1,2,0;-1,5,0,0,2;1,5,0,2,0 ## F -1,0,1,0,0;1,1,0,0,0 | 1,0,4,0,2;-1,0,4,2,0;-1,2,2,0,2;-1,2,2,2,0;-1,4,0,0,2;1,4,0,2,0 || CORE 1,0,4,0,2;-1,0,4,2,0;-1,2,2,0,2;-1,2,2,2,0;-1,4,0,0,2;1,4,0,2,0 | live
REL 2,-1 20,2 23,-1 | -2,0,6,1,5;1,0,6,6,0;1,3,3,0,6;-1,3,3,6,0;-1,6,0,0,6;2,6,0,5,1 ||  || CORE -2,0,6,1,5;1,0,6,6,0;1,3,3,0,6;-1,3,3,6,0;-1,6,0,0,6;2,6,0,5,1 | live
REL 14,-1 17,2 20,-1 | 1,0,6,1,5;-2,0,6,3,3;1,1,5,5,1;-1,5,1,1,5;2,6,0,3,3;-1,6,0,5,1 || F -1,0,1,0,0;1,1,0,0,0 | -1,0,5,0,4;2,0,5,2,2;-1,1,4,0,4;2,1,4,2,2;-1,1,4,4,0;-1,2,3,0,4;2,2,3,2,2;-1,2,3,4,0;-1,3,2,0,4;2,3,2,2,2;-1,3,2,4,0;-1,4,1,0,4;2,4,1,2,2;-1,4,1,4,0;2,5,0,2,2;-1,5,0,4,0 || CORE -1,0,5,0,4;2,0,5,2,2;-1,1,4,0,4;2,1,4,2,2;-1,1,4,4,0;-1,2,3,0,4;2,2,3,2,2;-1,2,3,4,0;-1,3,2,0,4;2,3,2,2,2;-1,3,2,4,0;-1,4,1,0,4;2,4,1,2,2;-1,4,1,4,0;2,5,0,2,2;-1,5,0,4,0 | live
REL 6,-2 12,1 13,-1 | 1,1,5,1,5;-1,1,5,4,2;2,2,4,1,5;-2,4,2,5,1;1,5,1,2,4;-1,5,1,5,1 ||  || CORE 1,0,4,0,4;-1,0,4,3,1;2,1,3,0,4;-2,3,1,4,0;1,4,0,1,3;-1,4,0,4,0 | live
REL 9,-1 11,1 15,2 | -2,1,5,0,6;-1,1,5,2,4;1,2,4,6,0;-1,4,2,0,6;1,5,1,4,2;2,5,1,6,0 ||  || CORE -2,0,4,0,6;-1,0,4,2,4;1,1,3,6,0;-1,3,1,0,6;1,4,0,4,2;2,4,0,6,0 | live
REL 2,-2 17,-1 22,1 | -1,0,6,0,6;1,0,6,3,3;2,3,3,0,6;-2,3,3,6,0;-1,6,0,3,3;1,6,0,6,0 || F -1,0,0,0,1;1,0,0,1,0 | 1,0,6,0,5;1,0,6,1,4;1,0,6,2,3;-2,3,3,0,5;-2,3,3,1,4;-2,3,3,2,3;-2,3,3,3,2;-2,3,3,4,1;-2,3,3,5,0;1,6,0,3,2;1,6,0,4,1;1,6,0,5,0 ## F 1,0,0,0,2;1,0,0,1,1;1,0,0,2,0 | 1,0,6,0,3;-2,3,3,0,3;-2,3,3,3,0;1,6,0,3,0 || CORE 1,0,6,0,3;-2,3,3,0,3;-2,3,3,3,0;1,6,0,3,0 | unit
REL 2,-2 4,-1 8,-1 | 1,2,4,0,6;1,2,4,2,4;2,3,3,0,6;-2,3,3,6,0;-1,4,2,4,2;-1,4,2,6,0 ||  || CORE 1,0,2,0,6;1,0,2,2,4;2,1,1,0,6;-2,1,1,6,0;-1,2,0,4,2;-1,2,0,6,0 | live
REL 5,-1 17,2 18,-1 | 1,0,6,2,4;-2,0,6,3,3;1,2,4,4,2;-1,4,2,2,4;2,6,0,3,3;-1,6,0,4,2 || F 1,0,1,0,0;1,1,0,0,0 | 1,0,5,0,2;-2,0,5,1,1;-1,1,4,0,2;2,1,4,1,1;1,2,3,0,2;-2,2,3,1,1;1,2,3,2,0;-1,3,2,0,2;2,3,2,1,1;-1,3,2,2,0;-2,4,1,1,1;1,4,1,2,0;2,5,0,1,1;-1,5,0,2,0 ## F -1,0,1,0,0;1,1,0,0,0 | -1,0,4,0,2;2,0,4,1,1;-1,2,2,0,2;2,2,2,1,1;-1,2,2,2,0;2,4,0,1,1;-1,4,0,2,0 || CORE -1,0,4,0,2;2,0,4,1,1;-1,2,2,0,2;2,2,2,1,1;-1,2,2,2,0;2,4,0,1,1;-1,4,0,2,0 | live
REL 5,-2 22,-1 23,1 | 1,0,6,0,6;-1,0,6,6,0;2,2,4,4,2;-2,4,2,2,4;1,6,0,0,6;-1,6,0,6,0 ||  || CORE 1,0,6,0,6;-1,0,6,6,0;2,2,4,4,2;-2,4,2,2,4;1,6,0,0,6;-1,6,0,6,0 | live
REL 2,-1 18,1 23,-2 | -1,0,6,2,4;2,0,6,6,0;1,3,3,0,6;-1,3,3,6,0;-2,6,0,0,6;1,6,0,4,2 ||  || CORE -1,0,6,2,4;2,0,6,6,0;1,3,3,0,6;-1,3,3,6,0;-2,6,0,0,6;1,6,0,4,2 | live
REL 6,-2 19,-1 21,1 | 1,0,6,4,2;-1,0,6,5,1;2,2,4,1,5;-2,4,2,5,1;1,6,0,1,5;-1,6,0,2,4 ||  || CORE 1,0,6,3,1;-1,0,6,4,0;2,2,4,0,4;-2,4,2,4,0;1,6,0,0,4;-1,6,0,1,3 | live
REL 17,-1 22,-2 23,1 | 2,0,6,0,6;1,0,6,3,3;-1,0,6,6,0;1,6,0,0,6;-1,6,0,3,3;-2,6,0,6,0 || F 1,0,0,0,1;1,0,0,1,0 | 2,0,6,0,5;-2,0,6,1,4;2,0,6,2,3;-1,0,6,3,2;1,0,6,4,1;-1,0,6,5,0;1,6,0,0,5;-1,6,0,1,4;1,6,0,2,3;-2,6,0,3,2;2,6,0,4,1;-2,6,0,5,0 ## F 1,0,0,0,2;-1,0,0,1,1;1,0,0,2,0 | 2,0,6,0,3;-1,0,6,3,0;1,6,0,0,3;-2,6,0,3,0 || CORE 2,0,6,0,3;-1,0,6,3,0;1,6,0,0,3;-2,6,0,3,0 | live
REL 11,-1 18,-1 19,2 | 1,0,6,2,4;-2,0,6,4,2;1,1,5,2,4;-1,5,1,4,2;2,6,0,2,4;-1,6,0,4,2 ||  || CORE 1,0,6,0,2;-2,0,6,2,0;1,1,5,0,2;-1,5,1,2,0;2,6,0,0,2;-1,6,0,2,0 | live
REL 2,-2 3,-1 8,1 | -1,2,4,0,6;1,2,4,3,3;2,3,3,0,6;-2,3,3,6,0;-1,4,2,3,3;1,4,2,6,0 || F -1,0,0,0,1;1,0,0,1,0 | 1,0,2,0,5;1,0,2,1,4;1,0,2,2,3;-2,1,1,0,5;-2,1,1,1,4;-2,1,1,2,3;-2,1,1,3,2;-2,1,1,4,1;-2,1,1,5,0;1,2,0,3,2;1,2,0,4,1;1,2,0,5,0 ## F 1,0,0,0,2;1,0,0,1,1;1,0,0,2,0 | 1,0,2,0,3;-2,1,1,0,3;-2,1,1,3,0;1,2,0,3,0 || CORE 1,0,2,0,3;-2,1,1,0,3;-2,1,1,3,0;1,2,0,3,0 | unit
REL 14,-1 17,-2 20,1 | -1,0,6,1,5;2,0,6,3,3;1,1,5,5,1;-1,5,1,1,5;-2,6,0,3,3;1,6,0,5,1 || F 1,0,1,0,0;1,1,0,0,0 | -1,0,5,0,4;2,0,5,2,2;1,1,4,0,4;-2,1,4,2,2;1,1,4,4,0;-1,2,3,0,4;2,2,3,2,2;-1,2,3,4,0;1,3,2,0,4;-2,3,2,2,2;1,3,2,4,0;-1,4,1,0,4;2,4,1,2,2;-1,4,1,4,0;-2,5,0,2,2;1,5,0,4,0 || CORE -1,0,5,0,4;2,0,5,2,2;1,1,4,0,4;-2,1,4,2,2;1,1,4,4,0;-1,2,3,0,4;2,2,3,2,2;-1,2,3,4,0;1,3,2,0,4;-2,3,2,2,2;1,3,2,4,0;-1,4,1,0,4;2,4,1,2,2;-1,4,1,4,0;-2,5,0,2,2;1,5,0,4,0 | live
REL 13,-1 18,1 20,-2 | 2,0,6,1,5;-1,0,6,2,4;1,1,5,1,5;-1,5,1,5,1;1,6,0,4,2;-2,6,0,5,1 ||  || CORE 2,0,6,0,4;-1,0,6,1,3;1,1,5,0,4;-1,5,1,4,0;1,6,0,3,1;-2,6,0,4,0 | live
REL 2,-2 10,-1 15,-1 | 1,1,5,0,6;1,1,5,3,3;2,3,3,0,6;-2,3,3,6,0;-1,5,1,3,3;-1,5,1,6,0 || F 1,0,0,0,1;1,0,0,1,0 | 1,0,4,0,5;-1,0,4,1,4;1,0,4,2,3;2,2,2,0,5;-2,2,2,1,4;2,2,2,2,3;-2,2,2,3,2;2,2,2,4,1;-2,2,2,5,0;-1,4,0,3,2;1,4,0,4,1;-1,4,0,5,0 ## F 1,0,0,0,2;-1,0,0,1,1;1,0,0,2,0 | 1,0,4,0,3;2,2,2,0,3;-2,2,2,3,0;-1,4,0,3,0 || CORE 1,0,4,0,3;2,2,2,0,3;-2,2,2,3,0;-1,4,0,3,0 | unit
REL 1,-2 12,1 14,1 | -1,1,5,4,2;-1,1,5,5,1;2,3,3,1,5;-2,3,3,5,1;1,5,1,1,5;1,5,1,2,4 || F 1,0,0,0,1;1,0,0,1,0 | -1,0,4,3,0;2,2,2,0,3;-2,2,2,1,2;2,2,2,2,1;-2,2,2,3,0;1,4,0,0,3 || CORE -1,0,4,3,0;2,2,2,0,3;-2,2,2,1,2;2,2,2,2,1;-2,2,2,3,0;1,4,0,0,3 | unit
REL 13,-1 15,1 16,-2 | -1,1,5,0,6;1,1,5,1,5;2,1,5,6,0;-2,5,1,0,6;-1,5,1,5,1;1,5,1,6,0 || F 1,0,0,0,1;1,0,0,1,0 | -1,0,4,0,5;2,0,4,1,4;-2,0,4,2,3;2,0,4,3,2;-2,0,4,4,1;2,0,4,5,0;-2,4,0,0,5;2,4,0,1,4;-2,4,0,2,3;2,4,0,3,2;-2,4,0,4,1;1,4,0,5,0 || CORE -1,0,4,0,5;2,0,4,1,4;-2,0,4,2,3;2,0,4,3,2;-2,0,4,4,1;2,0,4,5,0;-2,4,0,0,5;2,4,0,1,4;-2,4,0,2,3;2,4,0,3,2;-2,4,0,4,1;1,4,0,5,0 | live
REL 9,-1 12,-2 16,-1 | 2,1,5,4,2;1,1,5,6,0;1,2,4,6,0;-1,4,2,0,6;-1,5,1,0,6;-2,5,1,2,4 ||  || CORE 2,0,4,4,2;1,0,4,6,0;1,1,3,6,0;-1,3,1,0,6;-1,4,0,0,6;-2,4,0,2,4 | live
REL 13,-1 17,1 21,-2 | -1,0,6,3,3;2,0,6,5,1;1,1,5,1,5;-1,5,1,5,1;-2,6,0,1,5;1,6,0,3,3 ||  || CORE -1,0,6,2,2;2,0,6,4,0;1,1,5,0,4;-1,5,1,4,0;-2,6,0,0,4;1,6,0,2,2 | live
REL 8,-1 11,2 16,1 | -2,1,5,2,4;-1,1,5,6,0;1,2,4,0,6;-1,4,2,6,0;1,5,1,0,6;2,5,1,4,2 ||  || CORE -2,0,4,2,4;-1,0,4,6,0;1,1,3,0,6;-1,3,1,6,0;1,4,0,0,6;2,4,0,4,2 | live
REL 1,-2 13,1 14,-1 | -1,1,5,1,5;1,1,5,5,1;2,3,3,1,5;-2,3,3,5,1;-1,5,1,1,5;1,5,1,5,1 || F 1,0,1,0,0;1,1,0,0,0 | -1,0,3,0,4;1,0,3,4,0;1,1,2,0,4;-1,1,2,4,0;1,2,1,0,4;-1,2,1,4,0;-1,3,0,0,4;1,3,0,4,0 ## F 1,0,0,0,1;1,0,0,1,0 | -1,0,3,0,3;1,0,3,1,2;-1,0,3,2,1;1,0,3,3,0;1,1,2,0,3;-1,1,2,1,2;1,1,2,2,1;-1,1,2,3,0;1,2,1,0,3;-1,2,1,1,2;1,2,1,2,1;-1,2,1,3,0;-1,3,0,0,3;1,3,0,1,2;-1,3,0,2,1;1,3,0,3,0 ## F -1,0,1,0,0;1,1,0,0,0 | 1,0,2,0,3;-1,0,2,1,2;1,0,2,2,1;-1,0,2,3,0;-1,2,0,0,3;1,2,0,1,2;-1,2,0,2,1;1,2,0,3,0 ## F -1,0,0,0,1;1,0,0,1,0 | -1,0,2,0,2;-1,0,2,2,0;1,2,0,0,2;1,2,0,2,0 ## F 1,0,0,0,2;1,0,0,2,0 | -1,0,2,0,0;1,2,0,0,0 ## F -1,0,2,0,0;1,2,0,0,0 | 1,0,0,0,0 || CORE 1,0,0,0,0 | monomial
REL 4,-1 11,1 12,-2 | -1,1,5,2,4;2,1,5,4,2;1,2,4,2,4;-1,4,2,4,2;-2,5,1,2,4;1,5,1,4,2 ||  || CORE -1,0,4,0,2;2,0,4,2,0;1,1,3,0,2;-1,3,1,2,0;-2,4,0,0,2;1,4,0,2,0 | live
REL 2,-1 7,1 8,-2 | 2,2,4,0,6;-1,2,4,5,1;1,3,3,0,6;-1,3,3,6,0;1,4,2,1,5;-2,4,2,6,0 ||  || CORE 2,0,2,0,6;-1,0,2,5,1;1,1,1,0,6;-1,1,1,6,0;1,2,0,1,5;-2,2,0,6,0 | live
REL 2,-1 5,-2 8,-1 | 1,2,4,0,6;2,2,4,4,2;1,3,3,0,6;-1,3,3,6,0;-2,4,2,2,4;-1,4,2,6,0 ||  || CORE 1,0,2,0,6;2,0,2,4,2;1,1,1,0,6;-1,1,1,6,0;-2,2,0,2,4;-1,2,0,6,0 | live
REL 16,-1 20,1 22,-2 | 2,0,6,0,6;-1,0,6,1,5;1,1,5,6,0;-1,5,1,0,6;1,6,0,5,1;-2,6,0,6,0 ||  || CORE 2,0,6,0,6;-1,0,6,1,5;1,1,5,6,0;-1,5,1,0,6;1,6,0,5,1;-2,6,0,6,0 | live
REL 2,-1 20,-2 22,1 | -1,0,6,0,6;2,0,6,1,5;1,3,3,0,6;-1,3,3,6,0;-2,6,0,5,1;1,6,0,6,0 ||  || CORE -1,0,6,0,6;2,0,6,1,5;1,3,3,0,6;-1,3,3,6,0;-2,6,0,5,1;1,6,0,6,0 | live
REL 14,-2 20,-1 21,1 | 1,0,6,1,5;-1,0,6,5,1;2,1,5,5,1;-2,5,1,1,5;1,6,0,1,5;-1,6,0,5,1 || F -1,0,1,0,0;1,1,0,0,0 | -1,0,5,0,4;1,0,5,4,0;-1,1,4,0,4;-1,1,4,4,0;-1,2,3,0,4;-1,2,3,4,0;-1,3,2,0,4;-1,3,2,4,0;-1,4,1,0,4;-1,4,1,4,0;1,5,0,0,4;-1,5,0,4,0 || CORE -1,0,5,0,4;1,0,5,4,0;-1,1,4,0,4;-1,1,4,4,0;-1,2,3,0,4;-1,2,3,4,0;-1,3,2,0,4;-1,3,2,4,0;-1,4,1,0,4;-1,4,1,4,0;1,5,0,0,4;-1,5,0,4,0 | live
REL 9,-1 21,-1 23,2 | 1,0,6,5,1;-2,0,6,6,0;1,2,4,6,0;-1,4,2,0,6;2,6,0,0,6;-1,6,0,1,5 ||  || CORE 1,0,6,5,1;-2,0,6,6,0;1,2,4,6,0;-1,4,2,0,6;2,6,0,0,6;-1,6,0,1,5 | live
REL 2,-1 19,2 22,1 | -1,0,6,0,6;-2,0,6,4,2;1,3,3,0,6;-1,3,3,6,0;2,6,0,2,4;1,6,0,6,0 ||  || CORE -1,0,6,0,6;-2,0,6,4,2;1,3,3,0,6;-1,3,3,6,0;2,6,0,2,4;1,6,0,6,0 | live
REL 0,-2 8,1 9,-1 | -1,2,4,0,6;1,2,4,6,0;2,3,3,2,4;-2,3,3,4,2;-1,4,2,0,6;1,4,2,6,0 || F 1,0,0,0,1;1,0,0,1,0 | -1,0,2,0,5;1,0,2,1,4;-1,0,2,2,3;1,0,2,3,2;-1,0,2,4,1;1,0,2,5,0;2,1,1,2,3;-2,1,1,3,2;-1,2,0,0,5;1,2,0,1,4;-1,2,0,2,3;1,2,0,3,2;-1,2,0,4,1;1,2,0,5,0 ## F -1,0,0,0,1;1,0,0,1,0 | 1,0,2,0,4;1,0,2,2,2;1,0,2,4,0;-2,1,1,2,2;1,2,0,0,4;1,2,0,2,2;1,2,0,4,0 || CORE 1,0,2,0,4;1,0,2,2,2;1,0,2,4,0;-2,1,1,2,2;1,2,0,0,4;1,2,0,2,2;1,2,0,4,0 | live
REL 14,-1 19,-1 20,-2 | 2,0,6,1,5;1,0,6,4,2;1,1,5,5,1;-1,5,1,1,5;-1,6,0,2,4;-2,6,0,5,1 ||  || CORE 2,0,6,0,4;1,0,6,3,1;1,1,5,4,0;-1,5,1,0,4;-1,6,0,1,3;-2,6,0,4,0 | live
REL 1,-1 18,1 20,-2 | 2,0,6,1,5;-1,0,6,2,4;1,3,3,1,5;-1,3,3,5,1;1,6,0,4,2;-2,6,0,5,1 ||  || CORE 2,0,6,0,4;-1,0,6,1,3;1,3,3,0,4;-1,3,3,4,0;1,6,0,3,1;-2,6,0,4,0 | live
REL 14,-1 17,-1 20,-2 | 2,0,6,1,5;1,0,6,3,3;1,1,5,5,1;-1,5,1,1,5;-1,6,0,3,3;-2,6,0,5,1 ||  || CORE 2,0,6,0,4;1,0,6,2,2;1,1,5,4,0;-1,5,1,0,4;-1,6,0,2,2;-2,6,0,4,0 | live
REL 5,-2 11,1 12,1 | -1,1,5,2,4;-1,1,5,4,2;2,2,4,4,2;-2,4,2,2,4;1,5,1,2,4;1,5,1,4,2 ||  || CORE -1,0,4,0,2;-1,0,4,2,0;2,1,3,2,0;-2,3,1,0,2;1,4,0,0,2;1,4,0,2,0 | live
REL 13,-1 18,-1 20,2 | -2,0,6,1,5;1,0,6,2,4;1,1,5,1,5;-1,5,1,5,1;-1,6,0,4,2;2,6,0,5,1 ||  || CORE -2,0,6,0,4;1,0,6,1,3;1,1,5,0,4;-1,5,1,4,0;-1,6,0,3,1;2,6,0,4,0 | live
REL 2,-1 21,1 22,-2 | 2,0,6,0,6;-1,0,6,5,1;1,3,3,0,6;-1,3,3,6,0;1,6,0,1,5;-2,6,0,6,0 ||  || CORE 2,0,6,0,6;-1,0,6,5,1;1,3,3,0,6;-1,3,3,6,0;1,6,0,1,5;-2,6,0,6,0 | live
REL 7,-2 12,-1 13,1 | -1,1,5,1,5;1,1,5,4,2;2,2,4,5,1;-2,4,2,1,5;-1,5,1,2,4;1,5,1,5,1 ||  || CORE -1,0,4,0,4;1,0,4,3,1;2,1,3,4,0;-2,3,1,0,4;-1,4,0,1,3;1,4,0,4,0 | live
REL 2,-1 13,1 16,2 | -1,1,5,1,5;-2,1,5,6,0;1,3,3,0,6;-1,3,3,6,0;2,5,1,0,6;1,5,1,5,1 ||  || CORE -1,0,4,1,5;-2,0,4,6,0;1,2,2,0,6;-1,2,2,6,0;2,4,0,0,6;1,4,0,5,1 | live
REL 15,-1 20,-1 22,2 | -2,0,6,0,6;1,0,6,1,5;1,1,5,0,6;-1,5,1,6,0;-1,6,0,5,1;2,6,0,6,0 ||  || CORE -2,0,6,0,6;1,0,6,1,5;1,1,5,0,6;-1,5,1,6,0;-1,6,0,5,1;2,6,0,6,0 | live
REL 6,-1 11,2 13,1 | -1,1,5,1,5;-2,1,5,2,4;1,2,4,1,5;-1,4,2,5,1;2,5,1,4,2;1,5,1,5,1 ||  || CORE -1,0,4,0,4;-2,0,4,1,3;1,1,3,0,4;-1,3,1,4,0;2,4,0,3,1;1,4,0,4,0 | live
REL 16,-1 17,-1 23,2 | 1,0,6,3,3;-2,0,6,6,0;1,1,5,6,0;-1,5,1,0,6;2,6,0,0,6;-1,6,0,3,3 ||  || CORE 1,0,6,3,3;-2,0,6,6,0;1,1,5,6,0;-1,5,1,0,6;2,6,0,0,6;-1,6,0,3,3 | live
REL 15,-1 20,2 23,-1 | -2,0,6,1,5;1,0,6,6,0;1,1,5,0,6;-1,5,1,6,0;-1,6,0,0,6;2,6,0,5,1 ||  || CORE -2,0,6,1,5;1,0,6,6,0;1,1,5,0,6;-1,5,1,6,0;-1,6,0,0,6;2,6,0,5,1 | live
REL 2,-2 15,-1 16,-1 | 1,1,5,0,6;1,1,5,6,0;2,3,3,0,6;-2,3,3,6,0;-1,5,1,0,6;-1,5,1,6,0 ||  || CORE 1,0,4,0,6;1,0,4,6,0;2,2,2,0,6;-2,2,2,6,0;-1,4,0,0,6;-1,4,0,6,0 | live
REL 9,-1 11,1 16,-2 | -1,1,5,2,4;2,1,5,6,0;1,2,4,6,0;-1,4,2,0,6;-2,5,1,0,6;1,5,1,4,2 ||  || CORE -1,0,4,2,4;2,0,4,6,0;1,1,3,6,0;-1,3,1,0,6;-2,4,0,0,6;1,4,0,4,2 | live
REL 1,-2 22,-1 23,1 | 1,0,6,0,6;-1,0,6,6,0;2,3,3,1,5;-2,3,3,5,1;1,6,0,0,6;-1,6,0,6,0 || F 1,0,0,0,1;1,0,0,1,0 | 1,0,6,0,5;-1,0,6,1,4;1,0,6,2,3;-1,0,6,3,2;1,0,6,4,1;-1,0,6,5,0;2,3,3,1,4;-2,3,3,2,3;2,3,3,3,2;-2,3,3,4,1;1,6,0,0,5;-1,6,0,1,4;1,6,0,2,3;-1,6,0,3,2;1,6,0,4,1;-1,6,0,5,0 ## F -1,0,0,0,1;1,0,0,1,0 | -1,0,6,0,4;-1,0,6,2,2;-1,0,6,4,0;-2,3,3,1,3;-2,3,3,3,1;-1,6,0,0,4;-1,6,0,2,2;-1,6,0,4,0 || CORE -1,0,6,0,4;-1,0,6,2,2;-1,0,6,4,0;-2,3,3,1,3;-2,3,3,3,1;-1,6,0,0,4;-1,6,0,2,2;-1,6,0,4,0 | live
REL 5,-1 18,-1 19,-2 | 1,0,6,2,4;2,0,6,4,2;1,2,4,4,2;-1,4,2,2,4;-2,6,0,2,4;-1,6,0,4,2 ||  || CORE 1,0,6,0,2;2,0,6,2,0;1,2,4,2,0;-1,4,2,0,2;-2,6,0,0,2;-1,6,0,2,0 | live
REL 17,-1 18,-2 19,-1 | 2,0,6,2,4;1,0,6,3,3;1,0,6,4,2;-1,6,0,2,4;-1,6,0,3,3;-2,6,0,4,2 ||  || CORE 2,0,6,0,2;1,0,6,1,1;1,0,6,2,0;-1,6,0,0,2;-1,6,0,1,1;-2,6,0,2,0 | live
REL 2,-2 4,-1 9,-1 | 1,2,4,2,4;1,2,4,6,0;2,3,3,0,6;-2,3,3,6,0;-1,4,2,0,6;-1,4,2,4,2 ||  || CORE 1,0,2,2,4;1,0,2,6,0;2,1,1,0,6;-2,1,1,6,0;-1,2,0,0,6;-1,2,0,4,2 | live
REL 15,-1 21,-1 22,2 | -2,0,6,0,6;1,0,6,5,1;1,1,5,0,6;-1,5,1,6,0;-1,6,0,1,5;2,6,0,6,0 ||  || CORE -2,0,6,0,6;1,0,6,5,1;1,1,5,0,6;-1,5,1,6,0;-1,6,0,1,5;2,6,0,6,0 | live
REL 6,-1 11,-2 14,1 | 2,1,5,2,4;-1,1,5,5,1;1,2,4,1,5;-1,4,2,5,1;1,5,1,1,5;-2,5,1,4,2 ||  || CORE 2,0,4,1,3;-1,0,4,4,0;1,1,3,0,4;-1,3,1,4,0;1,4,0,0,4;-2,4,0,3,1 | live
REL 1,-1 4,-2 6,1 | -1,2,4,1,5;2,2,4,2,4;1,3,3,1,5;-1,3,3,5,1;-2,4,2,4,2;1,4,2,5,1 ||  || CORE -1,0,2,0,4;2,0,2,1,3;1,1,1,0,4;-1,1,1,4,0;-2,2,0,3,1;1,2,0,4,0 | live
REL 9,-2 10,-1 15,1 | -1,1,5,0,6;1,1,5,3,3;2,2,4,6,0;-2,4,2,0,6;-1,5,1,3,3;1,5,1,6,0 ||  || CORE -1,0,4,0,6;1,0,4,3,3;2,1,3,6,0;-2,3,1,0,6;-1,4,0,3,3;1,4,0,6,0 | live
REL 9,-1 21,-1 22,-2 | 2,0,6,0,6;1,0,6,5,1;1,2,4,6,0;-1,4,2,0,6;-1,6,0,1,5;-2,6,0,6,0 ||  || CORE 2,0,6,0,6;1,0,6,5,1;1,2,4,6,0;-1,4,2,0,6;-1,6,0,1,5;-2,6,0,6,0 | live
REL 15,-1 19,-1 22,-2 | 2,0,6,0,6;1,0,6,4,2;1,1,5,0,6;-1,5,1,6,0;-1,6,0,2,4;-2,6,0,6,0 ||  || CORE 2,0,6,0,6;1,0,6,4,2;1,1,5,0,6;-1,5,1,6,0;-1,6,0,2,4;-2,6,0,6,0 | live
REL 6,-1 17,-2 21,-1 | 2,0,6,3,3;1,0,6,5,1;1,2,4,1,5;-1,4,2,5,1;-1,6,0,1,5;-2,6,0,3,3 || F 1,0,1,0,0;1,1,0,0,0 | 2,0,5,2,2;1,0,5,4,0;-2,1,4,2,2;-1,1,4,4,0;1,2,3,0,4;2,2,3,2,2;1,2,3,4,0;-1,3,2,0,4;-2,3,2,2,2;-1,3,2,4,0;1,4,1,0,4;2,4,1,2,2;-1,5,0,0,4;-2,5,0,2,2 ## F -1,0,1,0,0;1,1,0,0,0 | -2,0,4,2,2;-1,0,4,4,0;-1,2,2,0,4;-2,2,2,2,2;-1,2,2,4,0;-1,4,0,0,4;-2,4,0,2,2 || CORE -2,0,4,2,2;-1,0,4,4,0;-1,2,2,0,4;-2,2,2,2,2;-1,2,2,4,0;-1,4,0,0,4;-2,4,0,2,2 | live
REL 13,-2 22,-1 23,1 | 1,0,6,0,6;-1,0,6,6,0;2,1,5,1,5;-2,5,1,5,1;1,6,0,0,6;-1,6,0,6,0 ||  || CORE 1,0,6,0,6;-1,0,6,6,0;2,1,5,1,5;-2,5,1,5,1;1,6,0,0,6;-1,6,0,6,0 | live
REL 5,-1 11,2 12,-1 | -2,1,5,2,4;1,1,5,4,2;1,2,4,4,2;-1,4,2,2,4;-1,5,1,2,4;2,5,1,4,2 ||  || CORE -2,0,4,0,2;1,0,4,2,0;1,1,3,2,0;-1,3,1,0,2;-1,4,0,0,2;2,4,0,2,0 | live
REL 2,-1 4,-1 9,-2 | 1,2,4,2,4;2,2,4,6,0;1,3,3,0,6;-1,3,3,6,0;-2,4,2,0,6;-1,4,2,4,2 ||  || CORE 1,0,2,2,4;2,0,2,6,0;1,1,1,0,6;-1,1,1,6,0;-2,2,0,0,6;-1,2,0,4,2 | live
REL 2,-1 11,-1 15,2 | -2,1,5,0,6;1,1,5,2,4;1,3,3,0,6;-1,3,3,6,0;-1,5,1,4,2;2,5,1,6,0 ||  || CORE -2,0,4,0,6;1,0,4,2,4;1,2,2,0,6;-1,2,2,6,0;-1,4,0,4,2;2,4,0,6,0 | live
REL 21,-2 22,-1 23,1 | 1,0,6,0,6;2,0,6,5,1;-1,0,6,6,0;1,6,0,0,6;-2,6,0,1,5;-1,6,0,6,0 ||  || CORE 1,0,6,0,6;2,0,6,5,1;-1,0,6,6,0;1,6,0,0,6;-2,6,0,1,5;-1,6,0,6,0 | live
REL 6,-1 17,1 21,-2 | -1,0,6,3,3;2,0,6,5,1;1,2,4,1,5;-1,4,2,5,1;-2,6,0,1,5;1,6,0,3,3 ||  || CORE -1,0,6,2,2;2,0,6,4,0;1,2,4,0,4;-1,4,2,4,0;-2,6,0,0,4;1,6,0,2,2 | live
REL 7,-1 18,1 20,-2 | 2,0,6,1,5;-1,0,6,2,4;1,2,4,5,1;-1,4,2,1,5;1,6,0,4,2;-2,6,0,5,1 ||  || CORE 2,0,6,0,4;-1,0,6,1,3;1,2,4,4,0;-1,4,2,0,4;1,6,0,3,1;-2,6,0,4,0 | live
REL 7,-1 13,-1 14,2 | 1,1,5,1,5;-2,1,5,5,1;1,2,4,5,1;-1,4,2,1,5;2,5,1,1,5;-1,5,1,5,1 ||  || CORE 1,0,4,0,4;-2,0,4,4,0;1,1,3,4,0;-1,3,1,0,4;2,4,0,0,4;-1,4,0,4,0 | live
REL 8,-1 17,-2 23,1 | 2,0,6,3,3;-1,0,6,6,0;1,2,4,0,6;-1,4,2,6,0;1,6,0,0,6;-2,6,0,3,3 ||  || CORE 2,0,6,3,3;-1,0,6,6,0;1,2,4,0,6;-1,4,2,6,0;1,6,0,0,6;-2,6,0,3,3 | live
REL 1,-1 20,1 21,2 | -1,0,6,1,5;-2,0,6,5,1;1,3,3,1,5;-1,3,3,5,1;2,6,0,1,5;1,6,0,5,1 || F 1,0,1,0,0;1,1,0,0,0 | -1,0,5,0,4;-2,0,5,4,0;1,1,4,0,4;2,1,4,4,0;-1,2,3,0,4;-2,2,3,4,0;2,3,2,0,4;1,3,2,4,0;-2,4,1,0,4;-1,4,1,4,0;2,5,0,0,4;1,5,0,4,0 ## F 1,0,2,0,0;-1,1,1,0,0;1,2,0,0,0 | -1,0,3,0,4;-2,0,3,4,0;2,3,0,0,4;1,3,0,4,0 || CORE -1,0,3,0,4;-2,0,3,4,0;2,3,0,0,4;1,3,0,4,0 | live
REL 13,-1 19,-1 20,-2 | 2,0,6,1,5;1,0,6,4,2;1,1,5,1,5;-1,5,1,5,1;-1,6,0,2,4;-2,6,0,5,1 ||  || CORE 2,0,6,0,4;1,0,6,3,1;1,1,5,0,4;-1,5,1,4,0;-1,6,0,1,3;-2,6,0,4,0 | live
REL 1,-1 10,-1 13,-2 | 2,1,5,1,5;1,1,5,3,3;1,3,3,1,5;-1,3,3,5,1;-1,5,1,3,3;-2,5,1,5,1 ||  || CORE 2,0,4,0,4;1,0,4,2,2;1,2,2,0,4;-1,2,2,4,0;-1,4,0,2,2;-2,4,0,4,0 | live
REL 13,-2 17,-1 20,-1 | 1,0,6,1,5;1,0,6,3,3;2,1,5,1,5;-2,5,1,5,1;-1,6,0,3,3;-1,6,0,5,1 ||  || CORE 1,0,6,0,4;1,0,6,2,2;2,1,5,0,4;-2,5,1,4,0;-1,6,0,2,2;-1,6,0,4,0 | live
REL 5,-2 11,-1 12,1 | 1,1,5,2,4;-1,1,5,4,2;2,2,4,4,2;-2,4,2,2,4;1,5,1,2,4;-1,5,1,4,2 || F -1,0,1,0,0;1,1,0,0,0 | -1,0,3,0,2;1,0,3,2,0;-1,1,2,0,2;-1,1,2,2,0;-1,2,1,0,2;-1,2,1,2,0;1,3,0,0,2;-1,3,0,2,0 || CORE -1,0,3,0,2;1,0,3,2,0;-1,1,2,0,2;-1,1,2,2,0;-1,2,1,0,2;-1,2,1,2,0;1,3,0,0,2;-1,3,0,2,0 | live
REL 2,-1 10,2 16,1 | -2,1,5,3,3;-1,1,5,6,0;1,3,3,0,6;-1,3,3,6,0;1,5,1,0,6;2,5,1,3,3 || F 1,0,2,0,0;1,2,0,0,0 | -2,0,2,3,3;-1,0,2,6,0;1,2,0,0,6;2,2,0,3,3 || CORE -2,0,2,3,3;-1,0,2,6,0;1,2,0,0,6;2,2,0,3,3 | unit
REL 6,-2 8,1 9,-1 | -1,2,4,0,6;2,2,4,1,5;1,2,4,6,0;-1,4,2,0,6;-2,4,2,5,1;1,4,2,6,0 ||  || CORE -1,0,2,0,6;2,0,2,1,5;1,0,2,6,0;-1,2,0,0,6;-2,2,0,5,1;1,2,0,6,0 | live
REL 17,-2 20,1 21,-1 | -1,0,6,1,5;2,0,6,3,3;1,0,6,5,1;-1,6,0,1,5;-2,6,0,3,3;1,6,0,5,1 ||  || CORE -1,0,6,0,4;2,0,6,2,2;1,0,6,4,0;-1,6,0,0,4;-2,6,0,2,2;1,6,0,4,0 | live
REL 4,-2 6,-1 7,1 | 1,2,4,1,5;2,2,4,2,4;-1,2,4,5,1;1,4,2,1,5;-2,4,2,4,2;-1,4,2,5,1 ||  || CORE 1,0,2,0,4;2,0,2,1,3;-1,0,2,4,0;1,2,0,0,4;-2,2,0,3,1;-1,2,0,4,0 | live
REL 2,-2 6,-1 9,-1 | 1,2,4,1,5;1,2,4,6,0;2,3,3,0,6;-2,3,3,6,0;-1,4,2,0,6;-1,4,2,5,1 || F 1,0,0,0,1;1,0,0,1,0 | 1,0,2,1,4;-1,0,2,2,3;1,0,2,3,2;-1,0,2,4,1;1,0,2,5,0;2,1,1,0,5;-2,1,1,1,4;2,1,1,2,3;-2,1,1,3,2;2,1,1,4,1;-2,1,1,5,0;-1,2,0,0,5;1,2,0,1,4;-1,2,0,2,3;1,2,0,3,2;-1,2,0,4,1 || CORE 1,0,2,1,4;-1,0,2,2,3;1,0,2,3,2;-1,0,2,4,1;1,0,2,5,0;2,1,1,0,5;-2,1,1,1,4;2,1,1,2,3;-2,1,1,3,2;2,1,1,4,1;-2,1,1,5,0;-1,2,0,0,5;1,2,0,1,4;-1,2,0,2,3;1,2,0,3,2;-1,2,0,4,1 | live
REL 9,-1 18,1 23,-2 | -1,0,6,2,4;2,0,6,6,0;1,2,4,6,0;-1,4,2,0,6;-2,6,0,0,6;1,6,0,4,2 ||  || CORE -1,0,6,2,4;2,0,6,6,0;1,2,4,6,0;-1,4,2,0,6;-2,6,0,0,6;1,6,0,4,2 | live
REL 2,-1 11,-2 16,-1 | 2,1,5,2,4;1,1,5,6,0;1,3,3,0,6;-1,3,3,6,0;-1,5,1,0,6;-2,5,1,4,2 ||  || CORE 2,0,4,2,4;1,0,4,6,0;1,2,2,0,6;-1,2,2,6,0;-1,4,0,0,6;-2,4,0,4,2 | live
REL 18,-1 20,2 21,-1 | -2,0,6,1,5;1,0,6,2,4;1,0,6,5,1;-1,6,0,1,5;-1,6,0,4,2;2,6,0,5,1 || F -1,0,0,0,1;1,0,0,1,0 | 2,0,6,0,3;1,0,6,1,2;1,0,6,2,1;1,0,6,3,0;1,6,0,0,3;1,6,0,1,2;1,6,0,2,1;2,6,0,3,0 || CORE 2,0,6,0,3;1,0,6,1,2;1,0,6,2,1;1,0,6,3,0;1,6,0,0,3;1,6,0,1,2;1,6,0,2,1;2,6,0,3,0 | live
REL 8,-2 13,-1 16,-1 | 1,1,5,1,5;1,1,5,6,0;2,2,4,0,6;-2,4,2,6,0;-1,5,1,0,6;-1,5,1,5,1 ||  || CORE 1,0,4,1,5;1,0,4,6,0;2,1,3,0,6;-2,3,1,6,0;-1,4,0,0,6;-1,4,0,5,1 | live
REL 4,-2 18,-1 19,-1 | 1,0,6,2,4;1,0,6,4,2;2,2,4,2,4;-2,4,2,4,2;-1,6,0,2,4;-1,6,0,4,2 || F 1,0,2,0,0;1,2,0,0,0 | 1,0,4,0,2;1,0,4,2,0;1,2,2,0,2;-1,2,2,2,0;-1,4,0,0,2;-1,4,0,2,0 || CORE 1,0,4,0,2;1,0,4,2,0;1,2,2,0,2;-1,2,2,2,0;-1,4,0,0,2;-1,4,0,2,0 | live
REL 8,-2 12,-1 16,1 | 1,1,5,4,2;-1,1,5,6,0;2,2,4,0,6;-2,4,2,6,0;1,5,1,0,6;-1,5,1,2,4 ||  || CORE 1,0,4,4,2;-1,0,4,6,0;2,1,3,0,6;-2,3,1,6,0;1,4,0,0,6;-1,4,0,2,4 | live
REL 2,-2 19,1 22,-1 | 1,0,6,0,6;-1,0,6,4,2;2,3,3,0,6;-2,3,3,6,0;1,6,0,2,4;-1,6,0,6,0 || F 1,0,0,0,1;1,0,0,1,0 | 1,0,6,0,5;-1,0,6,1,4;1,0,6,2,3;-1,0,6,3,2;2,3,3,0,5;-2,3,3,1,4;2,3,3,2,3;-2,3,3,3,2;2,3,3,4,1;-2,3,3,5,0;1,6,0,2,3;-1,6,0,3,2;1,6,0,4,1;-1,6,0,5,0 ## F -1,0,0,0,1;1,0,0,1,0 | -1,0,6,0,4;-1,0,6,2,2;-2,3,3,0,4;-2,3,3,2,2;-2,3,3,4,0;-1,6,0,2,2;-1,6,0,4,0 || CORE -1,0,6,0,4;-1,0,6,2,2;-2,3,3,0,4;-2,3,3,2,2;-2,3,3,4,0;-1,6,0,2,2;-1,6,0,4,0 | live
REL 0,-2 18,1 19,1 | -1,0,6,2,4;-1,0,6,4,2;2,3,3,2,4;-2,3,3,4,2;1,6,0,2,4;1,6,0,4,2 ||  || CORE -1,0,6,0,2;-1,0,6,2,0;2,3,3,0,2;-2,3,3,2,0;1,6,0,0,2;1,6,0,2,0 | live
REL 9,-2 12,-1 16,-1 | 1,1,5,4,2;1,1,5,6,0;2,2,4,6,0;-2,4,2,0,6;-1,5,1,0,6;-1,5,1,2,4 ||  || CORE 1,0,4,4,2;1,0,4,6,0;2,1,3,6,0;-2,3,1,0,6;-1,4,0,0,6;-1,4,0,2,4 | live
REL 16,-2 20,-1 22,1 | -1,0,6,0,6;1,0,6,1,5;2,1,5,6,0;-2,5,1,0,6;-1,6,0,5,1;1,6,0,6,0 ||  || CORE -1,0,6,0,6;1,0,6,1,5;2,1,5,6,0;-2,5,1,0,6;-1,6,0,5,1;1,6,0,6,0 | live
REL 7,-2 10,1 14,-1 | -1,1,5,3,3;1,1,5,5,1;2,2,4,5,1;-2,4,2,1,5;-1,5,1,1,5;1,5,1,3,3 ||  || CORE -1,0,4,2,2;1,0,4,4,0;2,1,3,4,0;-2,3,1,0,4;-1,4,0,0,4;1,4,0,2,2 | live
REL 2,-2 8,-1 9,1 | 1,2,4,0,6;-1,2,4,6,0;2,3,3,0,6;-2,3,3,6,0;1,4,2,0,6;-1,4,2,6,0 || F 1,0,1,0,0;1,1,0,0,0 | 1,0,1,0,6;-1,0,1,6,0;1,1,0,0,6;-1,1,0,6,0 ## F 1,0,0,0,1;1,0,0,1,0 | 1,0,1,0,5;-1,0,1,1,4;1,0,1,2,3;-1,0,1,3,2;1,0,1,4,1;-1,0,1,5,0;1,1,0,0,5;-1,1,0,1,4;1,1,0,2,3;-1,1,0,3,2;1,1,0,4,1;-1,1,0,5,0 ## F -1,0,0,0,1;1,0,0,1,0 | -1,0,1,0,4;-1,0,1,2,2;-1,0,1,4,0;-1,1,0,0,4;-1,1,0,2,2;-1,1,0,4,0 ## F 1,0,0,0,2;1,0,0,1,1;1,0,0,2,0 | -1,0,1,0,2;1,0,1,1,1;-1,0,1,2,0;-1,1,0,0,2;1,1,0,1,1;-1,1,0,2,0 ## F 1,0,0,0,2;-1,0,0,1,1;1,0,0,2,0 | -1,0,1,0,0;-1,1,0,0,0 ## F 1,0,1,0,0;1,1,0,0,0 | -1,0,0,0,0 || CORE -1,0,0,0,0 | monomial
REL 16,-2 19,-1 22,-1 | 1,0,6,0,6;1,0,6,4,2;2,1,5,6,0;-2,5,1,0,6;-1,6,0,2,4;-1,6,0,6,0 ||  || CORE 1,0,6,0,6;1,0,6,4,2;2,1,5,6,0;-2,5,1,0,6;-1,6,0,2,4;-1,6,0,6,0 | live
REL 2,-2 13,1 15,-1 | 1,1,5,0,6;-1,1,5,1,5;2,3,3,0,6;-2,3,3,6,0;1,5,1,5,1;-1,5,1,6,0 || F -1,0,0,0,1;1,0,0,1,0 | -1,0,4,0,5;-2,2,2,0,5;-2,2,2,1,4;-2,2,2,2,3;-2,2,2,3,2;-2,2,2,4,1;-2,2,2,5,0;-1,4,0,5,0 || CORE -1,0,4,0,5;-2,2,2,0,5;-2,2,2,1,4;-2,2,2,2,3;-2,2,2,3,2;-2,2,2,4,1;-2,2,2,5,0;-1,4,0,5,0 | unit
REL 0,-1 3,-2 4,-1 | 1,2,4,2,4;2,2,4,3,3;1,3,3,2,4;-1,3,3,4,2;-2,4,2,3,3;-1,4,2,4,2 || F 1,0,1,0,0;1,1,0,0,0 | 1,0,1,0,2;2,0,1,1,1;-2,1,0,1,1;-1,1,0,2,0 || CORE 1,0,1,0,2;2,0,1,1,1;-2,1,0,1,1;-1,1,0,2,0 | unit
REL 16,-2 18,1 22,-1 | 1,0,6,0,6;-1,0,6,2,4;2,1,5,6,0;-2,5,1,0,6;1,6,0,4,2;-1,6,0,6,0 ||  || CORE 1,0,6,0,6;-1,0,6,2,4;2,1,5,6,0;-2,5,1,0,6;1,6,0,4,2;-1,6,0,6,0 | live
REL 16,-1 19,-2 22,-1 | 1,0,6,0,6;2,0,6,4,2;1,1,5,6,0;-1,5,1,0,6;-2,6,0,2,4;-1,6,0,6,0 ||  || CORE 1,0,6,0,6;2,0,6,4,2;1,1,5,6,0;-1,5,1,0,6;-2,6,0,2,4;-1,6,0,6,0 | live
REL 13,-1 19,2 20,-1 | 1,0,6,1,5;-2,0,6,4,2;1,1,5,1,5;-1,5,1,5,1;2,6,0,2,4;-1,6,0,5,1 ||  || CORE 1,0,6,0,4;-2,0,6,3,1;1,1,5,0,4;-1,5,1,4,0;2,6,0,1,3;-1,6,0,4,0 | live
REL 7,-2 13,1 14,1 | -1,1,5,1,5;-1,1,5,5,1;2,2,4,5,1;-2,4,2,1,5;1,5,1,1,5;1,5,1,5,1 ||  || CORE -1,0,4,0,4;-1,0,4,4,0;2,1,3,4,0;-2,3,1,0,4;1,4,0,0,4;1,4,0,4,0 | live
REL 13,-1 17,1 21,2 | -1,0,6,3,3;-2,0,6,5,1;1,1,5,1,5;-1,5,1,5,1;2,6,0,1,5;1,6,0,3,3 ||  || CORE -1,0,6,2,2;-2,0,6,4,0;1,1,5,0,4;-1,5,1,4,0;2,6,0,0,4;1,6,0,2,2 | live
REL 2,-1 13,2 16,-1 | -2,1,5,1,5;1,1,5,6,0;1,3,3,0,6;-1,3,3,6,0;-1,5,1,0,6;2,5,1,5,1 ||  || CORE -2,0,4,1,5;1,0,4,6,0;1,2,2,0,6;-1,2,2,6,0;-1,4,0,0,6;2,4,0,5,1 | live
REL 2,-2 11,-1 15,-1 | 1,1,5,0,6;1,1,5,2,4;2,3,3,0,6;-2,3,3,6,0;-1,5,1,4,2;-1,5,1,6,0 ||  || CORE 1,0,4,0,6;1,0,4,2,4;2,2,2,0,6;-2,2,2,6,0;-1,4,0,4,2;-1,4,0,6,0 | live
REL 17,-2 18,-1 19,-1 | 1,0,6,2,4;2,0,6,3,3;1,0,6,4,2;-1,6,0,2,4;-2,6,0,3,3;-1,6,0,4,2 || F 1,0,1,0,0;1,1,0,0,0 | 1,0,5,0,2;2,0,5,1,1;1,0,5,2,0;-1,1,4,0,2;-2,1,4,1,1;-1,1,4,2,0;1,2,3,0,2;2,2,3,1,1;1,2,3,2,0;-1,3,2,0,2;-2,3,2,1,1;-1,3,2,2,0;1,4,1,0,2;2,4,1,1,1;1,4,1,2,0;-1,5,0,0,2;-2,5,0,1,1;-1,5,0,2,0 ## F 1,0,0,0,1;1,0,0,1,0 | 1,0,5,0,1;1,0,5,1,0;-1,1,4,0,1;-1,1,4,1,0;1,2,3,0,1;1,2,3,1,0;-1,3,2,0,1;-1,3,2,1,0;1,4,1,0,1;1,4,1,1,0;-1,5,0,0,1;-1,5,0,1,0 ## F -1,0,1,0,0;1,1,0,0,0 | -1,0,4,0,1;-1,0,4,1,0;-1,2,2,0,1;-1,2,2,1,0;-1,4,0,0,1;-1,4,0,1,0 ## F 1,0,2,0,0;1,1,1,0,0;1,2,0,0,0 | -1,0,2,0,1;-1,0,2,1,0;1,1,1,0,1;1,1,1,1,0;-1,2,0,0,1;-1,2,0,1,0 ## F 1,0,2,0,0;-1,1,1,0,0;1,2,0,0,0 | -1,0,0,0,1;-1,0,0,1,0 ## F 1,0,0,0,1;1,0,0,1,0 | -1,0,0,0,0 || CORE -1,0,0,0,0 | monomial
REL 2,-2 3,1 8,-1 | 1,2,4,0,6;-1,2,4,3,3;2,3,3,0,6;-2,3,3,6,0;1,4,2,3,3;-1,4,2,6,0 || F -1,0,0,0,1;1,0,0,1,0 | -1,0,2,0,5;-1,0,2,1,4;-1,0,2,2,3;-2,1,1,0,5;-2,1,1,1,4;-2,1,1,2,3;-2,1,1,3,2;-2,1,1,4,1;-2,1,1,5,0;-1,2,0,3,2;-1,2,0,4,1;-1,2,0,5,0 ## F 1,0,0,0,2;1,0,0,1,1;1,0,0,2,0 | -1,0,2,0,3;-2,1,1,0,3;-2,1,1,3,0;-1,2,0,3,0 || CORE -1,0,2,0,3;-2,1,1,0,3;-2,1,1,3,0;-1,2,0,3,0 | unit
REL 8,-1 13,-1 15,-2 | 2,1,5,0,6;1,1,5,1,5;1,2,4,0,6;-1,4,2,6,0;-1,5,1,5,1;-2,5,1,6,0 ||  || CORE 2,0,4,0,6;1,0,4,1,5;1,1,3,0,6;-1,3,1,6,0;-1,4,0,5,1;-2,4,0,6,0 | live
REL 6,-1 12,2 13,1 | -1,1,5,1,5;-2,1,5,4,2;1,2,4,1,5;-1,4,2,5,1;2,5,1,2,4;1,5,1,5,1 ||  || CORE -1,0,4,0,4;-2,0,4,3,1;1,1,3,0,4;-1,3,1,4,0;2,4,0,1,3;1,4,0,4,0 | live
REL 7,-1 13,2 14,-1 | -2,1,5,1,5;1,1,5,5,1;1,2,4,5,1;-1,4,2,1,5;-1,5,1,1,5;2,5,1,5,1 ||  || CORE -2,0,4,0,4;1,0,4,4,0;1,1,3,4,0;-1,3,1,0,4;-1,4,0,0,4;2,4,0,4,0 | live
REL 8,-1 14,-1 15,2 | -2,1,5,0,6;1,1,5,5,1;1,2,4,0,6;-1,4,2,6,0;-1,5,1,1,5;2,5,1,6,0 ||  || CORE -2,0,4,0,6;1,0,4,5,1;1,1,3,0,6;-1,3,1,6,0;-1,4,0,1,5;2,4,0,6,0 | live
REL 4,-1 18,-1 19,2 | 1,0,6,2,4;-2,0,6,4,2;1,2,4,2,4;-1,4,2,4,2;2,6,0,2,4;-1,6,0,4,2 ||  || CORE 1,0,6,0,2;-2,0,6,2,0;1,2,4,0,2;-1,4,2,2,0;2,6,0,0,2;-1,6,0,2,0 | live
REL 8,-2 19,1 23,1 | -1,0,6,4,2;-1,0,6,6,0;2,2,4,0,6;-2,4,2,6,0;1,6,0,0,6;1,6,0,2,4 ||  || CORE -1,0,6,4,2;-1,0,6,6,0;2,2,4,0,6;-2,4,2,6,0;1,6,0,0,6;1,6,0,2,4 | live
REL 4,-1 10,-2 11,1 | -1,1,5,2,4;2,1,5,3,3;1,2,4,2,4;-1,4,2,4,2;-2,5,1,3,3;1,5,1,4,2 || F -1,0,1,0,0;1,1,0,0,0 | 1,0,3,0,2;-2,0,3,1,1;-2,1,2,1,1;-2,2,1,1,1;-2,3,0,1,1;1,3,0,2,0 || CORE 1,0,3,0,2;-2,0,3,1,1;-2,1,2,1,1;-2,2,1,1,1;-2,3,0,1,1;1,3,0,2,0 | unit
REL 6,-2 10,1 14,-1 | -1,1,5,3,3;1,1,5,5,1;2,2,4,1,5;-2,4,2,5,1;-1,5,1,1,5;1,5,1,3,3 ||  || CORE -1,0,4,2,2;1,0,4,4,0;2,1,3,0,4;-2,3,1,4,0;-1,4,0,0,4;1,4,0,2,2 | live
REL 6,-1 10,-1 13,2 | -2,1,5,1,5;1,1,5,3,3;1,2,4,1,5;-1,4,2,5,1;-1,5,1,3,3;2,5,1,5,1 ||  || CORE -2,0,4,0,4;1,0,4,2,2;1,1,3,0,4;-1,3,1,4,0;-1,4,0,2,2;2,4,0,4,0 | live
REL 5,-2 18,-1 19,-1 | 1,0,6,2,4;1,0,6,4,2;2,2,4,4,2;-2,4,2,2,4;-1,6,0,2,4;-1,6,0,4,2 || F 1,0,2,0,0;1,2,0,0,0 | 1,0,4,0,2;1,0,4,2,0;-1,2,2,0,2;1,2,2,2,0;-1,4,0,0,2;-1,4,0,2,0 || CORE 1,0,4,0,2;1,0,4,2,0;-1,2,2,0,2;1,2,2,2,0;-1,4,0,0,2;-1,4,0,2,0 | live
REL 5,-1 11,-1 12,2 | 1,1,5,2,4;-2,1,5,4,2;1,2,4,4,2;-1,4,2,2,4;2,5,1,2,4;-1,5,1,4,2 ||  || CORE 1,0,4,0,2;-2,0,4,2,0;1,1,3,2,0;-1,3,1,0,2;2,4,0,0,2;-1,4,0,2,0 | live
REL 11,-1 13,-1 14,-2 | 1,1,5,1,5;1,1,5,2,4;2,1,5,5,1;-2,5,1,1,5;-1,5,1,4,2;-1,5,1,5,1 ||  || CORE 1,0,4,0,4;1,0,4,1,3;2,0,4,4,0;-2,4,0,0,4;-1,4,0,3,1;-1,4,0,4,0 | live
REL 0,-2 10,-1 12,1 | 1,1,5,3,3;-1,1,5,4,2;2,3,3,2,4;-2,3,3,4,2;1,5,1,2,4;-1,5,1,3,3 || F -1,0,0,0,1;1,0,0,1,0 | -1,0,4,1,0;-2,2,2,0,1;-2,2,2,1,0;-1,4,0,0,1 || CORE -1,0,4,1,0;-2,2,2,0,1;-2,2,2,1,0;-1,4,0,0,1 | unit
REL 0,-1 18,1 19,-2 | -1,0,6,2,4;2,0,6,4,2;1,3,3,2,4;-1,3,3,4,2;-2,6,0,2,4;1,6,0,4,2 ||  || CORE -1,0,6,0,2;2,0,6,2,0;1,3,3,0,2;-1,3,3,2,0;-2,6,0,0,2;1,6,0,2,0 | live
REL 1,-2 19,1 21,-1 | -1,0,6,4,2;1,0,6,5,1;2,3,3,1,5;-2,3,3,5,1;-1,6,0,1,5;1,6,0,2,4 || F -1,0,0,0,1;1,0,0,1,0 | 1,0,6,3,0;-2,3,3,0,3;-2,3,3,1,2;-2,3,3,2,1;-2,3,3,3,0;1,6,0,0,3 || CORE 1,0,6,3,0;-2,3,3,0,3;-2,3,3,1,2;-2,3,3,2,1;-2,3,3,3,0;1,6,0,0,3 | unit
REL 7,-1 18,1 21,2 | -1,0,6,2,4;-2,0,6,5,1;1,2,4,5,1;-1,4,2,1,5;2,6,0,1,5;1,6,0,4,2 ||  || CORE -1,0,6,1,3;-2,0,6,4,0;1,2,4,4,0;-1,4,2,0,4;2,6,0,0,4;1,6,0,3,1 | live
REL 6,-1 12,-2 14,1 | 2,1,5,4,2;-1,1,5,5,1;1,2,4,1,5;-1,4,2,5,1;1,5,1,1,5;-2,5,1,2,4 ||  || CORE 2,0,4,3,1;-1,0,4,4,0;1,1,3,0,4;-1,3,1,4,0;1,4,0,0,4;-2,4,0,1,3 | live
REL 9,-1 12,-2 16,1 | 2,1,5,4,2;-1,1,5,6,0;1,2,4,6,0;-1,4,2,0,6;1,5,1,0,6;-2,5,1,2,4 ||  || CORE 2,0,4,4,2;-1,0,4,6,0;1,1,3,6,0;-1,3,1,0,6;1,4,0,0,6;-2,4,0,2,4 | live
REL 2,-1 6,2 9,1 | -2,2,4,1,5;-1,2,4,6,0;1,3,3,0,6;-1,3,3,6,0;1,4,2,0,6;2,4,2,5,1 ||  || CORE -2,0,2,1,5;-1,0,2,6,0;1,1,1,0,6;-1,1,1,6,0;1,2,0,0,6;2,2,0,5,1 | live
REL 15,-1 18,-2 23,-1 | 2,0,6,2,4;1,0,6,6,0;1,1,5,0,6;-1,5,1,6,0;-1,6,0,0,6;-2,6,0,4,2 ||  || CORE 2,0,6,2,4;1,0,6,6,0;1,1,5,0,6;-1,5,1,6,0;-1,6,0,0,6;-2,6,0,4,2 | live
REL 2,-1 7,-2 9,-1 | 2,2,4,5,1;1,2,4,6,0;1,3,3,0,6;-1,3,3,6,0;-1,4,2,0,6;-2,4,2,1,5 ||  || CORE 2,0,2,5,1;1,0,2,6,0;1,1,1,0,6;-1,1,1,6,0;-1,2,0,0,6;-2,2,0,1,5 | live
REL 19,-1 20,1 21,2 | -1,0,6,1,5;1,0,6,4,2;-2,0,6,5,1;2,6,0,1,5;-1,6,0,2,4;1,6,0,5,1 ||  || CORE -1,0,6,0,4;1,0,6,3,1;-2,0,6,4,0;2,6,0,0,4;-1,6,0,1,3;1,6,0,4,0 | live
REL 1,-2 15,-1 16,-1 | 1,1,5,0,6;1,1,5,6,0;2,3,3,1,5;-2,3,3,5,1;-1,5,1,0,6;-1,5,1,6,0 || F 1,0,0,0,2;1,0,0,2,0 | 1,0,4,0,4;-1,0,4,2,2;1,0,4,4,0;2,2,2,1,3;-2,2,2,3,1;-1,4,0,0,4;1,4,0,2,2;-1,4,0,4,0 || CORE 1,0,4,0,4;-1,0,4,2,2;1,0,4,4,0;2,2,2,1,3;-2,2,2,3,1;-1,4,0,0,4;1,4,0,2,2;-1,4,0,4,0 | live
REL 1,-1 12,2 14,1 | -2,1,5,4,2;-1,1,5,5,1;1,3,3,1,5;-1,3,3,5,1;1,5,1,1,5;2,5,1,2,4 ||  || CORE -2,0,4,3,1;-1,0,4,4,0;1,2,2,0,4;-1,2,2,4,0;1,4,0,0,4;2,4,0,1,3 | live
REL 0,-1 10,2 12,1 | -2,1,5,3,3;-1,1,5,4,2;1,3,3,2,4;-1,3,3,4,2;1,5,1,2,4;2,5,1,3,3 || F 1,0,2,0,0;1,2,0,0,0 | -2,0,2,1,1;-1,0,2,2,0;1,2,0,0,2;2,2,0,1,1 || CORE -2,0,2,1,1;-1,0,2,2,0;1,2,0,0,2;2,2,0,1,1 | unit
REL 8,-1 12,2 15,1 | -1,1,5,0,6;-2,1,5,4,2;1,2,4,0,6;-1,4,2,6,0;2,5,1,2,4;1,5,1,6,0 ||  || CORE -1,0,4,0,6;-2,0,4,4,2;1,1,3,0,6;-1,3,1,6,0;2,4,0,2,4;1,4,0,6,0 | live
REL 6,-2 13,1 14,1 | -1,1,5,1,5;-1,1,5,5,1;2,2,4,1,5;-2,4,2,5,1;1,5,1,1,5;1,5,1,5,1 ||  || CORE -1,0,4,0,4;-1,0,4,4,0;2,1,3,0,4;-2,3,1,4,0;1,4,0,0,4;1,4,0,4,0 | live
REL 9,-2 18,-1 22,-1 | 1,0,6,0,6;1,0,6,2,4;2,2,4,6,0;-2,4,2,0,6;-1,6,0,4,2;-1,6,0,6,0 ||  || CORE 1,0,6,0,6;1,0,6,2,4;2,2,4,6,0;-2,4,2,0,6;-1,6,0,4,2;-1,6,0,6,0 | live
REL 1,-2 5,-1 6,1 | -1,2,4,1,5;1,2,4,4,2;2,3,3,1,5;-2,3,3,5,1;-1,4,2,2,4;1,4,2,5,1 || F -1,0,0,0,1;1,0,0,1,0 | 1,0,2,0,3;1,0,2,1,2;1,0,2,2,1;-2,1,1,0,3;-2,1,1,1,2;-2,1,1,2,1;-2,1,1,3,0;1,2,0,1,2;1,2,0,2,1;1,2,0,3,0 || CORE 1,0,2,0,3;1,0,2,1,2;1,0,2,2,1;-2,1,1,0,3;-2,1,1,1,2;-2,1,1,2,1;-2,1,1,3,0;1,2,0,1,2;1,2,0,2,1;1,2,0,3,0 | live
REL 1,-1 12,-1 13,2 | -2,1,5,1,5;1,1,5,4,2;1,3,3,1,5;-1,3,3,5,1;-1,5,1,2,4;2,5,1,5,1 ||  || CORE -2,0,4,0,4;1,0,4,3,1;1,2,2,0,4;-1,2,2,4,0;-1,4,0,1,3;2,4,0,4,0 | live
REL 8,-1 21,-1 23,2 | 1,0,6,5,1;-2,0,6,6,0;1,2,4,0,6;-1,4,2,6,0;2,6,0,0,6;-1,6,0,1,5 ||  || CORE 1,0,6,5,1;-2,0,6,6,0;1,2,4,0,6;-1,4,2,6,0;2,6,0,0,6;-1,6,0,1,5 | live
REL 9,-1 21,1 23,-2 | -1,0,6,5,1;2,0,6,6,0;1,2,4,6,0;-1,4,2,0,6;-2,6,0,0,6;1,6,0,1,5 ||  || CORE -1,0,6,5,1;2,0,6,6,0;1,2,4,6,0;-1,4,2,0,6;-2,6,0,0,6;1,6,0,1,5 | live
REL 13,-2 17,-1 20,1 | -1,0,6,1,5;1,0,6,3,3;2,1,5,1,5;-2,5,1,5,1;-1,6,0,3,3;1,6,0,5,1 ||  || CORE -1,0,6,0,4;1,0,6,2,2;2,1,5,0,4;-2,5,1,4,0;-1,6,0,2,2;1,6,0,4,0 | live
REL 6,-1 12,1 13,-2 | 2,1,5,1,5;-1,1,5,4,2;1,2,4,1,5;-1,4,2,5,1;1,5,1,2,4;-2,5,1,5,1 ||  || CORE 2,0,4,0,4;-1,0,4,3,1;1,1,3,0,4;-1,3,1,4,0;1,4,0,1,3;-2,4,0,4,0 | live
REL 2,-1 11,-2 15,-1 | 1,1,5,0,6;2,1,5,2,4;1,3,3,0,6;-1,3,3,6,0;-2,5,1,4,2;-1,5,1,6,0 ||  || CORE 1,0,4,0,6;2,0,4,2,4;1,2,2,0,6;-1,2,2,6,0;-2,4,0,4,2;-1,4,0,6,0 | live
REL 1,-2 13,-1 14,1 | 1,1,5,1,5;-1,1,5,5,1;2,3,3,1,5;-2,3,3,5,1;1,5,1,1,5;-1,5,1,5,1 || F 1,0,0,0,1;1,0,0,1,0 | 1,0,4,0,3;-1,0,4,1,2;1,0,4,2,1;-1,0,4,3,0;2,2,2,0,3;-2,2,2,1,2;2,2,2,2,1;-2,2,2,3,0;1,4,0,0,3;-1,4,0,1,2;1,4,0,2,1;-1,4,0,3,0 ## F -1,0,0,0,1;1,0,0,1,0 | -1,0,4,0,2;-1,0,4,2,0;-2,2,2,0,2;-2,2,2,2,0;-1,4,0,0,2;-1,4,0,2,0 ## F 1,0,2,0,0;1,2,0,0,0 | -1,0,2,0,2;-1,0,2,2,0;-1,2,0,0,2;-1,2,0,2,0 ## F 1,0,0,0,2;1,0,0,2,0 | -1,0,2,0,0;-1,2,0,0,0 ## F 1,0,2,0,0;1,2,0,0,0 | -1,0,0,0,0 || CORE -1,0,0,0,0 | monomial
REL 7,-2 15,-1 16,1 | 1,1,5,0,6;-1,1,5,6,0;2,2,4,5,1;-2,4,2,1,5;1,5,1,0,6;-1,5,1,6,0 ||  || CORE 1,0,4,0,6;-1,0,4,6,0;2,1,3,5,1;-2,3,1,1,5;1,4,0,0,6;-1,4,0,6,0 | live
REL 1,-1 12,2 13,1 | -1,1,5,1,5;-2,1,5,4,2;1,3,3,1,5;-1,3,3,5,1;2,5,1,2,4;1,5,1,5,1 ||  || CORE -1,0,4,0,4;-2,0,4,3,1;1,2,2,0,4;-1,2,2,4,0;2,4,0,1,3;1,4,0,4,0 | live
REL 7,-1 18,-1 20,-2 | 2,0,6,1,5;1,0,6,2,4;1,2,4,5,1;-1,4,2,1,5;-1,6,0,4,2;-2,6,0,5,1 ||  || CORE 2,0,6,0,4;1,0,6,1,3;1,2,4,4,0;-1,4,2,0,4;-1,6,0,3,1;-2,6,0,4,0 | live
REL 2,-2 22,-1 23,-1 | 1,0,6,0,6;1,0,6,6,0;2,3,3,0,6;-2,3,3,6,0;-1,6,0,0,6;-1,6,0,6,0 ||  || CORE 1,0,6,0,6;1,0,6,6,0;2,3,3,0,6;-2,3,3,6,0;-1,6,0,0,6;-1,6,0,6,0 | live
REL 15,-2 17,-1 23,-1 | 1,0,6,3,3;1,0,6,6,0;2,1,5,0,6;-2,5,1,6,0;-1,6,0,0,6;-1,6,0,3,3 ||  || CORE 1,0,6,3,3;1,0,6,6,0;2,1,5,0,6;-2,5,1,6,0;-1,6,0,0,6;-1,6,0,3,3 | live
REL 7,-1 13,2 14,1 | -2,1,5,1,5;-1,1,5,5,1;1,2,4,5,1;-1,4,2,1,5;1,5,1,1,5;2,5,1,5,1 || F 1,0,1,0,0;1,1,0,0,0 | -2,0,3,0,4;-1,0,3,4,0;2,1,2,0,4;2,1,2,4,0;-2,2,1,0,4;-2,2,1,4,0;1,3,0,0,4;2,3,0,4,0 || CORE -2,0,3,0,4;-1,0,3,4,0;2,1,2,0,4;2,1,2,4,0;-2,2,1,0,4;-2,2,1,4,0;1,3,0,0,4;2,3,0,4,0 | live
REL 9,-2 17,-1 23,-1 | 1,0,6,3,3;1,0,6,6,0;2,2,4,6,0;-2,4,2,0,6;-1,6,0,0,6;-1,6,0,3,3 ||  || CORE 1,0,6,3,3;1,0,6,6,0;2,2,4,6,0;-2,4,2,0,6;-1,6,0,0,6;-1,6,0,3,3 | live
REL 17,-1 22,-1 23,-2 | 1,0,6,0,6;1,0,6,3,3;2,0,6,6,0;-2,6,0,0,6;-1,6,0,3,3;-1,6,0,6,0 ||  || CORE 1,0,6,0,6;1,0,6,3,3;2,0,6,6,0;-2,6,0,0,6;-1,6,0,3,3;-1,6,0,6,0 | live
REL 9,-1 12,-1 15,-2 | 2,1,5,0,6;1,1,5,4,2;1,2,4,6,0;-1,4,2,0,6;-1,5,1,2,4;-2,5,1,6,0 ||  || CORE 2,0,4,0,6;1,0,4,4,2;1,1,3,6,0;-1,3,1,0,6;-1,4,0,2,4;-2,4,0,6,0 | live
REL 2,-1 21,-2 22,-1 | 1,0,6,0,6;2,0,6,5,1;1,3,3,0,6;-1,3,3,6,0;-2,6,0,1,5;-1,6,0,6,0 ||  || CORE 1,0,6,0,6;2,0,6,5,1;1,3,3,0,6;-1,3,3,6,0;-2,6,0,1,5;-1,6,0,6,0 | live
REL 6,-1 12,-1 13,-2 | 2,1,5,1,5;1,1,5,4,2;1,2,4,1,5;-1,4,2,5,1;-1,5,1,2,4;-2,5,1,5,1 ||  || CORE 2,0,4,0,4;1,0,4,3,1;1,1,3,0,4;-1,3,1,4,0;-1,4,0,1,3;-2,4,0,4,0 | live
REL 12,-1 17,-2 18,-1 | 1,0,6,2,4;2,0,6,3,3;1,1,5,4,2;-1,5,1,2,4;-2,6,0,3,3;-1,6,0,4,2 || F -1,0,1,0,0;1,1,0,0,0 | -1,0,5,0,2;-2,0,5,1,1;-1,1,4,0,2;-2,1,4,1,1;-1,1,4,2,0;-1,2,3,0,2;-2,2,3,1,1;-1,2,3,2,0;-1,3,2,0,2;-2,3,2,1,1;-1,3,2,2,0;-1,4,1,0,2;-2,4,1,1,1;-1,4,1,2,0;-2,5,0,1,1;-1,5,0,2,0 || CORE -1,0,5,0,2;-2,0,5,1,1;-1,1,4,0,2;-2,1,4,1,1;-1,1,4,2,0;-1,2,3,0,2;-2,2,3,1,1;-1,2,3,2,0;-1,3,2,0,2;-2,3,2,1,1;-1,3,2,2,0;-1,4,1,0,2;-2,4,1,1,1;-1,4,1,2,0;-2,5,0,1,1;-1,5,0,2,0 | live
REL 15,-1 18,-1 23,-2 | 1,0,6,2,4;2,0,6,6,0;1,1,5,0,6;-1,5,1,6,0;-2,6,0,0,6;-1,6,0,4,2 ||  || CORE 1,0,6,2,4;2,0,6,6,0;1,1,5,0,6;-1,5,1,6,0;-2,6,0,0,6;-1,6,0,4,2 | live
REL 7,-1 13,-2 14,-1 | 2,1,5,1,5;1,1,5,5,1;1,2,4,5,1;-1,4,2,1,5;-1,5,1,1,5;-2,5,1,5,1 || F -1,0,1,0,0;1,1,0,0,0 | -2,0,3,0,4;-1,0,3,4,0;-2,1,2,0,4;-2,1,2,4,0;-2,2,1,0,4;-2,2,1,4,0;-1,3,0,0,4;-2,3,0,4,0 || CORE -2,0,3,0,4;-1,0,3,4,0;-2,1,2,0,4;-2,1,2,4,0;-2,2,1,0,4;-2,2,1,4,0;-1,3,0,0,4;-2,3,0,4,0 | live
REL 1,-1 18,2 21,1 | -2,0,6,2,4;-1,0,6,5,1;1,3,3,1,5;-1,3,3,5,1;1,6,0,1,5;2,6,0,4,2 ||  || CORE -2,0,6,1,3;-1,0,6,4,0;1,3,3,0,4;-1,3,3,4,0;1,6,0,0,4;2,6,0,3,1 | live
REL 20,-1 22,-1 23,-2 | 1,0,6,0,6;1,0,6,1,5;2,0,6,6,0;-2,6,0,0,6;-1,6,0,5,1;-1,6,0,6,0 ||  || CORE 1,0,6,0,6;1,0,6,1,5;2,0,6,6,0;-2,6,0,0,6;-1,6,0,5,1;-1,6,0,6,0 | live
REL 16,-2 17,1 22,-1 | 1,0,6,0,6;-1,0,6,3,3;2,1,5,6,0;-2,5,1,0,6;1,6,0,3,3;-1,6,0,6,0 ||  || CORE 1,0,6,0,6;-1,0,6,3,3;2,1,5,6,0;-2,5,1,0,6;1,6,0,3,3;-1,6,0,6,0 | live
REL 16,-2 21,-1 22,-1 | 1,0,6,0,6;1,0,6,5,1;2,1,5,6,0;-2,5,1,0,6;-1,6,0,1,5;-1,6,0,6,0 ||  || CORE 1,0,6,0,6;1,0,6,5,1;2,1,5,6,0;-2,5,1,0,6;-1,6,0,1,5;-1,6,0,6,0 | live
REL 4,-2 6,1 7,-1 | -1,2,4,1,5;2,2,4,2,4;1,2,4,5,1;-1,4,2,1,5;-2,4,2,4,2;1,4,2,5,1 ||  || CORE -1,0,2,0,4;2,0,2,1,3;1,0,2,4,0;-1,2,0,0,4;-2,2,0,3,1;1,2,0,4,0 | live
REL 2,-1 22,-1 23,-2 | 1,0,6,0,6;2,0,6,6,0;1,3,3,0,6;-1,3,3,6,0;-2,6,0,0,6;-1,6,0,6,0 || F -1,0,1,0,0;1,1,0,0,0 | -1,0,5,0,6;-2,0,5,6,0;-1,1,4,0,6;-2,1,4,6,0;-1,2,3,0,6;-2,2,3,6,0;-2,3,2,0,6;-1,3,2,6,0;-2,4,1,0,6;-1,4,1,6,0;-2,5,0,0,6;-1,5,0,6,0 ## F 1,0,2,0,0;1,1,1,0,0;1,2,0,0,0 | -1,0,3,0,6;-2,0,3,6,0;-2,3,0,0,6;-1,3,0,6,0 || CORE -1,0,3,0,6;-2,0,3,6,0;-2,3,0,0,6;-1,3,0,6,0 | live
REL 8,-1 14,2 16,-1 | -2,1,5,5,1;1,1,5,6,0;1,2,4,0,6;-1,4,2,6,0;-1,5,1,0,6;2,5,1,1,5 ||  || CORE -2,0,4,5,1;1,0,4,6,0;1,1,3,0,6;-1,3,1,6,0;-1,4,0,0,6;2,4,0,1,5 | live
REL 1,-2 12,1 13,1 | -1,1,5,1,5;-1,1,5,4,2;2,3,3,1,5;-2,3,3,5,1;1,5,1,2,4;1,5,1,5,1 || F 1,0,0,0,1;1,0,0,1,0 | -1,0,4,0,3;1,0,4,1,2;-1,0,4,2,1;2,2,2,0,3;-2,2,2,1,2;2,2,2,2,1;-2,2,2,3,0;1,4,0,1,2;-1,4,0,2,1;1,4,0,3,0 || CORE -1,0,4,0,3;1,0,4,1,2;-1,0,4,2,1;2,2,2,0,3;-2,2,2,1,2;2,2,2,2,1;-2,2,2,3,0;1,4,0,1,2;-1,4,0,2,1;1,4,0,3,0 | live
REL 14,-1 19,-2 20,-1 | 1,0,6,1,5;2,0,6,4,2;1,1,5,5,1;-1,5,1,1,5;-2,6,0,2,4;-1,6,0,5,1 ||  || CORE 1,0,6,0,4;2,0,6,3,1;1,1,5,4,0;-1,5,1,0,4;-2,6,0,1,3;-1,6,0,4,0 | live
REL 0,-1 10,-2 12,-1 | 2,1,5,3,3;1,1,5,4,2;1,3,3,2,4;-1,3,3,4,2;-1,5,1,2,4;-2,5,1,3,3 || F 1,0,1,0,0;1,1,0,0,0 | 2,0,3,1,1;1,0,3,2,0;-2,1,2,1,1;-1,1,2,2,0;1,2,1,0,2;2,2,1,1,1;-1,3,0,0,2;-2,3,0,1,1 ## F -1,0,1,0,0;1,1,0,0,0 | -2,0,2,1,1;-1,0,2,2,0;-1,2,0,0,2;-2,2,0,1,1 || CORE -2,0,2,1,1;-1,0,2,2,0;-1,2,0,0,2;-2,2,0,1,1 | unit
REL 15,-2 22,-1 23,-1 | 1,0,6,0,6;1,0,6,6,0;2,1,5,0,6;-2,5,1,6,0;-1,6,0,0,6;-1,6,0,6,0 ||  || CORE 1,0,6,0,6;1,0,6,6,0;2,1,5,0,6;-2,5,1,6,0;-1,6,0,0,6;-1,6,0,6,0 | live
REL 9,-1 12,-1 16,2 | 1,1,5,4,2;-2,1,5,6,0;1,2,4,6,0;-1,4,2,0,6;2,5,1,0,6;-1,5,1,2,4 ||  || CORE 1,0,4,4,2;-2,0,4,6,0;1,1,3,6,0;-1,3,1,0,6;2,4,0,0,6;-1,4,0,2,4 | live
REL 2,-1 20,-2 23,-1 | 2,0,6,1,5;1,0,6,6,0;1,3,3,0,6;-1,3,3,6,0;-1,6,0,0,6;-2,6,0,5,1 ||  || CORE 2,0,6,1,5;1,0,6,6,0;1,3,3,0,6;-1,3,3,6,0;-1,6,0,0,6;-2,6,0,5,1 | live
REL 5,-1 18,1 19,2 | -1,0,6,2,4;-2,0,6,4,2;1,2,4,4,2;-1,4,2,2,4;2,6,0,2,4;1,6,0,4,2 || F 1,0,1,0,0;1,1,0,0,0 | -1,0,5,0,2;-2,0,5,2,0;1,1,4,0,2;2,1,4,2,0;-1,2,3,0,2;-1,2,3,2,0;1,3,2,0,2;1,3,2,2,0;-2,4,1,0,2;-1,4,1,2,0;2,5,0,0,2;1,5,0,2,0 ## F -1,0,1,0,0;1,1,0,0,0 | 1,0,4,0,2;2,0,4,2,0;1,2,2,0,2;1,2,2,2,0;2,4,0,0,2;1,4,0,2,0 || CORE 1,0,4,0,2;2,0,4,2,0;1,2,2,0,2;1,2,2,2,0;2,4,0,0,2;1,4,0,2,0 | live
REL 14,-1 17,-2 20,-1 | 1,0,6,1,5;2,0,6,3,3;1,1,5,5,1;-1,5,1,1,5;-2,6,0,3,3;-1,6,0,5,1 || F -1,0,1,0,0;1,1,0,0,0 | -1,0,5,0,4;-2,0,5,2,2;-1,1,4,0,4;-2,1,4,2,2;-1,1,4,4,0;-1,2,3,0,4;-2,2,3,2,2;-1,2,3,4,0;-1,3,2,0,4;-2,3,2,2,2;-1,3,2,4,0;-1,4,1,0,4;-2,4,1,2,2;-1,4,1,4,0;-2,5,0,2,2;-1,5,0,4,0 || CORE -1,0,5,0,4;-2,0,5,2,2;-1,1,4,0,4;-2,1,4,2,2;-1,1,4,4,0;-1,2,3,0,4;-2,2,3,2,2;-1,2,3,4,0;-1,3,2,0,4;-2,3,2,2,2;-1,3,2,4,0;-1,4,1,0,4;-2,4,1,2,2;-1,4,1,4,0;-2,5,0,2,2;-1,5,0,4,0 | live
REL 2,-1 18,-1 23,2 | 1,0,6,2,4;-2,0,6,6,0;1,3,3,0,6;-1,3,3,6,0;2,6,0,0,6;-1,6,0,4,2 ||  || CORE 1,0,6,2,4;-2,0,6,6,0;1,3,3,0,6;-1,3,3,6,0;2,6,0,0,6;-1,6,0,4,2 | live
REL 2,-1 18,1 22,2 | -2,0,6,0,6;-1,0,6,2,4;1,3,3,0,6;-1,3,3,6,0;1,6,0,4,2;2,6,0,6,0 ||  || CORE -2,0,6,0,6;-1,0,6,2,4;1,3,3,0,6;-1,3,3,6,0;1,6,0,4,2;2,6,0,6,0 | live
REL 16,-1 21,-2 23,1 | 2,0,6,5,1;-1,0,6,6,0;1,1,5,6,0;-1,5,1,0,6;1,6,0,0,6;-2,6,0,1,5 ||  || CORE 2,0,6,5,1;-1,0,6,6,0;1,1,5,6,0;-1,5,1,0,6;1,6,0,0,6;-2,6,0,1,5 | live
REL 1,-1 18,-2 21,1 | 2,0,6,2,4;-1,0,6,5,1;1,3,3,1,5;-1,3,3,5,1;1,6,0,1,5;-2,6,0,4,2 ||  || CORE 2,0,6,1,3;-1,0,6,4,0;1,3,3,0,4;-1,3,3,4,0;1,6,0,0,4;-2,6,0,3,1 | live
REL 9,-1 18,2 22,-1 | 1,0,6,0,6;-2,0,6,2,4;1,2,4,6,0;-1,4,2,0,6;2,6,0,4,2;-1,6,0,6,0 ||  || CORE 1,0,6,0,6;-2,0,6,2,4;1,2,4,6,0;-1,4,2,0,6;2,6,0,4,2;-1,6,0,6,0 | live
REL 2,-1 13,2 15,-1 | 1,1,5,0,6;-2,1,5,1,5;1,3,3,0,6;-1,3,3,6,0;2,5,1,5,1;-1,5,1,6,0 ||  || CORE 1,0,4,0,6;-2,0,4,1,5;1,2,2,0,6;-1,2,2,6,0;2,4,0,5,1;-1,4,0,6,0 | live
REL 9,-1 17,-1 22,-2 | 2,0,6,0,6;1,0,6,3,3;1,2,4,6,0;-1,4,2,0,6;-1,6,0,3,3;-2,6,0,6,0 ||  || CORE 2,0,6,0,6;1,0,6,3,3;1,2,4,6,0;-1,4,2,0,6;-1,6,0,3,3;-2,6,0,6,0 | live
REL 2,-2 6,-1 8,1 | -1,2,4,0,6;1,2,4,1,5;2,3,3,0,6;-2,3,3,6,0;-1,4,2,5,1;1,4,2,6,0 || F -1,0,0,0,1;1,0,0,1,0 | 1,0,2,0,5;-2,1,1,0,5;-2,1,1,1,4;-2,1,1,2,3;-2,1,1,3,2;-2,1,1,4,1;-2,1,1,5,0;1,2,0,5,0 || CORE 1,0,2,0,5;-2,1,1,0,5;-2,1,1,1,4;-2,1,1,2,3;-2,1,1,3,2;-2,1,1,4,1;-2,1,1,5,0;1,2,0,5,0 | unit
REL 6,-1 19,1 20,-2 | 2,0,6,1,5;-1,0,6,4,2;1,2,4,1,5;-1,4,2,5,1;1,6,0,2,4;-2,6,0,5,1 ||  || CORE 2,0,6,0,4;-1,0,6,3,1;1,2,4,0,4;-1,4,2,4,0;1,6,0,1,3;-2,6,0,4,0 | live
REL 7,-2 11,-1 14,1 | 1,1,5,2,4;-1,1,5,5,1;2,2,4,5,1;-2,4,2,1,5;1,5,1,1,5;-1,5,1,4,2 ||  || CORE 1,0,4,1,3;-1,0,4,4,0;2,1,3,4,0;-2,3,1,0,4;1,4,0,0,4;-1,4,0,3,1 | live
REL 9,-1 14,2 15,-1 | 1,1,5,0,6;-2,1,5,5,1;1,2,4,6,0;-1,4,2,0,6;2,5,1,1,5;-1,5,1,6,0 ||  || CORE 1,0,4,0,6;-2,0,4,5,1;1,1,3,6,0;-1,3,1,0,6;2,4,0,1,5;-1,4,0,6,0 | live
REL 11,-2 13,1 14,1 | -1,1,5,1,5;2,1,5,2,4;-1,1,5,5,1;1,5,1,1,5;-2,5,1,4,2;1,5,1,5,1 || F -1,0,0,0,1;1,0,0,1,0 | 1,0,4,0,3;-1,0,4,1,2;-1,0,4,2,1;-1,0,4,3,0;-1,4,0,0,3;-1,4,0,1,2;-1,4,0,2,1;1,4,0,3,0 || CORE 1,0,4,0,3;-1,0,4,1,2;-1,0,4,2,1;-1,0,4,3,0;-1,4,0,0,3;-1,4,0,1,2;-1,4,0,2,1;1,4,0,3,0 | live
REL 8,-2 18,-1 23,1 | 1,0,6,2,4;-1,0,6,6,0;2,2,4,0,6;-2,4,2,6,0;1,6,0,0,6;-1,6,0,4,2 ||  || CORE 1,0,6,2,4;-1,0,6,6,0;2,2,4,0,6;-2,4,2,6,0;1,6,0,0,6;-1,6,0,4,2 | live
REL 15,-2 18,1 23,-1 | -1,0,6,2,4;1,0,6,6,0;2,1,5,0,6;-2,5,1,6,0;-1,6,0,0,6;1,6,0,4,2 ||  || CORE -1,0,6,2,4;1,0,6,6,0;2,1,5,0,6;-2,5,1,6,0;-1,6,0,0,6;1,6,0,4,2 | live
REL 20,-1 22,1 23,2 | -1,0,6,0,6;1,0,6,1,5;-2,0,6,6,0;2,6,0,0,6;-1,6,0,5,1;1,6,0,6,0 ||  || CORE -1,0,6,0,6;1,0,6,1,5;-2,0,6,6,0;2,6,0,0,6;-1,6,0,5,1;1,6,0,6,0 | live
REL 12,-2 15,1 16,1 | -1,1,5,0,6;2,1,5,4,2;-1,1,5,6,0;1,5,1,0,6;-2,5,1,2,4;1,5,1,6,0 || F 1,0,0,0,1;1,0,0,1,0 | -1,0,4,0,5;1,0,4,1,4;-1,0,4,2,3;1,0,4,3,2;1,0,4,4,1;-1,0,4,5,0;1,4,0,0,5;-1,4,0,1,4;-1,4,0,2,3;1,4,0,3,2;-1,4,0,4,1;1,4,0,5,0 ## F -1,0,0,0,1;1,0,0,1,0 | 1,0,4,0,4;1,0,4,2,2;-1,0,4,4,0;-1,4,0,0,4;1,4,0,2,2;1,4,0,4,0 || CORE 1,0,4,0,4;1,0,4,2,2;-1,0,4,4,0;-1,4,0,0,4;1,4,0,2,2;1,4,0,4,0 | live
