REL 0,-1 3,1 4,2 | -1,1,3,1,3;-2,1,3,3,1;1,2,2,1,3;-1,2,2,3,1;2,3,1,1,3;1,3,1,3,1 || F 1,0,1,0,0;1,1,0,0,0 | -1,0,1,0,2;-2,0,1,2,0;2,1,0,0,2;1,1,0,2,0 || CORE -1,0,1,0,2;-2,0,1,2,0;2,1,0,0,2;1,1,0,2,0 | live
REL 2,-2 5,-1 6,1 | 1,1,3,0,4;2,1,3,2,2;-1,1,3,4,0;1,3,1,0,4;-2,3,1,2,2;-1,3,1,4,0 ||  || CORE 1,0,2,0,4;2,0,2,2,2;-1,0,2,4,0;1,2,0,0,4;-2,2,0,2,2;-1,2,0,4,0 | live
REL 1,-1 3,1 6,2 | -1,1,3,1,3;-2,1,3,4,0;1,2,2,0,4;-1,2,2,4,0;2,3,1,0,4;1,3,1,3,1 ||  || CORE -1,0,2,1,3;-2,0,2,4,0;1,1,1,0,4;-1,1,1,4,0;2,2,0,0,4;1,2,0,3,1 | live
REL 1,-1 8,-1 10,-2 | 2,0,4,0,4;1,0,4,1,3;1,2,2,0,4;-1,2,2,4,0;-1,4,0,3,1;-2,4,0,4,0 ||  || CORE 2,0,4,0,4;1,0,4,1,3;1,2,2,0,4;-1,2,2,4,0;-1,4,0,3,1;-2,4,0,4,0 | live
REL 4,-1 8,2 9,1 | -2,0,4,1,3;-1,0,4,3,1;1,1,3,3,1;-1,3,1,1,3;1,4,0,1,3;2,4,0,3,1 || F 1,0,1,0,0;1,1,0,0,0 | -2,0,3,0,2;-1,0,3,2,0;2,1,2,0,2;2,1,2,2,0;-2,2,1,0,2;-2,2,1,2,0;1,3,0,0,2;2,3,0,2,0 || CORE -2,0,3,0,2;-1,0,3,2,0;2,1,2,0,2;2,1,2,2,0;-2,2,1,0,2;-2,2,1,2,0;1,3,0,0,2;2,3,0,2,0 | live
REL 7,-2 8,-1 9,-1 | 1,0,4,1,3;2,0,4,2,2;1,0,4,3,1;-1,4,0,1,3;-2,4,0,2,2;-1,4,0,3,1 || F 1,0,1,0,0;1,1,0,0,0 | 1,0,3,0,2;2,0,3,1,1;1,0,3,2,0;-1,1,2,0,2;-2,1,2,1,1;-1,1,2,2,0;1,2,1,0,2;2,2,1,1,1;1,2,1,2,0;-1,3,0,0,2;-2,3,0,1,1;-1,3,0,2,0 ## F 1,0,0,0,1;1,0,0,1,0 | 1,0,3,0,1;1,0,3,1,0;-1,1,2,0,1;-1,1,2,1,0;1,2,1,0,1;1,2,1,1,0;-1,3,0,0,1;-1,3,0,1,0 ## F -1,0,1,0,0;1,1,0,0,0 | -1,0,2,0,1;-1,0,2,1,0;-1,2,0,0,1;-1,2,0,1,0 ## F 1,0,2,0,0;1,2,0,0,0 | -1,0,0,0,1;-1,0,0,1,0 ## F 1,0,0,0,1;1,0,0,1,0 | -1,0,0,0,0 || CORE -1,0,0,0,0 | monomial
REL 0,-2 3,-1 4,1 | 1,1,3,1,3;-1,1,3,3,1;2,2,2,1,3;-2,2,2,3,1;1,3,1,1,3;-1,3,1,3,1 || F 1,0,1,0,0;1,1,0,0,0 | 1,0,1,0,2;-1,0,1,2,0;1,1,0,0,2;-1,1,0,2,0 ## F 1,0,0,0,1;1,0,0,1,0 | 1,0,1,0,1;-1,0,1,1,0;1,1,0,0,1;-1,1,0,1,0 ## F -1,0,0,0,1;1,0,0,1,0 | -1,0,1,0,0;-1,1,0,0,0 ## F 1,0,1,0,0;1,1,0,0,0 | -1,0,0,0,0 || CORE -1,0,0,0,0 | monomial
REL 6,-1 10,2 11,1 | -2,0,4,0,4;-1,0,4,4,0;1,1,3,4,0;-1,3,1,0,4;1,4,0,0,4;2,4,0,4,0 || F 1,0,1,0,0;1,1,0,0,0 | -2,0,3,0,4;-1,0,3,4,0;2,1,2,0,4;2,1,2,4,0;-2,2,1,0,4;-2,2,1,4,0;1,3,0,0,4;2,3,0,4,0 || CORE -2,0,3,0,4;-1,0,3,4,0;2,1,2,0,4;2,1,2,4,0;-2,2,1,0,4;-2,2,1,4,0;1,3,0,0,4;2,3,0,4,0 | live
REL 1,-1 4,-1 5,2 | -2,1,3,0,4;1,1,3,3,1;1,2,2,0,4;-1,2,2,4,0;-1,3,1,1,3;2,3,1,4,0 ||  || CORE -2,0,2,0,4;1,0,2,3,1;1,1,1,0,4;-1,1,1,4,0;-1,2,0,1,3;2,2,0,4,0 | live
REL 0,-2 2,-1 4,1 | 1,1,3,2,2;-1,1,3,3,1;2,2,2,1,3;-2,2,2,3,1;1,3,1,1,3;-1,3,1,2,2 || F -1,0,0,0,1;1,0,0,1,0 | -1,0,2,1,0;-2,1,1,0,1;-2,1,1,1,0;-1,2,0,0,1 || CORE -1,0,2,1,0;-2,1,1,0,1;-2,1,1,1,0;-1,2,0,0,1 | unit
REL 5,-1 9,2 10,-1 | 1,0,4,0,4;-2,0,4,3,1;1,1,3,0,4;-1,3,1,4,0;2,4,0,1,3;-1,4,0,4,0 ||  || CORE 1,0,4,0,4;-2,0,4,3,1;1,1,3,0,4;-1,3,1,4,0;2,4,0,1,3;-1,4,0,4,0 | live
REL 2,-2 3,1 4,1 | -1,1,3,1,3;2,1,3,2,2;-1,1,3,3,1;1,3,1,1,3;-2,3,1,2,2;1,3,1,3,1 || F 1,0,1,0,0;1,1,0,0,0 | -1,0,1,0,2;2,0,1,1,1;-1,0,1,2,0;1,1,0,0,2;-2,1,0,1,1;1,1,0,2,0 ## F -1,0,1,0,0;1,1,0,0,0 | 1,0,0,0,2;-2,0,0,1,1;1,0,0,2,0 ## F -1,0,0,0,1;1,0,0,1,0 | -1,0,0,0,1;1,0,0,1,0 ## F -1,0,0,0,1;1,0,0,1,0 | 1,0,0,0,0 || CORE 1,0,0,0,0 | monomial
REL 1,-2 3,-1 5,1 | -1,1,3,0,4;1,1,3,1,3;2,2,2,0,4;-2,2,2,4,0;-1,3,1,3,1;1,3,1,4,0 || F -1,0,0,0,1;1,0,0,1,0 | 1,0,2,0,3;-2,1,1,0,3;-2,1,1,1,2;-2,1,1,2,1;-2,1,1,3,0;1,2,0,3,0 || CORE 1,0,2,0,3;-2,1,1,0,3;-2,1,1,1,2;-2,1,1,2,1;-2,1,1,3,0;1,2,0,3,0 | unit
REL 4,-2 5,1 6,-1 | -1,1,3,0,4;2,1,3,3,1;1,1,3,4,0;-1,3,1,0,4;-2,3,1,1,3;1,3,1,4,0 ||  || CORE -1,0,2,0,4;2,0,2,3,1;1,0,2,4,0;-1,2,0,0,4;-2,2,0,1,3;1,2,0,4,0 | live
REL 6,-2 9,-1 10,-1 | 1,0,4,0,4;1,0,4,3,1;2,1,3,4,0;-2,3,1,0,4;-1,4,0,1,3;-1,4,0,4,0 ||  || CORE 1,0,4,0,4;1,0,4,3,1;2,1,3,4,0;-2,3,1,0,4;-1,4,0,1,3;-1,4,0,4,0 | live
REL 4,-2 7,1 8,-1 | 1,0,4,1,3;-1,0,4,2,2;2,1,3,3,1;-2,3,1,1,3;1,4,0,2,2;-1,4,0,3,1 ||  || CORE 1,0,4,0,2;-1,0,4,1,1;2,1,3,2,0;-2,3,1,0,2;1,4,0,1,1;-1,4,0,2,0 | live
REL 1,-1 7,2 10,-1 | 1,0,4,0,4;-2,0,4,2,2;1,2,2,0,4;-1,2,2,4,0;2,4,0,2,2;-1,4,0,4,0 || F 1,0,2,0,0;1,2,0,0,0 | 1,0,2,0,4;-2,0,2,2,2;2,2,0,2,2;-1,2,0,4,0 || CORE 1,0,2,0,4;-2,0,2,2,2;2,2,0,2,2;-1,2,0,4,0 | unit
REL 3,-2 7,1 9,-1 | -1,0,4,2,2;1,0,4,3,1;2,1,3,1,3;-2,3,1,3,1;-1,4,0,1,3;1,4,0,2,2 ||  || CORE -1,0,4,1,1;1,0,4,2,0;2,1,3,0,2;-2,3,1,2,0;-1,4,0,0,2;1,4,0,1,1 | live
REL 1,-2 5,1 6,1 | -1,1,3,0,4;-1,1,3,4,0;2,2,2,0,4;-2,2,2,4,0;1,3,1,0,4;1,3,1,4,0 ||  || CORE -1,0,2,0,4;-1,0,2,4,0;2,1,1,0,4;-2,1,1,4,0;1,2,0,0,4;1,2,0,4,0 | live
REL 1,-1 8,-1 11,-2 | 1,0,4,1,3;2,0,4,4,0;1,2,2,0,4;-1,2,2,4,0;-2,4,0,0,4;-1,4,0,3,1 ||  || CORE 1,0,4,1,3;2,0,4,4,0;1,2,2,0,4;-1,2,2,4,0;-2,4,0,0,4;-1,4,0,3,1 | live
REL 6,-1 8,-1 10,2 | -2,0,4,0,4;1,0,4,1,3;1,1,3,4,0;-1,3,1,0,4;-1,4,0,3,1;2,4,0,4,0 ||  || CORE -2,0,4,0,4;1,0,4,1,3;1,1,3,4,0;-1,3,1,0,4;-1,4,0,3,1;2,4,0,4,0 | live
REL 5,-1 9,-1 10,2 | -2,0,4,0,4;1,0,4,3,1;1,1,3,0,4;-1,3,1,4,0;-1,4,0,1,3;2,4,0,4,0 ||  || CORE -2,0,4,0,4;1,0,4,3,1;1,1,3,0,4;-1,3,1,4,0;-1,4,0,1,3;2,4,0,4,0 | live
REL 5,-2 7,-1 10,-1 | 1,0,4,0,4;1,0,4,2,2;2,1,3,0,4;-2,3,1,4,0;-1,4,0,2,2;-1,4,0,4,0 ||  || CORE 1,0,4,0,4;1,0,4,2,2;2,1,3,0,4;-2,3,1,4,0;-1,4,0,2,2;-1,4,0,4,0 | live
REL 3,-2 8,1 9,-1 | -1,0,4,1,3;1,0,4,3,1;2,1,3,1,3;-2,3,1,3,1;-1,4,0,1,3;1,4,0,3,1 || F -1,0,1,0,0;1,1,0,0,0 | 1,0,3,0,2;-1,0,3,2,0;-1,1,2,0,2;-1,1,2,2,0;-1,2,1,0,2;-1,2,1,2,0;-1,3,0,0,2;1,3,0,2,0 || CORE 1,0,3,0,2;-1,0,3,2,0;-1,1,2,0,2;-1,1,2,2,0;-1,2,1,0,2;-1,2,1,2,0;-1,3,0,0,2;1,3,0,2,0 | live
REL 5,-2 9,-1 10,1 | -1,0,4,0,4;1,0,4,3,1;2,1,3,0,4;-2,3,1,4,0;-1,4,0,1,3;1,4,0,4,0 ||  || CORE -1,0,4,0,4;1,0,4,3,1;2,1,3,0,4;-2,3,1,4,0;-1,4,0,1,3;1,4,0,4,0 | live
REL 7,-1 8,1 9,2 | -1,0,4,1,3;1,0,4,2,2;-2,0,4,3,1;2,4,0,1,3;-1,4,0,2,2;1,4,0,3,1 ||  || CORE -1,0,4,0,2;1,0,4,1,1;-2,0,4,2,0;2,4,0,0,2;-1,4,0,1,1;1,4,0,2,0 | live
REL 6,-2 9,1 11,-1 | -1,0,4,3,1;1,0,4,4,0;2,1,3,4,0;-2,3,1,0,4;-1,4,0,0,4;1,4,0,1,3 ||  || CORE -1,0,4,3,1;1,0,4,4,0;2,1,3,4,0;-2,3,1,0,4;-1,4,0,0,4;1,4,0,1,3 | live
REL 1,-2 4,1 6,-1 | -1,1,3,3,1;1,1,3,4,0;2,2,2,0,4;-2,2,2,4,0;-1,3,1,0,4;1,3,1,1,3 || F -1,0,0,0,1;1,0,0,1,0 | 1,0,2,3,0;-2,1,1,0,3;-2,1,1,1,2;-2,1,1,2,1;-2,1,1,3,0;1,2,0,0,3 || CORE 1,0,2,3,0;-2,1,1,0,3;-2,1,1,1,2;-2,1,1,2,1;-2,1,1,3,0;1,2,0,0,3 | unit
REL 6,-1 9,-2 10,-1 | 1,0,4,0,4;2,0,4,3,1;1,1,3,4,0;-1,3,1,0,4;-2,4,0,1,3;-1,4,0,4,0 ||  || CORE 1,0,4,0,4;2,0,4,3,1;1,1,3,4,0;-1,3,1,0,4;-2,4,0,1,3;-1,4,0,4,0 | live
REL 5,-1 7,2 11,-1 | -2,0,4,2,2;1,0,4,4,0;1,1,3,0,4;-1,3,1,4,0;-1,4,0,0,4;2,4,0,2,2 || F -1,0,1,0,0;1,1,0,0,0 | 2,0,3,2,2;-1,0,3,4,0;-1,1,2,0,4;2,1,2,2,2;-1,1,2,4,0;-1,2,1,0,4;2,2,1,2,2;-1,2,1,4,0;-1,3,0,0,4;2,3,0,2,2 || CORE 2,0,3,2,2;-1,0,3,4,0;-1,1,2,0,4;2,1,2,2,2;-1,1,2,4,0;-1,2,1,0,4;2,2,1,2,2;-1,2,1,4,0;-1,3,0,0,4;2,3,0,2,2 | live
REL 0,-1 7,-1 9,-2 | 1,0,4,2,2;2,0,4,3,1;1,2,2,1,3;-1,2,2,3,1;-2,4,0,1,3;-1,4,0,2,2 ||  || CORE 1,0,4,1,1;2,0,4,2,0;1,2,2,0,2;-1,2,2,2,0;-2,4,0,0,2;-1,4,0,1,1 | live
REL 1,-1 5,-1 6,2 | 1,1,3,0,4;-2,1,3,4,0;1,2,2,0,4;-1,2,2,4,0;2,3,1,0,4;-1,3,1,4,0 ||  || CORE 1,0,2,0,4;-2,0,2,4,0;1,1,1,0,4;-1,1,1,4,0;2,2,0,0,4;-1,2,0,4,0 | live
REL 1,-2 5,1 6,-1 | -1,1,3,0,4;1,1,3,4,0;2,2,2,0,4;-2,2,2,4,0;-1,3,1,0,4;1,3,1,4,0 || F 1,0,0,0,1;1,0,0,1,0 | -1,0,2,0,3;1,0,2,1,2;-1,0,2,2,1;1,0,2,3,0;2,1,1,0,3;-2,1,1,1,2;2,1,1,2,1;-2,1,1,3,0;-1,2,0,0,3;1,2,0,1,2;-1,2,0,2,1;1,2,0,3,0 ## F -1,0,1,0,0;1,1,0,0,0 | 1,0,1,0,3;-1,0,1,1,2;1,0,1,2,1;-1,0,1,3,0;-1,1,0,0,3;1,1,0,1,2;-1,1,0,2,1;1,1,0,3,0 ## F -1,0,0,0,1;1,0,0,1,0 | -1,0,1,0,2;-1,0,1,2,0;1,1,0,0,2;1,1,0,2,0 ## F 1,0,0,0,2;1,0,0,2,0 | -1,0,1,0,0;1,1,0,0,0 ## F -1,0,1,0,0;1,1,0,0,0 | 1,0,0,0,0 || CORE 1,0,0,0,0 | monomial
REL 6,-1 9,-2 10,1 | -1,0,4,0,4;2,0,4,3,1;1,1,3,4,0;-1,3,1,0,4;-2,4,0,1,3;1,4,0,4,0 ||  || CORE -1,0,4,0,4;2,0,4,3,1;1,1,3,4,0;-1,3,1,0,4;-2,4,0,1,3;1,4,0,4,0 | live
REL 5,-1 9,2 10,1 | -1,0,4,0,4;-2,0,4,3,1;1,1,3,0,4;-1,3,1,4,0;2,4,0,1,3;1,4,0,4,0 ||  || CORE -1,0,4,0,4;-2,0,4,3,1;1,1,3,0,4;-1,3,1,4,0;2,4,0,1,3;1,4,0,4,0 | live
REL 1,-2 2,1 6,1 | -1,1,3,2,2;-1,1,3,4,0;2,2,2,0,4;-2,2,2,4,0;1,3,1,0,4;1,3,1,2,2 || F 1,0,0,0,2;1,0,0,2,0 | -1,0,2,2,0;2,1,1,0,2;-2,1,1,2,0;1,2,0,0,2 || CORE -1,0,2,2,0;2,1,1,0,2;-2,1,1,2,0;1,2,0,0,2 | unit
REL 7,-2 10,1 11,1 | -1,0,4,0,4;2,0,4,2,2;-1,0,4,4,0;1,4,0,0,4;-2,4,0,2,2;1,4,0,4,0 || F 1,0,1,0,0;1,1,0,0,0 | -1,0,3,0,4;2,0,3,2,2;-1,0,3,4,0;1,1,2,0,4;-2,1,2,2,2;1,1,2,4,0;-1,2,1,0,4;2,2,1,2,2;-1,2,1,4,0;1,3,0,0,4;-2,3,0,2,2;1,3,0,4,0 ## F 1,0,0,0,1;1,0,0,1,0 | -1,0,3,0,3;1,0,3,1,2;1,0,3,2,1;-1,0,3,3,0;1,1,2,0,3;-1,1,2,1,2;-1,1,2,2,1;1,1,2,3,0;-1,2,1,0,3;1,2,1,1,2;1,2,1,2,1;-1,2,1,3,0;1,3,0,0,3;-1,3,0,1,2;-1,3,0,2,1;1,3,0,3,0 ## F -1,0,1,0,0;1,1,0,0,0 | 1,0,2,0,3;-1,0,2,1,2;-1,0,2,2,1;1,0,2,3,0;1,2,0,0,3;-1,2,0,1,2;-1,2,0,2,1;1,2,0,3,0 ## F -1,0,0,0,1;1,0,0,1,0 | -1,0,2,0,2;1,0,2,2,0;-1,2,0,0,2;1,2,0,2,0 ## F 1,0,2,0,0;1,2,0,0,0 | -1,0,0,0,2;1,0,0,2,0 ## F -1,0,0,0,2;1,0,0,2,0 | 1,0,0,0,0 || CORE 1,0,0,0,0 | monomial
REL 4,-1 5,2 6,-1 | -2,1,3,0,4;1,1,3,3,1;1,1,3,4,0;-1,3,1,0,4;-1,3,1,1,3;2,3,1,4,0 || F -1,0,0,0,1;1,0,0,1,0 | 2,0,2,0,3;2,0,2,1,2;2,0,2,2,1;1,0,2,3,0;1,2,0,0,3;2,2,0,1,2;2,2,0,2,1;2,2,0,3,0 || CORE 2,0,2,0,3;2,0,2,1,2;2,0,2,2,1;1,0,2,3,0;1,2,0,0,3;2,2,0,1,2;2,2,0,2,1;2,2,0,3,0 | live
REL 1,-1 2,1 5,-2 | 2,1,3,0,4;-1,1,3,2,2;1,2,2,0,4;-1,2,2,4,0;1,3,1,2,2;-2,3,1,4,0 ||  || CORE 2,0,2,0,4;-1,0,2,2,2;1,1,1,0,4;-1,1,1,4,0;1,2,0,2,2;-2,2,0,4,0 | live
REL 1,-1 7,-2 11,1 | 2,0,4,2,2;-1,0,4,4,0;1,2,2,0,4;-1,2,2,4,0;1,4,0,0,4;-2,4,0,2,2 || F 1,0,2,0,0;1,2,0,0,0 | 2,0,2,2,2;-1,0,2,4,0;1,2,0,0,4;-2,2,0,2,2 || CORE 2,0,2,2,2;-1,0,2,4,0;1,2,0,0,4;-2,2,0,2,2 | unit
REL 0,-1 2,1 3,-2 | 2,1,3,1,3;-1,1,3,2,2;1,2,2,1,3;-1,2,2,3,1;1,3,1,2,2;-2,3,1,3,1 ||  || CORE 2,0,2,0,2;-1,0,2,1,1;1,1,1,0,2;-1,1,1,2,0;1,2,0,1,1;-2,2,0,2,0 | live
REL 6,-1 8,-2 10,1 | -1,0,4,0,4;2,0,4,1,3;1,1,3,4,0;-1,3,1,0,4;-2,4,0,3,1;1,4,0,4,0 ||  || CORE -1,0,4,0,4;2,0,4,1,3;1,1,3,4,0;-1,3,1,0,4;-2,4,0,3,1;1,4,0,4,0 | live
REL 6,-1 7,2 10,-1 | 1,0,4,0,4;-2,0,4,2,2;1,1,3,4,0;-1,3,1,0,4;2,4,0,2,2;-1,4,0,4,0 || F -1,0,1,0,0;1,1,0,0,0 | -1,0,3,0,4;2,0,3,2,2;-1,1,2,0,4;2,1,2,2,2;-1,1,2,4,0;-1,2,1,0,4;2,2,1,2,2;-1,2,1,4,0;2,3,0,2,2;-1,3,0,4,0 || CORE -1,0,3,0,4;2,0,3,2,2;-1,1,2,0,4;2,1,2,2,2;-1,1,2,4,0;-1,2,1,0,4;2,2,1,2,2;-1,2,1,4,0;2,3,0,2,2;-1,3,0,4,0 | live
REL 1,-2 8,1 11,-1 | -1,0,4,1,3;1,0,4,4,0;2,2,2,0,4;-2,2,2,4,0;-1,4,0,0,4;1,4,0,3,1 || F -1,0,0,0,1;1,0,0,1,0 | 1,0,4,1,2;1,0,4,2,1;1,0,4,3,0;-2,2,2,0,3;-2,2,2,1,2;-2,2,2,2,1;-2,2,2,3,0;1,4,0,0,3;1,4,0,1,2;1,4,0,2,1 || CORE 1,0,4,1,2;1,0,4,2,1;1,0,4,3,0;-2,2,2,0,3;-2,2,2,1,2;-2,2,2,2,1;-2,2,2,3,0;1,4,0,0,3;1,4,0,1,2;1,4,0,2,1 | live
REL 5,-2 7,-1 10,1 | -1,0,4,0,4;1,0,4,2,2;2,1,3,0,4;-2,3,1,4,0;-1,4,0,2,2;1,4,0,4,0 ||  || CORE -1,0,4,0,4;1,0,4,2,2;2,1,3,0,4;-2,3,1,4,0;-1,4,0,2,2;1,4,0,4,0 | live
REL 3,-1 7,-2 9,-1 | 2,0,4,2,2;1,0,4,3,1;1,1,3,1,3;-1,3,1,3,1;-1,4,0,1,3;-2,4,0,2,2 || F -1,0,1,0,0;1,1,0,0,0 | -2,0,3,1,1;-1,0,3,2,0;-1,1,2,0,2;-2,1,2,1,1;-1,1,2,2,0;-1,2,1,0,2;-2,2,1,1,1;-1,2,1,2,0;-1,3,0,0,2;-2,3,0,1,1 || CORE -2,0,3,1,1;-1,0,3,2,0;-1,1,2,0,2;-2,1,2,1,1;-1,1,2,2,0;-1,2,1,0,2;-2,2,1,1,1;-1,2,1,2,0;-1,3,0,0,2;-2,3,0,1,1 | live
REL 5,-1 10,1 11,2 | -1,0,4,0,4;-2,0,4,4,0;1,1,3,0,4;-1,3,1,4,0;2,4,0,0,4;1,4,0,4,0 || F 1,0,1,0,0;1,1,0,0,0 | -1,0,3,0,4;-2,0,3,4,0;2,1,2,0,4;2,1,2,4,0;-2,2,1,0,4;-2,2,1,4,0;2,3,0,0,4;1,3,0,4,0 || CORE -1,0,3,0,4;-2,0,3,4,0;2,1,2,0,4;2,1,2,4,0;-2,2,1,0,4;-2,2,1,4,0;2,3,0,0,4;1,3,0,4,0 | live
REL 3,-1 7,-1 9,2 | 1,0,4,2,2;-2,0,4,3,1;1,1,3,1,3;-1,3,1,3,1;2,4,0,1,3;-1,4,0,2,2 ||  || CORE 1,0,4,1,1;-2,0,4,2,0;1,1,3,0,2;-1,3,1,2,0;2,4,0,0,2;-1,4,0,1,1 | live
REL 4,-2 5,1 6,1 | -1,1,3,0,4;2,1,3,3,1;-1,1,3,4,0;1,3,1,0,4;-2,3,1,1,3;1,3,1,4,0 || F -1,0,0,0,1;1,0,0,1,0 | 1,0,2,0,3;1,0,2,1,2;1,0,2,2,1;-1,0,2,3,0;-1,2,0,0,3;1,2,0,1,2;1,2,0,2,1;1,2,0,3,0 || CORE 1,0,2,0,3;1,0,2,1,2;1,0,2,2,1;-1,0,2,3,0;-1,2,0,0,3;1,2,0,1,2;1,2,0,2,1;1,2,0,3,0 | live
REL 2,-2 10,1 11,-1 | -1,0,4,0,4;1,0,4,4,0;2,1,3,2,2;-2,3,1,2,2;-1,4,0,0,4;1,4,0,4,0 ||  || CORE -1,0,4,0,4;1,0,4,4,0;2,1,3,2,2;-2,3,1,2,2;-1,4,0,0,4;1,4,0,4,0 | live
REL 7,-1 8,-1 9,-2 | 1,0,4,1,3;1,0,4,2,2;2,0,4,3,1;-2,4,0,1,3;-1,4,0,2,2;-1,4,0,3,1 ||  || CORE 1,0,4,0,2;1,0,4,1,1;2,0,4,2,0;-2,4,0,0,2;-1,4,0,1,1;-1,4,0,2,0 | live
REL 3,-2 7,1 8,-1 | 1,0,4,1,3;-1,0,4,2,2;2,1,3,1,3;-2,3,1,3,1;1,4,0,2,2;-1,4,0,3,1 ||  || CORE 1,0,4,0,2;-1,0,4,1,1;2,1,3,0,2;-2,3,1,2,0;1,4,0,1,1;-1,4,0,2,0 | live
REL 5,-1 10,2 11,1 | -2,0,4,0,4;-1,0,4,4,0;1,1,3,0,4;-1,3,1,4,0;1,4,0,0,4;2,4,0,4,0 || F -1,0,1,0,0;1,1,0,0,0 | 2,0,3,0,4;1,0,3,4,0;1,1,2,0,4;1,1,2,4,0;1,2,1,0,4;1,2,1,4,0;1,3,0,0,4;2,3,0,4,0 || CORE 2,0,3,0,4;1,0,3,4,0;1,1,2,0,4;1,1,2,4,0;1,2,1,0,4;1,2,1,4,0;1,3,0,0,4;2,3,0,4,0 | live
REL 4,-1 7,-2 9,1 | 2,0,4,2,2;-1,0,4,3,1;1,1,3,3,1;-1,3,1,1,3;1,4,0,1,3;-2,4,0,2,2 || F -1,0,1,0,0;1,1,0,0,0 | -2,0,3,1,1;1,0,3,2,0;-2,1,2,1,1;-2,2,1,1,1;1,3,0,0,2;-2,3,0,1,1 || CORE -2,0,3,1,1;1,0,3,2,0;-2,1,2,1,1;-2,2,1,1,1;1,3,0,0,2;-2,3,0,1,1 | unit
REL 6,-1 8,1 10,-2 | 2,0,4,0,4;-1,0,4,1,3;1,1,3,4,0;-1,3,1,0,4;1,4,0,3,1;-2,4,0,4,0 ||  || CORE 2,0,4,0,4;-1,0,4,1,3;1,1,3,4,0;-1,3,1,0,4;1,4,0,3,1;-2,4,0,4,0 | live
REL 4,-2 7,-1 8,-1 | 1,0,4,1,3;1,0,4,2,2;2,1,3,3,1;-2,3,1,1,3;-1,4,0,2,2;-1,4,0,3,1 ||  || CORE 1,0,4,0,2;1,0,4,1,1;2,1,3,2,0;-2,3,1,0,2;-1,4,0,1,1;-1,4,0,2,0 | live
REL 0,-2 10,-1 11,-1 | 1,0,4,0,4;1,0,4,4,0;2,2,2,1,3;-2,2,2,3,1;-1,4,0,0,4;-1,4,0,4,0 ||  || CORE 1,0,4,0,4;1,0,4,4,0;2,2,2,1,3;-2,2,2,3,1;-1,4,0,0,4;-1,4,0,4,0 | live
REL 7,-2 10,-1 11,-1 | 1,0,4,0,4;2,0,4,2,2;1,0,4,4,0;-1,4,0,0,4;-2,4,0,2,2;-1,4,0,4,0 || F 1,0,1,0,0;1,1,0,0,0 | 1,0,3,0,4;2,0,3,2,2;1,0,3,4,0;-1,1,2,0,4;-2,1,2,2,2;-1,1,2,4,0;1,2,1,0,4;2,2,1,2,2;1,2,1,4,0;-1,3,0,0,4;-2,3,0,2,2;-1,3,0,4,0 ## F -1,0,1,0,0;1,1,0,0,0 | -1,0,2,0,4;-2,0,2,2,2;-1,0,2,4,0;-1,2,0,0,4;-2,2,0,2,2;-1,2,0,4,0 ## F 1,0,2,0,0;1,2,0,0,0 | -1,0,0,0,4;-2,0,0,2,2;-1,0,0,4,0 ## F 1,0,0,0,2;1,0,0,2,0 | -1,0,0,0,2;-1,0,0,2,0 ## F 1,0,0,0,2;1,0,0,2,0 | -1,0,0,0,0 || CORE -1,0,0,0,0 | monomial
REL 2,-1 3,1 4,-2 | -1,1,3,1,3;1,1,3,2,2;2,1,3,3,1;-2,3,1,1,3;-1,3,1,2,2;1,3,1,3,1 || F 1,0,0,0,1;1,0,0,1,0 | -1,0,2,0,1;2,0,2,1,0;-2,2,0,0,1;1,2,0,1,0 || CORE -1,0,2,0,1;2,0,2,1,0;-2,2,0,0,1;1,2,0,1,0 | live
REL 8,-2 10,1 11,1 | -1,0,4,0,4;2,0,4,1,3;-1,0,4,4,0;1,4,0,0,4;-2,4,0,3,1;1,4,0,4,0 || F -1,0,0,0,1;1,0,0,1,0 | 1,0,4,0,3;-1,0,4,1,2;-1,0,4,2,1;-1,0,4,3,0;-1,4,0,0,3;-1,4,0,1,2;-1,4,0,2,1;1,4,0,3,0 || CORE 1,0,4,0,3;-1,0,4,1,2;-1,0,4,2,1;-1,0,4,3,0;-1,4,0,0,3;-1,4,0,1,2;-1,4,0,2,1;1,4,0,3,0 | live
REL 1,-1 2,-2 5,1 | -1,1,3,0,4;2,1,3,2,2;1,2,2,0,4;-1,2,2,4,0;-2,3,1,2,2;1,3,1,4,0 || F -1,0,1,0,0;1,1,0,0,0 | 1,0,1,0,4;-2,0,1,2,2;-2,1,0,2,2;1,1,0,4,0 || CORE 1,0,1,0,4;-2,0,1,2,2;-2,1,0,2,2;1,1,0,4,0 | unit
REL 1,-2 8,-1 11,-1 | 1,0,4,1,3;1,0,4,4,0;2,2,2,0,4;-2,2,2,4,0;-1,4,0,0,4;-1,4,0,3,1 || F 1,0,0,0,1;1,0,0,1,0 | 1,0,4,1,2;-1,0,4,2,1;1,0,4,3,0;2,2,2,0,3;-2,2,2,1,2;2,2,2,2,1;-2,2,2,3,0;-1,4,0,0,3;1,4,0,1,2;-1,4,0,2,1 || CORE 1,0,4,1,2;-1,0,4,2,1;1,0,4,3,0;2,2,2,0,3;-2,2,2,1,2;2,2,2,2,1;-2,2,2,3,0;-1,4,0,0,3;1,4,0,1,2;-1,4,0,2,1 | live
REL 0,-1 3,1 4,-2 | -1,1,3,1,3;2,1,3,3,1;1,2,2,1,3;-1,2,2,3,1;-2,3,1,1,3;1,3,1,3,1 ||  || CORE -1,0,2,0,2;2,0,2,2,0;1,1,1,0,2;-1,1,1,2,0;-2,2,0,0,2;1,2,0,2,0 | live
REL 6,-2 7,-1 10,1 | -1,0,4,0,4;1,0,4,2,2;2,1,3,4,0;-2,3,1,0,4;-1,4,0,2,2;1,4,0,4,0 ||  || CORE -1,0,4,0,4;1,0,4,2,2;2,1,3,4,0;-2,3,1,0,4;-1,4,0,2,2;1,4,0,4,0 | live
REL 0,-1 7,2 8,1 | -1,0,4,1,3;-2,0,4,2,2;1,2,2,1,3;-1,2,2,3,1;2,4,0,2,2;1,4,0,3,1 || F 1,0,1,0,0;1,1,0,0,0 | -1,0,3,0,2;-2,0,3,1,1;1,1,2,0,2;2,1,2,1,1;-2,2,1,1,1;-1,2,1,2,0;2,3,0,1,1;1,3,0,2,0 ## F -1,0,1,0,0;1,1,0,0,0 | 1,0,2,0,2;2,0,2,1,1;2,2,0,1,1;1,2,0,2,0 || CORE 1,0,2,0,2;2,0,2,1,1;2,2,0,1,1;1,2,0,2,0 | unit
REL 9,-1 10,-2 11,-1 | 2,0,4,0,4;1,0,4,3,1;1,0,4,4,0;-1,4,0,0,4;-1,4,0,1,3;-2,4,0,4,0 ||  || CORE 2,0,4,0,4;1,0,4,3,1;1,0,4,4,0;-1,4,0,0,4;-1,4,0,1,3;-2,4,0,4,0 | live
REL 8,-2 10,1 11,-1 | -1,0,4,0,4;2,0,4,1,3;1,0,4,4,0;-1,4,0,0,4;-2,4,0,3,1;1,4,0,4,0 ||  || CORE -1,0,4,0,4;2,0,4,1,3;1,0,4,4,0;-1,4,0,0,4;-2,4,0,3,1;1,4,0,4,0 | live
REL 6,-2 9,-1 10,1 | -1,0,4,0,4;1,0,4,3,1;2,1,3,4,0;-2,3,1,0,4;-1,4,0,1,3;1,4,0,4,0 ||  || CORE -1,0,4,0,4;1,0,4,3,1;2,1,3,4,0;-2,3,1,0,4;-1,4,0,1,3;1,4,0,4,0 | live
REL 0,-2 8,-1 9,1 | 1,0,4,1,3;-1,0,4,3,1;2,2,2,1,3;-2,2,2,3,1;1,4,0,1,3;-1,4,0,3,1 || F 1,0,0,0,1;1,0,0,1,0 | 1,0,4,0,1;-1,0,4,1,0;2,2,2,0,1;-2,2,2,1,0;1,4,0,0,1;-1,4,0,1,0 ## F -1,0,0,0,1;1,0,0,1,0 | -1,0,4,0,0;-2,2,2,0,0;-1,4,0,0,0 ## F 1,0,2,0,0;1,2,0,0,0 | -1,0,2,0,0;-1,2,0,0,0 ## F 1,0,2,0,0;1,2,0,0,0 | -1,0,0,0,0 || CORE -1,0,0,0,0 | monomial
REL 6,-1 8,1 11,2 | -1,0,4,1,3;-2,0,4,4,0;1,1,3,4,0;-1,3,1,0,4;2,4,0,0,4;1,4,0,3,1 ||  || CORE -1,0,4,1,3;-2,0,4,4,0;1,1,3,4,0;-1,3,1,0,4;2,4,0,0,4;1,4,0,3,1 | live
REL 1,-1 9,1 11,-2 | -1,0,4,3,1;2,0,4,4,0;1,2,2,0,4;-1,2,2,4,0;-2,4,0,0,4;1,4,0,1,3 ||  || CORE -1,0,4,3,1;2,0,4,4,0;1,2,2,0,4;-1,2,2,4,0;-2,4,0,0,4;1,4,0,1,3 | live
REL 1,-1 2,-2 6,-1 | 2,1,3,2,2;1,1,3,4,0;1,2,2,0,4;-1,2,2,4,0;-1,3,1,0,4;-2,3,1,2,2 || F -1,0,1,0,0;1,1,0,0,0 | -2,0,1,2,2;-1,0,1,4,0;-1,1,0,0,4;-2,1,0,2,2 || CORE -2,0,1,2,2;-1,0,1,4,0;-1,1,0,0,4;-2,1,0,2,2 | unit
REL 6,-1 9,2 11,1 | -2,0,4,3,1;-1,0,4,4,0;1,1,3,4,0;-1,3,1,0,4;1,4,0,0,4;2,4,0,1,3 ||  || CORE -2,0,4,3,1;-1,0,4,4,0;1,1,3,4,0;-1,3,1,0,4;1,4,0,0,4;2,4,0,1,3 | live
REL 0,-1 7,2 9,-1 | -2,0,4,2,2;1,0,4,3,1;1,2,2,1,3;-1,2,2,3,1;-1,4,0,1,3;2,4,0,2,2 || F 1,0,1,0,0;1,1,0,0,0 | -2,0,3,1,1;1,0,3,2,0;2,1,2,1,1;-1,1,2,2,0;1,2,1,0,2;-2,2,1,1,1;-1,3,0,0,2;2,3,0,1,1 ## F -1,0,1,0,0;1,1,0,0,0 | 2,0,2,1,1;-1,0,2,2,0;-1,2,0,0,2;2,2,0,1,1 || CORE 2,0,2,1,1;-1,0,2,2,0;-1,2,0,0,2;2,2,0,1,1 | unit
REL 3,-1 8,1 9,-2 | -1,0,4,1,3;2,0,4,3,1;1,1,3,1,3;-1,3,1,3,1;-2,4,0,1,3;1,4,0,3,1 ||  || CORE -1,0,4,0,2;2,0,4,2,0;1,1,3,0,2;-1,3,1,2,0;-2,4,0,0,2;1,4,0,2,0 | live
REL 5,-1 8,-1 11,2 | 1,0,4,1,3;-2,0,4,4,0;1,1,3,0,4;-1,3,1,4,0;2,4,0,0,4;-1,4,0,3,1 ||  || CORE 1,0,4,1,3;-2,0,4,4,0;1,1,3,0,4;-1,3,1,4,0;2,4,0,0,4;-1,4,0,3,1 | live
REL 5,-2 7,-1 11,1 | 1,0,4,2,2;-1,0,4,4,0;2,1,3,0,4;-2,3,1,4,0;1,4,0,0,4;-1,4,0,2,2 ||  || CORE 1,0,4,2,2;-1,0,4,4,0;2,1,3,0,4;-2,3,1,4,0;1,4,0,0,4;-1,4,0,2,2 | live
REL 1,-1 10,1 11,-2 | -1,0,4,0,4;2,0,4,4,0;1,2,2,0,4;-1,2,2,4,0;-2,4,0,0,4;1,4,0,4,0 ||  || CORE -1,0,4,0,4;2,0,4,4,0;1,2,2,0,4;-1,2,2,4,0;-2,4,0,0,4;1,4,0,4,0 | live
REL 3,-2 7,-1 8,-1 | 1,0,4,1,3;1,0,4,2,2;2,1,3,1,3;-2,3,1,3,1;-1,4,0,2,2;-1,4,0,3,1 ||  || CORE 1,0,4,0,2;1,0,4,1,1;2,1,3,0,2;-2,3,1,2,0;-1,4,0,1,1;-1,4,0,2,0 | live
REL 6,-2 10,-1 11,1 | 1,0,4,0,4;-1,0,4,4,0;2,1,3,4,0;-2,3,1,0,4;1,4,0,0,4;-1,4,0,4,0 || F -1,0,1,0,0;1,1,0,0,0 | -1,0,3,0,4;1,0,3,4,0;-1,1,2,0,4;-1,1,2,4,0;-1,2,1,0,4;-1,2,1,4,0;1,3,0,0,4;-1,3,0,4,0 || CORE -1,0,3,0,4;1,0,3,4,0;-1,1,2,0,4;-1,1,2,4,0;-1,2,1,0,4;-1,2,1,4,0;1,3,0,0,4;-1,3,0,4,0 | live
REL 0,-1 2,-1 4,2 | 1,1,3,2,2;-2,1,3,3,1;1,2,2,1,3;-1,2,2,3,1;2,3,1,1,3;-1,3,1,2,2 ||  || CORE 1,0,2,1,1;-2,0,2,2,0;1,1,1,0,2;-1,1,1,2,0;2,2,0,0,2;-1,2,0,1,1 | live
REL 6,-1 9,-1 11,2 | 1,0,4,3,1;-2,0,4,4,0;1,1,3,4,0;-1,3,1,0,4;2,4,0,0,4;-1,4,0,1,3 ||  || CORE 1,0,4,3,1;-2,0,4,4,0;1,1,3,4,0;-1,3,1,0,4;2,4,0,0,4;-1,4,0,1,3 | live
REL 5,-1 7,-2 10,1 | -1,0,4,0,4;2,0,4,2,2;1,1,3,0,4;-1,3,1,4,0;-2,4,0,2,2;1,4,0,4,0 || F -1,0,1,0,0;1,1,0,0,0 | 1,0,3,0,4;-2,0,3,2,2;-2,1,2,2,2;-2,2,1,2,2;-2,3,0,2,2;1,3,0,4,0 || CORE 1,0,3,0,4;-2,0,3,2,2;-2,1,2,2,2;-2,2,1,2,2;-2,3,0,2,2;1,3,0,4,0 | unit
REL 3,-2 10,1 11,1 | -1,0,4,0,4;-1,0,4,4,0;2,1,3,1,3;-2,3,1,3,1;1,4,0,0,4;1,4,0,4,0 ||  || CORE -1,0,4,0,4;-1,0,4,4,0;2,1,3,1,3;-2,3,1,3,1;1,4,0,0,4;1,4,0,4,0 | live
REL 1,-2 9,1 11,-1 | -1,0,4,3,1;1,0,4,4,0;2,2,2,0,4;-2,2,2,4,0;-1,4,0,0,4;1,4,0,1,3 || F -1,0,0,0,1;1,0,0,1,0 | 1,0,4,3,0;-2,2,2,0,3;-2,2,2,1,2;-2,2,2,2,1;-2,2,2,3,0;1,4,0,0,3 || CORE 1,0,4,3,0;-2,2,2,0,3;-2,2,2,1,2;-2,2,2,2,1;-2,2,2,3,0;1,4,0,0,3 | unit
REL 6,-1 10,1 11,-2 | -1,0,4,0,4;2,0,4,4,0;1,1,3,4,0;-1,3,1,0,4;-2,4,0,0,4;1,4,0,4,0 ||  || CORE -1,0,4,0,4;2,0,4,4,0;1,1,3,4,0;-1,3,1,0,4;-2,4,0,0,4;1,4,0,4,0 | live
REL 3,-1 8,2 9,-1 | -2,0,4,1,3;1,0,4,3,1;1,1,3,1,3;-1,3,1,3,1;-1,4,0,1,3;2,4,0,3,1 ||  || CORE -2,0,4,0,2;1,0,4,2,0;1,1,3,0,2;-1,3,1,2,0;-1,4,0,0,2;2,4,0,2,0 | live
REL 2,-1 5,-1 6,-2 | 1,1,3,0,4;1,1,3,2,2;2,1,3,4,0;-2,3,1,0,4;-1,3,1,2,2;-1,3,1,4,0 ||  || CORE 1,0,2,0,4;1,0,2,2,2;2,0,2,4,0;-2,2,0,0,4;-1,2,0,2,2;-1,2,0,4,0 | live
REL 2,-1 3,2 4,1 | -2,1,3,1,3;1,1,3,2,2;-1,1,3,3,1;1,3,1,1,3;-1,3,1,2,2;2,3,1,3,1 ||  || CORE -2,0,2,0,2;1,0,2,1,1;-1,0,2,2,0;1,2,0,0,2;-1,2,0,1,1;2,2,0,2,0 | live
REL 6,-1 7,-2 11,1 | 2,0,4,2,2;-1,0,4,4,0;1,1,3,4,0;-1,3,1,0,4;1,4,0,0,4;-2,4,0,2,2 || F -1,0,1,0,0;1,1,0,0,0 | -2,0,3,2,2;1,0,3,4,0;-2,1,2,2,2;-2,2,1,2,2;1,3,0,0,4;-2,3,0,2,2 || CORE -2,0,3,2,2;1,0,3,4,0;-2,1,2,2,2;-2,2,1,2,2;1,3,0,0,4;-2,3,0,2,2 | unit
REL 3,-2 7,1 8,1 | -1,0,4,1,3;-1,0,4,2,2;2,1,3,1,3;-2,3,1,3,1;1,4,0,2,2;1,4,0,3,1 ||  || CORE -1,0,4,0,2;-1,0,4,1,1;2,1,3,0,2;-2,3,1,2,0;1,4,0,1,1;1,4,0,2,0 | live
REL 5,-1 9,-1 11,-2 | 1,0,4,3,1;2,0,4,4,0;1,1,3,0,4;-1,3,1,4,0;-2,4,0,0,4;-1,4,0,1,3 ||  || CORE 1,0,4,3,1;2,0,4,4,0;1,1,3,0,4;-1,3,1,4,0;-2,4,0,0,4;-1,4,0,1,3 | live
REL 1,-2 9,-1 11,1 | 1,0,4,3,1;-1,0,4,4,0;2,2,2,0,4;-2,2,2,4,0;1,4,0,0,4;-1,4,0,1,3 || F -1,0,0,0,1;1,0,0,1,0 | -1,0,4,3,0;-2,2,2,0,3;-2,2,2,1,2;-2,2,2,2,1;-2,2,2,3,0;-1,4,0,0,3 || CORE -1,0,4,3,0;-2,2,2,0,3;-2,2,2,1,2;-2,2,2,2,1;-2,2,2,3,0;-1,4,0,0,3 | unit
REL 7,-1 8,-2 9,1 | 2,0,4,1,3;1,0,4,2,2;-1,0,4,3,1;1,4,0,1,3;-1,4,0,2,2;-2,4,0,3,1 || F 1,0,0,0,1;1,0,0,1,0 | 2,0,4,0,1;-1,0,4,1,0;1,4,0,0,1;-2,4,0,1,0 || CORE 2,0,4,0,1;-1,0,4,1,0;1,4,0,0,1;-2,4,0,1,0 | live
REL 1,-1 7,1 10,-2 | 2,0,4,0,4;-1,0,4,2,2;1,2,2,0,4;-1,2,2,4,0;1,4,0,2,2;-2,4,0,4,0 ||  || CORE 2,0,4,0,4;-1,0,4,2,2;1,2,2,0,4;-1,2,2,4,0;1,4,0,2,2;-2,4,0,4,0 | live
REL 5,-1 7,2 11,1 | -2,0,4,2,2;-1,0,4,4,0;1,1,3,0,4;-1,3,1,4,0;1,4,0,0,4;2,4,0,2,2 || F 1,0,1,0,0;1,1,0,0,0 | -2,0,3,2,2;-1,0,3,4,0;1,1,2,0,4;2,1,2,2,2;1,1,2,4,0;-1,2,1,0,4;-2,2,1,2,2;-1,2,1,4,0;1,3,0,0,4;2,3,0,2,2 || CORE -2,0,3,2,2;-1,0,3,4,0;1,1,2,0,4;2,1,2,2,2;1,1,2,4,0;-1,2,1,0,4;-2,2,1,2,2;-1,2,1,4,0;1,3,0,0,4;2,3,0,2,2 | live
REL 0,-2 2,1 3,1 | -1,1,3,1,3;-1,1,3,2,2;2,2,2,1,3;-2,2,2,3,1;1,3,1,2,2;1,3,1,3,1 || F 1,0,0,0,1;1,0,0,1,0 | -1,0,2,0,1;2,1,1,0,1;-2,1,1,1,0;1,2,0,1,0 || CORE -1,0,2,0,1;2,1,1,0,1;-2,1,1,1,0;1,2,0,1,0 | unit
REL 6,-2 8,1 11,1 | -1,0,4,1,3;-1,0,4,4,0;2,1,3,4,0;-2,3,1,0,4;1,4,0,0,4;1,4,0,3,1 ||  || CORE -1,0,4,1,3;-1,0,4,4,0;2,1,3,4,0;-2,3,1,0,4;1,4,0,0,4;1,4,0,3,1 | live
REL 6,-1 7,-2 10,1 | -1,0,4,0,4;2,0,4,2,2;1,1,3,4,0;-1,3,1,0,4;-2,4,0,2,2;1,4,0,4,0 || F 1,0,1,0,0;1,1,0,0,0 | -1,0,3,0,4;2,0,3,2,2;1,1,2,0,4;-2,1,2,2,2;1,1,2,4,0;-1,2,1,0,4;2,2,1,2,2;-1,2,1,4,0;-2,3,0,2,2;1,3,0,4,0 || CORE -1,0,3,0,4;2,0,3,2,2;1,1,2,0,4;-2,1,2,2,2;1,1,2,4,0;-1,2,1,0,4;2,2,1,2,2;-1,2,1,4,0;-2,3,0,2,2;1,3,0,4,0 | live
REL 5,-1 7,1 10,-2 | 2,0,4,0,4;-1,0,4,2,2;1,1,3,0,4;-1,3,1,4,0;1,4,0,2,2;-2,4,0,4,0 ||  || CORE 2,0,4,0,4;-1,0,4,2,2;1,1,3,0,4;-1,3,1,4,0;1,4,0,2,2;-2,4,0,4,0 | live
REL 8,-1 10,-2 11,-1 | 2,0,4,0,4;1,0,4,1,3;1,0,4,4,0;-1,4,0,0,4;-1,4,0,3,1;-2,4,0,4,0 ||  || CORE 2,0,4,0,4;1,0,4,1,3;1,0,4,4,0;-1,4,0,0,4;-1,4,0,3,1;-2,4,0,4,0 | live
REL 3,-1 7,-1 8,-2 | 2,0,4,1,3;1,0,4,2,2;1,1,3,1,3;-1,3,1,3,1;-1,4,0,2,2;-2,4,0,3,1 ||  || CORE 2,0,4,0,2;1,0,4,1,1;1,1,3,0,2;-1,3,1,2,0;-1,4,0,1,1;-2,4,0,2,0 | live
REL 6,-1 8,-1 11,-2 | 1,0,4,1,3;2,0,4,4,0;1,1,3,4,0;-1,3,1,0,4;-2,4,0,0,4;-1,4,0,3,1 ||  || CORE 1,0,4,1,3;2,0,4,4,0;1,1,3,4,0;-1,3,1,0,4;-2,4,0,0,4;-1,4,0,3,1 | live
REL 3,-2 10,-1 11,1 | 1,0,4,0,4;-1,0,4,4,0;2,1,3,1,3;-2,3,1,3,1;1,4,0,0,4;-1,4,0,4,0 ||  || CORE 1,0,4,0,4;-1,0,4,4,0;2,1,3,1,3;-2,3,1,3,1;1,4,0,0,4;-1,4,0,4,0 | live
REL 0,-1 8,-1 9,2 | 1,0,4,1,3;-2,0,4,3,1;1,2,2,1,3;-1,2,2,3,1;2,4,0,1,3;-1,4,0,3,1 ||  || CORE 1,0,4,0,2;-2,0,4,2,0;1,2,2,0,2;-1,2,2,2,0;2,4,0,0,2;-1,4,0,2,0 | live
REL 1,-1 8,1 11,2 | -1,0,4,1,3;-2,0,4,4,0;1,2,2,0,4;-1,2,2,4,0;2,4,0,0,4;1,4,0,3,1 ||  || CORE -1,0,4,1,3;-2,0,4,4,0;1,2,2,0,4;-1,2,2,4,0;2,4,0,0,4;1,4,0,3,1 | live
REL 5,-1 9,-2 10,-1 | 1,0,4,0,4;2,0,4,3,1;1,1,3,0,4;-1,3,1,4,0;-2,4,0,1,3;-1,4,0,4,0 ||  || CORE 1,0,4,0,4;2,0,4,3,1;1,1,3,0,4;-1,3,1,4,0;-2,4,0,1,3;-1,4,0,4,0 | live
REL 5,-2 10,1 11,-1 | -1,0,4,0,4;1,0,4,4,0;2,1,3,0,4;-2,3,1,4,0;-1,4,0,0,4;1,4,0,4,0 || F -1,0,1,0,0;1,1,0,0,0 | 1,0,3,0,4;-1,0,3,4,0;-1,1,2,0,4;-1,1,2,4,0;-1,2,1,0,4;-1,2,1,4,0;-1,3,0,0,4;1,3,0,4,0 || CORE 1,0,3,0,4;-1,0,3,4,0;-1,1,2,0,4;-1,1,2,4,0;-1,2,1,0,4;-1,2,1,4,0;-1,3,0,0,4;1,3,0,4,0 | live
REL 1,-1 8,2 10,-1 | 1,0,4,0,4;-2,0,4,1,3;1,2,2,0,4;-1,2,2,4,0;2,4,0,3,1;-1,4,0,4,0 ||  || CORE 1,0,4,0,4;-2,0,4,1,3;1,2,2,0,4;-1,2,2,4,0;2,4,0,3,1;-1,4,0,4,0 | live
REL 6,-2 9,-1 11,-1 | 1,0,4,3,1;1,0,4,4,0;2,1,3,4,0;-2,3,1,0,4;-1,4,0,0,4;-1,4,0,1,3 ||  || CORE 1,0,4,3,1;1,0,4,4,0;2,1,3,4,0;-2,3,1,0,4;-1,4,0,0,4;-1,4,0,1,3 | live
REL 2,-2 8,1 9,1 | -1,0,4,1,3;-1,0,4,3,1;2,1,3,2,2;-2,3,1,2,2;1,4,0,1,3;1,4,0,3,1 || F 1,0,1,0,0;1,1,0,0,0 | -1,0,3,0,2;-1,0,3,2,0;1,1,2,0,2;2,1,2,1,1;1,1,2,2,0;-1,2,1,0,2;-2,2,1,1,1;-1,2,1,2,0;1,3,0,0,2;1,3,0,2,0 ## F -1,0,1,0,0;1,1,0,0,0 | 1,0,2,0,2;1,0,2,2,0;-2,1,1,1,1;1,2,0,0,2;1,2,0,2,0 || CORE 1,0,2,0,2;1,0,2,2,0;-2,1,1,1,1;1,2,0,0,2;1,2,0,2,0 | live
REL 0,-1 8,2 9,-1 | -2,0,4,1,3;1,0,4,3,1;1,2,2,1,3;-1,2,2,3,1;-1,4,0,1,3;2,4,0,3,1 ||  || CORE -2,0,4,0,2;1,0,4,2,0;1,2,2,0,2;-1,2,2,2,0;-1,4,0,0,2;2,4,0,2,0 | live
REL 1,-1 2,-1 6,-2 | 1,1,3,2,2;2,1,3,4,0;1,2,2,0,4;-1,2,2,4,0;-2,3,1,0,4;-1,3,1,2,2 ||  || CORE 1,0,2,2,2;2,0,2,4,0;1,1,1,0,4;-1,1,1,4,0;-2,2,0,0,4;-1,2,0,2,2 | live
REL 1,-2 9,-1 10,1 | -1,0,4,0,4;1,0,4,3,1;2,2,2,0,4;-2,2,2,4,0;-1,4,0,1,3;1,4,0,4,0 || F -1,0,0,0,1;1,0,0,1,0 | 1,0,4,0,3;1,0,4,1,2;1,0,4,2,1;-2,2,2,0,3;-2,2,2,1,2;-2,2,2,2,1;-2,2,2,3,0;1,4,0,1,2;1,4,0,2,1;1,4,0,3,0 || CORE 1,0,4,0,3;1,0,4,1,2;1,0,4,2,1;-2,2,2,0,3;-2,2,2,1,2;-2,2,2,2,1;-2,2,2,3,0;1,4,0,1,2;1,4,0,2,1;1,4,0,3,0 | live
REL 2,-1 5,1 6,-2 | -1,1,3,0,4;1,1,3,2,2;2,1,3,4,0;-2,3,1,0,4;-1,3,1,2,2;1,3,1,4,0 || F 1,0,0,0,2;1,0,0,2,0 | -1,0,2,0,2;2,0,2,2,0;-2,2,0,0,2;1,2,0,2,0 || CORE -1,0,2,0,2;2,0,2,2,0;-2,2,0,0,2;1,2,0,2,0 | live
REL 1,-1 8,-2 10,1 | -1,0,4,0,4;2,0,4,1,3;1,2,2,0,4;-1,2,2,4,0;-2,4,0,3,1;1,4,0,4,0 ||  || CORE -1,0,4,0,4;2,0,4,1,3;1,2,2,0,4;-1,2,2,4,0;-2,4,0,3,1;1,4,0,4,0 | live
REL 2,-2 3,-1 4,-1 | 1,1,3,1,3;2,1,3,2,2;1,1,3,3,1;-1,3,1,1,3;-2,3,1,2,2;-1,3,1,3,1 || F 1,0,1,0,0;1,1,0,0,0 | 1,0,1,0,2;2,0,1,1,1;1,0,1,2,0;-1,1,0,0,2;-2,1,0,1,1;-1,1,0,2,0 ## F 1,0,0,0,1;1,0,0,1,0 | 1,0,1,0,1;1,0,1,1,0;-1,1,0,0,1;-1,1,0,1,0 ## F -1,0,1,0,0;1,1,0,0,0 | -1,0,0,0,1;-1,0,0,1,0 ## F 1,0,0,0,1;1,0,0,1,0 | -1,0,0,0,0 || CORE -1,0,0,0,0 | monomial
REL 7,-1 8,2 9,-1 | -2,0,4,1,3;1,0,4,2,2;1,0,4,3,1;-1,4,0,1,3;-1,4,0,2,2;2,4,0,3,1 || F -1,0,0,0,1;1,0,0,1,0 | 2,0,4,0,1;1,0,4,1,0;1,4,0,0,1;2,4,0,1,0 || CORE 2,0,4,0,1;1,0,4,1,0;1,4,0,0,1;2,4,0,1,0 | live
REL 2,-2 5,1 6,-1 | -1,1,3,0,4;2,1,3,2,2;1,1,3,4,0;-1,3,1,0,4;-2,3,1,2,2;1,3,1,4,0 ||  || CORE -1,0,2,0,4;2,0,2,2,2;1,0,2,4,0;-1,2,0,0,4;-2,2,0,2,2;1,2,0,4,0 | live
REL 3,-2 7,-1 8,1 | -1,0,4,1,3;1,0,4,2,2;2,1,3,1,3;-2,3,1,3,1;-1,4,0,2,2;1,4,0,3,1 ||  || CORE -1,0,4,0,2;1,0,4,1,1;2,1,3,0,2;-2,3,1,2,0;-1,4,0,1,1;1,4,0,2,0 | live
REL 1,-1 9,-2 10,1 | -1,0,4,0,4;2,0,4,3,1;1,2,2,0,4;-1,2,2,4,0;-2,4,0,1,3;1,4,0,4,0 ||  || CORE -1,0,4,0,4;2,0,4,3,1;1,2,2,0,4;-1,2,2,4,0;-2,4,0,1,3;1,4,0,4,0 | live
REL 1,-2 9,-1 11,-1 | 1,0,4,3,1;1,0,4,4,0;2,2,2,0,4;-2,2,2,4,0;-1,4,0,0,4;-1,4,0,1,3 || F 1,0,0,0,1;1,0,0,1,0 | 1,0,4,3,0;2,2,2,0,3;-2,2,2,1,2;2,2,2,2,1;-2,2,2,3,0;-1,4,0,0,3 || CORE 1,0,4,3,0;2,2,2,0,3;-2,2,2,1,2;2,2,2,2,1;-2,2,2,3,0;-1,4,0,0,3 | unit
REL 0,-1 7,-1 8,2 | -2,0,4,1,3;1,0,4,2,2;1,2,2,1,3;-1,2,2,3,1;-1,4,0,2,2;2,4,0,3,1 ||  || CORE -2,0,4,0,2;1,0,4,1,1;1,2,2,0,2;-1,2,2,2,0;-1,4,0,1,1;2,4,0,2,0 | live
REL 6,-1 7,1 11,-2 | -1,0,4,2,2;2,0,4,4,0;1,1,3,4,0;-1,3,1,0,4;-2,4,0,0,4;1,4,0,2,2 ||  || CORE -1,0,4,2,2;2,0,4,4,0;1,1,3,4,0;-1,3,1,0,4;-2,4,0,0,4;1,4,0,2,2 | live
REL 1,-2 2,-1 6,1 | 1,1,3,2,2;-1,1,3,4,0;2,2,2,0,4;-2,2,2,4,0;1,3,1,0,4;-1,3,1,2,2 || F 1,0,0,0,1;1,0,0,1,0 | 1,0,2,2,1;-1,0,2,3,0;2,1,1,0,3;-2,1,1,1,2;2,1,1,2,1;-2,1,1,3,0;1,2,0,0,3;-1,2,0,1,2 ## F -1,0,0,0,1;1,0,0,1,0 | -1,0,2,2,0;-2,1,1,0,2;-2,1,1,2,0;-1,2,0,0,2 || CORE -1,0,2,2,0;-2,1,1,0,2;-2,1,1,2,0;-1,2,0,0,2 | unit
REL 6,-1 9,-1 10,2 | -2,0,4,0,4;1,0,4,3,1;1,1,3,4,0;-1,3,1,0,4;-1,4,0,1,3;2,4,0,4,0 ||  || CORE -2,0,4,0,4;1,0,4,3,1;1,1,3,4,0;-1,3,1,0,4;-1,4,0,1,3;2,4,0,4,0 | live
REL 6,-1 9,2 11,-1 | -2,0,4,3,1;1,0,4,4,0;1,1,3,4,0;-1,3,1,0,4;-1,4,0,0,4;2,4,0,1,3 ||  || CORE -2,0,4,3,1;1,0,4,4,0;1,1,3,4,0;-1,3,1,0,4;-1,4,0,0,4;2,4,0,1,3 | live
REL 6,-1 9,1 10,-2 | 2,0,4,0,4;-1,0,4,3,1;1,1,3,4,0;-1,3,1,0,4;1,4,0,1,3;-2,4,0,4,0 ||  || CORE 2,0,4,0,4;-1,0,4,3,1;1,1,3,4,0;-1,3,1,0,4;1,4,0,1,3;-2,4,0,4,0 | live
REL 7,-1 10,2 11,-1 | -2,0,4,0,4;1,0,4,2,2;1,0,4,4,0;-1,4,0,0,4;-1,4,0,2,2;2,4,0,4,0 || F 1,0,0,0,1;1,0,0,1,0 | -2,0,4,0,3;2,0,4,1,2;-1,0,4,2,1;1,0,4,3,0;-1,4,0,0,3;1,4,0,1,2;-2,4,0,2,1;2,4,0,3,0 ## F -1,0,0,0,1;1,0,0,1,0 | 2,0,4,0,2;1,0,4,2,0;1,4,0,0,2;2,4,0,2,0 || CORE 2,0,4,0,2;1,0,4,2,0;1,4,0,0,2;2,4,0,2,0 | live
REL 1,-2 7,1 11,1 | -1,0,4,2,2;-1,0,4,4,0;2,2,2,0,4;-2,2,2,4,0;1,4,0,0,4;1,4,0,2,2 || F 1,0,0,0,2;1,0,0,2,0 | -1,0,4,2,0;2,2,2,0,2;-2,2,2,2,0;1,4,0,0,2 || CORE -1,0,4,2,0;2,2,2,0,2;-2,2,2,2,0;1,4,0,0,2 | unit
REL 3,-2 8,-1 9,1 | 1,0,4,1,3;-1,0,4,3,1;2,1,3,1,3;-2,3,1,3,1;1,4,0,1,3;-1,4,0,3,1 || F 1,0,1,0,0;1,1,0,0,0 | 1,0,3,0,2;-1,0,3,2,0;1,1,2,0,2;1,1,2,2,0;-1,2,1,0,2;-1,2,1,2,0;1,3,0,0,2;-1,3,0,2,0 || CORE 1,0,3,0,2;-1,0,3,2,0;1,1,2,0,2;1,1,2,2,0;-1,2,1,0,2;-1,2,1,2,0;1,3,0,0,2;-1,3,0,2,0 | live
REL 1,-2 3,1 6,-1 | -1,1,3,1,3;1,1,3,4,0;2,2,2,0,4;-2,2,2,4,0;-1,3,1,0,4;1,3,1,3,1 || F -1,0,0,0,1;1,0,0,1,0 | 1,0,2,1,2;1,0,2,2,1;1,0,2,3,0;-2,1,1,0,3;-2,1,1,1,2;-2,1,1,2,1;-2,1,1,3,0;1,2,0,0,3;1,2,0,1,2;1,2,0,2,1 || CORE 1,0,2,1,2;1,0,2,2,1;1,0,2,3,0;-2,1,1,0,3;-2,1,1,1,2;-2,1,1,2,1;-2,1,1,3,0;1,2,0,0,3;1,2,0,1,2;1,2,0,2,1 | live
REL 4,-2 10,1 11,1 | -1,0,4,0,4;-1,0,4,4,0;2,1,3,3,1;-2,3,1,1,3;1,4,0,0,4;1,4,0,4,0 ||  || CORE -1,0,4,0,4;-1,0,4,4,0;2,1,3,3,1;-2,3,1,1,3;1,4,0,0,4;1,4,0,4,0 | live
REL 5,-1 7,2 10,1 | -1,0,4,0,4;-2,0,4,2,2;1,1,3,0,4;-1,3,1,4,0;2,4,0,2,2;1,4,0,4,0 || F -1,0,1,0,0;1,1,0,0,0 | 1,0,3,0,4;2,0,3,2,2;2,1,2,2,2;2,2,1,2,2;2,3,0,2,2;1,3,0,4,0 || CORE 1,0,3,0,4;2,0,3,2,2;2,1,2,2,2;2,2,1,2,2;2,3,0,2,2;1,3,0,4,0 | unit
REL 5,-2 8,-1 10,-1 | 1,0,4,0,4;1,0,4,1,3;2,1,3,0,4;-2,3,1,4,0;-1,4,0,3,1;-1,4,0,4,0 ||  || CORE 1,0,4,0,4;1,0,4,1,3;2,1,3,0,4;-2,3,1,4,0;-1,4,0,3,1;-1,4,0,4,0 | live
REL 7,-1 10,1 11,2 | -1,0,4,0,4;1,0,4,2,2;-2,0,4,4,0;2,4,0,0,4;-1,4,0,2,2;1,4,0,4,0 ||  || CORE -1,0,4,0,4;1,0,4,2,2;-2,0,4,4,0;2,4,0,0,4;-1,4,0,2,2;1,4,0,4,0 | live
REL 0,-2 2,-1 4,-1 | 1,1,3,2,2;1,1,3,3,1;2,2,2,1,3;-2,2,2,3,1;-1,3,1,1,3;-1,3,1,2,2 || F 1,0,0,0,1;1,0,0,1,0 | 1,0,2,1,0;2,1,1,0,1;-2,1,1,1,0;-1,2,0,0,1 || CORE 1,0,2,1,0;2,1,1,0,1;-2,1,1,1,0;-1,2,0,0,1 | unit
REL 8,-1 10,-1 11,2 | 1,0,4,0,4;1,0,4,1,3;-2,0,4,4,0;2,4,0,0,4;-1,4,0,3,1;-1,4,0,4,0 || F -1,0,0,0,1;1,0,0,1,0 | -1,0,4,0,3;-2,0,4,1,2;-2,0,4,2,1;-2,0,4,3,0;-2,4,0,0,3;-2,4,0,1,2;-2,4,0,2,1;-1,4,0,3,0 || CORE -1,0,4,0,3;-2,0,4,1,2;-2,0,4,2,1;-2,0,4,3,0;-2,4,0,0,3;-2,4,0,1,2;-2,4,0,2,1;-1,4,0,3,0 | live
REL 1,-1 5,1 6,-2 | -1,1,3,0,4;2,1,3,4,0;1,2,2,0,4;-1,2,2,4,0;-2,3,1,0,4;1,3,1,4,0 ||  || CORE -1,0,2,0,4;2,0,2,4,0;1,1,1,0,4;-1,1,1,4,0;-2,2,0,0,4;1,2,0,4,0 | live
REL 3,-2 7,1 9,1 | -1,0,4,2,2;-1,0,4,3,1;2,1,3,1,3;-2,3,1,3,1;1,4,0,1,3;1,4,0,2,2 ||  || CORE -1,0,4,1,1;-1,0,4,2,0;2,1,3,0,2;-2,3,1,2,0;1,4,0,0,2;1,4,0,1,1 | live
REL 5,-1 9,1 11,-2 | -1,0,4,3,1;2,0,4,4,0;1,1,3,0,4;-1,3,1,4,0;-2,4,0,0,4;1,4,0,1,3 ||  || CORE -1,0,4,3,1;2,0,4,4,0;1,1,3,0,4;-1,3,1,4,0;-2,4,0,0,4;1,4,0,1,3 | live
REL 0,-2 5,-1 6,-1 | 1,1,3,0,4;1,1,3,4,0;2,2,2,1,3;-2,2,2,3,1;-1,3,1,0,4;-1,3,1,4,0 ||  || CORE 1,0,2,0,4;1,0,2,4,0;2,1,1,1,3;-2,1,1,3,1;-1,2,0,0,4;-1,2,0,4,0 | live
REL 5,-2 7,-1 11,-1 | 1,0,4,2,2;1,0,4,4,0;2,1,3,0,4;-2,3,1,4,0;-1,4,0,0,4;-1,4,0,2,2 ||  || CORE 1,0,4,2,2;1,0,4,4,0;2,1,3,0,4;-2,3,1,4,0;-1,4,0,0,4;-1,4,0,2,2 | live
REL 5,-2 7,1 10,1 | -1,0,4,0,4;-1,0,4,2,2;2,1,3,0,4;-2,3,1,4,0;1,4,0,2,2;1,4,0,4,0 ||  || CORE -1,0,4,0,4;-1,0,4,2,2;2,1,3,0,4;-2,3,1,4,0;1,4,0,2,2;1,4,0,4,0 | live
REL 2,-2 8,-1 9,-1 | 1,0,4,1,3;1,0,4,3,1;2,1,3,2,2;-2,3,1,2,2;-1,4,0,1,3;-1,4,0,3,1 || F 1,0,1,0,0;1,1,0,0,0 | 1,0,3,0,2;1,0,3,2,0;-1,1,2,0,2;2,1,2,1,1;-1,1,2,2,0;1,2,1,0,2;-2,2,1,1,1;1,2,1,2,0;-1,3,0,0,2;-1,3,0,2,0 ## F -1,0,1,0,0;1,1,0,0,0 | -1,0,2,0,2;-1,0,2,2,0;-2,1,1,1,1;-1,2,0,0,2;-1,2,0,2,0 || CORE -1,0,2,0,2;-1,0,2,2,0;-2,1,1,1,1;-1,2,0,0,2;-1,2,0,2,0 | live
REL 9,-2 10,-1 11,-1 | 1,0,4,0,4;2,0,4,3,1;1,0,4,4,0;-1,4,0,0,4;-2,4,0,1,3;-1,4,0,4,0 || F 1,0,0,0,1;1,0,0,1,0 | 1,0,4,0,3;-1,0,4,1,2;1,0,4,2,1;1,0,4,3,0;-1,4,0,0,3;-1,4,0,1,2;1,4,0,2,1;-1,4,0,3,0 || CORE 1,0,4,0,3;-1,0,4,1,2;1,0,4,2,1;1,0,4,3,0;-1,4,0,0,3;-1,4,0,1,2;1,4,0,2,1;-1,4,0,3,0 | live
REL 8,-2 10,-1 11,-1 | 1,0,4,0,4;2,0,4,1,3;1,0,4,4,0;-1,4,0,0,4;-2,4,0,3,1;-1,4,0,4,0 || F 1,0,0,0,1;1,0,0,1,0 | 1,0,4,0,3;1,0,4,1,2;-1,0,4,2,1;1,0,4,3,0;-1,4,0,0,3;1,4,0,1,2;-1,4,0,2,1;-1,4,0,3,0 || CORE 1,0,4,0,3;1,0,4,1,2;-1,0,4,2,1;1,0,4,3,0;-1,4,0,0,3;1,4,0,1,2;-1,4,0,2,1;-1,4,0,3,0 | live
REL 1,-2 7,-1 10,-1 | 1,0,4,0,4;1,0,4,2,2;2,2,2,0,4;-2,2,2,4,0;-1,4,0,2,2;-1,4,0,4,0 || F 1,0,0,0,2;1,0,0,2,0 | 1,0,4,0,2;2,2,2,0,2;-2,2,2,2,0;-1,4,0,2,0 || CORE 1,0,4,0,2;2,2,2,0,2;-2,2,2,2,0;-1,4,0,2,0 | unit
REL 8,-1 10,-2 11,1 | 2,0,4,0,4;1,0,4,1,3;-1,0,4,4,0;1,4,0,0,4;-1,4,0,3,1;-2,4,0,4,0 || F 1,0,0,0,1;1,0,0,1,0 | 2,0,4,0,3;-1,0,4,1,2;1,0,4,2,1;-1,0,4,3,0;1,4,0,0,3;-1,4,0,1,2;1,4,0,2,1;-2,4,0,3,0 || CORE 2,0,4,0,3;-1,0,4,1,2;1,0,4,2,1;-1,0,4,3,0;1,4,0,0,3;-1,4,0,1,2;1,4,0,2,1;-2,4,0,3,0 | live
REL 2,-1 5,-1 6,2 | 1,1,3,0,4;1,1,3,2,2;-2,1,3,4,0;2,3,1,0,4;-1,3,1,2,2;-1,3,1,4,0 || F 1,0,0,0,1;1,0,0,1,0 | 1,0,2,0,3;-1,0,2,1,2;2,0,2,2,1;-2,0,2,3,0;2,2,0,0,3;-2,2,0,1,2;1,2,0,2,1;-1,2,0,3,0 ## F -1,0,0,0,1;1,0,0,1,0 | -1,0,2,0,2;-2,0,2,2,0;-2,2,0,0,2;-1,2,0,2,0 || CORE -1,0,2,0,2;-2,0,2,2,0;-2,2,0,0,2;-1,2,0,2,0 | live
REL 3,-1 7,-1 9,-2 | 1,0,4,2,2;2,0,4,3,1;1,1,3,1,3;-1,3,1,3,1;-2,4,0,1,3;-1,4,0,2,2 ||  || CORE 1,0,4,1,1;2,0,4,2,0;1,1,3,0,2;-1,3,1,2,0;-2,4,0,0,2;-1,4,0,1,1 | live
REL 4,-2 8,1 9,1 | -1,0,4,1,3;-1,0,4,3,1;2,1,3,3,1;-2,3,1,1,3;1,4,0,1,3;1,4,0,3,1 ||  || CORE -1,0,4,0,2;-1,0,4,2,0;2,1,3,2,0;-2,3,1,0,2;1,4,0,0,2;1,4,0,2,0 | live
REL 1,-1 4,-1 6,-2 | 1,1,3,3,1;2,1,3,4,0;1,2,2,0,4;-1,2,2,4,0;-2,3,1,0,4;-1,3,1,1,3 ||  || CORE 1,0,2,3,1;2,0,2,4,0;1,1,1,0,4;-1,1,1,4,0;-2,2,0,0,4;-1,2,0,1,3 | live
REL 7,-2 10,-1 11,1 | 1,0,4,0,4;2,0,4,2,2;-1,0,4,4,0;1,4,0,0,4;-2,4,0,2,2;-1,4,0,4,0 ||  || CORE 1,0,4,0,4;2,0,4,2,2;-1,0,4,4,0;1,4,0,0,4;-2,4,0,2,2;-1,4,0,4,0 | live
REL 3,-1 5,-1 6,2 | 1,1,3,0,4;1,1,3,1,3;-2,1,3,4,0;2,3,1,0,4;-1,3,1,3,1;-1,3,1,4,0 || F -1,0,0,0,1;1,0,0,1,0 | -1,0,2,0,3;-2,0,2,1,2;-2,0,2,2,1;-2,0,2,3,0;-2,2,0,0,3;-2,2,0,1,2;-2,2,0,2,1;-1,2,0,3,0 || CORE -1,0,2,0,3;-2,0,2,1,2;-2,0,2,2,1;-2,0,2,3,0;-2,2,0,0,3;-2,2,0,1,2;-2,2,0,2,1;-1,2,0,3,0 | live
REL 4,-1 5,1 6,2 | -1,1,3,0,4;1,1,3,3,1;-2,1,3,4,0;2,3,1,0,4;-1,3,1,1,3;1,3,1,4,0 ||  || CORE -1,0,2,0,4;1,0,2,3,1;-2,0,2,4,0;2,2,0,0,4;-1,2,0,1,3;1,2,0,4,0 | live
REL 0,-2 7,1 9,1 | -1,0,4,2,2;-1,0,4,3,1;2,2,2,1,3;-2,2,2,3,1;1,4,0,1,3;1,4,0,2,2 || F 1,0,0,0,1;1,0,0,1,0 | -1,0,4,1,0;2,2,2,0,1;-2,2,2,1,0;1,4,0,0,1 || CORE -1,0,4,1,0;2,2,2,0,1;-2,2,2,1,0;1,4,0,0,1 | unit
REL 3,-1 5,1 6,2 | -1,1,3,0,4;1,1,3,1,3;-2,1,3,4,0;2,3,1,0,4;-1,3,1,3,1;1,3,1,4,0 ||  || CORE -1,0,2,0,4;1,0,2,1,3;-2,0,2,4,0;2,2,0,0,4;-1,2,0,3,1;1,2,0,4,0 | live
REL 1,-1 4,2 6,1 | -2,1,3,3,1;-1,1,3,4,0;1,2,2,0,4;-1,2,2,4,0;1,3,1,0,4;2,3,1,1,3 ||  || CORE -2,0,2,3,1;-1,0,2,4,0;1,1,1,0,4;-1,1,1,4,0;1,2,0,0,4;2,2,0,1,3 | live
REL 6,-1 9,-1 10,-2 | 2,0,4,0,4;1,0,4,3,1;1,1,3,4,0;-1,3,1,0,4;-1,4,0,1,3;-2,4,0,4,0 ||  || CORE 2,0,4,0,4;1,0,4,3,1;1,1,3,4,0;-1,3,1,0,4;-1,4,0,1,3;-2,4,0,4,0 | live
REL 2,-1 5,-2 6,-1 | 2,1,3,0,4;1,1,3,2,2;1,1,3,4,0;-1,3,1,0,4;-1,3,1,2,2;-2,3,1,4,0 ||  || CORE 2,0,2,0,4;1,0,2,2,2;1,0,2,4,0;-1,2,0,0,4;-1,2,0,2,2;-2,2,0,4,0 | live
REL 6,-1 7,2 11,-1 | -2,0,4,2,2;1,0,4,4,0;1,1,3,4,0;-1,3,1,0,4;-1,4,0,0,4;2,4,0,2,2 || F 1,0,1,0,0;1,1,0,0,0 | -2,0,3,2,2;1,0,3,4,0;2,1,2,2,2;-2,2,1,2,2;-1,3,0,0,4;2,3,0,2,2 || CORE -2,0,3,2,2;1,0,3,4,0;2,1,2,2,2;-2,2,1,2,2;-1,3,0,0,4;2,3,0,2,2 | unit
REL 3,-1 7,-1 8,2 | -2,0,4,1,3;1,0,4,2,2;1,1,3,1,3;-1,3,1,3,1;-1,4,0,2,2;2,4,0,3,1 ||  || CORE -2,0,4,0,2;1,0,4,1,1;1,1,3,0,2;-1,3,1,2,0;-1,4,0,1,1;2,4,0,2,0 | live
REL 2,-2 3,-1 4,1 | 1,1,3,1,3;2,1,3,2,2;-1,1,3,3,1;1,3,1,1,3;-2,3,1,2,2;-1,3,1,3,1 ||  || CORE 1,0,2,0,2;2,0,2,1,1;-1,0,2,2,0;1,2,0,0,2;-2,2,0,1,1;-1,2,0,2,0 | live
REL 0,-2 8,1 9,-1 | -1,0,4,1,3;1,0,4,3,1;2,2,2,1,3;-2,2,2,3,1;-1,4,0,1,3;1,4,0,3,1 || F 1,0,1,0,0;1,1,0,0,0 | -1,0,3,0,2;1,0,3,2,0;1,1,2,0,2;-1,1,2,2,0;1,2,1,0,2;-1,2,1,2,0;-1,3,0,0,2;1,3,0,2,0 ## F 1,0,0,0,1;1,0,0,1,0 | -1,0,3,0,1;1,0,3,1,0;1,1,2,0,1;-1,1,2,1,0;1,2,1,0,1;-1,2,1,1,0;-1,3,0,0,1;1,3,0,1,0 ## F -1,0,1,0,0;1,1,0,0,0 | 1,0,2,0,1;-1,0,2,1,0;-1,2,0,0,1;1,2,0,1,0 ## F -1,0,0,0,1;1,0,0,1,0 | -1,0,2,0,0;1,2,0,0,0 ## F -1,0,2,0,0;1,2,0,0,0 | 1,0,0,0,0 || CORE 1,0,0,0,0 | monomial
REL 5,-1 9,-2 11,-1 | 2,0,4,3,1;1,0,4,4,0;1,1,3,0,4;-1,3,1,4,0;-1,4,0,0,4;-2,4,0,1,3 ||  || CORE 2,0,4,3,1;1,0,4,4,0;1,1,3,0,4;-1,3,1,4,0;-1,4,0,0,4;-2,4,0,1,3 | live
REL 1,-2 10,1 11,1 | -1,0,4,0,4;-1,0,4,4,0;2,2,2,0,4;-2,2,2,4,0;1,4,0,0,4;1,4,0,4,0 ||  || CORE -1,0,4,0,4;-1,0,4,4,0;2,2,2,0,4;-2,2,2,4,0;1,4,0,0,4;1,4,0,4,0 | live
REL 2,-1 3,2 4,-1 | -2,1,3,1,3;1,1,3,2,2;1,1,3,3,1;-1,3,1,1,3;-1,3,1,2,2;2,3,1,3,1 || F -1,0,0,0,1;1,0,0,1,0 | 2,0,2,0,1;1,0,2,1,0;1,2,0,0,1;2,2,0,1,0 || CORE 2,0,2,0,1;1,0,2,1,0;1,2,0,0,1;2,2,0,1,0 | live
REL 7,-1 8,-2 9,-1 | 2,0,4,1,3;1,0,4,2,2;1,0,4,3,1;-1,4,0,1,3;-1,4,0,2,2;-2,4,0,3,1 ||  || CORE 2,0,4,0,2;1,0,4,1,1;1,0,4,2,0;-1,4,0,0,2;-1,4,0,1,1;-2,4,0,2,0 | live
REL 0,-2 7,-1 9,-1 | 1,0,4,2,2;1,0,4,3,1;2,2,2,1,3;-2,2,2,3,1;-1,4,0,1,3;-1,4,0,2,2 || F 1,0,0,0,1;1,0,0,1,0 | 1,0,4,1,0;2,2,2,0,1;-2,2,2,1,0;-1,4,0,0,1 || CORE 1,0,4,1,0;2,2,2,0,1;-2,2,2,1,0;-1,4,0,0,1 | unit
REL 9,-1 10,1 11,-2 | -1,0,4,0,4;1,0,4,3,1;2,0,4,4,0;-2,4,0,0,4;-1,4,0,1,3;1,4,0,4,0 || F 1,0,0,0,1;1,0,0,1,0 | -1,0,4,0,3;1,0,4,1,2;-1,0,4,2,1;2,0,4,3,0;-2,4,0,0,3;1,4,0,1,2;-1,4,0,2,1;1,4,0,3,0 || CORE -1,0,4,0,3;1,0,4,1,2;-1,0,4,2,1;2,0,4,3,0;-2,4,0,0,3;1,4,0,1,2;-1,4,0,2,1;1,4,0,3,0 | live
REL 4,-2 7,-1 9,1 | 1,0,4,2,2;-1,0,4,3,1;2,1,3,3,1;-2,3,1,1,3;1,4,0,1,3;-1,4,0,2,2 ||  || CORE 1,0,4,1,1;-1,0,4,2,0;2,1,3,2,0;-2,3,1,0,2;1,4,0,0,2;-1,4,0,1,1 | live
REL 1,-1 5,-2 6,1 | 2,1,3,0,4;-1,1,3,4,0;1,2,2,0,4;-1,2,2,4,0;1,3,1,0,4;-2,3,1,4,0 ||  || CORE 2,0,2,0,4;-1,0,2,4,0;1,1,1,0,4;-1,1,1,4,0;1,2,0,0,4;-2,2,0,4,0 | live
REL 7,-1 10,1 11,-2 | -1,0,4,0,4;1,0,4,2,2;2,0,4,4,0;-2,4,0,0,4;-1,4,0,2,2;1,4,0,4,0 || F 1,0,0,0,2;1,0,0,2,0 | -1,0,4,0,2;2,0,4,2,0;-2,4,0,0,2;1,4,0,2,0 || CORE -1,0,4,0,2;2,0,4,2,0;-2,4,0,0,2;1,4,0,2,0 | live
REL 6,-2 7,1 10,-1 | 1,0,4,0,4;-1,0,4,2,2;2,1,3,4,0;-2,3,1,0,4;1,4,0,2,2;-1,4,0,4,0 ||  || CORE 1,0,4,0,4;-1,0,4,2,2;2,1,3,4,0;-2,3,1,0,4;1,4,0,2,2;-1,4,0,4,0 | live
REL 6,-1 8,-1 10,-2 | 2,0,4,0,4;1,0,4,1,3;1,1,3,4,0;-1,3,1,0,4;-1,4,0,3,1;-2,4,0,4,0 ||  || CORE 2,0,4,0,4;1,0,4,1,3;1,1,3,4,0;-1,3,1,0,4;-1,4,0,3,1;-2,4,0,4,0 | live
REL 5,-1 7,-2 10,-1 | 1,0,4,0,4;2,0,4,2,2;1,1,3,0,4;-1,3,1,4,0;-2,4,0,2,2;-1,4,0,4,0 || F 1,0,1,0,0;1,1,0,0,0 | 1,0,3,0,4;2,0,3,2,2;-2,1,2,2,2;2,2,1,2,2;-2,3,0,2,2;-1,3,0,4,0 || CORE 1,0,3,0,4;2,0,3,2,2;-2,1,2,2,2;2,2,1,2,2;-2,3,0,2,2;-1,3,0,4,0 | unit
REL 1,-1 7,-2 11,-1 | 2,0,4,2,2;1,0,4,4,0;1,2,2,0,4;-1,2,2,4,0;-1,4,0,0,4;-2,4,0,2,2 || F 1,0,1,0,0;1,1,0,0,0 | 2,0,3,2,2;1,0,3,4,0;-2,1,2,2,2;-1,1,2,4,0;1,2,1,0,4;2,2,1,2,2;-1,3,0,0,4;-2,3,0,2,2 ## F -1,0,1,0,0;1,1,0,0,0 | -2,0,2,2,2;-1,0,2,4,0;-1,2,0,0,4;-2,2,0,2,2 || CORE -2,0,2,2,2;-1,0,2,4,0;-1,2,0,0,4;-2,2,0,2,2 | unit
REL 1,-2 5,-1 6,1 | 1,1,3,0,4;-1,1,3,4,0;2,2,2,0,4;-2,2,2,4,0;1,3,1,0,4;-1,3,1,4,0 || F 1,0,1,0,0;1,1,0,0,0 | 1,0,1,0,4;-1,0,1,4,0;1,1,0,0,4;-1,1,0,4,0 ## F 1,0,0,0,1;1,0,0,1,0 | 1,0,1,0,3;-1,0,1,1,2;1,0,1,2,1;-1,0,1,3,0;1,1,0,0,3;-1,1,0,1,2;1,1,0,2,1;-1,1,0,3,0 ## F -1,0,0,0,1;1,0,0,1,0 | -1,0,1,0,2;-1,0,1,2,0;-1,1,0,0,2;-1,1,0,2,0 ## F 1,0,0,0,2;1,0,0,2,0 | -1,0,1,0,0;-1,1,0,0,0 ## F 1,0,1,0,0;1,1,0,0,0 | -1,0,0,0,0 || CORE -1,0,0,0,0 | monomial
REL 1,-1 9,2 11,-1 | -2,0,4,3,1;1,0,4,4,0;1,2,2,0,4;-1,2,2,4,0;-1,4,0,0,4;2,4,0,1,3 ||  || CORE -2,0,4,3,1;1,0,4,4,0;1,2,2,0,4;-1,2,2,4,0;-1,4,0,0,4;2,4,0,1,3 | live
REL 3,-2 5,1 6,-1 | -1,1,3,0,4;2,1,3,1,3;1,1,3,4,0;-1,3,1,0,4;-2,3,1,3,1;1,3,1,4,0 ||  || CORE -1,0,2,0,4;2,0,2,1,3;1,0,2,4,0;-1,2,0,0,4;-2,2,0,3,1;1,2,0,4,0 | live
REL 4,-1 7,-1 9,2 | 1,0,4,2,2;-2,0,4,3,1;1,1,3,3,1;-1,3,1,1,3;2,4,0,1,3;-1,4,0,2,2 ||  || CORE 1,0,4,1,1;-2,0,4,2,0;1,1,3,2,0;-1,3,1,0,2;2,4,0,0,2;-1,4,0,1,1 | live
REL 0,-1 2,2 4,-1 | -2,1,3,2,2;1,1,3,3,1;1,2,2,1,3;-1,2,2,3,1;-1,3,1,1,3;2,3,1,2,2 || F -1,0,1,0,0;1,1,0,0,0 | 2,0,1,1,1;-1,0,1,2,0;-1,1,0,0,2;2,1,0,1,1 || CORE 2,0,1,1,1;-1,0,1,2,0;-1,1,0,0,2;2,1,0,1,1 | unit
REL 7,-1 10,-2 11,-1 | 2,0,4,0,4;1,0,4,2,2;1,0,4,4,0;-1,4,0,0,4;-1,4,0,2,2;-2,4,0,4,0 ||  || CORE 2,0,4,0,4;1,0,4,2,2;1,0,4,4,0;-1,4,0,0,4;-1,4,0,2,2;-2,4,0,4,0 | live
REL 0,-2 2,1 4,-1 | -1,1,3,2,2;1,1,3,3,1;2,2,2,1,3;-2,2,2,3,1;-1,3,1,1,3;1,3,1,2,2 || F -1,0,0,0,1;1,0,0,1,0 | 1,0,2,1,0;-2,1,1,0,1;-2,1,1,1,0;1,2,0,0,1 || CORE 1,0,2,1,0;-2,1,1,0,1;-2,1,1,1,0;1,2,0,0,1 | unit
REL 9,-1 10,1 11,2 | -1,0,4,0,4;1,0,4,3,1;-2,0,4,4,0;2,4,0,0,4;-1,4,0,1,3;1,4,0,4,0 ||  || CORE -1,0,4,0,4;1,0,4,3,1;-2,0,4,4,0;2,4,0,0,4;-1,4,0,1,3;1,4,0,4,0 | live
REL 4,-1 7,1 8,2 | -2,0,4,1,3;-1,0,4,2,2;1,1,3,3,1;-1,3,1,1,3;1,4,0,2,2;2,4,0,3,1 ||  || CORE -2,0,4,0,2;-1,0,4,1,1;1,1,3,2,0;-1,3,1,0,2;1,4,0,1,1;2,4,0,2,0 | live
REL 5,-1 10,-2 11,1 | 2,0,4,0,4;-1,0,4,4,0;1,1,3,0,4;-1,3,1,4,0;1,4,0,0,4;-2,4,0,4,0 ||  || CORE 2,0,4,0,4;-1,0,4,4,0;1,1,3,0,4;-1,3,1,4,0;1,4,0,0,4;-2,4,0,4,0 | live
REL 0,-2 5,-1 6,1 | 1,1,3,0,4;-1,1,3,4,0;2,2,2,1,3;-2,2,2,3,1;1,3,1,0,4;-1,3,1,4,0 || F 1,0,0,0,1;1,0,0,1,0 | 1,0,2,0,3;-1,0,2,1,2;1,0,2,2,1;-1,0,2,3,0;2,1,1,1,2;-2,1,1,2,1;1,2,0,0,3;-1,2,0,1,2;1,2,0,2,1;-1,2,0,3,0 ## F -1,0,0,0,1;1,0,0,1,0 | -1,0,2,0,2;-1,0,2,2,0;-2,1,1,1,1;-1,2,0,0,2;-1,2,0,2,0 || CORE -1,0,2,0,2;-1,0,2,2,0;-2,1,1,1,1;-1,2,0,0,2;-1,2,0,2,0 | live
REL 6,-2 8,1 10,1 | -1,0,4,0,4;-1,0,4,1,3;2,1,3,4,0;-2,3,1,0,4;1,4,0,3,1;1,4,0,4,0 ||  || CORE -1,0,4,0,4;-1,0,4,1,3;2,1,3,4,0;-2,3,1,0,4;1,4,0,3,1;1,4,0,4,0 | live
REL 5,-2 8,1 11,-1 | -1,0,4,1,3;1,0,4,4,0;2,1,3,0,4;-2,3,1,4,0;-1,4,0,0,4;1,4,0,3,1 ||  || CORE -1,0,4,1,3;1,0,4,4,0;2,1,3,0,4;-2,3,1,4,0;-1,4,0,0,4;1,4,0,3,1 | live
REL 0,-1 2,-2 3,1 | -1,1,3,1,3;2,1,3,2,2;1,2,2,1,3;-1,2,2,3,1;-2,3,1,2,2;1,3,1,3,1 || F -1,0,1,0,0;1,1,0,0,0 | 1,0,1,0,2;-2,0,1,1,1;-2,1,0,1,1;1,1,0,2,0 || CORE 1,0,1,0,2;-2,0,1,1,1;-2,1,0,1,1;1,1,0,2,0 | unit
REL 1,-1 8,2 11,1 | -2,0,4,1,3;-1,0,4,4,0;1,2,2,0,4;-1,2,2,4,0;1,4,0,0,4;2,4,0,3,1 ||  || CORE -2,0,4,1,3;-1,0,4,4,0;1,2,2,0,4;-1,2,2,4,0;1,4,0,0,4;2,4,0,3,1 | live
REL 2,-1 5,2 6,-1 | -2,1,3,0,4;1,1,3,2,2;1,1,3,4,0;-1,3,1,0,4;-1,3,1,2,2;2,3,1,4,0 || F 1,0,0,0,1;1,0,0,1,0 | -2,0,2,0,3;2,0,2,1,2;-1,0,2,2,1;1,0,2,3,0;-1,2,0,0,3;1,2,0,1,2;-2,2,0,2,1;2,2,0,3,0 ## F -1,0,0,0,1;1,0,0,1,0 | 2,0,2,0,2;1,0,2,2,0;1,2,0,0,2;2,2,0,2,0 || CORE 2,0,2,0,2;1,0,2,2,0;1,2,0,0,2;2,2,0,2,0 | live
REL 4,-1 5,2 6,1 | -2,1,3,0,4;1,1,3,3,1;-1,1,3,4,0;1,3,1,0,4;-1,3,1,1,3;2,3,1,4,0 ||  || CORE -2,0,2,0,4;1,0,2,3,1;-1,0,2,4,0;1,2,0,0,4;-1,2,0,1,3;2,2,0,4,0 | live
REL 1,-2 7,-1 11,1 | 1,0,4,2,2;-1,0,4,4,0;2,2,2,0,4;-2,2,2,4,0;1,4,0,0,4;-1,4,0,2,2 || F 1,0,0,0,1;1,0,0,1,0 | 1,0,4,2,1;-1,0,4,3,0;2,2,2,0,3;-2,2,2,1,2;2,2,2,2,1;-2,2,2,3,0;1,4,0,0,3;-1,4,0,1,2 ## F -1,0,0,0,1;1,0,0,1,0 | -1,0,4,2,0;-2,2,2,0,2;-2,2,2,2,0;-1,4,0,0,2 || CORE -1,0,4,2,0;-2,2,2,0,2;-2,2,2,2,0;-1,4,0,0,2 | unit
REL 0,-2 10,-1 11,1 | 1,0,4,0,4;-1,0,4,4,0;2,2,2,1,3;-2,2,2,3,1;1,4,0,0,4;-1,4,0,4,0 || F 1,0,0,0,1;1,0,0,1,0 | 1,0,4,0,3;-1,0,4,1,2;1,0,4,2,1;-1,0,4,3,0;2,2,2,1,2;-2,2,2,2,1;1,4,0,0,3;-1,4,0,1,2;1,4,0,2,1;-1,4,0,3,0 ## F -1,0,0,0,1;1,0,0,1,0 | -1,0,4,0,2;-1,0,4,2,0;-2,2,2,1,1;-1,4,0,0,2;-1,4,0,2,0 || CORE -1,0,4,0,2;-1,0,4,2,0;-2,2,2,1,1;-1,4,0,0,2;-1,4,0,2,0 | live
REL 6,-2 9,1 11,1 | -1,0,4,3,1;-1,0,4,4,0;2,1,3,4,0;-2,3,1,0,4;1,4,0,0,4;1,4,0,1,3 ||  || CORE -1,0,4,3,1;-1,0,4,4,0;2,1,3,4,0;-2,3,1,0,4;1,4,0,0,4;1,4,0,1,3 | live
REL 1,-1 8,-2 11,-1 | 2,0,4,1,3;1,0,4,4,0;1,2,2,0,4;-1,2,2,4,0;-1,4,0,0,4;-2,4,0,3,1 ||  || CORE 2,0,4,1,3;1,0,4,4,0;1,2,2,0,4;-1,2,2,4,0;-1,4,0,0,4;-2,4,0,3,1 | live
REL 8,-2 10,-1 11,1 | 1,0,4,0,4;2,0,4,1,3;-1,0,4,4,0;1,4,0,0,4;-2,4,0,3,1;-1,4,0,4,0 ||  || CORE 1,0,4,0,4;2,0,4,1,3;-1,0,4,4,0;1,4,0,0,4;-2,4,0,3,1;-1,4,0,4,0 | live
REL 5,-1 8,2 11,1 | -2,0,4,1,3;-1,0,4,4,0;1,1,3,0,4;-1,3,1,4,0;1,4,0,0,4;2,4,0,3,1 ||  || CORE -2,0,4,1,3;-1,0,4,4,0;1,1,3,0,4;-1,3,1,4,0;1,4,0,0,4;2,4,0,3,1 | live
REL 1,-1 5,-2 6,-1 | 2,1,3,0,4;1,1,3,4,0;1,2,2,0,4;-1,2,2,4,0;-1,3,1,0,4;-2,3,1,4,0 || F 1,0,1,0,0;1,1,0,0,0 | 2,0,1,0,4;1,0,1,4,0;-1,1,0,0,4;-2,1,0,4,0 || CORE 2,0,1,0,4;1,0,1,4,0;-1,1,0,0,4;-2,1,0,4,0 | live
REL 5,-1 9,2 11,1 | -2,0,4,3,1;-1,0,4,4,0;1,1,3,0,4;-1,3,1,4,0;1,4,0,0,4;2,4,0,1,3 ||  || CORE -2,0,4,3,1;-1,0,4,4,0;1,1,3,0,4;-1,3,1,4,0;1,4,0,0,4;2,4,0,1,3 | live
REL 3,-2 10,1 11,-1 | -1,0,4,0,4;1,0,4,4,0;2,1,3,1,3;-2,3,1,3,1;-1,4,0,0,4;1,4,0,4,0 ||  || CORE -1,0,4,0,4;1,0,4,4,0;2,1,3,1,3;-2,3,1,3,1;-1,4,0,0,4;1,4,0,4,0 | live
REL 4,-2 7,1 8,1 | -1,0,4,1,3;-1,0,4,2,2;2,1,3,3,1;-2,3,1,1,3;1,4,0,2,2;1,4,0,3,1 ||  || CORE -1,0,4,0,2;-1,0,4,1,1;2,1,3,2,0;-2,3,1,0,2;1,4,0,1,1;1,4,0,2,0 | live
REL 1,-1 3,-2 5,1 | -1,1,3,0,4;2,1,3,1,3;1,2,2,0,4;-1,2,2,4,0;-2,3,1,3,1;1,3,1,4,0 ||  || CORE -1,0,2,0,4;2,0,2,1,3;1,1,1,0,4;-1,1,1,4,0;-2,2,0,3,1;1,2,0,4,0 | live
REL 9,-1 10,-1 11,-2 | 1,0,4,0,4;1,0,4,3,1;2,0,4,4,0;-2,4,0,0,4;-1,4,0,1,3;-1,4,0,4,0 ||  || CORE 1,0,4,0,4;1,0,4,3,1;2,0,4,4,0;-2,4,0,0,4;-1,4,0,1,3;-1,4,0,4,0 | live
REL 1,-2 8,1 11,1 | -1,0,4,1,3;-1,0,4,4,0;2,2,2,0,4;-2,2,2,4,0;1,4,0,0,4;1,4,0,3,1 || F 1,0,0,0,1;1,0,0,1,0 | -1,0,4,1,2;1,0,4,2,1;-1,0,4,3,0;2,2,2,0,3;-2,2,2,1,2;2,2,2,2,1;-2,2,2,3,0;1,4,0,0,3;-1,4,0,1,2;1,4,0,2,1 || CORE -1,0,4,1,2;1,0,4,2,1;-1,0,4,3,0;2,2,2,0,3;-2,2,2,1,2;2,2,2,2,1;-2,2,2,3,0;1,4,0,0,3;-1,4,0,1,2;1,4,0,2,1 | live
REL 8,-1 10,2 11,1 | -2,0,4,0,4;1,0,4,1,3;-1,0,4,4,0;1,4,0,0,4;-1,4,0,3,1;2,4,0,4,0 ||  || CORE -2,0,4,0,4;1,0,4,1,3;-1,0,4,4,0;1,4,0,0,4;-1,4,0,3,1;2,4,0,4,0 | live
REL 6,-1 10,2 11,-1 | -2,0,4,0,4;1,0,4,4,0;1,1,3,4,0;-1,3,1,0,4;-1,4,0,0,4;2,4,0,4,0 ||  || CORE -2,0,4,0,4;1,0,4,4,0;1,1,3,4,0;-1,3,1,0,4;-1,4,0,0,4;2,4,0,4,0 | live
REL 6,-1 7,1 11,2 | -1,0,4,2,2;-2,0,4,4,0;1,1,3,4,0;-1,3,1,0,4;2,4,0,0,4;1,4,0,2,2 ||  || CORE -1,0,4,2,2;-2,0,4,4,0;1,1,3,4,0;-1,3,1,0,4;2,4,0,0,4;1,4,0,2,2 | live
REL 0,-1 7,-1 8,-2 | 2,0,4,1,3;1,0,4,2,2;1,2,2,1,3;-1,2,2,3,1;-1,4,0,2,2;-2,4,0,3,1 ||  || CORE 2,0,4,0,2;1,0,4,1,1;1,2,2,0,2;-1,2,2,2,0;-1,4,0,1,1;-2,4,0,2,0 | live
REL 1,-1 7,1 10,2 | -2,0,4,0,4;-1,0,4,2,2;1,2,2,0,4;-1,2,2,4,0;1,4,0,2,2;2,4,0,4,0 ||  || CORE -2,0,4,0,4;-1,0,4,2,2;1,2,2,0,4;-1,2,2,4,0;1,4,0,2,2;2,4,0,4,0 | live
REL 1,-1 10,2 11,-1 | -2,0,4,0,4;1,0,4,4,0;1,2,2,0,4;-1,2,2,4,0;-1,4,0,0,4;2,4,0,4,0 ||  || CORE -2,0,4,0,4;1,0,4,4,0;1,2,2,0,4;-1,2,2,4,0;-1,4,0,0,4;2,4,0,4,0 | live
REL 6,-1 7,1 10,2 | -2,0,4,0,4;-1,0,4,2,2;1,1,3,4,0;-1,3,1,0,4;1,4,0,2,2;2,4,0,4,0 ||  || CORE -2,0,4,0,4;-1,0,4,2,2;1,1,3,4,0;-1,3,1,0,4;1,4,0,2,2;2,4,0,4,0 | live
REL 1,-1 7,2 10,1 | -1,0,4,0,4;-2,0,4,2,2;1,2,2,0,4;-1,2,2,4,0;2,4,0,2,2;1,4,0,4,0 || F 1,0,1,0,0;1,1,0,0,0 | -1,0,3,0,4;-2,0,3,2,2;1,1,2,0,4;2,1,2,2,2;-2,2,1,2,2;-1,2,1,4,0;2,3,0,2,2;1,3,0,4,0 ## F -1,0,1,0,0;1,1,0,0,0 | 1,0,2,0,4;2,0,2,2,2;2,2,0,2,2;1,2,0,4,0 || CORE 1,0,2,0,4;2,0,2,2,2;2,2,0,2,2;1,2,0,4,0 | unit
REL 0,-1 7,2 9,1 | -2,0,4,2,2;-1,0,4,3,1;1,2,2,1,3;-1,2,2,3,1;1,4,0,1,3;2,4,0,2,2 || F 1,0,2,0,0;1,2,0,0,0 | -2,0,2,1,1;-1,0,2,2,0;1,2,0,0,2;2,2,0,1,1 || CORE -2,0,2,1,1;-1,0,2,2,0;1,2,0,0,2;2,2,0,1,1 | unit
REL 4,-1 5,-2 6,-1 | 2,1,3,0,4;1,1,3,3,1;1,1,3,4,0;-1,3,1,0,4;-1,3,1,1,3;-2,3,1,4,0 ||  || CORE 2,0,2,0,4;1,0,2,3,1;1,0,2,4,0;-1,2,0,0,4;-1,2,0,1,3;-2,2,0,4,0 | live
REL 1,-1 7,1 11,2 | -1,0,4,2,2;-2,0,4,4,0;1,2,2,0,4;-1,2,2,4,0;2,4,0,0,4;1,4,0,2,2 ||  || CORE -1,0,4,2,2;-2,0,4,4,0;1,2,2,0,4;-1,2,2,4,0;2,4,0,0,4;1,4,0,2,2 | live
REL 1,-2 2,-1 5,1 | -1,1,3,0,4;1,1,3,2,2;2,2,2,0,4;-2,2,2,4,0;-1,3,1,2,2;1,3,1,4,0 || F 1,0,0,0,1;1,0,0,1,0 | -1,0,2,0,3;1,0,2,1,2;2,1,1,0,3;-2,1,1,1,2;2,1,1,2,1;-2,1,1,3,0;-1,2,0,2,1;1,2,0,3,0 ## F -1,0,0,0,1;1,0,0,1,0 | 1,0,2,0,2;-2,1,1,0,2;-2,1,1,2,0;1,2,0,2,0 || CORE 1,0,2,0,2;-2,1,1,0,2;-2,1,1,2,0;1,2,0,2,0 | unit
REL 5,-1 8,-2 11,-1 | 2,0,4,1,3;1,0,4,4,0;1,1,3,0,4;-1,3,1,4,0;-1,4,0,0,4;-2,4,0,3,1 ||  || CORE 2,0,4,1,3;1,0,4,4,0;1,1,3,0,4;-1,3,1,4,0;-1,4,0,0,4;-2,4,0,3,1 | live
REL 2,-1 3,-2 4,-1 | 2,1,3,1,3;1,1,3,2,2;1,1,3,3,1;-1,3,1,1,3;-1,3,1,2,2;-2,3,1,3,1 ||  || CORE 2,0,2,0,2;1,0,2,1,1;1,0,2,2,0;-1,2,0,0,2;-1,2,0,1,1;-2,2,0,2,0 | live
REL 1,-2 7,-1 11,-1 | 1,0,4,2,2;1,0,4,4,0;2,2,2,0,4;-2,2,2,4,0;-1,4,0,0,4;-1,4,0,2,2 || F 1,0,0,0,2;1,0,0,2,0 | 1,0,4,2,0;2,2,2,0,2;-2,2,2,2,0;-1,4,0,0,2 || CORE 1,0,4,2,0;2,2,2,0,2;-2,2,2,2,0;-1,4,0,0,2 | unit
REL 9,-1 10,2 11,-1 | -2,0,4,0,4;1,0,4,3,1;1,0,4,4,0;-1,4,0,0,4;-1,4,0,1,3;2,4,0,4,0 || F -1,0,0,0,1;1,0,0,1,0 | 2,0,4,0,3;2,0,4,1,2;2,0,4,2,1;1,0,4,3,0;1,4,0,0,3;2,4,0,1,2;2,4,0,2,1;2,4,0,3,0 || CORE 2,0,4,0,3;2,0,4,1,2;2,0,4,2,1;1,0,4,3,0;1,4,0,0,3;2,4,0,1,2;2,4,0,2,1;2,4,0,3,0 | live
REL 1,-1 9,-1 10,2 | -2,0,4,0,4;1,0,4,3,1;1,2,2,0,4;-1,2,2,4,0;-1,4,0,1,3;2,4,0,4,0 ||  || CORE -2,0,4,0,4;1,0,4,3,1;1,2,2,0,4;-1,2,2,4,0;-1,4,0,1,3;2,4,0,4,0 | live
REL 1,-1 2,-2 5,-1 | 1,1,3,0,4;2,1,3,2,2;1,2,2,0,4;-1,2,2,4,0;-2,3,1,2,2;-1,3,1,4,0 || F 1,0,1,0,0;1,1,0,0,0 | 1,0,1,0,4;2,0,1,2,2;-2,1,0,2,2;-1,1,0,4,0 || CORE 1,0,1,0,4;2,0,1,2,2;-2,1,0,2,2;-1,1,0,4,0 | unit
REL 4,-2 8,-1 9,1 | 1,0,4,1,3;-1,0,4,3,1;2,1,3,3,1;-2,3,1,1,3;1,4,0,1,3;-1,4,0,3,1 || F -1,0,1,0,0;1,1,0,0,0 | -1,0,3,0,2;1,0,3,2,0;-1,1,2,0,2;-1,1,2,2,0;-1,2,1,0,2;-1,2,1,2,0;1,3,0,0,2;-1,3,0,2,0 || CORE -1,0,3,0,2;1,0,3,2,0;-1,1,2,0,2;-1,1,2,2,0;-1,2,1,0,2;-1,2,1,2,0;1,3,0,0,2;-1,3,0,2,0 | live
REL 1,-1 10,-1 11,2 | 1,0,4,0,4;-2,0,4,4,0;1,2,2,0,4;-1,2,2,4,0;2,4,0,0,4;-1,4,0,4,0 ||  || CORE 1,0,4,0,4;-2,0,4,4,0;1,2,2,0,4;-1,2,2,4,0;2,4,0,0,4;-1,4,0,4,0 | live
REL 0,-2 2,1 4,1 | -1,1,3,2,2;-1,1,3,3,1;2,2,2,1,3;-2,2,2,3,1;1,3,1,1,3;1,3,1,2,2 || F 1,0,0,0,1;1,0,0,1,0 | -1,0,2,1,0;2,1,1,0,1;-2,1,1,1,0;1,2,0,0,1 || CORE -1,0,2,1,0;2,1,1,0,1;-2,1,1,1,0;1,2,0,0,1 | unit
REL 4,-2 7,1 9,-1 | -1,0,4,2,2;1,0,4,3,1;2,1,3,3,1;-2,3,1,1,3;-1,4,0,1,3;1,4,0,2,2 ||  || CORE -1,0,4,1,1;1,0,4,2,0;2,1,3,2,0;-2,3,1,0,2;-1,4,0,0,2;1,4,0,1,1 | live
REL 5,-2 9,1 11,1 | -1,0,4,3,1;-1,0,4,4,0;2,1,3,0,4;-2,3,1,4,0;1,4,0,0,4;1,4,0,1,3 ||  || CORE -1,0,4,3,1;-1,0,4,4,0;2,1,3,0,4;-2,3,1,4,0;1,4,0,0,4;1,4,0,1,3 | live
REL 1,-1 3,-2 6,1 | 2,1,3,1,3;-1,1,3,4,0;1,2,2,0,4;-1,2,2,4,0;1,3,1,0,4;-2,3,1,3,1 ||  || CORE 2,0,2,1,3;-1,0,2,4,0;1,1,1,0,4;-1,1,1,4,0;1,2,0,0,4;-2,2,0,3,1 | live
REL 3,-1 5,-2 6,1 | 2,1,3,0,4;1,1,3,1,3;-1,1,3,4,0;1,3,1,0,4;-1,3,1,3,1;-2,3,1,4,0 || F 1,0,0,0,1;1,0,0,1,0 | 2,0,2,0,3;-1,0,2,1,2;1,0,2,2,1;-1,0,2,3,0;1,2,0,0,3;-1,2,0,1,2;1,2,0,2,1;-2,2,0,3,0 || CORE 2,0,2,0,3;-1,0,2,1,2;1,0,2,2,1;-1,0,2,3,0;1,2,0,0,3;-1,2,0,1,2;1,2,0,2,1;-2,2,0,3,0 | live
REL 1,-1 7,-2 10,1 | -1,0,4,0,4;2,0,4,2,2;1,2,2,0,4;-1,2,2,4,0;-2,4,0,2,2;1,4,0,4,0 || F 1,0,1,0,0;1,1,0,0,0 | -1,0,3,0,4;2,0,3,2,2;1,1,2,0,4;-2,1,2,2,2;2,2,1,2,2;-1,2,1,4,0;-2,3,0,2,2;1,3,0,4,0 ## F -1,0,1,0,0;1,1,0,0,0 | 1,0,2,0,4;-2,0,2,2,2;-2,2,0,2,2;1,2,0,4,0 || CORE 1,0,2,0,4;-2,0,2,2,2;-2,2,0,2,2;1,2,0,4,0 | unit
REL 0,-1 2,2 3,1 | -1,1,3,1,3;-2,1,3,2,2;1,2,2,1,3;-1,2,2,3,1;2,3,1,2,2;1,3,1,3,1 || F -1,0,1,0,0;1,1,0,0,0 | 1,0,1,0,2;2,0,1,1,1;2,1,0,1,1;1,1,0,2,0 || CORE 1,0,1,0,2;2,0,1,1,1;2,1,0,1,1;1,1,0,2,0 | unit
REL 5,-2 8,-1 10,1 | -1,0,4,0,4;1,0,4,1,3;2,1,3,0,4;-2,3,1,4,0;-1,4,0,3,1;1,4,0,4,0 ||  || CORE -1,0,4,0,4;1,0,4,1,3;2,1,3,0,4;-2,3,1,4,0;-1,4,0,3,1;1,4,0,4,0 | live
REL 4,-1 7,-1 8,-2 | 2,0,4,1,3;1,0,4,2,2;1,1,3,3,1;-1,3,1,1,3;-1,4,0,2,2;-2,4,0,3,1 ||  || CORE 2,0,4,0,2;1,0,4,1,1;1,1,3,2,0;-1,3,1,0,2;-1,4,0,1,1;-2,4,0,2,0 | live
REL 1,-1 7,-1 10,2 | -2,0,4,0,4;1,0,4,2,2;1,2,2,0,4;-1,2,2,4,0;-1,4,0,2,2;2,4,0,4,0 ||  || CORE -2,0,4,0,4;1,0,4,2,2;1,2,2,0,4;-1,2,2,4,0;-1,4,0,2,2;2,4,0,4,0 | live
REL 5,-1 7,-1 11,-2 | 1,0,4,2,2;2,0,4,4,0;1,1,3,0,4;-1,3,1,4,0;-2,4,0,0,4;-1,4,0,2,2 ||  || CORE 1,0,4,2,2;2,0,4,4,0;1,1,3,0,4;-1,3,1,4,0;-2,4,0,0,4;-1,4,0,2,2 | live
REL 3,-1 7,1 8,2 | -2,0,4,1,3;-1,0,4,2,2;1,1,3,1,3;-1,3,1,3,1;1,4,0,2,2;2,4,0,3,1 ||  || CORE -2,0,4,0,2;-1,0,4,1,1;1,1,3,0,2;-1,3,1,2,0;1,4,0,1,1;2,4,0,2,0 | live
REL 9,-1 10,-2 11,1 | 2,0,4,0,4;1,0,4,3,1;-1,0,4,4,0;1,4,0,0,4;-1,4,0,1,3;-2,4,0,4,0 || F 1,0,0,0,1;1,0,0,1,0 | 2,0,4,0,3;-2,0,4,1,2;2,0,4,2,1;-1,0,4,3,0;1,4,0,0,3;-2,4,0,1,2;2,4,0,2,1;-2,4,0,3,0 || CORE 2,0,4,0,3;-2,0,4,1,2;2,0,4,2,1;-1,0,4,3,0;1,4,0,0,3;-2,4,0,1,2;2,4,0,2,1;-2,4,0,3,0 | live
REL 1,-2 10,-1 11,-1 | 1,0,4,0,4;1,0,4,4,0;2,2,2,0,4;-2,2,2,4,0;-1,4,0,0,4;-1,4,0,4,0 ||  || CORE 1,0,4,0,4;1,0,4,4,0;2,2,2,0,4;-2,2,2,4,0;-1,4,0,0,4;-1,4,0,4,0 | live
REL 0,-1 8,-1 9,-2 | 1,0,4,1,3;2,0,4,3,1;1,2,2,1,3;-1,2,2,3,1;-2,4,0,1,3;-1,4,0,3,1 || F 1,0,1,0,0;1,1,0,0,0 | 1,0,3,0,2;2,0,3,2,0;-1,1,2,0,2;-2,1,2,2,0;2,2,1,0,2;1,2,1,2,0;-2,3,0,0,2;-1,3,0,2,0 ## F -1,0,1,0,0;1,1,0,0,0 | -1,0,2,0,2;-2,0,2,2,0;-2,2,0,0,2;-1,2,0,2,0 || CORE -1,0,2,0,2;-2,0,2,2,0;-2,2,0,0,2;-1,2,0,2,0 | live
REL 0,-2 3,1 4,1 | -1,1,3,1,3;-1,1,3,3,1;2,2,2,1,3;-2,2,2,3,1;1,3,1,1,3;1,3,1,3,1 ||  || CORE -1,0,2,0,2;-1,0,2,2,0;2,1,1,0,2;-2,1,1,2,0;1,2,0,0,2;1,2,0,2,0 | live
REL 1,-2 4,-1 6,-1 | 1,1,3,3,1;1,1,3,4,0;2,2,2,0,4;-2,2,2,4,0;-1,3,1,0,4;-1,3,1,1,3 || F 1,0,0,0,1;1,0,0,1,0 | 1,0,2,3,0;2,1,1,0,3;-2,1,1,1,2;2,1,1,2,1;-2,1,1,3,0;-1,2,0,0,3 || CORE 1,0,2,3,0;2,1,1,0,3;-2,1,1,1,2;2,1,1,2,1;-2,1,1,3,0;-1,2,0,0,3 | unit
REL 1,-1 8,2 10,1 | -1,0,4,0,4;-2,0,4,1,3;1,2,2,0,4;-1,2,2,4,0;2,4,0,3,1;1,4,0,4,0 ||  || CORE -1,0,4,0,4;-2,0,4,1,3;1,2,2,0,4;-1,2,2,4,0;2,4,0,3,1;1,4,0,4,0 | live
REL 1,-2 2,-1 5,-1 | 1,1,3,0,4;1,1,3,2,2;2,2,2,0,4;-2,2,2,4,0;-1,3,1,2,2;-1,3,1,4,0 || F 1,0,0,0,2;1,0,0,2,0 | 1,0,2,0,2;2,1,1,0,2;-2,1,1,2,0;-1,2,0,2,0 || CORE 1,0,2,0,2;2,1,1,0,2;-2,1,1,2,0;-1,2,0,2,0 | unit
REL 1,-2 3,-1 6,-1 | 1,1,3,1,3;1,1,3,4,0;2,2,2,0,4;-2,2,2,4,0;-1,3,1,0,4;-1,3,1,3,1 || F 1,0,0,0,1;1,0,0,1,0 | 1,0,2,1,2;-1,0,2,2,1;1,0,2,3,0;2,1,1,0,3;-2,1,1,1,2;2,1,1,2,1;-2,1,1,3,0;-1,2,0,0,3;1,2,0,1,2;-1,2,0,2,1 || CORE 1,0,2,1,2;-1,0,2,2,1;1,0,2,3,0;2,1,1,0,3;-2,1,1,1,2;2,1,1,2,1;-2,1,1,3,0;-1,2,0,0,3;1,2,0,1,2;-1,2,0,2,1 | live
REL 4,-1 5,-1 6,-2 | 1,1,3,0,4;1,1,3,3,1;2,1,3,4,0;-2,3,1,0,4;-1,3,1,1,3;-1,3,1,4,0 ||  || CORE 1,0,2,0,4;1,0,2,3,1;2,0,2,4,0;-2,2,0,0,4;-1,2,0,1,3;-1,2,0,4,0 | live
REL 1,-1 2,1 5,2 | -2,1,3,0,4;-1,1,3,2,2;1,2,2,0,4;-1,2,2,4,0;1,3,1,2,2;2,3,1,4,0 ||  || CORE -2,0,2,0,4;-1,0,2,2,2;1,1,1,0,4;-1,1,1,4,0;1,2,0,2,2;2,2,0,4,0 | live
REL 1,-1 2,1 6,-2 | -1,1,3,2,2;2,1,3,4,0;1,2,2,0,4;-1,2,2,4,0;-2,3,1,0,4;1,3,1,2,2 ||  || CORE -1,0,2,2,2;2,0,2,4,0;1,1,1,0,4;-1,1,1,4,0;-2,2,0,0,4;1,2,0,2,2 | live
REL 1,-1 4,-2 5,1 | -1,1,3,0,4;2,1,3,3,1;1,2,2,0,4;-1,2,2,4,0;-2,3,1,1,3;1,3,1,4,0 ||  || CORE -1,0,2,0,4;2,0,2,3,1;1,1,1,0,4;-1,1,1,4,0;-2,2,0,1,3;1,2,0,4,0 | live
REL 4,-2 5,-1 6,1 | 1,1,3,0,4;2,1,3,3,1;-1,1,3,4,0;1,3,1,0,4;-2,3,1,1,3;-1,3,1,4,0 ||  || CORE 1,0,2,0,4;2,0,2,3,1;-1,0,2,4,0;1,2,0,0,4;-2,2,0,1,3;-1,2,0,4,0 | live
REL 3,-1 7,2 9,-1 | -2,0,4,2,2;1,0,4,3,1;1,1,3,1,3;-1,3,1,3,1;-1,4,0,1,3;2,4,0,2,2 || F -1,0,1,0,0;1,1,0,0,0 | 2,0,3,1,1;-1,0,3,2,0;-1,1,2,0,2;2,1,2,1,1;-1,1,2,2,0;-1,2,1,0,2;2,2,1,1,1;-1,2,1,2,0;-1,3,0,0,2;2,3,0,1,1 || CORE 2,0,3,1,1;-1,0,3,2,0;-1,1,2,0,2;2,1,2,1,1;-1,1,2,2,0;-1,2,1,0,2;2,2,1,1,1;-1,2,1,2,0;-1,3,0,0,2;2,3,0,1,1 | live
REL 0,-1 2,-2 4,-1 | 2,1,3,2,2;1,1,3,3,1;1,2,2,1,3;-1,2,2,3,1;-1,3,1,1,3;-2,3,1,2,2 || F -1,0,1,0,0;1,1,0,0,0 | -2,0,1,1,1;-1,0,1,2,0;-1,1,0,0,2;-2,1,0,1,1 || CORE -2,0,1,1,1;-1,0,1,2,0;-1,1,0,0,2;-2,1,0,1,1 | unit
REL 0,-1 3,2 4,-1 | -2,1,3,1,3;1,1,3,3,1;1,2,2,1,3;-1,2,2,3,1;-1,3,1,1,3;2,3,1,3,1 ||  || CORE -2,0,2,0,2;1,0,2,2,0;1,1,1,0,2;-1,1,1,2,0;-1,2,0,0,2;2,2,0,2,0 | live
REL 3,-1 8,-2 9,1 | 2,0,4,1,3;-1,0,4,3,1;1,1,3,1,3;-1,3,1,3,1;1,4,0,1,3;-2,4,0,3,1 ||  || CORE 2,0,4,0,2;-1,0,4,2,0;1,1,3,0,2;-1,3,1,2,0;1,4,0,0,2;-2,4,0,2,0 | live
REL 3,-1 7,2 8,1 | -1,0,4,1,3;-2,0,4,2,2;1,1,3,1,3;-1,3,1,3,1;2,4,0,2,2;1,4,0,3,1 || F -1,0,1,0,0;1,1,0,0,0 | 1,0,3,0,2;2,0,3,1,1;2,1,2,1,1;2,2,1,1,1;2,3,0,1,1;1,3,0,2,0 || CORE 1,0,3,0,2;2,0,3,1,1;2,1,2,1,1;2,2,1,1,1;2,3,0,1,1;1,3,0,2,0 | unit
REL 4,-2 5,-1 6,-1 | 1,1,3,0,4;2,1,3,3,1;1,1,3,4,0;-1,3,1,0,4;-2,3,1,1,3;-1,3,1,4,0 || F 1,0,0,0,1;1,0,0,1,0 | 1,0,2,0,3;-1,0,2,1,2;1,0,2,2,1;1,0,2,3,0;-1,2,0,0,3;-1,2,0,1,2;1,2,0,2,1;-1,2,0,3,0 || CORE 1,0,2,0,3;-1,0,2,1,2;1,0,2,2,1;1,0,2,3,0;-1,2,0,0,3;-1,2,0,1,2;1,2,0,2,1;-1,2,0,3,0 | live
REL 4,-1 7,-2 8,-1 | 1,0,4,1,3;2,0,4,2,2;1,1,3,3,1;-1,3,1,1,3;-2,4,0,2,2;-1,4,0,3,1 || F -1,0,1,0,0;1,1,0,0,0 | -1,0,3,0,2;-2,0,3,1,1;-1,1,2,0,2;-2,1,2,1,1;-1,1,2,2,0;-1,2,1,0,2;-2,2,1,1,1;-1,2,1,2,0;-2,3,0,1,1;-1,3,0,2,0 || CORE -1,0,3,0,2;-2,0,3,1,1;-1,1,2,0,2;-2,1,2,1,1;-1,1,2,2,0;-1,2,1,0,2;-2,2,1,1,1;-1,2,1,2,0;-2,3,0,1,1;-1,3,0,2,0 | live
REL 6,-2 7,1 11,-1 | -1,0,4,2,2;1,0,4,4,0;2,1,3,4,0;-2,3,1,0,4;-1,4,0,0,4;1,4,0,2,2 ||  || CORE -1,0,4,2,2;1,0,4,4,0;2,1,3,4,0;-2,3,1,0,4;-1,4,0,0,4;1,4,0,2,2 | live
REL 5,-1 9,1 10,2 | -2,0,4,0,4;-1,0,4,3,1;1,1,3,0,4;-1,3,1,4,0;1,4,0,1,3;2,4,0,4,0 ||  || CORE -2,0,4,0,4;-1,0,4,3,1;1,1,3,0,4;-1,3,1,4,0;1,4,0,1,3;2,4,0,4,0 | live
REL 1,-2 8,1 10,-1 | 1,0,4,0,4;-1,0,4,1,3;2,2,2,0,4;-2,2,2,4,0;1,4,0,3,1;-1,4,0,4,0 || F -1,0,0,0,1;1,0,0,1,0 | -1,0,4,0,3;-2,2,2,0,3;-2,2,2,1,2;-2,2,2,2,1;-2,2,2,3,0;-1,4,0,3,0 || CORE -1,0,4,0,3;-2,2,2,0,3;-2,2,2,1,2;-2,2,2,2,1;-2,2,2,3,0;-1,4,0,3,0 | unit
REL 1,-1 7,-1 11,-2 | 1,0,4,2,2;2,0,4,4,0;1,2,2,0,4;-1,2,2,4,0;-2,4,0,0,4;-1,4,0,2,2 ||  || CORE 1,0,4,2,2;2,0,4,4,0;1,2,2,0,4;-1,2,2,4,0;-2,4,0,0,4;-1,4,0,2,2 | live
REL 1,-2 3,1 5,-1 | 1,1,3,0,4;-1,1,3,1,3;2,2,2,0,4;-2,2,2,4,0;1,3,1,3,1;-1,3,1,4,0 || F -1,0,0,0,1;1,0,0,1,0 | -1,0,2,0,3;-2,1,1,0,3;-2,1,1,1,2;-2,1,1,2,1;-2,1,1,3,0;-1,2,0,3,0 || CORE -1,0,2,0,3;-2,1,1,0,3;-2,1,1,1,2;-2,1,1,2,1;-2,1,1,3,0;-1,2,0,3,0 | unit
REL 0,-1 8,-2 9,1 | 2,0,4,1,3;-1,0,4,3,1;1,2,2,1,3;-1,2,2,3,1;1,4,0,1,3;-2,4,0,3,1 ||  || CORE 2,0,4,0,2;-1,0,4,2,0;1,2,2,0,2;-1,2,2,2,0;1,4,0,0,2;-2,4,0,2,0 | live
REL 0,-1 3,2 4,1 | -2,1,3,1,3;-1,1,3,3,1;1,2,2,1,3;-1,2,2,3,1;1,3,1,1,3;2,3,1,3,1 || F -1,0,1,0,0;1,1,0,0,0 | 2,0,1,0,2;1,0,1,2,0;1,1,0,0,2;2,1,0,2,0 || CORE 2,0,1,0,2;1,0,1,2,0;1,1,0,0,2;2,1,0,2,0 | live
REL 1,-1 4,-2 5,-1 | 1,1,3,0,4;2,1,3,3,1;1,2,2,0,4;-1,2,2,4,0;-2,3,1,1,3;-1,3,1,4,0 ||  || CORE 1,0,2,0,4;2,0,2,3,1;1,1,1,0,4;-1,1,1,4,0;-2,2,0,1,3;-1,2,0,4,0 | live
REL 1,-1 10,-2 11,-1 | 2,0,4,0,4;1,0,4,4,0;1,2,2,0,4;-1,2,2,4,0;-1,4,0,0,4;-2,4,0,4,0 || F 1,0,2,0,0;1,2,0,0,0 | 2,0,2,0,4;1,0,2,4,0;-1,2,0,0,4;-2,2,0,4,0 || CORE 2,0,2,0,4;1,0,2,4,0;-1,2,0,0,4;-2,2,0,4,0 | live
REL 1,-1 3,-1 6,2 | 1,1,3,1,3;-2,1,3,4,0;1,2,2,0,4;-1,2,2,4,0;2,3,1,0,4;-1,3,1,3,1 ||  || CORE 1,0,2,1,3;-2,0,2,4,0;1,1,1,0,4;-1,1,1,4,0;2,2,0,0,4;-1,2,0,3,1 | live
REL 2,-1 5,-2 6,1 | 2,1,3,0,4;1,1,3,2,2;-1,1,3,4,0;1,3,1,0,4;-1,3,1,2,2;-2,3,1,4,0 || F 1,0,0,0,2;1,0,0,2,0 | 2,0,2,0,2;-1,0,2,2,0;1,2,0,0,2;-2,2,0,2,0 || CORE 2,0,2,0,2;-1,0,2,2,0;1,2,0,0,2;-2,2,0,2,0 | live
REL 3,-2 5,-1 6,1 | 1,1,3,0,4;2,1,3,1,3;-1,1,3,4,0;1,3,1,0,4;-2,3,1,3,1;-1,3,1,4,0 ||  || CORE 1,0,2,0,4;2,0,2,1,3;-1,0,2,4,0;1,2,0,0,4;-2,2,0,3,1;-1,2,0,4,0 | live
REL 7,-2 10,1 11,-1 | -1,0,4,0,4;2,0,4,2,2;1,0,4,4,0;-1,4,0,0,4;-2,4,0,2,2;1,4,0,4,0 ||  || CORE -1,0,4,0,4;2,0,4,2,2;1,0,4,4,0;-1,4,0,0,4;-2,4,0,2,2;1,4,0,4,0 | live
REL 3,-1 8,1 9,2 | -1,0,4,1,3;-2,0,4,3,1;1,1,3,1,3;-1,3,1,3,1;2,4,0,1,3;1,4,0,3,1 || F 1,0,1,0,0;1,1,0,0,0 | -1,0,3,0,2;-2,0,3,2,0;2,1,2,0,2;2,1,2,2,0;-2,2,1,0,2;-2,2,1,2,0;2,3,0,0,2;1,3,0,2,0 || CORE -1,0,3,0,2;-2,0,3,2,0;2,1,2,0,2;2,1,2,2,0;-2,2,1,0,2;-2,2,1,2,0;2,3,0,0,2;1,3,0,2,0 | live
REL 1,-1 7,2 11,1 | -2,0,4,2,2;-1,0,4,4,0;1,2,2,0,4;-1,2,2,4,0;1,4,0,0,4;2,4,0,2,2 || F 1,0,2,0,0;1,2,0,0,0 | -2,0,2,2,2;-1,0,2,4,0;1,2,0,0,4;2,2,0,2,2 || CORE -2,0,2,2,2;-1,0,2,4,0;1,2,0,0,4;2,2,0,2,2 | unit
REL 3,-1 5,2 6,1 | -2,1,3,0,4;1,1,3,1,3;-1,1,3,4,0;1,3,1,0,4;-1,3,1,3,1;2,3,1,4,0 ||  || CORE -2,0,2,0,4;1,0,2,1,3;-1,0,2,4,0;1,2,0,0,4;-1,2,0,3,1;2,2,0,4,0 | live
REL 0,-1 8,2 9,1 | -2,0,4,1,3;-1,0,4,3,1;1,2,2,1,3;-1,2,2,3,1;1,4,0,1,3;2,4,0,3,1 || F 1,0,1,0,0;1,1,0,0,0 | -2,0,3,0,2;-1,0,3,2,0;2,1,2,0,2;1,1,2,2,0;-1,2,1,0,2;-2,2,1,2,0;1,3,0,0,2;2,3,0,2,0 ## F -1,0,1,0,0;1,1,0,0,0 | 2,0,2,0,2;1,0,2,2,0;1,2,0,0,2;2,2,0,2,0 || CORE 2,0,2,0,2;1,0,2,2,0;1,2,0,0,2;2,2,0,2,0 | live
REL 4,-1 8,-2 9,1 | 2,0,4,1,3;-1,0,4,3,1;1,1,3,3,1;-1,3,1,1,3;1,4,0,1,3;-2,4,0,3,1 ||  || CORE 2,0,4,0,2;-1,0,4,2,0;1,1,3,2,0;-1,3,1,0,2;1,4,0,0,2;-2,4,0,2,0 | live
REL 0,-2 7,1 8,1 | -1,0,4,1,3;-1,0,4,2,2;2,2,2,1,3;-2,2,2,3,1;1,4,0,2,2;1,4,0,3,1 || F 1,0,0,0,1;1,0,0,1,0 | -1,0,4,0,1;2,2,2,0,1;-2,2,2,1,0;1,4,0,1,0 || CORE -1,0,4,0,1;2,2,2,0,1;-2,2,2,1,0;1,4,0,1,0 | unit
REL 6,-1 9,-2 11,-1 | 2,0,4,3,1;1,0,4,4,0;1,1,3,4,0;-1,3,1,0,4;-1,4,0,0,4;-2,4,0,1,3 ||  || CORE 2,0,4,3,1;1,0,4,4,0;1,1,3,4,0;-1,3,1,0,4;-1,4,0,0,4;-2,4,0,1,3 | live
REL 6,-2 10,-1 11,-1 | 1,0,4,0,4;1,0,4,4,0;2,1,3,4,0;-2,3,1,0,4;-1,4,0,0,4;-1,4,0,4,0 ||  || CORE 1,0,4,0,4;1,0,4,4,0;2,1,3,4,0;-2,3,1,0,4;-1,4,0,0,4;-1,4,0,4,0 | live
REL 0,-1 8,1 9,-2 | -1,0,4,1,3;2,0,4,3,1;1,2,2,1,3;-1,2,2,3,1;-2,4,0,1,3;1,4,0,3,1 ||  || CORE -1,0,4,0,2;2,0,4,2,0;1,2,2,0,2;-1,2,2,2,0;-2,4,0,0,2;1,4,0,2,0 | live
REL 1,-2 3,1 5,1 | -1,1,3,0,4;-1,1,3,1,3;2,2,2,0,4;-2,2,2,4,0;1,3,1,3,1;1,3,1,4,0 || F 1,0,0,0,1;1,0,0,1,0 | -1,0,2,0,3;2,1,1,0,3;-2,1,1,1,2;2,1,1,2,1;-2,1,1,3,0;1,2,0,3,0 || CORE -1,0,2,0,3;2,1,1,0,3;-2,1,1,1,2;2,1,1,2,1;-2,1,1,3,0;1,2,0,3,0 | unit
REL 3,-1 8,-2 9,-1 | 2,0,4,1,3;1,0,4,3,1;1,1,3,1,3;-1,3,1,3,1;-1,4,0,1,3;-2,4,0,3,1 || F 1,0,1,0,0;1,1,0,0,0 | 2,0,3,0,2;1,0,3,2,0;-1,1,2,0,2;-1,1,2,2,0;1,2,1,0,2;1,2,1,2,0;-1,3,0,0,2;-2,3,0,2,0 || CORE 2,0,3,0,2;1,0,3,2,0;-1,1,2,0,2;-1,1,2,2,0;1,2,1,0,2;1,2,1,2,0;-1,3,0,0,2;-2,3,0,2,0 | live
REL 1,-1 5,-1 6,-2 | 1,1,3,0,4;2,1,3,4,0;1,2,2,0,4;-1,2,2,4,0;-2,3,1,0,4;-1,3,1,4,0 || F -1,0,1,0,0;1,1,0,0,0 | -1,0,1,0,4;-2,0,1,4,0;-2,1,0,0,4;-1,1,0,4,0 || CORE -1,0,1,0,4;-2,0,1,4,0;-2,1,0,0,4;-1,1,0,4,0 | live
REL 1,-2 10,-1 11,1 | 1,0,4,0,4;-1,0,4,4,0;2,2,2,0,4;-2,2,2,4,0;1,4,0,0,4;-1,4,0,4,0 || F 1,0,0,0,1;1,0,0,1,0 | 1,0,4,0,3;-1,0,4,1,2;1,0,4,2,1;-1,0,4,3,0;2,2,2,0,3;-2,2,2,1,2;2,2,2,2,1;-2,2,2,3,0;1,4,0,0,3;-1,4,0,1,2;1,4,0,2,1;-1,4,0,3,0 ## F -1,0,0,0,1;1,0,0,1,0 | -1,0,4,0,2;-1,0,4,2,0;-2,2,2,0,2;-2,2,2,2,0;-1,4,0,0,2;-1,4,0,2,0 ## F 1,0,2,0,0;1,2,0,0,0 | -1,0,2,0,2;-1,0,2,2,0;-1,2,0,0,2;-1,2,0,2,0 ## F 1,0,0,0,2;1,0,0,2,0 | -1,0,2,0,0;-1,2,0,0,0 ## F 1,0,2,0,0;1,2,0,0,0 | -1,0,0,0,0 || CORE -1,0,0,0,0 | monomial
REL 6,-1 7,2 10,1 | -1,0,4,0,4;-2,0,4,2,2;1,1,3,4,0;-1,3,1,0,4;2,4,0,2,2;1,4,0,4,0 || F 1,0,1,0,0;1,1,0,0,0 | -1,0,3,0,4;-2,0,3,2,2;1,1,2,0,4;2,1,2,2,2;1,1,2,4,0;-1,2,1,0,4;-2,2,1,2,2;-1,2,1,4,0;2,3,0,2,2;1,3,0,4,0 || CORE -1,0,3,0,4;-2,0,3,2,2;1,1,2,0,4;2,1,2,2,2;1,1,2,4,0;-1,2,1,0,4;-2,2,1,2,2;-1,2,1,4,0;2,3,0,2,2;1,3,0,4,0 | live
REL 5,-1 7,1 11,2 | -1,0,4,2,2;-2,0,4,4,0;1,1,3,0,4;-1,3,1,4,0;2,4,0,0,4;1,4,0,2,2 ||  || CORE -1,0,4,2,2;-2,0,4,4,0;1,1,3,0,4;-1,3,1,4,0;2,4,0,0,4;1,4,0,2,2 | live
REL 0,-2 3,1 4,-1 | -1,1,3,1,3;1,1,3,3,1;2,2,2,1,3;-2,2,2,3,1;-1,3,1,1,3;1,3,1,3,1 || F 1,0,0,0,1;1,0,0,1,0 | -1,0,2,0,1;1,0,2,1,0;2,1,1,0,1;-2,1,1,1,0;-1,2,0,0,1;1,2,0,1,0 ## F -1,0,1,0,0;1,1,0,0,0 | 1,0,1,0,1;-1,0,1,1,0;-1,1,0,0,1;1,1,0,1,0 ## F -1,0,0,0,1;1,0,0,1,0 | -1,0,1,0,0;1,1,0,0,0 ## F -1,0,1,0,0;1,1,0,0,0 | 1,0,0,0,0 || CORE 1,0,0,0,0 | monomial
REL 3,-1 5,-2 6,-1 | 2,1,3,0,4;1,1,3,1,3;1,1,3,4,0;-1,3,1,0,4;-1,3,1,3,1;-2,3,1,4,0 ||  || CORE 2,0,2,0,4;1,0,2,1,3;1,0,2,4,0;-1,2,0,0,4;-1,2,0,3,1;-2,2,0,4,0 | live
REL 2,-1 3,-1 4,-2 | 1,1,3,1,3;1,1,3,2,2;2,1,3,3,1;-2,3,1,1,3;-1,3,1,2,2;-1,3,1,3,1 ||  || CORE 1,0,2,0,2;1,0,2,1,1;2,0,2,2,0;-2,2,0,0,2;-1,2,0,1,1;-1,2,0,2,0 | live
REL 0,-1 3,-2 4,1 | 2,1,3,1,3;-1,1,3,3,1;1,2,2,1,3;-1,2,2,3,1;1,3,1,1,3;-2,3,1,3,1 ||  || CORE 2,0,2,0,2;-1,0,2,2,0;1,1,1,0,2;-1,1,1,2,0;1,2,0,0,2;-2,2,0,2,0 | live
REL 0,-1 2,-1 3,-2 | 2,1,3,1,3;1,1,3,2,2;1,2,2,1,3;-1,2,2,3,1;-1,3,1,2,2;-2,3,1,3,1 ||  || CORE 2,0,2,0,2;1,0,2,1,1;1,1,1,0,2;-1,1,1,2,0;-1,2,0,1,1;-2,2,0,2,0 | live
REL 6,-2 8,-1 10,1 | -1,0,4,0,4;1,0,4,1,3;2,1,3,4,0;-2,3,1,0,4;-1,4,0,3,1;1,4,0,4,0 ||  || CORE -1,0,4,0,4;1,0,4,1,3;2,1,3,4,0;-2,3,1,0,4;-1,4,0,3,1;1,4,0,4,0 | live
REL 1,-1 5,2 6,-1 | -2,1,3,0,4;1,1,3,4,0;1,2,2,0,4;-1,2,2,4,0;-1,3,1,0,4;2,3,1,4,0 ||  || CORE -2,0,2,0,4;1,0,2,4,0;1,1,1,0,4;-1,1,1,4,0;-1,2,0,0,4;2,2,0,4,0 | live
REL 2,-1 3,-2 4,1 | 2,1,3,1,3;1,1,3,2,2;-1,1,3,3,1;1,3,1,1,3;-1,3,1,2,2;-2,3,1,3,1 || F 1,0,0,0,1;1,0,0,1,0 | 2,0,2,0,1;-1,0,2,1,0;1,2,0,0,1;-2,2,0,1,0 || CORE 2,0,2,0,1;-1,0,2,1,0;1,2,0,0,1;-2,2,0,1,0 | live
REL 3,-1 5,-1 6,-2 | 1,1,3,0,4;1,1,3,1,3;2,1,3,4,0;-2,3,1,0,4;-1,3,1,3,1;-1,3,1,4,0 ||  || CORE 1,0,2,0,4;1,0,2,1,3;2,0,2,4,0;-2,2,0,0,4;-1,2,0,3,1;-1,2,0,4,0 | live
REL 3,-1 7,1 8,-2 | 2,0,4,1,3;-1,0,4,2,2;1,1,3,1,3;-1,3,1,3,1;1,4,0,2,2;-2,4,0,3,1 ||  || CORE 2,0,4,0,2;-1,0,4,1,1;1,1,3,0,2;-1,3,1,2,0;1,4,0,1,1;-2,4,0,2,0 | live
REL 6,-2 9,-1 11,1 | 1,0,4,3,1;-1,0,4,4,0;2,1,3,4,0;-2,3,1,0,4;1,4,0,0,4;-1,4,0,1,3 ||  || CORE 1,0,4,3,1;-1,0,4,4,0;2,1,3,4,0;-2,3,1,0,4;1,4,0,0,4;-1,4,0,1,3 | live
REL 5,-1 7,-2 11,-1 | 2,0,4,2,2;1,0,4,4,0;1,1,3,0,4;-1,3,1,4,0;-1,4,0,0,4;-2,4,0,2,2 || F -1,0,1,0,0;1,1,0,0,0 | -2,0,3,2,2;-1,0,3,4,0;-1,1,2,0,4;-2,1,2,2,2;-1,1,2,4,0;-1,2,1,0,4;-2,2,1,2,2;-1,2,1,4,0;-1,3,0,0,4;-2,3,0,2,2 || CORE -2,0,3,2,2;-1,0,3,4,0;-1,1,2,0,4;-2,1,2,2,2;-1,1,2,4,0;-1,2,1,0,4;-2,2,1,2,2;-1,2,1,4,0;-1,3,0,0,4;-2,3,0,2,2 | live
REL 0,-1 7,-2 9,1 | 2,0,4,2,2;-1,0,4,3,1;1,2,2,1,3;-1,2,2,3,1;1,4,0,1,3;-2,4,0,2,2 || F 1,0,2,0,0;1,2,0,0,0 | 2,0,2,1,1;-1,0,2,2,0;1,2,0,0,2;-2,2,0,1,1 || CORE 2,0,2,1,1;-1,0,2,2,0;1,2,0,0,2;-2,2,0,1,1 | unit
REL 6,-1 8,-1 11,2 | 1,0,4,1,3;-2,0,4,4,0;1,1,3,4,0;-1,3,1,0,4;2,4,0,0,4;-1,4,0,3,1 ||  || CORE 1,0,4,1,3;-2,0,4,4,0;1,1,3,4,0;-1,3,1,0,4;2,4,0,0,4;-1,4,0,3,1 | live
REL 1,-2 5,-1 6,-1 | 1,1,3,0,4;1,1,3,4,0;2,2,2,0,4;-2,2,2,4,0;-1,3,1,0,4;-1,3,1,4,0 ||  || CORE 1,0,2,0,4;1,0,2,4,0;2,1,1,0,4;-2,1,1,4,0;-1,2,0,0,4;-1,2,0,4,0 | live
REL 5,-1 7,-1 10,2 | -2,0,4,0,4;1,0,4,2,2;1,1,3,0,4;-1,3,1,4,0;-1,4,0,2,2;2,4,0,4,0 ||  || CORE -2,0,4,0,4;1,0,4,2,2;1,1,3,0,4;-1,3,1,4,0;-1,4,0,2,2;2,4,0,4,0 | live
REL 4,-2 10,1 11,-1 | -1,0,4,0,4;1,0,4,4,0;2,1,3,3,1;-2,3,1,1,3;-1,4,0,0,4;1,4,0,4,0 ||  || CORE -1,0,4,0,4;1,0,4,4,0;2,1,3,3,1;-2,3,1,1,3;-1,4,0,0,4;1,4,0,4,0 | live
REL 5,-1 10,-2 11,-1 | 2,0,4,0,4;1,0,4,4,0;1,1,3,0,4;-1,3,1,4,0;-1,4,0,0,4;-2,4,0,4,0 || F 1,0,1,0,0;1,1,0,0,0 | 2,0,3,0,4;1,0,3,4,0;-1,1,2,0,4;-1,1,2,4,0;1,2,1,0,4;1,2,1,4,0;-1,3,0,0,4;-2,3,0,4,0 || CORE 2,0,3,0,4;1,0,3,4,0;-1,1,2,0,4;-1,1,2,4,0;1,2,1,0,4;1,2,1,4,0;-1,3,0,0,4;-2,3,0,4,0 | live
REL 1,-1 4,-2 6,-1 | 2,1,3,3,1;1,1,3,4,0;1,2,2,0,4;-1,2,2,4,0;-1,3,1,0,4;-2,3,1,1,3 ||  || CORE 2,0,2,3,1;1,0,2,4,0;1,1,1,0,4;-1,1,1,4,0;-1,2,0,0,4;-2,2,0,1,3 | live
REL 6,-1 8,2 11,-1 | -2,0,4,1,3;1,0,4,4,0;1,1,3,4,0;-1,3,1,0,4;-1,4,0,0,4;2,4,0,3,1 ||  || CORE -2,0,4,1,3;1,0,4,4,0;1,1,3,4,0;-1,3,1,0,4;-1,4,0,0,4;2,4,0,3,1 | live
REL 6,-1 7,2 11,1 | -2,0,4,2,2;-1,0,4,4,0;1,1,3,4,0;-1,3,1,0,4;1,4,0,0,4;2,4,0,2,2 || F -1,0,1,0,0;1,1,0,0,0 | 2,0,3,2,2;1,0,3,4,0;2,1,2,2,2;2,2,1,2,2;1,3,0,0,4;2,3,0,2,2 || CORE 2,0,3,2,2;1,0,3,4,0;2,1,2,2,2;2,2,1,2,2;1,3,0,0,4;2,3,0,2,2 | unit
REL 2,-1 3,1 4,2 | -1,1,3,1,3;1,1,3,2,2;-2,1,3,3,1;2,3,1,1,3;-1,3,1,2,2;1,3,1,3,1 ||  || CORE -1,0,2,0,2;1,0,2,1,1;-2,0,2,2,0;2,2,0,0,2;-1,2,0,1,1;1,2,0,2,0 | live
REL 1,-2 9,-1 10,-1 | 1,0,4,0,4;1,0,4,3,1;2,2,2,0,4;-2,2,2,4,0;-1,4,0,1,3;-1,4,0,4,0 || F 1,0,0,0,1;1,0,0,1,0 | 1,0,4,0,3;-1,0,4,1,2;1,0,4,2,1;2,2,2,0,3;-2,2,2,1,2;2,2,2,2,1;-2,2,2,3,0;-1,4,0,1,2;1,4,0,2,1;-1,4,0,3,0 || CORE 1,0,4,0,3;-1,0,4,1,2;1,0,4,2,1;2,2,2,0,3;-2,2,2,1,2;2,2,2,2,1;-2,2,2,3,0;-1,4,0,1,2;1,4,0,2,1;-1,4,0,3,0 | live
REL 6,-1 9,-1 11,-2 | 1,0,4,3,1;2,0,4,4,0;1,1,3,4,0;-1,3,1,0,4;-2,4,0,0,4;-1,4,0,1,3 ||  || CORE 1,0,4,3,1;2,0,4,4,0;1,1,3,4,0;-1,3,1,0,4;-2,4,0,0,4;-1,4,0,1,3 | live
REL 4,-1 7,2 8,-1 | 1,0,4,1,3;-2,0,4,2,2;1,1,3,3,1;-1,3,1,1,3;2,4,0,2,2;-1,4,0,3,1 || F -1,0,1,0,0;1,1,0,0,0 | -1,0,3,0,2;2,0,3,1,1;-1,1,2,0,2;2,1,2,1,1;-1,1,2,2,0;-1,2,1,0,2;2,2,1,1,1;-1,2,1,2,0;2,3,0,1,1;-1,3,0,2,0 || CORE -1,0,3,0,2;2,0,3,1,1;-1,1,2,0,2;2,1,2,1,1;-1,1,2,2,0;-1,2,1,0,2;2,2,1,1,1;-1,2,1,2,0;2,3,0,1,1;-1,3,0,2,0 | live
REL 1,-1 3,-1 5,2 | -2,1,3,0,4;1,1,3,1,3;1,2,2,0,4;-1,2,2,4,0;-1,3,1,3,1;2,3,1,4,0 ||  || CORE -2,0,2,0,4;1,0,2,1,3;1,1,1,0,4;-1,1,1,4,0;-1,2,0,3,1;2,2,0,4,0 | live
REL 7,-2 8,-1 9,1 | 1,0,4,1,3;2,0,4,2,2;-1,0,4,3,1;1,4,0,1,3;-2,4,0,2,2;-1,4,0,3,1 ||  || CORE 1,0,4,0,2;2,0,4,1,1;-1,0,4,2,0;1,4,0,0,2;-2,4,0,1,1;-1,4,0,2,0 | live
REL 5,-1 8,2 10,1 | -1,0,4,0,4;-2,0,4,1,3;1,1,3,0,4;-1,3,1,4,0;2,4,0,3,1;1,4,0,4,0 ||  || CORE -1,0,4,0,4;-2,0,4,1,3;1,1,3,0,4;-1,3,1,4,0;2,4,0,3,1;1,4,0,4,0 | live
REL 3,-1 7,1 9,2 | -1,0,4,2,2;-2,0,4,3,1;1,1,3,1,3;-1,3,1,3,1;2,4,0,1,3;1,4,0,2,2 ||  || CORE -1,0,4,1,1;-2,0,4,2,0;1,1,3,0,2;-1,3,1,2,0;2,4,0,0,2;1,4,0,1,1 | live
REL 3,-1 5,2 6,-1 | -2,1,3,0,4;1,1,3,1,3;1,1,3,4,0;-1,3,1,0,4;-1,3,1,3,1;2,3,1,4,0 || F -1,0,0,0,1;1,0,0,1,0 | 2,0,2,0,3;1,0,2,1,2;1,0,2,2,1;1,0,2,3,0;1,2,0,0,3;1,2,0,1,2;1,2,0,2,1;2,2,0,3,0 || CORE 2,0,2,0,3;1,0,2,1,2;1,0,2,2,1;1,0,2,3,0;1,2,0,0,3;1,2,0,1,2;1,2,0,2,1;2,2,0,3,0 | live
REL 4,-2 8,-1 9,-1 | 1,0,4,1,3;1,0,4,3,1;2,1,3,3,1;-2,3,1,1,3;-1,4,0,1,3;-1,4,0,3,1 ||  || CORE 1,0,4,0,2;1,0,4,2,0;2,1,3,2,0;-2,3,1,0,2;-1,4,0,0,2;-1,4,0,2,0 | live
REL 4,-1 7,-1 8,2 | -2,0,4,1,3;1,0,4,2,2;1,1,3,3,1;-1,3,1,1,3;-1,4,0,2,2;2,4,0,3,1 ||  || CORE -2,0,4,0,2;1,0,4,1,1;1,1,3,2,0;-1,3,1,0,2;-1,4,0,1,1;2,4,0,2,0 | live
REL 7,-2 8,1 9,-1 | -1,0,4,1,3;2,0,4,2,2;1,0,4,3,1;-1,4,0,1,3;-2,4,0,2,2;1,4,0,3,1 ||  || CORE -1,0,4,0,2;2,0,4,1,1;1,0,4,2,0;-1,4,0,0,2;-2,4,0,1,1;1,4,0,2,0 | live
REL 1,-1 9,-1 11,-2 | 1,0,4,3,1;2,0,4,4,0;1,2,2,0,4;-1,2,2,4,0;-2,4,0,0,4;-1,4,0,1,3 ||  || CORE 1,0,4,3,1;2,0,4,4,0;1,2,2,0,4;-1,2,2,4,0;-2,4,0,0,4;-1,4,0,1,3 | live
REL 1,-1 7,-2 10,-1 | 1,0,4,0,4;2,0,4,2,2;1,2,2,0,4;-1,2,2,4,0;-2,4,0,2,2;-1,4,0,4,0 || F 1,0,2,0,0;1,2,0,0,0 | 1,0,2,0,4;2,0,2,2,2;-2,2,0,2,2;-1,2,0,4,0 || CORE 1,0,2,0,4;2,0,2,2,2;-2,2,0,2,2;-1,2,0,4,0 | unit
REL 5,-2 9,-1 10,-1 | 1,0,4,0,4;1,0,4,3,1;2,1,3,0,4;-2,3,1,4,0;-1,4,0,1,3;-1,4,0,4,0 ||  || CORE 1,0,4,0,4;1,0,4,3,1;2,1,3,0,4;-2,3,1,4,0;-1,4,0,1,3;-1,4,0,4,0 | live
REL 6,-1 10,-1 11,-2 | 1,0,4,0,4;2,0,4,4,0;1,1,3,4,0;-1,3,1,0,4;-2,4,0,0,4;-1,4,0,4,0 || F 1,0,1,0,0;1,1,0,0,0 | 1,0,3,0,4;2,0,3,4,0;-1,1,2,0,4;-1,1,2,4,0;1,2,1,0,4;1,2,1,4,0;-2,3,0,0,4;-1,3,0,4,0 || CORE 1,0,3,0,4;2,0,3,4,0;-1,1,2,0,4;-1,1,2,4,0;1,2,1,0,4;1,2,1,4,0;-2,3,0,0,4;-1,3,0,4,0 | live
REL 0,-2 8,-1 9,-1 | 1,0,4,1,3;1,0,4,3,1;2,2,2,1,3;-2,2,2,3,1;-1,4,0,1,3;-1,4,0,3,1 ||  || CORE 1,0,4,0,2;1,0,4,2,0;2,2,2,0,2;-2,2,2,2,0;-1,4,0,0,2;-1,4,0,2,0 | live
REL 1,-1 8,-1 11,2 | 1,0,4,1,3;-2,0,4,4,0;1,2,2,0,4;-1,2,2,4,0;2,4,0,0,4;-1,4,0,3,1 ||  || CORE 1,0,4,1,3;-2,0,4,4,0;1,2,2,0,4;-1,2,2,4,0;2,4,0,0,4;-1,4,0,3,1 | live
REL 4,-1 5,-1 6,2 | 1,1,3,0,4;1,1,3,3,1;-2,1,3,4,0;2,3,1,0,4;-1,3,1,1,3;-1,3,1,4,0 || F -1,0,0,0,1;1,0,0,1,0 | -1,0,2,0,3;-1,0,2,1,2;-1,0,2,2,1;-2,0,2,3,0;-2,2,0,0,3;-1,2,0,1,2;-1,2,0,2,1;-1,2,0,3,0 || CORE -1,0,2,0,3;-1,0,2,1,2;-1,0,2,2,1;-2,0,2,3,0;-2,2,0,0,3;-1,2,0,1,2;-1,2,0,2,1;-1,2,0,3,0 | live
REL 4,-2 10,-1 11,1 | 1,0,4,0,4;-1,0,4,4,0;2,1,3,3,1;-2,3,1,1,3;1,4,0,0,4;-1,4,0,4,0 ||  || CORE 1,0,4,0,4;-1,0,4,4,0;2,1,3,3,1;-2,3,1,1,3;1,4,0,0,4;-1,4,0,4,0 | live
REL 4,-2 7,1 9,1 | -1,0,4,2,2;-1,0,4,3,1;2,1,3,3,1;-2,3,1,1,3;1,4,0,1,3;1,4,0,2,2 ||  || CORE -1,0,4,1,1;-1,0,4,2,0;2,1,3,2,0;-2,3,1,0,2;1,4,0,0,2;1,4,0,1,1 | live
REL 6,-1 8,1 10,2 | -2,0,4,0,4;-1,0,4,1,3;1,1,3,4,0;-1,3,1,0,4;1,4,0,3,1;2,4,0,4,0 ||  || CORE -2,0,4,0,4;-1,0,4,1,3;1,1,3,4,0;-1,3,1,0,4;1,4,0,3,1;2,4,0,4,0 | live
REL 4,-1 7,2 9,1 | -2,0,4,2,2;-1,0,4,3,1;1,1,3,3,1;-1,3,1,1,3;1,4,0,1,3;2,4,0,2,2 || F -1,0,1,0,0;1,1,0,0,0 | 2,0,3,1,1;1,0,3,2,0;2,1,2,1,1;2,2,1,1,1;1,3,0,0,2;2,3,0,1,1 || CORE 2,0,3,1,1;1,0,3,2,0;2,1,2,1,1;2,2,1,1,1;1,3,0,0,2;2,3,0,1,1 | unit
REL 1,-2 9,1 11,1 | -1,0,4,3,1;-1,0,4,4,0;2,2,2,0,4;-2,2,2,4,0;1,4,0,0,4;1,4,0,1,3 || F 1,0,0,0,1;1,0,0,1,0 | -1,0,4,3,0;2,2,2,0,3;-2,2,2,1,2;2,2,2,2,1;-2,2,2,3,0;1,4,0,0,3 || CORE -1,0,4,3,0;2,2,2,0,3;-2,2,2,1,2;2,2,2,2,1;-2,2,2,3,0;1,4,0,0,3 | unit
REL 1,-1 8,2 11,-1 | -2,0,4,1,3;1,0,4,4,0;1,2,2,0,4;-1,2,2,4,0;-1,4,0,0,4;2,4,0,3,1 ||  || CORE -2,0,4,1,3;1,0,4,4,0;1,2,2,0,4;-1,2,2,4,0;-1,4,0,0,4;2,4,0,3,1 | live
REL 6,-2 10,1 11,1 | -1,0,4,0,4;-1,0,4,4,0;2,1,3,4,0;-2,3,1,0,4;1,4,0,0,4;1,4,0,4,0 ||  || CORE -1,0,4,0,4;-1,0,4,4,0;2,1,3,4,0;-2,3,1,0,4;1,4,0,0,4;1,4,0,4,0 | live
REL 5,-1 9,-2 10,1 | -1,0,4,0,4;2,0,4,3,1;1,1,3,0,4;-1,3,1,4,0;-2,4,0,1,3;1,4,0,4,0 ||  || CORE -1,0,4,0,4;2,0,4,3,1;1,1,3,0,4;-1,3,1,4,0;-2,4,0,1,3;1,4,0,4,0 | live
REL 0,-1 7,-2 8,-1 | 1,0,4,1,3;2,0,4,2,2;1,2,2,1,3;-1,2,2,3,1;-2,4,0,2,2;-1,4,0,3,1 || F 1,0,2,0,0;1,2,0,0,0 | 1,0,2,0,2;2,0,2,1,1;-2,2,0,1,1;-1,2,0,2,0 || CORE 1,0,2,0,2;2,0,2,1,1;-2,2,0,1,1;-1,2,0,2,0 | unit
REL 0,-1 3,-1 4,2 | 1,1,3,1,3;-2,1,3,3,1;1,2,2,1,3;-1,2,2,3,1;2,3,1,1,3;-1,3,1,3,1 ||  || CORE 1,0,2,0,2;-2,0,2,2,0;1,1,1,0,2;-1,1,1,2,0;2,2,0,0,2;-1,2,0,2,0 | live
REL 0,-2 5,1 6,-1 | -1,1,3,0,4;1,1,3,4,0;2,2,2,1,3;-2,2,2,3,1;-1,3,1,0,4;1,3,1,4,0 || F 1,0,0,0,1;1,0,0,1,0 | -1,0,2,0,3;1,0,2,1,2;-1,0,2,2,1;1,0,2,3,0;2,1,1,1,2;-2,1,1,2,1;-1,2,0,0,3;1,2,0,1,2;-1,2,0,2,1;1,2,0,3,0 ## F -1,0,0,0,1;1,0,0,1,0 | 1,0,2,0,2;1,0,2,2,0;-2,1,1,1,1;1,2,0,0,2;1,2,0,2,0 || CORE 1,0,2,0,2;1,0,2,2,0;-2,1,1,1,1;1,2,0,0,2;1,2,0,2,0 | live
REL 6,-1 9,-2 11,1 | 2,0,4,3,1;-1,0,4,4,0;1,1,3,4,0;-1,3,1,0,4;1,4,0,0,4;-2,4,0,1,3 ||  || CORE 2,0,4,3,1;-1,0,4,4,0;1,1,3,4,0;-1,3,1,0,4;1,4,0,0,4;-2,4,0,1,3 | live
REL 1,-2 2,1 5,1 | -1,1,3,0,4;-1,1,3,2,2;2,2,2,0,4;-2,2,2,4,0;1,3,1,2,2;1,3,1,4,0 || F 1,0,0,0,2;1,0,0,2,0 | -1,0,2,0,2;2,1,1,0,2;-2,1,1,2,0;1,2,0,2,0 || CORE -1,0,2,0,2;2,1,1,0,2;-2,1,1,2,0;1,2,0,2,0 | unit
REL 5,-2 7,1 11,1 | -1,0,4,2,2;-1,0,4,4,0;2,1,3,0,4;-2,3,1,4,0;1,4,0,0,4;1,4,0,2,2 ||  || CORE -1,0,4,2,2;-1,0,4,4,0;2,1,3,0,4;-2,3,1,4,0;1,4,0,0,4;1,4,0,2,2 | live
REL 5,-1 9,1 11,2 | -1,0,4,3,1;-2,0,4,4,0;1,1,3,0,4;-1,3,1,4,0;2,4,0,0,4;1,4,0,1,3 ||  || CORE -1,0,4,3,1;-2,0,4,4,0;1,1,3,0,4;-1,3,1,4,0;2,4,0,0,4;1,4,0,1,3 | live
REL 1,-1 3,-2 5,-1 | 1,1,3,0,4;2,1,3,1,3;1,2,2,0,4;-1,2,2,4,0;-2,3,1,3,1;-1,3,1,4,0 ||  || CORE 1,0,2,0,4;2,0,2,1,3;1,1,1,0,4;-1,1,1,4,0;-2,2,0,3,1;-1,2,0,4,0 | live
REL 1,-1 9,-1 10,-2 | 2,0,4,0,4;1,0,4,3,1;1,2,2,0,4;-1,2,2,4,0;-1,4,0,1,3;-2,4,0,4,0 ||  || CORE 2,0,4,0,4;1,0,4,3,1;1,2,2,0,4;-1,2,2,4,0;-1,4,0,1,3;-2,4,0,4,0 | live
REL 5,-1 7,-2 11,1 | 2,0,4,2,2;-1,0,4,4,0;1,1,3,0,4;-1,3,1,4,0;1,4,0,0,4;-2,4,0,2,2 || F 1,0,1,0,0;1,1,0,0,0 | 2,0,3,2,2;-1,0,3,4,0;1,1,2,0,4;-2,1,2,2,2;1,1,2,4,0;-1,2,1,0,4;2,2,1,2,2;-1,2,1,4,0;1,3,0,0,4;-2,3,0,2,2 || CORE 2,0,3,2,2;-1,0,3,4,0;1,1,2,0,4;-2,1,2,2,2;1,1,2,4,0;-1,2,1,0,4;2,2,1,2,2;-1,2,1,4,0;1,3,0,0,4;-2,3,0,2,2 | live
REL 4,-1 5,1 6,-2 | -1,1,3,0,4;1,1,3,3,1;2,1,3,4,0;-2,3,1,0,4;-1,3,1,1,3;1,3,1,4,0 || F 1,0,0,0,1;1,0,0,1,0 | -1,0,2,0,3;1,0,2,1,2;-1,0,2,2,1;2,0,2,3,0;-2,2,0,0,3;1,2,0,1,2;-1,2,0,2,1;1,2,0,3,0 || CORE -1,0,2,0,3;1,0,2,1,2;-1,0,2,2,1;2,0,2,3,0;-2,2,0,0,3;1,2,0,1,2;-1,2,0,2,1;1,2,0,3,0 | live
REL 1,-1 7,-1 10,-2 | 2,0,4,0,4;1,0,4,2,2;1,2,2,0,4;-1,2,2,4,0;-1,4,0,2,2;-2,4,0,4,0 ||  || CORE 2,0,4,0,4;1,0,4,2,2;1,2,2,0,4;-1,2,2,4,0;-1,4,0,2,2;-2,4,0,4,0 | live
REL 2,-1 5,2 6,1 | -2,1,3,0,4;1,1,3,2,2;-1,1,3,4,0;1,3,1,0,4;-1,3,1,2,2;2,3,1,4,0 ||  || CORE -2,0,2,0,4;1,0,2,2,2;-1,0,2,4,0;1,2,0,0,4;-1,2,0,2,2;2,2,0,4,0 | live
REL 5,-2 8,1 10,-1 | 1,0,4,0,4;-1,0,4,1,3;2,1,3,0,4;-2,3,1,4,0;1,4,0,3,1;-1,4,0,4,0 ||  || CORE 1,0,4,0,4;-1,0,4,1,3;2,1,3,0,4;-2,3,1,4,0;1,4,0,3,1;-1,4,0,4,0 | live
REL 6,-2 7,-1 11,-1 | 1,0,4,2,2;1,0,4,4,0;2,1,3,4,0;-2,3,1,0,4;-1,4,0,0,4;-1,4,0,2,2 ||  || CORE 1,0,4,2,2;1,0,4,4,0;2,1,3,4,0;-2,3,1,0,4;-1,4,0,0,4;-1,4,0,2,2 | live
REL 0,-2 8,1 9,1 | -1,0,4,1,3;-1,0,4,3,1;2,2,2,1,3;-2,2,2,3,1;1,4,0,1,3;1,4,0,3,1 ||  || CORE -1,0,4,0,2;-1,0,4,2,0;2,2,2,0,2;-2,2,2,2,0;1,4,0,0,2;1,4,0,2,0 | live
REL 1,-2 3,-1 5,-1 | 1,1,3,0,4;1,1,3,1,3;2,2,2,0,4;-2,2,2,4,0;-1,3,1,3,1;-1,3,1,4,0 || F 1,0,0,0,1;1,0,0,1,0 | 1,0,2,0,3;2,1,1,0,3;-2,1,1,1,2;2,1,1,2,1;-2,1,1,3,0;-1,2,0,3,0 || CORE 1,0,2,0,3;2,1,1,0,3;-2,1,1,1,2;2,1,1,2,1;-2,1,1,3,0;-1,2,0,3,0 | unit
REL 7,-1 8,1 9,-2 | -1,0,4,1,3;1,0,4,2,2;2,0,4,3,1;-2,4,0,1,3;-1,4,0,2,2;1,4,0,3,1 || F 1,0,0,0,1;1,0,0,1,0 | -1,0,4,0,1;2,0,4,1,0;-2,4,0,0,1;1,4,0,1,0 || CORE -1,0,4,0,1;2,0,4,1,0;-2,4,0,0,1;1,4,0,1,0 | live
REL 1,-1 9,2 11,1 | -2,0,4,3,1;-1,0,4,4,0;1,2,2,0,4;-1,2,2,4,0;1,4,0,0,4;2,4,0,1,3 ||  || CORE -2,0,4,3,1;-1,0,4,4,0;1,2,2,0,4;-1,2,2,4,0;1,4,0,0,4;2,4,0,1,3 | live
REL 1,-2 3,1 6,1 | -1,1,3,1,3;-1,1,3,4,0;2,2,2,0,4;-2,2,2,4,0;1,3,1,0,4;1,3,1,3,1 || F 1,0,0,0,1;1,0,0,1,0 | -1,0,2,1,2;1,0,2,2,1;-1,0,2,3,0;2,1,1,0,3;-2,1,1,1,2;2,1,1,2,1;-2,1,1,3,0;1,2,0,0,3;-1,2,0,1,2;1,2,0,2,1 || CORE -1,0,2,1,2;1,0,2,2,1;-1,0,2,3,0;2,1,1,0,3;-2,1,1,1,2;2,1,1,2,1;-2,1,1,3,0;1,2,0,0,3;-1,2,0,1,2;1,2,0,2,1 | live
REL 1,-2 4,-1 5,1 | -1,1,3,0,4;1,1,3,3,1;2,2,2,0,4;-2,2,2,4,0;-1,3,1,1,3;1,3,1,4,0 || F -1,0,0,0,1;1,0,0,1,0 | 1,0,2,0,3;1,0,2,1,2;1,0,2,2,1;-2,1,1,0,3;-2,1,1,1,2;-2,1,1,2,1;-2,1,1,3,0;1,2,0,1,2;1,2,0,2,1;1,2,0,3,0 || CORE 1,0,2,0,3;1,0,2,1,2;1,0,2,2,1;-2,1,1,0,3;-2,1,1,1,2;-2,1,1,2,1;-2,1,1,3,0;1,2,0,1,2;1,2,0,2,1;1,2,0,3,0 | live
REL 0,-1 2,2 3,-1 | 1,1,3,1,3;-2,1,3,2,2;1,2,2,1,3;-1,2,2,3,1;2,3,1,2,2;-1,3,1,3,1 || F 1,0,1,0,0;1,1,0,0,0 | 1,0,1,0,2;-2,0,1,1,1;2,1,0,1,1;-1,1,0,2,0 || CORE 1,0,1,0,2;-2,0,1,1,1;2,1,0,1,1;-1,1,0,2,0 | unit
REL 5,-2 8,1 10,1 | -1,0,4,0,4;-1,0,4,1,3;2,1,3,0,4;-2,3,1,4,0;1,4,0,3,1;1,4,0,4,0 ||  || CORE -1,0,4,0,4;-1,0,4,1,3;2,1,3,0,4;-2,3,1,4,0;1,4,0,3,1;1,4,0,4,0 | live
REL 6,-1 10,-2 11,1 | 2,0,4,0,4;-1,0,4,4,0;1,1,3,4,0;-1,3,1,0,4;1,4,0,0,4;-2,4,0,4,0 ||  || CORE 2,0,4,0,4;-1,0,4,4,0;1,1,3,4,0;-1,3,1,0,4;1,4,0,0,4;-2,4,0,4,0 | live
REL 6,-1 9,2 10,-1 | 1,0,4,0,4;-2,0,4,3,1;1,1,3,4,0;-1,3,1,0,4;2,4,0,1,3;-1,4,0,4,0 ||  || CORE 1,0,4,0,4;-2,0,4,3,1;1,1,3,4,0;-1,3,1,0,4;2,4,0,1,3;-1,4,0,4,0 | live
REL 3,-2 7,-1 9,-1 | 1,0,4,2,2;1,0,4,3,1;2,1,3,1,3;-2,3,1,3,1;-1,4,0,1,3;-1,4,0,2,2 ||  || CORE 1,0,4,1,1;1,0,4,2,0;2,1,3,0,2;-2,3,1,2,0;-1,4,0,0,2;-1,4,0,1,1 | live
REL 5,-2 9,-1 11,-1 | 1,0,4,3,1;1,0,4,4,0;2,1,3,0,4;-2,3,1,4,0;-1,4,0,0,4;-1,4,0,1,3 ||  || CORE 1,0,4,3,1;1,0,4,4,0;2,1,3,0,4;-2,3,1,4,0;-1,4,0,0,4;-1,4,0,1,3 | live
REL 5,-1 8,1 11,-2 | -1,0,4,1,3;2,0,4,4,0;1,1,3,0,4;-1,3,1,4,0;-2,4,0,0,4;1,4,0,3,1 ||  || CORE -1,0,4,1,3;2,0,4,4,0;1,1,3,0,4;-1,3,1,4,0;-2,4,0,0,4;1,4,0,3,1 | live
REL 7,-1 8,-1 9,2 | 1,0,4,1,3;1,0,4,2,2;-2,0,4,3,1;2,4,0,1,3;-1,4,0,2,2;-1,4,0,3,1 || F -1,0,0,0,1;1,0,0,1,0 | -1,0,4,0,1;-2,0,4,1,0;-2,4,0,0,1;-1,4,0,1,0 || CORE -1,0,4,0,1;-2,0,4,1,0;-2,4,0,0,1;-1,4,0,1,0 | live
REL 6,-1 8,-2 11,-1 | 2,0,4,1,3;1,0,4,4,0;1,1,3,4,0;-1,3,1,0,4;-1,4,0,0,4;-2,4,0,3,1 ||  || CORE 2,0,4,1,3;1,0,4,4,0;1,1,3,4,0;-1,3,1,0,4;-1,4,0,0,4;-2,4,0,3,1 | live
REL 0,-2 2,1 3,-1 | 1,1,3,1,3;-1,1,3,2,2;2,2,2,1,3;-2,2,2,3,1;1,3,1,2,2;-1,3,1,3,1 || F -1,0,0,0,1;1,0,0,1,0 | -1,0,2,0,1;-2,1,1,0,1;-2,1,1,1,0;-1,2,0,1,0 || CORE -1,0,2,0,1;-2,1,1,0,1;-2,1,1,1,0;-1,2,0,1,0 | unit
REL 1,-1 9,-2 11,1 | 2,0,4,3,1;-1,0,4,4,0;1,2,2,0,4;-1,2,2,4,0;1,4,0,0,4;-2,4,0,1,3 ||  || CORE 2,0,4,3,1;-1,0,4,4,0;1,2,2,0,4;-1,2,2,4,0;1,4,0,0,4;-2,4,0,1,3 | live
REL 1,-2 4,1 5,1 | -1,1,3,0,4;-1,1,3,3,1;2,2,2,0,4;-2,2,2,4,0;1,3,1,1,3;1,3,1,4,0 || F 1,0,0,0,1;1,0,0,1,0 | -1,0,2,0,3;1,0,2,1,2;-1,0,2,2,1;2,1,1,0,3;-2,1,1,1,2;2,1,1,2,1;-2,1,1,3,0;1,2,0,1,2;-1,2,0,2,1;1,2,0,3,0 || CORE -1,0,2,0,3;1,0,2,1,2;-1,0,2,2,1;2,1,1,0,3;-2,1,1,1,2;2,1,1,2,1;-2,1,1,3,0;1,2,0,1,2;-1,2,0,2,1;1,2,0,3,0 | live
REL 3,-1 7,-2 9,1 | 2,0,4,2,2;-1,0,4,3,1;1,1,3,1,3;-1,3,1,3,1;1,4,0,1,3;-2,4,0,2,2 || F 1,0,1,0,0;1,1,0,0,0 | 2,0,3,1,1;-1,0,3,2,0;1,1,2,0,2;-2,1,2,1,1;1,1,2,2,0;-1,2,1,0,2;2,2,1,1,1;-1,2,1,2,0;1,3,0,0,2;-2,3,0,1,1 || CORE 2,0,3,1,1;-1,0,3,2,0;1,1,2,0,2;-2,1,2,1,1;1,1,2,2,0;-1,2,1,0,2;2,2,1,1,1;-1,2,1,2,0;1,3,0,0,2;-2,3,0,1,1 | live
REL 5,-1 10,2 11,-1 | -2,0,4,0,4;1,0,4,4,0;1,1,3,0,4;-1,3,1,4,0;-1,4,0,0,4;2,4,0,4,0 ||  || CORE -2,0,4,0,4;1,0,4,4,0;1,1,3,0,4;-1,3,1,4,0;-1,4,0,0,4;2,4,0,4,0 | live
REL 0,-2 2,-1 3,-1 | 1,1,3,1,3;1,1,3,2,2;2,2,2,1,3;-2,2,2,3,1;-1,3,1,2,2;-1,3,1,3,1 || F 1,0,0,0,1;1,0,0,1,0 | 1,0,2,0,1;2,1,1,0,1;-2,1,1,1,0;-1,2,0,1,0 || CORE 1,0,2,0,1;2,1,1,0,1;-2,1,1,1,0;-1,2,0,1,0 | unit
REL 0,-1 2,1 4,-2 | -1,1,3,2,2;2,1,3,3,1;1,2,2,1,3;-1,2,2,3,1;-2,3,1,1,3;1,3,1,2,2 ||  || CORE -1,0,2,1,1;2,0,2,2,0;1,1,1,0,2;-1,1,1,2,0;-2,2,0,0,2;1,2,0,1,1 | live
REL 4,-1 7,2 8,1 | -1,0,4,1,3;-2,0,4,2,2;1,1,3,3,1;-1,3,1,1,3;2,4,0,2,2;1,4,0,3,1 || F 1,0,1,0,0;1,1,0,0,0 | -1,0,3,0,2;-2,0,3,1,1;1,1,2,0,2;2,1,2,1,1;1,1,2,2,0;-1,2,1,0,2;-2,2,1,1,1;-1,2,1,2,0;2,3,0,1,1;1,3,0,2,0 || CORE -1,0,3,0,2;-2,0,3,1,1;1,1,2,0,2;2,1,2,1,1;1,1,2,2,0;-1,2,1,0,2;-2,2,1,1,1;-1,2,1,2,0;2,3,0,1,1;1,3,0,2,0 | live
REL 4,-1 7,1 9,-2 | -1,0,4,2,2;2,0,4,3,1;1,1,3,3,1;-1,3,1,1,3;-2,4,0,1,3;1,4,0,2,2 ||  || CORE -1,0,4,1,1;2,0,4,2,0;1,1,3,2,0;-1,3,1,0,2;-2,4,0,0,2;1,4,0,1,1 | live
REL 1,-2 4,-1 5,-1 | 1,1,3,0,4;1,1,3,3,1;2,2,2,0,4;-2,2,2,4,0;-1,3,1,1,3;-1,3,1,4,0 || F 1,0,0,0,1;1,0,0,1,0 | 1,0,2,0,3;-1,0,2,1,2;1,0,2,2,1;2,1,1,0,3;-2,1,1,1,2;2,1,1,2,1;-2,1,1,3,0;-1,2,0,1,2;1,2,0,2,1;-1,2,0,3,0 || CORE 1,0,2,0,3;-1,0,2,1,2;1,0,2,2,1;2,1,1,0,3;-2,1,1,1,2;2,1,1,2,1;-2,1,1,3,0;-1,2,0,1,2;1,2,0,2,1;-1,2,0,3,0 | live
REL 1,-1 2,2 6,-1 | -2,1,3,2,2;1,1,3,4,0;1,2,2,0,4;-1,2,2,4,0;-1,3,1,0,4;2,3,1,2,2 || F -1,0,1,0,0;1,1,0,0,0 | 2,0,1,2,2;-1,0,1,4,0;-1,1,0,0,4;2,1,0,2,2 || CORE 2,0,1,2,2;-1,0,1,4,0;-1,1,0,0,4;2,1,0,2,2 | unit
REL 6,-1 8,-2 11,1 | 2,0,4,1,3;-1,0,4,4,0;1,1,3,4,0;-1,3,1,0,4;1,4,0,0,4;-2,4,0,3,1 ||  || CORE 2,0,4,1,3;-1,0,4,4,0;1,1,3,4,0;-1,3,1,0,4;1,4,0,0,4;-2,4,0,3,1 | live
REL 2,-2 3,1 4,-1 | -1,1,3,1,3;2,1,3,2,2;1,1,3,3,1;-1,3,1,1,3;-2,3,1,2,2;1,3,1,3,1 ||  || CORE -1,0,2,0,2;2,0,2,1,1;1,0,2,2,0;-1,2,0,0,2;-2,2,0,1,1;1,2,0,2,0 | live
REL 5,-1 8,2 10,-1 | 1,0,4,0,4;-2,0,4,1,3;1,1,3,0,4;-1,3,1,4,0;2,4,0,3,1;-1,4,0,4,0 ||  || CORE 1,0,4,0,4;-2,0,4,1,3;1,1,3,0,4;-1,3,1,4,0;2,4,0,3,1;-1,4,0,4,0 | live
REL 1,-2 7,-1 10,1 | -1,0,4,0,4;1,0,4,2,2;2,2,2,0,4;-2,2,2,4,0;-1,4,0,2,2;1,4,0,4,0 || F 1,0,0,0,1;1,0,0,1,0 | -1,0,4,0,3;1,0,4,1,2;2,2,2,0,3;-2,2,2,1,2;2,2,2,2,1;-2,2,2,3,0;-1,4,0,2,1;1,4,0,3,0 ## F -1,0,0,0,1;1,0,0,1,0 | 1,0,4,0,2;-2,2,2,0,2;-2,2,2,2,0;1,4,0,2,0 || CORE 1,0,4,0,2;-2,2,2,0,2;-2,2,2,2,0;1,4,0,2,0 | unit
REL 1,-1 7,1 11,-2 | -1,0,4,2,2;2,0,4,4,0;1,2,2,0,4;-1,2,2,4,0;-2,4,0,0,4;1,4,0,2,2 ||  || CORE -1,0,4,2,2;2,0,4,4,0;1,2,2,0,4;-1,2,2,4,0;-2,4,0,0,4;1,4,0,2,2 | live
REL 1,-1 4,1 6,2 | -1,1,3,3,1;-2,1,3,4,0;1,2,2,0,4;-1,2,2,4,0;2,3,1,0,4;1,3,1,1,3 ||  || CORE -1,0,2,3,1;-2,0,2,4,0;1,1,1,0,4;-1,1,1,4,0;2,2,0,0,4;1,2,0,1,3 | live
REL 3,-1 5,1 6,-2 | -1,1,3,0,4;1,1,3,1,3;2,1,3,4,0;-2,3,1,0,4;-1,3,1,3,1;1,3,1,4,0 || F 1,0,0,0,1;1,0,0,1,0 | -1,0,2,0,3;2,0,2,1,2;-2,0,2,2,1;2,0,2,3,0;-2,2,0,0,3;2,2,0,1,2;-2,2,0,2,1;1,2,0,3,0 || CORE -1,0,2,0,3;2,0,2,1,2;-2,0,2,2,1;2,0,2,3,0;-2,2,0,0,3;2,2,0,1,2;-2,2,0,2,1;1,2,0,3,0 | live
REL 5,-1 9,1 10,-2 | 2,0,4,0,4;-1,0,4,3,1;1,1,3,0,4;-1,3,1,4,0;1,4,0,1,3;-2,4,0,4,0 ||  || CORE 2,0,4,0,4;-1,0,4,3,1;1,1,3,0,4;-1,3,1,4,0;1,4,0,1,3;-2,4,0,4,0 | live
REL 0,-1 2,1 3,2 | -2,1,3,1,3;-1,1,3,2,2;1,2,2,1,3;-1,2,2,3,1;1,3,1,2,2;2,3,1,3,1 ||  || CORE -2,0,2,0,2;-1,0,2,1,1;1,1,1,0,2;-1,1,1,2,0;1,2,0,1,1;2,2,0,2,0 | live
REL 3,-1 7,-2 8,-1 | 1,0,4,1,3;2,0,4,2,2;1,1,3,1,3;-1,3,1,3,1;-2,4,0,2,2;-1,4,0,3,1 || F 1,0,1,0,0;1,1,0,0,0 | 1,0,3,0,2;2,0,3,1,1;-2,1,2,1,1;2,2,1,1,1;-2,3,0,1,1;-1,3,0,2,0 || CORE 1,0,3,0,2;2,0,3,1,1;-2,1,2,1,1;2,2,1,1,1;-2,3,0,1,1;-1,3,0,2,0 | unit
REL 1,-1 10,-2 11,1 | 2,0,4,0,4;-1,0,4,4,0;1,2,2,0,4;-1,2,2,4,0;1,4,0,0,4;-2,4,0,4,0 ||  || CORE 2,0,4,0,4;-1,0,4,4,0;1,2,2,0,4;-1,2,2,4,0;1,4,0,0,4;-2,4,0,4,0 | live
REL 6,-1 8,2 11,1 | -2,0,4,1,3;-1,0,4,4,0;1,1,3,4,0;-1,3,1,0,4;1,4,0,0,4;2,4,0,3,1 ||  || CORE -2,0,4,1,3;-1,0,4,4,0;1,1,3,4,0;-1,3,1,0,4;1,4,0,0,4;2,4,0,3,1 | live
REL 4,-2 10,-1 11,-1 | 1,0,4,0,4;1,0,4,4,0;2,1,3,3,1;-2,3,1,1,3;-1,4,0,0,4;-1,4,0,4,0 ||  || CORE 1,0,4,0,4;1,0,4,4,0;2,1,3,3,1;-2,3,1,1,3;-1,4,0,0,4;-1,4,0,4,0 | live
REL 1,-2 7,1 11,-1 | -1,0,4,2,2;1,0,4,4,0;2,2,2,0,4;-2,2,2,4,0;-1,4,0,0,4;1,4,0,2,2 || F 1,0,0,0,1;1,0,0,1,0 | -1,0,4,2,1;1,0,4,3,0;2,2,2,0,3;-2,2,2,1,2;2,2,2,2,1;-2,2,2,3,0;-1,4,0,0,3;1,4,0,1,2 ## F -1,0,0,0,1;1,0,0,1,0 | 1,0,4,2,0;-2,2,2,0,2;-2,2,2,2,0;1,4,0,0,2 || CORE 1,0,4,2,0;-2,2,2,0,2;-2,2,2,2,0;1,4,0,0,2 | unit
REL 6,-2 9,1 10,-1 | 1,0,4,0,4;-1,0,4,3,1;2,1,3,4,0;-2,3,1,0,4;1,4,0,1,3;-1,4,0,4,0 ||  || CORE 1,0,4,0,4;-1,0,4,3,1;2,1,3,4,0;-2,3,1,0,4;1,4,0,1,3;-1,4,0,4,0 | live
REL 6,-1 7,-2 11,-1 | 2,0,4,2,2;1,0,4,4,0;1,1,3,4,0;-1,3,1,0,4;-1,4,0,0,4;-2,4,0,2,2 || F 1,0,1,0,0;1,1,0,0,0 | 2,0,3,2,2;1,0,3,4,0;-2,1,2,2,2;2,2,1,2,2;-1,3,0,0,4;-2,3,0,2,2 || CORE 2,0,3,2,2;1,0,3,4,0;-2,1,2,2,2;2,2,1,2,2;-1,3,0,0,4;-2,3,0,2,2 | unit
REL 4,-1 8,-2 9,-1 | 2,0,4,1,3;1,0,4,3,1;1,1,3,3,1;-1,3,1,1,3;-1,4,0,1,3;-2,4,0,3,1 || F -1,0,1,0,0;1,1,0,0,0 | -2,0,3,0,2;-1,0,3,2,0;-2,1,2,0,2;-2,1,2,2,0;-2,2,1,0,2;-2,2,1,2,0;-1,3,0,0,2;-2,3,0,2,0 || CORE -2,0,3,0,2;-1,0,3,2,0;-2,1,2,0,2;-2,1,2,2,0;-2,2,1,0,2;-2,2,1,2,0;-1,3,0,0,2;-2,3,0,2,0 | live
REL 5,-1 10,1 11,-2 | -1,0,4,0,4;2,0,4,4,0;1,1,3,0,4;-1,3,1,4,0;-2,4,0,0,4;1,4,0,4,0 ||  || CORE -1,0,4,0,4;2,0,4,4,0;1,1,3,0,4;-1,3,1,4,0;-2,4,0,0,4;1,4,0,4,0 | live
REL 1,-1 10,-1 11,-2 | 1,0,4,0,4;2,0,4,4,0;1,2,2,0,4;-1,2,2,4,0;-2,4,0,0,4;-1,4,0,4,0 || F 1,0,1,0,0;1,1,0,0,0 | 1,0,3,0,4;2,0,3,4,0;-1,1,2,0,4;-2,1,2,4,0;2,2,1,0,4;1,2,1,4,0;-2,3,0,0,4;-1,3,0,4,0 ## F -1,0,1,0,0;1,1,0,0,0 | -1,0,2,0,4;-2,0,2,4,0;-2,2,0,0,4;-1,2,0,4,0 || CORE -1,0,2,0,4;-2,0,2,4,0;-2,2,0,0,4;-1,2,0,4,0 | live
REL 5,-1 8,1 11,2 | -1,0,4,1,3;-2,0,4,4,0;1,1,3,0,4;-1,3,1,4,0;2,4,0,0,4;1,4,0,3,1 ||  || CORE -1,0,4,1,3;-2,0,4,4,0;1,1,3,0,4;-1,3,1,4,0;2,4,0,0,4;1,4,0,3,1 | live
REL 5,-1 9,2 11,-1 | -2,0,4,3,1;1,0,4,4,0;1,1,3,0,4;-1,3,1,4,0;-1,4,0,0,4;2,4,0,1,3 ||  || CORE -2,0,4,3,1;1,0,4,4,0;1,1,3,0,4;-1,3,1,4,0;-1,4,0,0,4;2,4,0,1,3 | live
REL 0,-1 7,2 8,-1 | 1,0,4,1,3;-2,0,4,2,2;1,2,2,1,3;-1,2,2,3,1;2,4,0,2,2;-1,4,0,3,1 || F 1,0,2,0,0;1,2,0,0,0 | 1,0,2,0,2;-2,0,2,1,1;2,2,0,1,1;-1,2,0,2,0 || CORE 1,0,2,0,2;-2,0,2,1,1;2,2,0,1,1;-1,2,0,2,0 | unit
REL 5,-1 7,-1 11,2 | 1,0,4,2,2;-2,0,4,4,0;1,1,3,0,4;-1,3,1,4,0;2,4,0,0,4;-1,4,0,2,2 ||  || CORE 1,0,4,2,2;-2,0,4,4,0;1,1,3,0,4;-1,3,1,4,0;2,4,0,0,4;-1,4,0,2,2 | live
REL 6,-1 10,1 11,2 | -1,0,4,0,4;-2,0,4,4,0;1,1,3,4,0;-1,3,1,0,4;2,4,0,0,4;1,4,0,4,0 || F -1,0,1,0,0;1,1,0,0,0 | 1,0,3,0,4;2,0,3,4,0;1,1,2,0,4;1,1,2,4,0;1,2,1,0,4;1,2,1,4,0;2,3,0,0,4;1,3,0,4,0 || CORE 1,0,3,0,4;2,0,3,4,0;1,1,2,0,4;1,1,2,4,0;1,2,1,0,4;1,2,1,4,0;2,3,0,0,4;1,3,0,4,0 | live
REL 6,-1 8,-2 10,-1 | 1,0,4,0,4;2,0,4,1,3;1,1,3,4,0;-1,3,1,0,4;-2,4,0,3,1;-1,4,0,4,0 ||  || CORE 1,0,4,0,4;2,0,4,1,3;1,1,3,4,0;-1,3,1,0,4;-2,4,0,3,1;-1,4,0,4,0 | live
REL 0,-1 7,-2 8,1 | -1,0,4,1,3;2,0,4,2,2;1,2,2,1,3;-1,2,2,3,1;-2,4,0,2,2;1,4,0,3,1 || F 1,0,1,0,0;1,1,0,0,0 | -1,0,3,0,2;2,0,3,1,1;1,1,2,0,2;-2,1,2,1,1;2,2,1,1,1;-1,2,1,2,0;-2,3,0,1,1;1,3,0,2,0 ## F -1,0,1,0,0;1,1,0,0,0 | 1,0,2,0,2;-2,0,2,1,1;-2,2,0,1,1;1,2,0,2,0 || CORE 1,0,2,0,2;-2,0,2,1,1;-2,2,0,1,1;1,2,0,2,0 | unit
REL 3,-1 7,1 9,-2 | -1,0,4,2,2;2,0,4,3,1;1,1,3,1,3;-1,3,1,3,1;-2,4,0,1,3;1,4,0,2,2 ||  || CORE -1,0,4,1,1;2,0,4,2,0;1,1,3,0,2;-1,3,1,2,0;-2,4,0,0,2;1,4,0,1,1 | live
REL 5,-1 8,-1 10,-2 | 2,0,4,0,4;1,0,4,1,3;1,1,3,0,4;-1,3,1,4,0;-1,4,0,3,1;-2,4,0,4,0 ||  || CORE 2,0,4,0,4;1,0,4,1,3;1,1,3,0,4;-1,3,1,4,0;-1,4,0,3,1;-2,4,0,4,0 | live
REL 3,-1 8,-1 9,-2 | 1,0,4,1,3;2,0,4,3,1;1,1,3,1,3;-1,3,1,3,1;-2,4,0,1,3;-1,4,0,3,1 || F -1,0,1,0,0;1,1,0,0,0 | -1,0,3,0,2;-2,0,3,2,0;-2,1,2,0,2;-2,1,2,2,0;-2,2,1,0,2;-2,2,1,2,0;-2,3,0,0,2;-1,3,0,2,0 || CORE -1,0,3,0,2;-2,0,3,2,0;-2,1,2,0,2;-2,1,2,2,0;-2,2,1,0,2;-2,2,1,2,0;-2,3,0,0,2;-1,3,0,2,0 | live
REL 1,-1 9,-2 10,-1 | 1,0,4,0,4;2,0,4,3,1;1,2,2,0,4;-1,2,2,4,0;-2,4,0,1,3;-1,4,0,4,0 ||  || CORE 1,0,4,0,4;2,0,4,3,1;1,2,2,0,4;-1,2,2,4,0;-2,4,0,1,3;-1,4,0,4,0 | live
REL 3,-2 5,1 6,1 | -1,1,3,0,4;2,1,3,1,3;-1,1,3,4,0;1,3,1,0,4;-2,3,1,3,1;1,3,1,4,0 || F -1,0,0,0,1;1,0,0,1,0 | 1,0,2,0,3;-1,0,2,1,2;-1,0,2,2,1;-1,0,2,3,0;-1,2,0,0,3;-1,2,0,1,2;-1,2,0,2,1;1,2,0,3,0 || CORE 1,0,2,0,3;-1,0,2,1,2;-1,0,2,2,1;-1,0,2,3,0;-1,2,0,0,3;-1,2,0,1,2;-1,2,0,2,1;1,2,0,3,0 | live
REL 6,-2 7,1 10,1 | -1,0,4,0,4;-1,0,4,2,2;2,1,3,4,0;-2,3,1,0,4;1,4,0,2,2;1,4,0,4,0 ||  || CORE -1,0,4,0,4;-1,0,4,2,2;2,1,3,4,0;-2,3,1,0,4;1,4,0,2,2;1,4,0,4,0 | live
REL 8,-1 10,1 11,-2 | -1,0,4,0,4;1,0,4,1,3;2,0,4,4,0;-2,4,0,0,4;-1,4,0,3,1;1,4,0,4,0 || F 1,0,0,0,1;1,0,0,1,0 | -1,0,4,0,3;2,0,4,1,2;-2,0,4,2,1;2,0,4,3,0;-2,4,0,0,3;2,4,0,1,2;-2,4,0,2,1;1,4,0,3,0 || CORE -1,0,4,0,3;2,0,4,1,2;-2,0,4,2,1;2,0,4,3,0;-2,4,0,0,3;2,4,0,1,2;-2,4,0,2,1;1,4,0,3,0 | live
REL 5,-1 9,-2 11,1 | 2,0,4,3,1;-1,0,4,4,0;1,1,3,0,4;-1,3,1,4,0;1,4,0,0,4;-2,4,0,1,3 ||  || CORE 2,0,4,3,1;-1,0,4,4,0;1,1,3,0,4;-1,3,1,4,0;1,4,0,0,4;-2,4,0,1,3 | live
REL 4,-2 8,1 9,-1 | -1,0,4,1,3;1,0,4,3,1;2,1,3,3,1;-2,3,1,1,3;-1,4,0,1,3;1,4,0,3,1 || F 1,0,1,0,0;1,1,0,0,0 | -1,0,3,0,2;1,0,3,2,0;1,1,2,0,2;1,1,2,2,0;-1,2,1,0,2;-1,2,1,2,0;-1,3,0,0,2;1,3,0,2,0 || CORE -1,0,3,0,2;1,0,3,2,0;1,1,2,0,2;1,1,2,2,0;-1,2,1,0,2;-1,2,1,2,0;-1,3,0,0,2;1,3,0,2,0 | live
REL 1,-1 8,-2 10,-1 | 1,0,4,0,4;2,0,4,1,3;1,2,2,0,4;-1,2,2,4,0;-2,4,0,3,1;-1,4,0,4,0 ||  || CORE 1,0,4,0,4;2,0,4,1,3;1,2,2,0,4;-1,2,2,4,0;-2,4,0,3,1;-1,4,0,4,0 | live
REL 1,-1 3,1 5,-2 | 2,1,3,0,4;-1,1,3,1,3;1,2,2,0,4;-1,2,2,4,0;1,3,1,3,1;-2,3,1,4,0 ||  || CORE 2,0,2,0,4;-1,0,2,1,3;1,1,1,0,4;-1,1,1,4,0;1,2,0,3,1;-2,2,0,4,0 | live
REL 1,-1 4,2 6,-1 | -2,1,3,3,1;1,1,3,4,0;1,2,2,0,4;-1,2,2,4,0;-1,3,1,0,4;2,3,1,1,3 ||  || CORE -2,0,2,3,1;1,0,2,4,0;1,1,1,0,4;-1,1,1,4,0;-1,2,0,0,4;2,2,0,1,3 | live
REL 9,-2 10,1 11,-1 | -1,0,4,0,4;2,0,4,3,1;1,0,4,4,0;-1,4,0,0,4;-2,4,0,1,3;1,4,0,4,0 ||  || CORE -1,0,4,0,4;2,0,4,3,1;1,0,4,4,0;-1,4,0,0,4;-2,4,0,1,3;1,4,0,4,0 | live
REL 4,-1 7,-2 9,-1 | 2,0,4,2,2;1,0,4,3,1;1,1,3,3,1;-1,3,1,1,3;-1,4,0,1,3;-2,4,0,2,2 || F 1,0,1,0,0;1,1,0,0,0 | 2,0,3,1,1;1,0,3,2,0;-2,1,2,1,1;2,2,1,1,1;-1,3,0,0,2;-2,3,0,1,1 || CORE 2,0,3,1,1;1,0,3,2,0;-2,1,2,1,1;2,2,1,1,1;-1,3,0,0,2;-2,3,0,1,1 | unit
REL 1,-1 9,-1 11,2 | 1,0,4,3,1;-2,0,4,4,0;1,2,2,0,4;-1,2,2,4,0;2,4,0,0,4;-1,4,0,1,3 ||  || CORE 1,0,4,3,1;-2,0,4,4,0;1,2,2,0,4;-1,2,2,4,0;2,4,0,0,4;-1,4,0,1,3 | live
REL 1,-1 4,-1 6,2 | 1,1,3,3,1;-2,1,3,4,0;1,2,2,0,4;-1,2,2,4,0;2,3,1,0,4;-1,3,1,1,3 ||  || CORE 1,0,2,3,1;-2,0,2,4,0;1,1,1,0,4;-1,1,1,4,0;2,2,0,0,4;-1,2,0,1,3 | live
REL 2,-2 8,1 9,-1 | -1,0,4,1,3;1,0,4,3,1;2,1,3,2,2;-2,3,1,2,2;-1,4,0,1,3;1,4,0,3,1 ||  || CORE -1,0,4,0,2;1,0,4,2,0;2,1,3,1,1;-2,3,1,1,1;-1,4,0,0,2;1,4,0,2,0 | live
REL 2,-2 5,-1 6,-1 | 1,1,3,0,4;2,1,3,2,2;1,1,3,4,0;-1,3,1,0,4;-2,3,1,2,2;-1,3,1,4,0 || F 1,0,1,0,0;1,1,0,0,0 | 1,0,1,0,4;2,0,1,2,2;1,0,1,4,0;-1,1,0,0,4;-2,1,0,2,2;-1,1,0,4,0 ## F -1,0,1,0,0;1,1,0,0,0 | -1,0,0,0,4;-2,0,0,2,2;-1,0,0,4,0 ## F 1,0,0,0,2;1,0,0,2,0 | -1,0,0,0,2;-1,0,0,2,0 ## F 1,0,0,0,2;1,0,0,2,0 | -1,0,0,0,0 || CORE -1,0,0,0,0 | monomial
REL 0,-1 7,-1 9,2 | 1,0,4,2,2;-2,0,4,3,1;1,2,2,1,3;-1,2,2,3,1;2,4,0,1,3;-1,4,0,2,2 ||  || CORE 1,0,4,1,1;-2,0,4,2,0;1,2,2,0,2;-1,2,2,2,0;2,4,0,0,2;-1,4,0,1,1 | live
REL 4,-1 5,-2 6,1 | 2,1,3,0,4;1,1,3,3,1;-1,1,3,4,0;1,3,1,0,4;-1,3,1,1,3;-2,3,1,4,0 || F 1,0,0,0,1;1,0,0,1,0 | 2,0,2,0,3;-2,0,2,1,2;2,0,2,2,1;-1,0,2,3,0;1,2,0,0,3;-2,2,0,1,2;2,2,0,2,1;-2,2,0,3,0 || CORE 2,0,2,0,3;-2,0,2,1,2;2,0,2,2,1;-1,0,2,3,0;1,2,0,0,3;-2,2,0,1,2;2,2,0,2,1;-2,2,0,3,0 | live
REL 1,-2 4,-1 6,1 | 1,1,3,3,1;-1,1,3,4,0;2,2,2,0,4;-2,2,2,4,0;1,3,1,0,4;-1,3,1,1,3 || F -1,0,0,0,1;1,0,0,1,0 | -1,0,2,3,0;-2,1,1,0,3;-2,1,1,1,2;-2,1,1,2,1;-2,1,1,3,0;-1,2,0,0,3 || CORE -1,0,2,3,0;-2,1,1,0,3;-2,1,1,1,2;-2,1,1,2,1;-2,1,1,3,0;-1,2,0,0,3 | unit
REL 6,-1 7,-1 11,2 | 1,0,4,2,2;-2,0,4,4,0;1,1,3,4,0;-1,3,1,0,4;2,4,0,0,4;-1,4,0,2,2 ||  || CORE 1,0,4,2,2;-2,0,4,4,0;1,1,3,4,0;-1,3,1,0,4;2,4,0,0,4;-1,4,0,2,2 | live
REL 5,-1 8,-1 10,2 | -2,0,4,0,4;1,0,4,1,3;1,1,3,0,4;-1,3,1,4,0;-1,4,0,3,1;2,4,0,4,0 ||  || CORE -2,0,4,0,4;1,0,4,1,3;1,1,3,0,4;-1,3,1,4,0;-1,4,0,3,1;2,4,0,4,0 | live
REL 5,-1 9,-1 10,-2 | 2,0,4,0,4;1,0,4,3,1;1,1,3,0,4;-1,3,1,4,0;-1,4,0,1,3;-2,4,0,4,0 ||  || CORE 2,0,4,0,4;1,0,4,3,1;1,1,3,0,4;-1,3,1,4,0;-1,4,0,1,3;-2,4,0,4,0 | live
REL 1,-1 3,1 5,2 | -2,1,3,0,4;-1,1,3,1,3;1,2,2,0,4;-1,2,2,4,0;1,3,1,3,1;2,3,1,4,0 ||  || CORE -2,0,2,0,4;-1,0,2,1,3;1,1,1,0,4;-1,1,1,4,0;1,2,0,3,1;2,2,0,4,0 | live
REL 1,-1 8,-1 10,2 | -2,0,4,0,4;1,0,4,1,3;1,2,2,0,4;-1,2,2,4,0;-1,4,0,3,1;2,4,0,4,0 ||  || CORE -2,0,4,0,4;1,0,4,1,3;1,2,2,0,4;-1,2,2,4,0;-1,4,0,3,1;2,4,0,4,0 | live
REL 1,-2 3,-1 6,1 | 1,1,3,1,3;-1,1,3,4,0;2,2,2,0,4;-2,2,2,4,0;1,3,1,0,4;-1,3,1,3,1 || F -1,0,0,0,1;1,0,0,1,0 | -1,0,2,1,2;-1,0,2,2,1;-1,0,2,3,0;-2,1,1,0,3;-2,1,1,1,2;-2,1,1,2,1;-2,1,1,3,0;-1,2,0,0,3;-1,2,0,1,2;-1,2,0,2,1 || CORE -1,0,2,1,2;-1,0,2,2,1;-1,0,2,3,0;-2,1,1,0,3;-2,1,1,1,2;-2,1,1,2,1;-2,1,1,3,0;-1,2,0,0,3;-1,2,0,1,2;-1,2,0,2,1 | live
REL 5,-2 9,-1 11,1 | 1,0,4,3,1;-1,0,4,4,0;2,1,3,0,4;-2,3,1,4,0;1,4,0,0,4;-1,4,0,1,3 ||  || CORE 1,0,4,3,1;-1,0,4,4,0;2,1,3,0,4;-2,3,1,4,0;1,4,0,0,4;-1,4,0,1,3 | live
REL 0,-2 7,1 9,-1 | -1,0,4,2,2;1,0,4,3,1;2,2,2,1,3;-2,2,2,3,1;-1,4,0,1,3;1,4,0,2,2 || F -1,0,0,0,1;1,0,0,1,0 | 1,0,4,1,0;-2,2,2,0,1;-2,2,2,1,0;1,4,0,0,1 || CORE 1,0,4,1,0;-2,2,2,0,1;-2,2,2,1,0;1,4,0,0,1 | unit
REL 5,-2 8,-1 11,1 | 1,0,4,1,3;-1,0,4,4,0;2,1,3,0,4;-2,3,1,4,0;1,4,0,0,4;-1,4,0,3,1 ||  || CORE 1,0,4,1,3;-1,0,4,4,0;2,1,3,0,4;-2,3,1,4,0;1,4,0,0,4;-1,4,0,3,1 | live
REL 6,-1 10,-2 11,-1 | 2,0,4,0,4;1,0,4,4,0;1,1,3,4,0;-1,3,1,0,4;-1,4,0,0,4;-2,4,0,4,0 || F -1,0,1,0,0;1,1,0,0,0 | -2,0,3,0,4;-1,0,3,4,0;-2,1,2,0,4;-2,1,2,4,0;-2,2,1,0,4;-2,2,1,4,0;-1,3,0,0,4;-2,3,0,4,0 || CORE -2,0,3,0,4;-1,0,3,4,0;-2,1,2,0,4;-2,1,2,4,0;-2,2,1,0,4;-2,2,1,4,0;-1,3,0,0,4;-2,3,0,4,0 | live
REL 5,-1 7,1 10,2 | -2,0,4,0,4;-1,0,4,2,2;1,1,3,0,4;-1,3,1,4,0;1,4,0,2,2;2,4,0,4,0 ||  || CORE -2,0,4,0,4;-1,0,4,2,2;1,1,3,0,4;-1,3,1,4,0;1,4,0,2,2;2,4,0,4,0 | live
REL 5,-1 8,-1 11,-2 | 1,0,4,1,3;2,0,4,4,0;1,1,3,0,4;-1,3,1,4,0;-2,4,0,0,4;-1,4,0,3,1 ||  || CORE 1,0,4,1,3;2,0,4,4,0;1,1,3,0,4;-1,3,1,4,0;-2,4,0,0,4;-1,4,0,3,1 | live
REL 1,-2 2,1 5,-1 | 1,1,3,0,4;-1,1,3,2,2;2,2,2,0,4;-2,2,2,4,0;1,3,1,2,2;-1,3,1,4,0 || F 1,0,0,0,1;1,0,0,1,0 | 1,0,2,0,3;-1,0,2,1,2;2,1,1,0,3;-2,1,1,1,2;2,1,1,2,1;-2,1,1,3,0;1,2,0,2,1;-1,2,0,3,0 ## F -1,0,0,0,1;1,0,0,1,0 | -1,0,2,0,2;-2,1,1,0,2;-2,1,1,2,0;-1,2,0,2,0 || CORE -1,0,2,0,2;-2,1,1,0,2;-2,1,1,2,0;-1,2,0,2,0 | unit
REL 3,-1 7,2 8,-1 | 1,0,4,1,3;-2,0,4,2,2;1,1,3,1,3;-1,3,1,3,1;2,4,0,2,2;-1,4,0,3,1 || F 1,0,1,0,0;1,1,0,0,0 | 1,0,3,0,2;-2,0,3,1,1;2,1,2,1,1;-2,2,1,1,1;2,3,0,1,1;-1,3,0,2,0 || CORE 1,0,3,0,2;-2,0,3,1,1;2,1,2,1,1;-2,2,1,1,1;2,3,0,1,1;-1,3,0,2,0 | unit
REL 6,-1 9,1 10,2 | -2,0,4,0,4;-1,0,4,3,1;1,1,3,4,0;-1,3,1,0,4;1,4,0,1,3;2,4,0,4,0 ||  || CORE -2,0,4,0,4;-1,0,4,3,1;1,1,3,4,0;-1,3,1,0,4;1,4,0,1,3;2,4,0,4,0 | live
REL 4,-1 7,-2 8,1 | -1,0,4,1,3;2,0,4,2,2;1,1,3,3,1;-1,3,1,1,3;-2,4,0,2,2;1,4,0,3,1 || F 1,0,1,0,0;1,1,0,0,0 | -1,0,3,0,2;2,0,3,1,1;1,1,2,0,2;-2,1,2,1,1;1,1,2,2,0;-1,2,1,0,2;2,2,1,1,1;-1,2,1,2,0;-2,3,0,1,1;1,3,0,2,0 || CORE -1,0,3,0,2;2,0,3,1,1;1,1,2,0,2;-2,1,2,1,1;1,1,2,2,0;-1,2,1,0,2;2,2,1,1,1;-1,2,1,2,0;-2,3,0,1,1;1,3,0,2,0 | live
REL 6,-1 10,-1 11,2 | 1,0,4,0,4;-2,0,4,4,0;1,1,3,4,0;-1,3,1,0,4;2,4,0,0,4;-1,4,0,4,0 ||  || CORE 1,0,4,0,4;-2,0,4,4,0;1,1,3,4,0;-1,3,1,0,4;2,4,0,0,4;-1,4,0,4,0 | live
REL 1,-1 4,2 5,1 | -1,1,3,0,4;-2,1,3,3,1;1,2,2,0,4;-1,2,2,4,0;2,3,1,1,3;1,3,1,4,0 ||  || CORE -1,0,2,0,4;-2,0,2,3,1;1,1,1,0,4;-1,1,1,4,0;2,2,0,1,3;1,2,0,4,0 | live
REL 2,-2 10,1 11,1 | -1,0,4,0,4;-1,0,4,4,0;2,1,3,2,2;-2,3,1,2,2;1,4,0,0,4;1,4,0,4,0 || F 1,0,1,0,0;1,1,0,0,0 | -1,0,3,0,4;-1,0,3,4,0;1,1,2,0,4;2,1,2,2,2;1,1,2,4,0;-1,2,1,0,4;-2,2,1,2,2;-1,2,1,4,0;1,3,0,0,4;1,3,0,4,0 ## F -1,0,1,0,0;1,1,0,0,0 | 1,0,2,0,4;1,0,2,4,0;-2,1,1,2,2;1,2,0,0,4;1,2,0,4,0 || CORE 1,0,2,0,4;1,0,2,4,0;-2,1,1,2,2;1,2,0,0,4;1,2,0,4,0 | live
REL 9,-2 10,1 11,1 | -1,0,4,0,4;2,0,4,3,1;-1,0,4,4,0;1,4,0,0,4;-2,4,0,1,3;1,4,0,4,0 || F -1,0,0,0,1;1,0,0,1,0 | 1,0,4,0,3;1,0,4,1,2;1,0,4,2,1;-1,0,4,3,0;-1,4,0,0,3;1,4,0,1,2;1,4,0,2,1;1,4,0,3,0 || CORE 1,0,4,0,3;1,0,4,1,2;1,0,4,2,1;-1,0,4,3,0;-1,4,0,0,3;1,4,0,1,2;1,4,0,2,1;1,4,0,3,0 | live
REL 1,-1 3,2 5,1 | -1,1,3,0,4;-2,1,3,1,3;1,2,2,0,4;-1,2,2,4,0;2,3,1,3,1;1,3,1,4,0 ||  || CORE -1,0,2,0,4;-2,0,2,1,3;1,1,1,0,4;-1,1,1,4,0;2,2,0,3,1;1,2,0,4,0 | live
REL 6,-1 7,1 10,-2 | 2,0,4,0,4;-1,0,4,2,2;1,1,3,4,0;-1,3,1,0,4;1,4,0,2,2;-2,4,0,4,0 ||  || CORE 2,0,4,0,4;-1,0,4,2,2;1,1,3,4,0;-1,3,1,0,4;1,4,0,2,2;-2,4,0,4,0 | live
REL 5,-2 9,1 11,-1 | -1,0,4,3,1;1,0,4,4,0;2,1,3,0,4;-2,3,1,4,0;-1,4,0,0,4;1,4,0,1,3 ||  || CORE -1,0,4,3,1;1,0,4,4,0;2,1,3,0,4;-2,3,1,4,0;-1,4,0,0,4;1,4,0,1,3 | live
REL 1,-2 2,1 6,-1 | -1,1,3,2,2;1,1,3,4,0;2,2,2,0,4;-2,2,2,4,0;-1,3,1,0,4;1,3,1,2,2 || F 1,0,0,0,1;1,0,0,1,0 | -1,0,2,2,1;1,0,2,3,0;2,1,1,0,3;-2,1,1,1,2;2,1,1,2,1;-2,1,1,3,0;-1,2,0,0,3;1,2,0,1,2 ## F -1,0,0,0,1;1,0,0,1,0 | 1,0,2,2,0;-2,1,1,0,2;-2,1,1,2,0;1,2,0,0,2 || CORE 1,0,2,2,0;-2,1,1,0,2;-2,1,1,2,0;1,2,0,0,2 | unit
REL 6,-1 8,2 10,-1 | 1,0,4,0,4;-2,0,4,1,3;1,1,3,4,0;-1,3,1,0,4;2,4,0,3,1;-1,4,0,4,0 ||  || CORE 1,0,4,0,4;-2,0,4,1,3;1,1,3,4,0;-1,3,1,0,4;2,4,0,3,1;-1,4,0,4,0 | live
REL 5,-1 8,-2 10,1 | -1,0,4,0,4;2,0,4,1,3;1,1,3,0,4;-1,3,1,4,0;-2,4,0,3,1;1,4,0,4,0 ||  || CORE -1,0,4,0,4;2,0,4,1,3;1,1,3,0,4;-1,3,1,4,0;-2,4,0,3,1;1,4,0,4,0 | live
REL 1,-2 2,-1 6,-1 | 1,1,3,2,2;1,1,3,4,0;2,2,2,0,4;-2,2,2,4,0;-1,3,1,0,4;-1,3,1,2,2 || F 1,0,0,0,2;1,0,0,2,0 | 1,0,2,2,0;2,1,1,0,2;-2,1,1,2,0;-1,2,0,0,2 || CORE 1,0,2,2,0;2,1,1,0,2;-2,1,1,2,0;-1,2,0,0,2 | unit
REL 1,-1 8,-2 11,1 | 2,0,4,1,3;-1,0,4,4,0;1,2,2,0,4;-1,2,2,4,0;1,4,0,0,4;-2,4,0,3,1 ||  || CORE 2,0,4,1,3;-1,0,4,4,0;1,2,2,0,4;-1,2,2,4,0;1,4,0,0,4;-2,4,0,3,1 | live
REL 1,-1 2,-1 6,2 | 1,1,3,2,2;-2,1,3,4,0;1,2,2,0,4;-1,2,2,4,0;2,3,1,0,4;-1,3,1,2,2 ||  || CORE 1,0,2,2,2;-2,0,2,4,0;1,1,1,0,4;-1,1,1,4,0;2,2,0,0,4;-1,2,0,2,2 | live
REL 0,-1 2,2 4,1 | -2,1,3,2,2;-1,1,3,3,1;1,2,2,1,3;-1,2,2,3,1;1,3,1,1,3;2,3,1,2,2 || F 1,0,1,0,0;1,1,0,0,0 | -2,0,1,1,1;-1,0,1,2,0;1,1,0,0,2;2,1,0,1,1 || CORE -2,0,1,1,1;-1,0,1,2,0;1,1,0,0,2;2,1,0,1,1 | unit
REL 5,-1 8,-2 10,-1 | 1,0,4,0,4;2,0,4,1,3;1,1,3,0,4;-1,3,1,4,0;-2,4,0,3,1;-1,4,0,4,0 ||  || CORE 1,0,4,0,4;2,0,4,1,3;1,1,3,0,4;-1,3,1,4,0;-2,4,0,3,1;-1,4,0,4,0 | live
REL 8,-1 10,2 11,-1 | -2,0,4,0,4;1,0,4,1,3;1,0,4,4,0;-1,4,0,0,4;-1,4,0,3,1;2,4,0,4,0 || F -1,0,0,0,1;1,0,0,1,0 | 2,0,4,0,3;1,0,4,1,2;1,0,4,2,1;1,0,4,3,0;1,4,0,0,3;1,4,0,1,2;1,4,0,2,1;2,4,0,3,0 || CORE 2,0,4,0,3;1,0,4,1,2;1,0,4,2,1;1,0,4,3,0;1,4,0,0,3;1,4,0,1,2;1,4,0,2,1;2,4,0,3,0 | live
REL 9,-2 10,-1 11,1 | 1,0,4,0,4;2,0,4,3,1;-1,0,4,4,0;1,4,0,0,4;-2,4,0,1,3;-1,4,0,4,0 ||  || CORE 1,0,4,0,4;2,0,4,3,1;-1,0,4,4,0;1,4,0,0,4;-2,4,0,1,3;-1,4,0,4,0 | live
REL 1,-2 8,1 10,1 | -1,0,4,0,4;-1,0,4,1,3;2,2,2,0,4;-2,2,2,4,0;1,4,0,3,1;1,4,0,4,0 || F 1,0,0,0,1;1,0,0,1,0 | -1,0,4,0,3;2,2,2,0,3;-2,2,2,1,2;2,2,2,2,1;-2,2,2,3,0;1,4,0,3,0 || CORE -1,0,4,0,3;2,2,2,0,3;-2,2,2,1,2;2,2,2,2,1;-2,2,2,3,0;1,4,0,3,0 | unit
REL 0,-2 10,1 11,1 | -1,0,4,0,4;-1,0,4,4,0;2,2,2,1,3;-2,2,2,3,1;1,4,0,0,4;1,4,0,4,0 ||  || CORE -1,0,4,0,4;-1,0,4,4,0;2,2,2,1,3;-2,2,2,3,1;1,4,0,0,4;1,4,0,4,0 | live
REL 0,-1 7,1 9,-2 | -1,0,4,2,2;2,0,4,3,1;1,2,2,1,3;-1,2,2,3,1;-2,4,0,1,3;1,4,0,2,2 ||  || CORE -1,0,4,1,1;2,0,4,2,0;1,2,2,0,2;-1,2,2,2,0;-2,4,0,0,2;1,4,0,1,1 | live
REL 1,-2 8,-1 11,1 | 1,0,4,1,3;-1,0,4,4,0;2,2,2,0,4;-2,2,2,4,0;1,4,0,0,4;-1,4,0,3,1 || F -1,0,0,0,1;1,0,0,1,0 | -1,0,4,1,2;-1,0,4,2,1;-1,0,4,3,0;-2,2,2,0,3;-2,2,2,1,2;-2,2,2,2,1;-2,2,2,3,0;-1,4,0,0,3;-1,4,0,1,2;-1,4,0,2,1 || CORE -1,0,4,1,2;-1,0,4,2,1;-1,0,4,3,0;-2,2,2,0,3;-2,2,2,1,2;-2,2,2,2,1;-2,2,2,3,0;-1,4,0,0,3;-1,4,0,1,2;-1,4,0,2,1 | live
REL 4,-1 7,1 8,-2 | 2,0,4,1,3;-1,0,4,2,2;1,1,3,3,1;-1,3,1,1,3;1,4,0,2,2;-2,4,0,3,1 ||  || CORE 2,0,4,0,2;-1,0,4,1,1;1,1,3,2,0;-1,3,1,0,2;1,4,0,1,1;-2,4,0,2,0 | live
REL 3,-2 10,-1 11,-1 | 1,0,4,0,4;1,0,4,4,0;2,1,3,1,3;-2,3,1,3,1;-1,4,0,0,4;-1,4,0,4,0 ||  || CORE 1,0,4,0,4;1,0,4,4,0;2,1,3,1,3;-2,3,1,3,1;-1,4,0,0,4;-1,4,0,4,0 | live
REL 3,-1 7,2 9,1 | -2,0,4,2,2;-1,0,4,3,1;1,1,3,1,3;-1,3,1,3,1;1,4,0,1,3;2,4,0,2,2 || F 1,0,1,0,0;1,1,0,0,0 | -2,0,3,1,1;-1,0,3,2,0;1,1,2,0,2;2,1,2,1,1;1,1,2,2,0;-1,2,1,0,2;-2,2,1,1,1;-1,2,1,2,0;1,3,0,0,2;2,3,0,1,1 || CORE -2,0,3,1,1;-1,0,3,2,0;1,1,2,0,2;2,1,2,1,1;1,1,2,2,0;-1,2,1,0,2;-2,2,1,1,1;-1,2,1,2,0;1,3,0,0,2;2,3,0,1,1 | live
REL 6,-2 8,-1 10,-1 | 1,0,4,0,4;1,0,4,1,3;2,1,3,4,0;-2,3,1,0,4;-1,4,0,3,1;-1,4,0,4,0 ||  || CORE 1,0,4,0,4;1,0,4,1,3;2,1,3,4,0;-2,3,1,0,4;-1,4,0,3,1;-1,4,0,4,0 | live
REL 6,-1 7,-1 10,2 | -2,0,4,0,4;1,0,4,2,2;1,1,3,4,0;-1,3,1,0,4;-1,4,0,2,2;2,4,0,4,0 ||  || CORE -2,0,4,0,4;1,0,4,2,2;1,1,3,4,0;-1,3,1,0,4;-1,4,0,2,2;2,4,0,4,0 | live
REL 1,-2 8,-1 10,1 | -1,0,4,0,4;1,0,4,1,3;2,2,2,0,4;-2,2,2,4,0;-1,4,0,3,1;1,4,0,4,0 || F -1,0,0,0,1;1,0,0,1,0 | 1,0,4,0,3;-2,2,2,0,3;-2,2,2,1,2;-2,2,2,2,1;-2,2,2,3,0;1,4,0,3,0 || CORE 1,0,4,0,3;-2,2,2,0,3;-2,2,2,1,2;-2,2,2,2,1;-2,2,2,3,0;1,4,0,3,0 | unit
REL 1,-1 4,-1 5,-2 | 2,1,3,0,4;1,1,3,3,1;1,2,2,0,4;-1,2,2,4,0;-1,3,1,1,3;-2,3,1,4,0 ||  || CORE 2,0,2,0,4;1,0,2,3,1;1,1,1,0,4;-1,1,1,4,0;-1,2,0,1,3;-2,2,0,4,0 | live
REL 6,-2 10,1 11,-1 | -1,0,4,0,4;1,0,4,4,0;2,1,3,4,0;-2,3,1,0,4;-1,4,0,0,4;1,4,0,4,0 || F 1,0,1,0,0;1,1,0,0,0 | -1,0,3,0,4;1,0,3,4,0;1,1,2,0,4;1,1,2,4,0;-1,2,1,0,4;-1,2,1,4,0;-1,3,0,0,4;1,3,0,4,0 || CORE -1,0,3,0,4;1,0,3,4,0;1,1,2,0,4;1,1,2,4,0;-1,2,1,0,4;-1,2,1,4,0;-1,3,0,0,4;1,3,0,4,0 | live
REL 0,-2 3,-1 4,-1 | 1,1,3,1,3;1,1,3,3,1;2,2,2,1,3;-2,2,2,3,1;-1,3,1,1,3;-1,3,1,3,1 ||  || CORE 1,0,2,0,2;1,0,2,2,0;2,1,1,0,2;-2,1,1,2,0;-1,2,0,0,2;-1,2,0,2,0 | live
REL 2,-2 10,-1 11,1 | 1,0,4,0,4;-1,0,4,4,0;2,1,3,2,2;-2,3,1,2,2;1,4,0,0,4;-1,4,0,4,0 ||  || CORE 1,0,4,0,4;-1,0,4,4,0;2,1,3,2,2;-2,3,1,2,2;1,4,0,0,4;-1,4,0,4,0 | live
REL 6,-2 9,1 10,1 | -1,0,4,0,4;-1,0,4,3,1;2,1,3,4,0;-2,3,1,0,4;1,4,0,1,3;1,4,0,4,0 ||  || CORE -1,0,4,0,4;-1,0,4,3,1;2,1,3,4,0;-2,3,1,0,4;1,4,0,1,3;1,4,0,4,0 | live
REL 5,-1 10,-1 11,2 | 1,0,4,0,4;-2,0,4,4,0;1,1,3,0,4;-1,3,1,4,0;2,4,0,0,4;-1,4,0,4,0 ||  || CORE 1,0,4,0,4;-2,0,4,4,0;1,1,3,0,4;-1,3,1,4,0;2,4,0,0,4;-1,4,0,4,0 | live
REL 0,-2 7,1 8,-1 | 1,0,4,1,3;-1,0,4,2,2;2,2,2,1,3;-2,2,2,3,1;1,4,0,2,2;-1,4,0,3,1 || F -1,0,0,0,1;1,0,0,1,0 | -1,0,4,0,1;-2,2,2,0,1;-2,2,2,1,0;-1,4,0,1,0 || CORE -1,0,4,0,1;-2,2,2,0,1;-2,2,2,1,0;-1,4,0,1,0 | unit
REL 5,-1 8,-2 11,1 | 2,0,4,1,3;-1,0,4,4,0;1,1,3,0,4;-1,3,1,4,0;1,4,0,0,4;-2,4,0,3,1 ||  || CORE 2,0,4,1,3;-1,0,4,4,0;1,1,3,0,4;-1,3,1,4,0;1,4,0,0,4;-2,4,0,3,1 | live
REL 2,-2 10,-1 11,-1 | 1,0,4,0,4;1,0,4,4,0;2,1,3,2,2;-2,3,1,2,2;-1,4,0,0,4;-1,4,0,4,0 || F 1,0,1,0,0;1,1,0,0,0 | 1,0,3,0,4;1,0,3,4,0;-1,1,2,0,4;2,1,2,2,2;-1,1,2,4,0;1,2,1,0,4;-2,2,1,2,2;1,2,1,4,0;-1,3,0,0,4;-1,3,0,4,0 ## F -1,0,1,0,0;1,1,0,0,0 | -1,0,2,0,4;-1,0,2,4,0;-2,1,1,2,2;-1,2,0,0,4;-1,2,0,4,0 || CORE -1,0,2,0,4;-1,0,2,4,0;-2,1,1,2,2;-1,2,0,0,4;-1,2,0,4,0 | live
REL 1,-1 2,-1 5,-2 | 2,1,3,0,4;1,1,3,2,2;1,2,2,0,4;-1,2,2,4,0;-1,3,1,2,2;-2,3,1,4,0 ||  || CORE 2,0,2,0,4;1,0,2,2,2;1,1,1,0,4;-1,1,1,4,0;-1,2,0,2,2;-2,2,0,4,0 | live
REL 5,-1 8,1 10,-2 | 2,0,4,0,4;-1,0,4,1,3;1,1,3,0,4;-1,3,1,4,0;1,4,0,3,1;-2,4,0,4,0 ||  || CORE 2,0,4,0,4;-1,0,4,1,3;1,1,3,0,4;-1,3,1,4,0;1,4,0,3,1;-2,4,0,4,0 | live
REL 0,-1 8,1 9,2 | -1,0,4,1,3;-2,0,4,3,1;1,2,2,1,3;-1,2,2,3,1;2,4,0,1,3;1,4,0,3,1 || F 1,0,2,0,0;1,2,0,0,0 | -1,0,2,0,2;-2,0,2,2,0;2,2,0,0,2;1,2,0,2,0 || CORE -1,0,2,0,2;-2,0,2,2,0;2,2,0,0,2;1,2,0,2,0 | live
REL 5,-2 10,-1 11,1 | 1,0,4,0,4;-1,0,4,4,0;2,1,3,0,4;-2,3,1,4,0;1,4,0,0,4;-1,4,0,4,0 || F 1,0,1,0,0;1,1,0,0,0 | 1,0,3,0,4;-1,0,3,4,0;1,1,2,0,4;1,1,2,4,0;-1,2,1,0,4;-1,2,1,4,0;1,3,0,0,4;-1,3,0,4,0 || CORE 1,0,3,0,4;-1,0,3,4,0;1,1,2,0,4;1,1,2,4,0;-1,2,1,0,4;-1,2,1,4,0;1,3,0,0,4;-1,3,0,4,0 | live
REL 3,-1 8,2 9,1 | -2,0,4,1,3;-1,0,4,3,1;1,1,3,1,3;-1,3,1,3,1;1,4,0,1,3;2,4,0,3,1 || F -1,0,1,0,0;1,1,0,0,0 | 2,0,3,0,2;1,0,3,2,0;1,1,2,0,2;1,1,2,2,0;1,2,1,0,2;1,2,1,2,0;1,3,0,0,2;2,3,0,2,0 || CORE 2,0,3,0,2;1,0,3,2,0;1,1,2,0,2;1,1,2,2,0;1,2,1,0,2;1,2,1,2,0;1,3,0,0,2;2,3,0,2,0 | live
REL 0,-1 2,-1 3,2 | -2,1,3,1,3;1,1,3,2,2;1,2,2,1,3;-1,2,2,3,1;-1,3,1,2,2;2,3,1,3,1 ||  || CORE -2,0,2,0,2;1,0,2,1,1;1,1,1,0,2;-1,1,1,2,0;-1,2,0,1,1;2,2,0,2,0 | live
REL 5,-2 7,1 10,-1 | 1,0,4,0,4;-1,0,4,2,2;2,1,3,0,4;-2,3,1,4,0;1,4,0,2,2;-1,4,0,4,0 ||  || CORE 1,0,4,0,4;-1,0,4,2,2;2,1,3,0,4;-2,3,1,4,0;1,4,0,2,2;-1,4,0,4,0 | live
REL 1,-2 4,1 5,-1 | 1,1,3,0,4;-1,1,3,3,1;2,2,2,0,4;-2,2,2,4,0;1,3,1,1,3;-1,3,1,4,0 || F -1,0,0,0,1;1,0,0,1,0 | -1,0,2,0,3;-1,0,2,1,2;-1,0,2,2,1;-2,1,1,0,3;-2,1,1,1,2;-2,1,1,2,1;-2,1,1,3,0;-1,2,0,1,2;-1,2,0,2,1;-1,2,0,3,0 || CORE -1,0,2,0,3;-1,0,2,1,2;-1,0,2,2,1;-2,1,1,0,3;-2,1,1,1,2;-2,1,1,2,1;-2,1,1,3,0;-1,2,0,1,2;-1,2,0,2,1;-1,2,0,3,0 | live
REL 0,-1 3,-2 4,-1 | 2,1,3,1,3;1,1,3,3,1;1,2,2,1,3;-1,2,2,3,1;-1,3,1,1,3;-2,3,1,3,1 || F 1,0,1,0,0;1,1,0,0,0 | 2,0,1,0,2;1,0,1,2,0;-1,1,0,0,2;-2,1,0,2,0 || CORE 2,0,1,0,2;1,0,1,2,0;-1,1,0,0,2;-2,1,0,2,0 | live
REL 0,-1 2,-2 3,-1 | 1,1,3,1,3;2,1,3,2,2;1,2,2,1,3;-1,2,2,3,1;-2,3,1,2,2;-1,3,1,3,1 || F 1,0,1,0,0;1,1,0,0,0 | 1,0,1,0,2;2,0,1,1,1;-2,1,0,1,1;-1,1,0,2,0 || CORE 1,0,1,0,2;2,0,1,1,1;-2,1,0,1,1;-1,1,0,2,0 | unit
REL 7,-1 10,2 11,1 | -2,0,4,0,4;1,0,4,2,2;-1,0,4,4,0;1,4,0,0,4;-1,4,0,2,2;2,4,0,4,0 ||  || CORE -2,0,4,0,4;1,0,4,2,2;-1,0,4,4,0;1,4,0,0,4;-1,4,0,2,2;2,4,0,4,0 | live
REL 8,-1 10,1 11,2 | -1,0,4,0,4;1,0,4,1,3;-2,0,4,4,0;2,4,0,0,4;-1,4,0,3,1;1,4,0,4,0 ||  || CORE -1,0,4,0,4;1,0,4,1,3;-2,0,4,4,0;2,4,0,0,4;-1,4,0,3,1;1,4,0,4,0 | live
REL 1,-1 3,-2 6,-1 | 2,1,3,1,3;1,1,3,4,0;1,2,2,0,4;-1,2,2,4,0;-1,3,1,0,4;-2,3,1,3,1 ||  || CORE 2,0,2,1,3;1,0,2,4,0;1,1,1,0,4;-1,1,1,4,0;-1,2,0,0,4;-2,2,0,3,1 | live
REL 1,-1 2,2 5,-1 | 1,1,3,0,4;-2,1,3,2,2;1,2,2,0,4;-1,2,2,4,0;2,3,1,2,2;-1,3,1,4,0 || F 1,0,1,0,0;1,1,0,0,0 | 1,0,1,0,4;-2,0,1,2,2;2,1,0,2,2;-1,1,0,4,0 || CORE 1,0,1,0,4;-2,0,1,2,2;2,1,0,2,2;-1,1,0,4,0 | unit
REL 3,-2 8,-1 9,-1 | 1,0,4,1,3;1,0,4,3,1;2,1,3,1,3;-2,3,1,3,1;-1,4,0,1,3;-1,4,0,3,1 ||  || CORE 1,0,4,0,2;1,0,4,2,0;2,1,3,0,2;-2,3,1,2,0;-1,4,0,0,2;-1,4,0,2,0 | live
REL 6,-1 7,-2 10,-1 | 1,0,4,0,4;2,0,4,2,2;1,1,3,4,0;-1,3,1,0,4;-2,4,0,2,2;-1,4,0,4,0 || F -1,0,1,0,0;1,1,0,0,0 | -1,0,3,0,4;-2,0,3,2,2;-1,1,2,0,4;-2,1,2,2,2;-1,1,2,4,0;-1,2,1,0,4;-2,2,1,2,2;-1,2,1,4,0;-2,3,0,2,2;-1,3,0,4,0 || CORE -1,0,3,0,4;-2,0,3,2,2;-1,1,2,0,4;-2,1,2,2,2;-1,1,2,4,0;-1,2,1,0,4;-2,2,1,2,2;-1,2,1,4,0;-2,3,0,2,2;-1,3,0,4,0 | live
REL 6,-1 7,-1 10,-2 | 2,0,4,0,4;1,0,4,2,2;1,1,3,4,0;-1,3,1,0,4;-1,4,0,2,2;-2,4,0,4,0 ||  || CORE 2,0,4,0,4;1,0,4,2,2;1,1,3,4,0;-1,3,1,0,4;-1,4,0,2,2;-2,4,0,4,0 | live
REL 3,-2 7,-1 9,1 | 1,0,4,2,2;-1,0,4,3,1;2,1,3,1,3;-2,3,1,3,1;1,4,0,1,3;-1,4,0,2,2 ||  || CORE 1,0,4,1,1;-1,0,4,2,0;2,1,3,0,2;-2,3,1,2,0;1,4,0,0,2;-1,4,0,1,1 | live
REL 1,-1 5,2 6,1 | -2,1,3,0,4;-1,1,3,4,0;1,2,2,0,4;-1,2,2,4,0;1,3,1,0,4;2,3,1,4,0 || F -1,0,1,0,0;1,1,0,0,0 | 2,0,1,0,4;1,0,1,4,0;1,1,0,0,4;2,1,0,4,0 || CORE 2,0,1,0,4;1,0,1,4,0;1,1,0,0,4;2,1,0,4,0 | live
REL 6,-2 8,-1 11,1 | 1,0,4,1,3;-1,0,4,4,0;2,1,3,4,0;-2,3,1,0,4;1,4,0,0,4;-1,4,0,3,1 ||  || CORE 1,0,4,1,3;-1,0,4,4,0;2,1,3,4,0;-2,3,1,0,4;1,4,0,0,4;-1,4,0,3,1 | live
REL 1,-1 8,1 10,-2 | 2,0,4,0,4;-1,0,4,1,3;1,2,2,0,4;-1,2,2,4,0;1,4,0,3,1;-2,4,0,4,0 ||  || CORE 2,0,4,0,4;-1,0,4,1,3;1,2,2,0,4;-1,2,2,4,0;1,4,0,3,1;-2,4,0,4,0 | live
REL 3,-1 8,-1 9,2 | 1,0,4,1,3;-2,0,4,3,1;1,1,3,1,3;-1,3,1,3,1;2,4,0,1,3;-1,4,0,3,1 ||  || CORE 1,0,4,0,2;-2,0,4,2,0;1,1,3,0,2;-1,3,1,2,0;2,4,0,0,2;-1,4,0,2,0 | live
REL 1,-1 5,1 6,2 | -1,1,3,0,4;-2,1,3,4,0;1,2,2,0,4;-1,2,2,4,0;2,3,1,0,4;1,3,1,4,0 || F 1,0,1,0,0;1,1,0,0,0 | -1,0,1,0,4;-2,0,1,4,0;2,1,0,0,4;1,1,0,4,0 || CORE -1,0,1,0,4;-2,0,1,4,0;2,1,0,0,4;1,1,0,4,0 | live
REL 6,-2 7,1 11,1 | -1,0,4,2,2;-1,0,4,4,0;2,1,3,4,0;-2,3,1,0,4;1,4,0,0,4;1,4,0,2,2 ||  || CORE -1,0,4,2,2;-1,0,4,4,0;2,1,3,4,0;-2,3,1,0,4;1,4,0,0,4;1,4,0,2,2 | live
REL 1,-1 7,2 11,-1 | -2,0,4,2,2;1,0,4,4,0;1,2,2,0,4;-1,2,2,4,0;-1,4,0,0,4;2,4,0,2,2 || F 1,0,1,0,0;1,1,0,0,0 | -2,0,3,2,2;1,0,3,4,0;2,1,2,2,2;-1,1,2,4,0;1,2,1,0,4;-2,2,1,2,2;-1,3,0,0,4;2,3,0,2,2 ## F -1,0,1,0,0;1,1,0,0,0 | 2,0,2,2,2;-1,0,2,4,0;-1,2,0,0,4;2,2,0,2,2 || CORE 2,0,2,2,2;-1,0,2,4,0;-1,2,0,0,4;2,2,0,2,2 | unit
REL 6,-2 8,1 11,-1 | -1,0,4,1,3;1,0,4,4,0;2,1,3,4,0;-2,3,1,0,4;-1,4,0,0,4;1,4,0,3,1 ||  || CORE -1,0,4,1,3;1,0,4,4,0;2,1,3,4,0;-2,3,1,0,4;-1,4,0,0,4;1,4,0,3,1 | live
REL 6,-1 8,1 11,-2 | -1,0,4,1,3;2,0,4,4,0;1,1,3,4,0;-1,3,1,0,4;-2,4,0,0,4;1,4,0,3,1 ||  || CORE -1,0,4,1,3;2,0,4,4,0;1,1,3,4,0;-1,3,1,0,4;-2,4,0,0,4;1,4,0,3,1 | live
REL 6,-1 9,1 11,-2 | -1,0,4,3,1;2,0,4,4,0;1,1,3,4,0;-1,3,1,0,4;-2,4,0,0,4;1,4,0,1,3 ||  || CORE -1,0,4,3,1;2,0,4,4,0;1,1,3,4,0;-1,3,1,0,4;-2,4,0,0,4;1,4,0,1,3 | live
REL 1,-1 3,2 6,1 | -2,1,3,1,3;-1,1,3,4,0;1,2,2,0,4;-1,2,2,4,0;1,3,1,0,4;2,3,1,3,1 ||  || CORE -2,0,2,1,3;-1,0,2,4,0;1,1,1,0,4;-1,1,1,4,0;1,2,0,0,4;2,2,0,3,1 | live
REL 0,-2 5,1 6,1 | -1,1,3,0,4;-1,1,3,4,0;2,2,2,1,3;-2,2,2,3,1;1,3,1,0,4;1,3,1,4,0 ||  || CORE -1,0,2,0,4;-1,0,2,4,0;2,1,1,1,3;-2,1,1,3,1;1,2,0,0,4;1,2,0,4,0 | live
REL 4,-1 7,1 9,2 | -1,0,4,2,2;-2,0,4,3,1;1,1,3,3,1;-1,3,1,1,3;2,4,0,1,3;1,4,0,2,2 ||  || CORE -1,0,4,1,1;-2,0,4,2,0;1,1,3,2,0;-1,3,1,0,2;2,4,0,0,2;1,4,0,1,1 | live
REL 1,-1 9,2 10,-1 | 1,0,4,0,4;-2,0,4,3,1;1,2,2,0,4;-1,2,2,4,0;2,4,0,1,3;-1,4,0,4,0 ||  || CORE 1,0,4,0,4;-2,0,4,3,1;1,2,2,0,4;-1,2,2,4,0;2,4,0,1,3;-1,4,0,4,0 | live
REL 3,-2 8,1 9,1 | -1,0,4,1,3;-1,0,4,3,1;2,1,3,1,3;-2,3,1,3,1;1,4,0,1,3;1,4,0,3,1 ||  || CORE -1,0,4,0,2;-1,0,4,2,0;2,1,3,0,2;-2,3,1,2,0;1,4,0,0,2;1,4,0,2,0 | live
REL 1,-1 8,1 10,2 | -2,0,4,0,4;-1,0,4,1,3;1,2,2,0,4;-1,2,2,4,0;1,4,0,3,1;2,4,0,4,0 ||  || CORE -2,0,4,0,4;-1,0,4,1,3;1,2,2,0,4;-1,2,2,4,0;1,4,0,3,1;2,4,0,4,0 | live
REL 1,-1 2,2 6,1 | -2,1,3,2,2;-1,1,3,4,0;1,2,2,0,4;-1,2,2,4,0;1,3,1,0,4;2,3,1,2,2 || F 1,0,1,0,0;1,1,0,0,0 | -2,0,1,2,2;-1,0,1,4,0;1,1,0,0,4;2,1,0,2,2 || CORE -2,0,1,2,2;-1,0,1,4,0;1,1,0,0,4;2,1,0,2,2 | unit
REL 5,-2 8,1 11,1 | -1,0,4,1,3;-1,0,4,4,0;2,1,3,0,4;-2,3,1,4,0;1,4,0,0,4;1,4,0,3,1 ||  || CORE -1,0,4,1,3;-1,0,4,4,0;2,1,3,0,4;-2,3,1,4,0;1,4,0,0,4;1,4,0,3,1 | live
REL 2,-2 5,1 6,1 | -1,1,3,0,4;2,1,3,2,2;-1,1,3,4,0;1,3,1,0,4;-2,3,1,2,2;1,3,1,4,0 || F 1,0,1,0,0;1,1,0,0,0 | -1,0,1,0,4;2,0,1,2,2;-1,0,1,4,0;1,1,0,0,4;-2,1,0,2,2;1,1,0,4,0 ## F 1,0,0,0,1;1,0,0,1,0 | -1,0,1,0,3;1,0,1,1,2;1,0,1,2,1;-1,0,1,3,0;1,1,0,0,3;-1,1,0,1,2;-1,1,0,2,1;1,1,0,3,0 ## F -1,0,1,0,0;1,1,0,0,0 | 1,0,0,0,3;-1,0,0,1,2;-1,0,0,2,1;1,0,0,3,0 ## F -1,0,0,0,1;1,0,0,1,0 | -1,0,0,0,2;1,0,0,2,0 ## F -1,0,0,0,2;1,0,0,2,0 | 1,0,0,0,0 || CORE 1,0,0,0,0 | monomial
REL 5,-1 7,-1 10,-2 | 2,0,4,0,4;1,0,4,2,2;1,1,3,0,4;-1,3,1,4,0;-1,4,0,2,2;-2,4,0,4,0 ||  || CORE 2,0,4,0,4;1,0,4,2,2;1,1,3,0,4;-1,3,1,4,0;-1,4,0,2,2;-2,4,0,4,0 | live
REL 3,-2 5,-1 6,-1 | 1,1,3,0,4;2,1,3,1,3;1,1,3,4,0;-1,3,1,0,4;-2,3,1,3,1;-1,3,1,4,0 || F 1,0,0,0,1;1,0,0,1,0 | 1,0,2,0,3;1,0,2,1,2;-1,0,2,2,1;1,0,2,3,0;-1,2,0,0,3;1,2,0,1,2;-1,2,0,2,1;-1,2,0,3,0 || CORE 1,0,2,0,3;1,0,2,1,2;-1,0,2,2,1;1,0,2,3,0;-1,2,0,0,3;1,2,0,1,2;-1,2,0,2,1;-1,2,0,3,0 | live
REL 7,-1 10,-1 11,2 | 1,0,4,0,4;1,0,4,2,2;-2,0,4,4,0;2,4,0,0,4;-1,4,0,2,2;-1,4,0,4,0 || F 1,0,0,0,1;1,0,0,1,0 | 1,0,4,0,3;-1,0,4,1,2;2,0,4,2,1;-2,0,4,3,0;2,4,0,0,3;-2,4,0,1,2;1,4,0,2,1;-1,4,0,3,0 ## F -1,0,0,0,1;1,0,0,1,0 | -1,0,4,0,2;-2,0,4,2,0;-2,4,0,0,2;-1,4,0,2,0 || CORE -1,0,4,0,2;-2,0,4,2,0;-2,4,0,0,2;-1,4,0,2,0 | live
REL 1,-1 10,2 11,1 | -2,0,4,0,4;-1,0,4,4,0;1,2,2,0,4;-1,2,2,4,0;1,4,0,0,4;2,4,0,4,0 || F 1,0,1,0,0;1,1,0,0,0 | -2,0,3,0,4;-1,0,3,4,0;2,1,2,0,4;1,1,2,4,0;-1,2,1,0,4;-2,2,1,4,0;1,3,0,0,4;2,3,0,4,0 ## F -1,0,1,0,0;1,1,0,0,0 | 2,0,2,0,4;1,0,2,4,0;1,2,0,0,4;2,2,0,4,0 || CORE 2,0,2,0,4;1,0,2,4,0;1,2,0,0,4;2,2,0,4,0 | live
REL 5,-1 9,-1 11,2 | 1,0,4,3,1;-2,0,4,4,0;1,1,3,0,4;-1,3,1,4,0;2,4,0,0,4;-1,4,0,1,3 ||  || CORE 1,0,4,3,1;-2,0,4,4,0;1,1,3,0,4;-1,3,1,4,0;2,4,0,0,4;-1,4,0,1,3 | live
REL 0,-1 7,1 8,2 | -2,0,4,1,3;-1,0,4,2,2;1,2,2,1,3;-1,2,2,3,1;1,4,0,2,2;2,4,0,3,1 ||  || CORE -2,0,4,0,2;-1,0,4,1,1;1,2,2,0,2;-1,2,2,2,0;1,4,0,1,1;2,4,0,2,0 | live
REL 1,-2 10,1 11,-1 | -1,0,4,0,4;1,0,4,4,0;2,2,2,0,4;-2,2,2,4,0;-1,4,0,0,4;1,4,0,4,0 || F 1,0,1,0,0;1,1,0,0,0 | -1,0,3,0,4;1,0,3,4,0;1,1,2,0,4;-1,1,2,4,0;1,2,1,0,4;-1,2,1,4,0;-1,3,0,0,4;1,3,0,4,0 ## F 1,0,0,0,1;1,0,0,1,0 | -1,0,3,0,3;1,0,3,1,2;-1,0,3,2,1;1,0,3,3,0;1,1,2,0,3;-1,1,2,1,2;1,1,2,2,1;-1,1,2,3,0;1,2,1,0,3;-1,2,1,1,2;1,2,1,2,1;-1,2,1,3,0;-1,3,0,0,3;1,3,0,1,2;-1,3,0,2,1;1,3,0,3,0 ## F -1,0,1,0,0;1,1,0,0,0 | 1,0,2,0,3;-1,0,2,1,2;1,0,2,2,1;-1,0,2,3,0;-1,2,0,0,3;1,2,0,1,2;-1,2,0,2,1;1,2,0,3,0 ## F -1,0,0,0,1;1,0,0,1,0 | -1,0,2,0,2;-1,0,2,2,0;1,2,0,0,2;1,2,0,2,0 ## F 1,0,0,0,2;1,0,0,2,0 | -1,0,2,0,0;1,2,0,0,0 ## F -1,0,2,0,0;1,2,0,0,0 | 1,0,0,0,0 || CORE 1,0,0,0,0 | monomial
REL 0,-2 2,-1 3,1 | -1,1,3,1,3;1,1,3,2,2;2,2,2,1,3;-2,2,2,3,1;-1,3,1,2,2;1,3,1,3,1 || F -1,0,0,0,1;1,0,0,1,0 | 1,0,2,0,1;-2,1,1,0,1;-2,1,1,1,0;1,2,0,1,0 || CORE 1,0,2,0,1;-2,1,1,0,1;-2,1,1,1,0;1,2,0,1,0 | unit
REL 1,-1 2,1 6,2 | -1,1,3,2,2;-2,1,3,4,0;1,2,2,0,4;-1,2,2,4,0;2,3,1,0,4;1,3,1,2,2 ||  || CORE -1,0,2,2,2;-2,0,2,4,0;1,1,1,0,4;-1,1,1,4,0;2,2,0,0,4;1,2,0,2,2 | live
REL 5,-1 8,1 10,2 | -2,0,4,0,4;-1,0,4,1,3;1,1,3,0,4;-1,3,1,4,0;1,4,0,3,1;2,4,0,4,0 ||  || CORE -2,0,4,0,4;-1,0,4,1,3;1,1,3,0,4;-1,3,1,4,0;1,4,0,3,1;2,4,0,4,0 | live
REL 1,-1 9,1 10,2 | -2,0,4,0,4;-1,0,4,3,1;1,2,2,0,4;-1,2,2,4,0;1,4,0,1,3;2,4,0,4,0 ||  || CORE -2,0,4,0,4;-1,0,4,3,1;1,2,2,0,4;-1,2,2,4,0;1,4,0,1,3;2,4,0,4,0 | live
REL 1,-1 7,-1 11,2 | 1,0,4,2,2;-2,0,4,4,0;1,2,2,0,4;-1,2,2,4,0;2,4,0,0,4;-1,4,0,2,2 ||  || CORE 1,0,4,2,2;-2,0,4,4,0;1,2,2,0,4;-1,2,2,4,0;2,4,0,0,4;-1,4,0,2,2 | live
REL 1,-1 3,-1 5,-2 | 2,1,3,0,4;1,1,3,1,3;1,2,2,0,4;-1,2,2,4,0;-1,3,1,3,1;-2,3,1,4,0 ||  || CORE 2,0,2,0,4;1,0,2,1,3;1,1,1,0,4;-1,1,1,4,0;-1,2,0,3,1;-2,2,0,4,0 | live
REL 6,-1 9,1 11,2 | -1,0,4,3,1;-2,0,4,4,0;1,1,3,4,0;-1,3,1,0,4;2,4,0,0,4;1,4,0,1,3 ||  || CORE -1,0,4,3,1;-2,0,4,4,0;1,1,3,4,0;-1,3,1,0,4;2,4,0,0,4;1,4,0,1,3 | live
REL 5,-1 10,-1 11,-2 | 1,0,4,0,4;2,0,4,4,0;1,1,3,0,4;-1,3,1,4,0;-2,4,0,0,4;-1,4,0,4,0 || F -1,0,1,0,0;1,1,0,0,0 | -1,0,3,0,4;-2,0,3,4,0;-2,1,2,0,4;-2,1,2,4,0;-2,2,1,0,4;-2,2,1,4,0;-2,3,0,0,4;-1,3,0,4,0 || CORE -1,0,3,0,4;-2,0,3,4,0;-2,1,2,0,4;-2,1,2,4,0;-2,2,1,0,4;-2,2,1,4,0;-2,3,0,0,4;-1,3,0,4,0 | live
REL 1,-1 2,-1 5,2 | -2,1,3,0,4;1,1,3,2,2;1,2,2,0,4;-1,2,2,4,0;-1,3,1,2,2;2,3,1,4,0 ||  || CORE -2,0,2,0,4;1,0,2,2,2;1,1,1,0,4;-1,1,1,4,0;-1,2,0,2,2;2,2,0,4,0 | live
REL 7,-2 8,1 9,1 | -1,0,4,1,3;2,0,4,2,2;-1,0,4,3,1;1,4,0,1,3;-2,4,0,2,2;1,4,0,3,1 || F 1,0,1,0,0;1,1,0,0,0 | -1,0,3,0,2;2,0,3,1,1;-1,0,3,2,0;1,1,2,0,2;-2,1,2,1,1;1,1,2,2,0;-1,2,1,0,2;2,2,1,1,1;-1,2,1,2,0;1,3,0,0,2;-2,3,0,1,1;1,3,0,2,0 ## F -1,0,1,0,0;1,1,0,0,0 | 1,0,2,0,2;-2,0,2,1,1;1,0,2,2,0;1,2,0,0,2;-2,2,0,1,1;1,2,0,2,0 ## F -1,0,0,0,1;1,0,0,1,0 | -1,0,2,0,1;1,0,2,1,0;-1,2,0,0,1;1,2,0,1,0 ## F 1,0,2,0,0;1,2,0,0,0 | -1,0,0,0,1;1,0,0,1,0 ## F -1,0,0,0,1;1,0,0,1,0 | 1,0,0,0,0 || CORE 1,0,0,0,0 | monomial
REL 6,-2 7,-1 11,1 | 1,0,4,2,2;-1,0,4,4,0;2,1,3,4,0;-2,3,1,0,4;1,4,0,0,4;-1,4,0,2,2 ||  || CORE 1,0,4,2,2;-1,0,4,4,0;2,1,3,4,0;-2,3,1,0,4;1,4,0,0,4;-1,4,0,2,2 | live
REL 6,-2 8,-1 11,-1 | 1,0,4,1,3;1,0,4,4,0;2,1,3,4,0;-2,3,1,0,4;-1,4,0,0,4;-1,4,0,3,1 ||  || CORE 1,0,4,1,3;1,0,4,4,0;2,1,3,4,0;-2,3,1,0,4;-1,4,0,0,4;-1,4,0,3,1 | live
REL 1,-1 9,1 11,2 | -1,0,4,3,1;-2,0,4,4,0;1,2,2,0,4;-1,2,2,4,0;2,4,0,0,4;1,4,0,1,3 ||  || CORE -1,0,4,3,1;-2,0,4,4,0;1,2,2,0,4;-1,2,2,4,0;2,4,0,0,4;1,4,0,1,3 | live
REL 5,-2 8,-1 11,-1 | 1,0,4,1,3;1,0,4,4,0;2,1,3,0,4;-2,3,1,4,0;-1,4,0,0,4;-1,4,0,3,1 ||  || CORE 1,0,4,1,3;1,0,4,4,0;2,1,3,0,4;-2,3,1,4,0;-1,4,0,0,4;-1,4,0,3,1 | live
REL 6,-1 9,2 10,1 | -1,0,4,0,4;-2,0,4,3,1;1,1,3,4,0;-1,3,1,0,4;2,4,0,1,3;1,4,0,4,0 ||  || CORE -1,0,4,0,4;-2,0,4,3,1;1,1,3,4,0;-1,3,1,0,4;2,4,0,1,3;1,4,0,4,0 | live
REL 4,-2 7,-1 9,-1 | 1,0,4,2,2;1,0,4,3,1;2,1,3,3,1;-2,3,1,1,3;-1,4,0,1,3;-1,4,0,2,2 ||  || CORE 1,0,4,1,1;1,0,4,2,0;2,1,3,2,0;-2,3,1,0,2;-1,4,0,0,2;-1,4,0,1,1 | live
REL 1,-2 7,1 10,-1 | 1,0,4,0,4;-1,0,4,2,2;2,2,2,0,4;-2,2,2,4,0;1,4,0,2,2;-1,4,0,4,0 || F 1,0,0,0,1;1,0,0,1,0 | 1,0,4,0,3;-1,0,4,1,2;2,2,2,0,3;-2,2,2,1,2;2,2,2,2,1;-2,2,2,3,0;1,4,0,2,1;-1,4,0,3,0 ## F -1,0,0,0,1;1,0,0,1,0 | -1,0,4,0,2;-2,2,2,0,2;-2,2,2,2,0;-1,4,0,2,0 || CORE -1,0,4,0,2;-2,2,2,0,2;-2,2,2,2,0;-1,4,0,2,0 | unit
REL 1,-2 8,-1 10,-1 | 1,0,4,0,4;1,0,4,1,3;2,2,2,0,4;-2,2,2,4,0;-1,4,0,3,1;-1,4,0,4,0 || F 1,0,0,0,1;1,0,0,1,0 | 1,0,4,0,3;2,2,2,0,3;-2,2,2,1,2;2,2,2,2,1;-2,2,2,3,0;-1,4,0,3,0 || CORE 1,0,4,0,3;2,2,2,0,3;-2,2,2,1,2;2,2,2,2,1;-2,2,2,3,0;-1,4,0,3,0 | unit
REL 0,-1 2,1 4,2 | -1,1,3,2,2;-2,1,3,3,1;1,2,2,1,3;-1,2,2,3,1;2,3,1,1,3;1,3,1,2,2 ||  || CORE -1,0,2,1,1;-2,0,2,2,0;1,1,1,0,2;-1,1,1,2,0;2,2,0,0,2;1,2,0,1,1 | live
REL 0,-1 3,-1 4,-2 | 1,1,3,1,3;2,1,3,3,1;1,2,2,1,3;-1,2,2,3,1;-2,3,1,1,3;-1,3,1,3,1 || F -1,0,1,0,0;1,1,0,0,0 | -1,0,1,0,2;-2,0,1,2,0;-2,1,0,0,2;-1,1,0,2,0 || CORE -1,0,1,0,2;-2,0,1,2,0;-2,1,0,0,2;-1,1,0,2,0 | live
REL 4,-2 7,-1 8,1 | -1,0,4,1,3;1,0,4,2,2;2,1,3,3,1;-2,3,1,1,3;-1,4,0,2,2;1,4,0,3,1 ||  || CORE -1,0,4,0,2;1,0,4,1,1;2,1,3,2,0;-2,3,1,0,2;-1,4,0,1,1;1,4,0,2,0 | live
REL 1,-1 8,1 11,-2 | -1,0,4,1,3;2,0,4,4,0;1,2,2,0,4;-1,2,2,4,0;-2,4,0,0,4;1,4,0,3,1 ||  || CORE -1,0,4,1,3;2,0,4,4,0;1,2,2,0,4;-1,2,2,4,0;-2,4,0,0,4;1,4,0,3,1 | live
REL 2,-2 8,-1 9,1 | 1,0,4,1,3;-1,0,4,3,1;2,1,3,2,2;-2,3,1,2,2;1,4,0,1,3;-1,4,0,3,1 ||  || CORE 1,0,4,0,2;-1,0,4,2,0;2,1,3,1,1;-2,3,1,1,1;1,4,0,0,2;-1,4,0,2,0 | live
REL 7,-1 10,-1 11,-2 | 1,0,4,0,4;1,0,4,2,2;2,0,4,4,0;-2,4,0,0,4;-1,4,0,2,2;-1,4,0,4,0 ||  || CORE 1,0,4,0,4;1,0,4,2,2;2,0,4,4,0;-2,4,0,0,4;-1,4,0,2,2;-1,4,0,4,0 | live
REL 4,-1 8,1 9,2 | -1,0,4,1,3;-2,0,4,3,1;1,1,3,3,1;-1,3,1,1,3;2,4,0,1,3;1,4,0,3,1 || F -1,0,1,0,0;1,1,0,0,0 | 1,0,3,0,2;2,0,3,2,0;1,1,2,0,2;1,1,2,2,0;1,2,1,0,2;1,2,1,2,0;2,3,0,0,2;1,3,0,2,0 || CORE 1,0,3,0,2;2,0,3,2,0;1,1,2,0,2;1,1,2,2,0;1,2,1,0,2;1,2,1,2,0;2,3,0,0,2;1,3,0,2,0 | live
REL 1,-1 9,2 10,1 | -1,0,4,0,4;-2,0,4,3,1;1,2,2,0,4;-1,2,2,4,0;2,4,0,1,3;1,4,0,4,0 ||  || CORE -1,0,4,0,4;-2,0,4,3,1;1,2,2,0,4;-1,2,2,4,0;2,4,0,1,3;1,4,0,4,0 | live
REL 1,-2 9,1 10,1 | -1,0,4,0,4;-1,0,4,3,1;2,2,2,0,4;-2,2,2,4,0;1,4,0,1,3;1,4,0,4,0 || F 1,0,0,0,1;1,0,0,1,0 | -1,0,4,0,3;1,0,4,1,2;-1,0,4,2,1;2,2,2,0,3;-2,2,2,1,2;2,2,2,2,1;-2,2,2,3,0;1,4,0,1,2;-1,4,0,2,1;1,4,0,3,0 || CORE -1,0,4,0,3;1,0,4,1,2;-1,0,4,2,1;2,2,2,0,3;-2,2,2,1,2;2,2,2,2,1;-2,2,2,3,0;1,4,0,1,2;-1,4,0,2,1;1,4,0,3,0 | live
REL 1,-1 9,-2 11,-1 | 2,0,4,3,1;1,0,4,4,0;1,2,2,0,4;-1,2,2,4,0;-1,4,0,0,4;-2,4,0,1,3 ||  || CORE 2,0,4,3,1;1,0,4,4,0;1,2,2,0,4;-1,2,2,4,0;-1,4,0,0,4;-2,4,0,1,3 | live
REL 2,-1 3,-1 4,2 | 1,1,3,1,3;1,1,3,2,2;-2,1,3,3,1;2,3,1,1,3;-1,3,1,2,2;-1,3,1,3,1 || F -1,0,0,0,1;1,0,0,1,0 | -1,0,2,0,1;-2,0,2,1,0;-2,2,0,0,1;-1,2,0,1,0 || CORE -1,0,2,0,1;-2,0,2,1,0;-2,2,0,0,1;-1,2,0,1,0 | live
REL 7,-1 8,2 9,1 | -2,0,4,1,3;1,0,4,2,2;-1,0,4,3,1;1,4,0,1,3;-1,4,0,2,2;2,4,0,3,1 ||  || CORE -2,0,4,0,2;1,0,4,1,1;-1,0,4,2,0;1,4,0,0,2;-1,4,0,1,1;2,4,0,2,0 | live
REL 4,-1 8,-1 9,-2 | 1,0,4,1,3;2,0,4,3,1;1,1,3,3,1;-1,3,1,1,3;-2,4,0,1,3;-1,4,0,3,1 || F 1,0,1,0,0;1,1,0,0,0 | 1,0,3,0,2;2,0,3,2,0;-1,1,2,0,2;-1,1,2,2,0;1,2,1,0,2;1,2,1,2,0;-2,3,0,0,2;-1,3,0,2,0 || CORE 1,0,3,0,2;2,0,3,2,0;-1,1,2,0,2;-1,1,2,2,0;1,2,1,0,2;1,2,1,2,0;-2,3,0,0,2;-1,3,0,2,0 | live
REL 5,-1 8,2 11,-1 | -2,0,4,1,3;1,0,4,4,0;1,1,3,0,4;-1,3,1,4,0;-1,4,0,0,4;2,4,0,3,1 ||  || CORE -2,0,4,1,3;1,0,4,4,0;1,1,3,0,4;-1,3,1,4,0;-1,4,0,0,4;2,4,0,3,1 | live
REL 6,-2 8,1 10,-1 | 1,0,4,0,4;-1,0,4,1,3;2,1,3,4,0;-2,3,1,0,4;1,4,0,3,1;-1,4,0,4,0 ||  || CORE 1,0,4,0,4;-1,0,4,1,3;2,1,3,4,0;-2,3,1,0,4;1,4,0,3,1;-1,4,0,4,0 | live
REL 1,-1 4,1 5,-2 | 2,1,3,0,4;-1,1,3,3,1;1,2,2,0,4;-1,2,2,4,0;1,3,1,1,3;-2,3,1,4,0 ||  || CORE 2,0,2,0,4;-1,0,2,3,1;1,1,1,0,4;-1,1,1,4,0;1,2,0,1,3;-2,2,0,4,0 | live
REL 0,-1 7,1 8,-2 | 2,0,4,1,3;-1,0,4,2,2;1,2,2,1,3;-1,2,2,3,1;1,4,0,2,2;-2,4,0,3,1 ||  || CORE 2,0,4,0,2;-1,0,4,1,1;1,2,2,0,2;-1,2,2,2,0;1,4,0,1,1;-2,4,0,2,0 | live
REL 6,-1 7,-1 11,-2 | 1,0,4,2,2;2,0,4,4,0;1,1,3,4,0;-1,3,1,0,4;-2,4,0,0,4;-1,4,0,2,2 ||  || CORE 1,0,4,2,2;2,0,4,4,0;1,1,3,4,0;-1,3,1,0,4;-2,4,0,0,4;-1,4,0,2,2 | live
REL 5,-2 10,1 11,1 | -1,0,4,0,4;-1,0,4,4,0;2,1,3,0,4;-2,3,1,4,0;1,4,0,0,4;1,4,0,4,0 ||  || CORE -1,0,4,0,4;-1,0,4,4,0;2,1,3,0,4;-2,3,1,4,0;1,4,0,0,4;1,4,0,4,0 | live
REL 4,-1 7,-1 9,-2 | 1,0,4,2,2;2,0,4,3,1;1,1,3,3,1;-1,3,1,1,3;-2,4,0,1,3;-1,4,0,2,2 ||  || CORE 1,0,4,1,1;2,0,4,2,0;1,1,3,2,0;-1,3,1,0,2;-2,4,0,0,2;-1,4,0,1,1 | live
REL 0,-1 2,-2 4,1 | 2,1,3,2,2;-1,1,3,3,1;1,2,2,1,3;-1,2,2,3,1;1,3,1,1,3;-2,3,1,2,2 || F 1,0,1,0,0;1,1,0,0,0 | 2,0,1,1,1;-1,0,1,2,0;1,1,0,0,2;-2,1,0,1,1 || CORE 2,0,1,1,1;-1,0,1,2,0;1,1,0,0,2;-2,1,0,1,1 | unit
REL 1,-1 3,1 6,-2 | -1,1,3,1,3;2,1,3,4,0;1,2,2,0,4;-1,2,2,4,0;-2,3,1,0,4;1,3,1,3,1 ||  || CORE -1,0,2,1,3;2,0,2,4,0;1,1,1,0,4;-1,1,1,4,0;-2,2,0,0,4;1,2,0,3,1 | live
REL 0,-1 2,-1 4,-2 | 1,1,3,2,2;2,1,3,3,1;1,2,2,1,3;-1,2,2,3,1;-2,3,1,1,3;-1,3,1,2,2 ||  || CORE 1,0,2,1,1;2,0,2,2,0;1,1,1,0,2;-1,1,1,2,0;-2,2,0,0,2;-1,2,0,1,1 | live
REL 6,-1 8,2 10,1 | -1,0,4,0,4;-2,0,4,1,3;1,1,3,4,0;-1,3,1,0,4;2,4,0,3,1;1,4,0,4,0 ||  || CORE -1,0,4,0,4;-2,0,4,1,3;1,1,3,4,0;-1,3,1,0,4;2,4,0,3,1;1,4,0,4,0 | live
REL 1,-1 4,1 6,-2 | -1,1,3,3,1;2,1,3,4,0;1,2,2,0,4;-1,2,2,4,0;-2,3,1,0,4;1,3,1,1,3 ||  || CORE -1,0,2,3,1;2,0,2,4,0;1,1,1,0,4;-1,1,1,4,0;-2,2,0,0,4;1,2,0,1,3 | live
REL 1,-1 2,-2 6,1 | 2,1,3,2,2;-1,1,3,4,0;1,2,2,0,4;-1,2,2,4,0;1,3,1,0,4;-2,3,1,2,2 || F 1,0,1,0,0;1,1,0,0,0 | 2,0,1,2,2;-1,0,1,4,0;1,1,0,0,4;-2,1,0,2,2 || CORE 2,0,1,2,2;-1,0,1,4,0;1,1,0,0,4;-2,1,0,2,2 | unit
REL 0,-2 7,-1 8,1 | -1,0,4,1,3;1,0,4,2,2;2,2,2,1,3;-2,2,2,3,1;-1,4,0,2,2;1,4,0,3,1 || F -1,0,0,0,1;1,0,0,1,0 | 1,0,4,0,1;-2,2,2,0,1;-2,2,2,1,0;1,4,0,1,0 || CORE 1,0,4,0,1;-2,2,2,0,1;-2,2,2,1,0;1,4,0,1,0 | unit
REL 3,-1 7,-2 8,1 | -1,0,4,1,3;2,0,4,2,2;1,1,3,1,3;-1,3,1,3,1;-2,4,0,2,2;1,4,0,3,1 || F -1,0,1,0,0;1,1,0,0,0 | 1,0,3,0,2;-2,0,3,1,1;-2,1,2,1,1;-2,2,1,1,1;-2,3,0,1,1;1,3,0,2,0 || CORE 1,0,3,0,2;-2,0,3,1,1;-2,1,2,1,1;-2,2,1,1,1;-2,3,0,1,1;1,3,0,2,0 | unit
REL 5,-2 9,1 10,-1 | 1,0,4,0,4;-1,0,4,3,1;2,1,3,0,4;-2,3,1,4,0;1,4,0,1,3;-1,4,0,4,0 ||  || CORE 1,0,4,0,4;-1,0,4,3,1;2,1,3,0,4;-2,3,1,4,0;1,4,0,1,3;-1,4,0,4,0 | live
REL 5,-1 7,2 10,-1 | 1,0,4,0,4;-2,0,4,2,2;1,1,3,0,4;-1,3,1,4,0;2,4,0,2,2;-1,4,0,4,0 || F 1,0,1,0,0;1,1,0,0,0 | 1,0,3,0,4;-2,0,3,2,2;2,1,2,2,2;-2,2,1,2,2;2,3,0,2,2;-1,3,0,4,0 || CORE 1,0,3,0,4;-2,0,3,2,2;2,1,2,2,2;-2,2,1,2,2;2,3,0,2,2;-1,3,0,4,0 | unit
REL 7,-1 10,-2 11,1 | 2,0,4,0,4;1,0,4,2,2;-1,0,4,4,0;1,4,0,0,4;-1,4,0,2,2;-2,4,0,4,0 || F 1,0,0,0,2;1,0,0,2,0 | 2,0,4,0,2;-1,0,4,2,0;1,4,0,0,2;-2,4,0,2,0 || CORE 2,0,4,0,2;-1,0,4,2,0;1,4,0,0,2;-2,4,0,2,0 | live
REL 4,-1 8,1 9,-2 | -1,0,4,1,3;2,0,4,3,1;1,1,3,3,1;-1,3,1,1,3;-2,4,0,1,3;1,4,0,3,1 ||  || CORE -1,0,4,0,2;2,0,4,2,0;1,1,3,2,0;-1,3,1,0,2;-2,4,0,0,2;1,4,0,2,0 | live
REL 1,-2 4,1 6,1 | -1,1,3,3,1;-1,1,3,4,0;2,2,2,0,4;-2,2,2,4,0;1,3,1,0,4;1,3,1,1,3 || F 1,0,0,0,1;1,0,0,1,0 | -1,0,2,3,0;2,1,1,0,3;-2,1,1,1,2;2,1,1,2,1;-2,1,1,3,0;1,2,0,0,3 || CORE -1,0,2,3,0;2,1,1,0,3;-2,1,1,1,2;2,1,1,2,1;-2,1,1,3,0;1,2,0,0,3 | unit
REL 1,-1 3,-1 6,-2 | 1,1,3,1,3;2,1,3,4,0;1,2,2,0,4;-1,2,2,4,0;-2,3,1,0,4;-1,3,1,3,1 ||  || CORE 1,0,2,1,3;2,0,2,4,0;1,1,1,0,4;-1,1,1,4,0;-2,2,0,0,4;-1,2,0,3,1 | live
REL 8,-1 10,-1 11,-2 | 1,0,4,0,4;1,0,4,1,3;2,0,4,4,0;-2,4,0,0,4;-1,4,0,3,1;-1,4,0,4,0 ||  || CORE 1,0,4,0,4;1,0,4,1,3;2,0,4,4,0;-2,4,0,0,4;-1,4,0,3,1;-1,4,0,4,0 | live
REL 0,-1 8,-2 9,-1 | 2,0,4,1,3;1,0,4,3,1;1,2,2,1,3;-1,2,2,3,1;-1,4,0,1,3;-2,4,0,3,1 || F 1,0,2,0,0;1,2,0,0,0 | 2,0,2,0,2;1,0,2,2,0;-1,2,0,0,2;-2,2,0,2,0 || CORE 2,0,2,0,2;1,0,2,2,0;-1,2,0,0,2;-2,2,0,2,0 | live
REL 1,-2 9,1 10,-1 | 1,0,4,0,4;-1,0,4,3,1;2,2,2,0,4;-2,2,2,4,0;1,4,0,1,3;-1,4,0,4,0 || F -1,0,0,0,1;1,0,0,1,0 | -1,0,4,0,3;-1,0,4,1,2;-1,0,4,2,1;-2,2,2,0,3;-2,2,2,1,2;-2,2,2,2,1;-2,2,2,3,0;-1,4,0,1,2;-1,4,0,2,1;-1,4,0,3,0 || CORE -1,0,4,0,3;-1,0,4,1,2;-1,0,4,2,1;-2,2,2,0,3;-2,2,2,1,2;-2,2,2,2,1;-2,2,2,3,0;-1,4,0,1,2;-1,4,0,2,1;-1,4,0,3,0 | live
REL 1,-1 10,1 11,2 | -1,0,4,0,4;-2,0,4,4,0;1,2,2,0,4;-1,2,2,4,0;2,4,0,0,4;1,4,0,4,0 || F 1,0,2,0,0;1,2,0,0,0 | -1,0,2,0,4;-2,0,2,4,0;2,2,0,0,4;1,2,0,4,0 || CORE -1,0,2,0,4;-2,0,2,4,0;2,2,0,0,4;1,2,0,4,0 | live
REL 2,-1 5,1 6,2 | -1,1,3,0,4;1,1,3,2,2;-2,1,3,4,0;2,3,1,0,4;-1,3,1,2,2;1,3,1,4,0 ||  || CORE -1,0,2,0,4;1,0,2,2,2;-2,0,2,4,0;2,2,0,0,4;-1,2,0,2,2;1,2,0,4,0 | live
REL 1,-1 2,2 5,1 | -1,1,3,0,4;-2,1,3,2,2;1,2,2,0,4;-1,2,2,4,0;2,3,1,2,2;1,3,1,4,0 || F -1,0,1,0,0;1,1,0,0,0 | 1,0,1,0,4;2,0,1,2,2;2,1,0,2,2;1,1,0,4,0 || CORE 1,0,1,0,4;2,0,1,2,2;2,1,0,2,2;1,1,0,4,0 | unit
REL 0,-2 10,1 11,-1 | -1,0,4,0,4;1,0,4,4,0;2,2,2,1,3;-2,2,2,3,1;-1,4,0,0,4;1,4,0,4,0 || F 1,0,0,0,1;1,0,0,1,0 | -1,0,4,0,3;1,0,4,1,2;-1,0,4,2,1;1,0,4,3,0;2,2,2,1,2;-2,2,2,2,1;-1,4,0,0,3;1,4,0,1,2;-1,4,0,2,1;1,4,0,3,0 ## F -1,0,0,0,1;1,0,0,1,0 | 1,0,4,0,2;1,0,4,2,0;-2,2,2,1,1;1,4,0,0,2;1,4,0,2,0 || CORE 1,0,4,0,2;1,0,4,2,0;-2,2,2,1,1;1,4,0,0,2;1,4,0,2,0 | live
REL 1,-1 4,-2 6,1 | 2,1,3,3,1;-1,1,3,4,0;1,2,2,0,4;-1,2,2,4,0;1,3,1,0,4;-2,3,1,1,3 ||  || CORE 2,0,2,3,1;-1,0,2,4,0;1,1,1,0,4;-1,1,1,4,0;1,2,0,0,4;-2,2,0,1,3 | live
REL 5,-2 7,1 11,-1 | -1,0,4,2,2;1,0,4,4,0;2,1,3,0,4;-2,3,1,4,0;-1,4,0,0,4;1,4,0,2,2 ||  || CORE -1,0,4,2,2;1,0,4,4,0;2,1,3,0,4;-2,3,1,4,0;-1,4,0,0,4;1,4,0,2,2 | live
REL 1,-2 7,1 10,1 | -1,0,4,0,4;-1,0,4,2,2;2,2,2,0,4;-2,2,2,4,0;1,4,0,2,2;1,4,0,4,0 || F 1,0,0,0,2;1,0,0,2,0 | -1,0,4,0,2;2,2,2,0,2;-2,2,2,2,0;1,4,0,2,0 || CORE -1,0,4,0,2;2,2,2,0,2;-2,2,2,2,0;1,4,0,2,0 | unit
REL 1,-1 4,2 5,-1 | 1,1,3,0,4;-2,1,3,3,1;1,2,2,0,4;-1,2,2,4,0;2,3,1,1,3;-1,3,1,4,0 ||  || CORE 1,0,2,0,4;-2,0,2,3,1;1,1,1,0,4;-1,1,1,4,0;2,2,0,1,3;-1,2,0,4,0 | live
REL 4,-1 7,2 9,-1 | -2,0,4,2,2;1,0,4,3,1;1,1,3,3,1;-1,3,1,1,3;-1,4,0,1,3;2,4,0,2,2 || F 1,0,1,0,0;1,1,0,0,0 | -2,0,3,1,1;1,0,3,2,0;2,1,2,1,1;-2,2,1,1,1;-1,3,0,0,2;2,3,0,1,1 || CORE -2,0,3,1,1;1,0,3,2,0;2,1,2,1,1;-2,2,1,1,1;-1,3,0,0,2;2,3,0,1,1 | unit
REL 1,-1 9,1 10,-2 | 2,0,4,0,4;-1,0,4,3,1;1,2,2,0,4;-1,2,2,4,0;1,4,0,1,3;-2,4,0,4,0 ||  || CORE 2,0,4,0,4;-1,0,4,3,1;1,2,2,0,4;-1,2,2,4,0;1,4,0,1,3;-2,4,0,4,0 | live
REL 0,-1 7,1 9,2 | -1,0,4,2,2;-2,0,4,3,1;1,2,2,1,3;-1,2,2,3,1;2,4,0,1,3;1,4,0,2,2 ||  || CORE -1,0,4,1,1;-2,0,4,2,0;1,2,2,0,2;-1,2,2,2,0;2,4,0,0,2;1,4,0,1,1 | live
REL 0,-2 7,-1 8,-1 | 1,0,4,1,3;1,0,4,2,2;2,2,2,1,3;-2,2,2,3,1;-1,4,0,2,2;-1,4,0,3,1 || F 1,0,0,0,1;1,0,0,1,0 | 1,0,4,0,1;2,2,2,0,1;-2,2,2,1,0;-1,4,0,1,0 || CORE 1,0,4,0,1;2,2,2,0,1;-2,2,2,1,0;-1,4,0,1,0 | unit
REL 5,-2 10,-1 11,-1 | 1,0,4,0,4;1,0,4,4,0;2,1,3,0,4;-2,3,1,4,0;-1,4,0,0,4;-1,4,0,4,0 ||  || CORE 1,0,4,0,4;1,0,4,4,0;2,1,3,0,4;-2,3,1,4,0;-1,4,0,0,4;-1,4,0,4,0 | live
REL 0,-1 7,-2 9,-1 | 2,0,4,2,2;1,0,4,3,1;1,2,2,1,3;-1,2,2,3,1;-1,4,0,1,3;-2,4,0,2,2 || F 1,0,1,0,0;1,1,0,0,0 | 2,0,3,1,1;1,0,3,2,0;-2,1,2,1,1;-1,1,2,2,0;1,2,1,0,2;2,2,1,1,1;-1,3,0,0,2;-2,3,0,1,1 ## F -1,0,1,0,0;1,1,0,0,0 | -2,0,2,1,1;-1,0,2,2,0;-1,2,0,0,2;-2,2,0,1,1 || CORE -2,0,2,1,1;-1,0,2,2,0;-1,2,0,0,2;-2,2,0,1,1 | unit
REL 1,-1 3,2 6,-1 | -2,1,3,1,3;1,1,3,4,0;1,2,2,0,4;-1,2,2,4,0;-1,3,1,0,4;2,3,1,3,1 ||  || CORE -2,0,2,1,3;1,0,2,4,0;1,1,1,0,4;-1,1,1,4,0;-1,2,0,0,4;2,2,0,3,1 | live
REL 6,-2 7,-1 10,-1 | 1,0,4,0,4;1,0,4,2,2;2,1,3,4,0;-2,3,1,0,4;-1,4,0,2,2;-1,4,0,4,0 ||  || CORE 1,0,4,0,4;1,0,4,2,2;2,1,3,4,0;-2,3,1,0,4;-1,4,0,2,2;-1,4,0,4,0 | live
REL 1,-1 4,1 5,2 | -2,1,3,0,4;-1,1,3,3,1;1,2,2,0,4;-1,2,2,4,0;1,3,1,1,3;2,3,1,4,0 ||  || CORE -2,0,2,0,4;-1,0,2,3,1;1,1,1,0,4;-1,1,1,4,0;1,2,0,1,3;2,2,0,4,0 | live
REL 5,-2 9,1 10,1 | -1,0,4,0,4;-1,0,4,3,1;2,1,3,0,4;-2,3,1,4,0;1,4,0,1,3;1,4,0,4,0 ||  || CORE -1,0,4,0,4;-1,0,4,3,1;2,1,3,0,4;-2,3,1,4,0;1,4,0,1,3;1,4,0,4,0 | live
REL 1,-1 3,2 5,-1 | 1,1,3,0,4;-2,1,3,1,3;1,2,2,0,4;-1,2,2,4,0;2,3,1,3,1;-1,3,1,4,0 ||  || CORE 1,0,2,0,4;-2,0,2,1,3;1,1,1,0,4;-1,1,1,4,0;2,2,0,3,1;-1,2,0,4,0 | live
REL 5,-1 7,1 11,-2 | -1,0,4,2,2;2,0,4,4,0;1,1,3,0,4;-1,3,1,4,0;-2,4,0,0,4;1,4,0,2,2 ||  || CORE -1,0,4,2,2;2,0,4,4,0;1,1,3,0,4;-1,3,1,4,0;-2,4,0,0,4;1,4,0,2,2 | live
REL 9,-1 10,2 11,1 | -2,0,4,0,4;1,0,4,3,1;-1,0,4,4,0;1,4,0,0,4;-1,4,0,1,3;2,4,0,4,0 ||  || CORE -2,0,4,0,4;1,0,4,3,1;-1,0,4,4,0;1,4,0,0,4;-1,4,0,1,3;2,4,0,4,0 | live
REL 4,-1 8,2 9,-1 | -2,0,4,1,3;1,0,4,3,1;1,1,3,3,1;-1,3,1,1,3;-1,4,0,1,3;2,4,0,3,1 ||  || CORE -2,0,4,0,2;1,0,4,2,0;1,1,3,2,0;-1,3,1,0,2;-1,4,0,0,2;2,4,0,2,0 | live
REL 4,-1 8,-1 9,2 | 1,0,4,1,3;-2,0,4,3,1;1,1,3,3,1;-1,3,1,1,3;2,4,0,1,3;-1,4,0,3,1 ||  || CORE 1,0,4,0,2;-2,0,4,2,0;1,1,3,2,0;-1,3,1,0,2;2,4,0,0,2;-1,4,0,2,0 | live
REL 0,-2 7,-1 9,1 | 1,0,4,2,2;-1,0,4,3,1;2,2,2,1,3;-2,2,2,3,1;1,4,0,1,3;-1,4,0,2,2 || F -1,0,0,0,1;1,0,0,1,0 | -1,0,4,1,0;-2,2,2,0,1;-2,2,2,1,0;-1,4,0,0,1 || CORE -1,0,4,1,0;-2,2,2,0,1;-2,2,2,1,0;-1,4,0,0,1 | unit
REL 9,-1 10,-1 11,2 | 1,0,4,0,4;1,0,4,3,1;-2,0,4,4,0;2,4,0,0,4;-1,4,0,1,3;-1,4,0,4,0 || F -1,0,0,0,1;1,0,0,1,0 | -1,0,4,0,3;-1,0,4,1,2;-1,0,4,2,1;-2,0,4,3,0;-2,4,0,0,3;-1,4,0,1,2;-1,4,0,2,1;-1,4,0,3,0 || CORE -1,0,4,0,3;-1,0,4,1,2;-1,0,4,2,1;-2,0,4,3,0;-2,4,0,0,3;-1,4,0,1,2;-1,4,0,2,1;-1,4,0,3,0 | live
